[0.404701s] A=259 K=481 i=1.17229676e+08) 37 35 33 31 29 27 25 23 21 19 17 15 13 11 9 7 5 3 1 2 1 3 4 3 5 6 5 7 4 3 5 2 1 3 8 7 9 6 5 7 4 3 5 2 1 3 10 9 11 8 7 9 6 5 7 12 11 13 10 9 11 8 7 9 6 5 7 4 3 5 14 13 15 12 11 13 10 9 11 8 7 9 6 5 7 4 3 5 2 1 3 16 15 17 14 13 15 12 11 13 10 9 11 8 7 9 18 17 19 16 15 17 14 13 15 12 11 13 10 9 11 8 7 9 6 5 7 4 3 5 2 1 3 20 19 21 18 17 19 16 15 17 14 13 15 12 11 13 10 9 11 8 7 9 6 5 7 4 3 5 22 21 23 20 19 21 18 17 19 16 15 17 14 13 15 12 11 13 10 9 11 24 23 25 22 21 23 20 19 21 18 17 19 16 15 17 14 13 15 12 11 13 10 9 11 26 25 27 24 23 25 22 21 23 20 19 21 18 17 19 16 15 17 14 13 15 12 11 13 28 27 29 26 25 27 24 23 25 22 21 23 20 19 21 18 17 19 16 15 17 14 13 15 30 29 31 28 27 29 26 25 27 24 23 25 22 21 23 20 19 21 18 17 19 16 15 17 32 31 33 30 29 31 28 27 29 26 25 27 24 23 25 22 21 23 20 19 21 18 17 19 16 15 17 14 13 15 12 11 13 10 9 11 8 7 9 6 5 7 34 33 35 32 31 33 30 29 31 28 27 29 26 25 27 24 23 25 22 21 23 20 19 21 18 17 19 16 15 17 14 13 15 12 11 13 10 9 11 8 7 9 6 5 7 4 3 5 36 35 37 34 33 35 32 31 33 30 29 31 28 27 29 26 25 27 24 23 25 22 21 23 20 19 21 18 17 19 16 15 17 14 13 15 12 11 13 10 9 11 8 7 9 6 5 7 4 3 5 2 1 3 0 1 2 1 3 4 3 5 14 13 15 12 11 13 10 9 11 8 7 9 6 5 7 8 7 9 10 9 11 12 11 13 14 13 15 16 15 17 18 17 19 20 19 21 22 21 23 24 23 25 26 25 27 28 27 29 30 29 31 32 31 33 34 33 35 36 35 37 34 33 35 32 31 33 30 29 31 28 27 29 26 25 27 24 23 25 22 21 23 20 19 21 18 17 19 16 15 17 14 13 15 12 11 13 10 9 11 8 7 9 6 5 7 4 3 5 2 1 3 18 17 19 16 15 17 20 19 21 22 21 23 32 31 33 30 29 31 28 27 29 26 25 27 24 23 25 22 21 23 20 19 21 18 17 19 16 15 17 14 13 15 12 11 13 10 9 11 8 7 9 6 5 7 4 3 5 30 29 31 28 27 29 26 25 27 24 23 25 22 21 23 20 19 21 18 17 19 16 15 17 14 13 15 12 11 13 10 9 11 8 7 9 6 5 7 10 9 11 8 7 9 18 17 19 24 23 25 22 21 23 20 19 21 28 27 29 26 25 27 24 23 25 22 21 23 20 19 21 18 17 19 16 15 17 14 13 15 12 11 13 10 9 11 8 7 9 18 17 19 16 15 17 14 13 15 12 11 13 16 15 17 20 19 21 18 17 19 26 25 27 24 23 25 22 21 23 20 19 21 18 17 19 16 15 17 14 13 15 12 11 13 10 9 11 16 15 17 14 13 15
[0.404854s] A=259 K=481 i=1.17230011e+08) 37 35 33 31 29 27 25 23 21 19 17 15 13 11 9 7 5 3 1 2 1 3 4 3 5 6 5 7 4 3 5 2 1 3 8 7 9 6 5 7 4 3 5 2 1 3 10 9 11 8 7 9 6 5 7 12 11 13 10 9 11 8 7 9 6 5 7 4 3 5 14 13 15 12 11 13 10 9 11 8 7 9 6 5 7 4 3 5 2 1 3 16 15 17 14 13 15 12 11 13 10 9 11 8 7 9 18 17 19 16 15 17 14 13 15 12 11 13 10 9 11 8 7 9 6 5 7 4 3 5 2 1 3 20 19 21 18 17 19 16 15 17 14 13 15 12 11 13 10 9 11 8 7 9 6 5 7 4 3 5 22 21 23 20 19 21 18 17 19 16 15 17 14 13 15 12 11 13 10 9 11 24 23 25 22 21 23 20 19 21 18 17 19 16 15 17 14 13 15 12 11 13 10 9 11 26 25 27 24 23 25 22 21 23 20 19 21 18 17 19 16 15 17 14 13 15 12 11 13 28 27 29 26 25 27 24 23 25 22 21 23 20 19 21 18 17 19 16 15 17 14 13 15 30 29 31 28 27 29 26 25 27 24 23 25 22 21 23 20 19 21 18 17 19 16 15 17 32 31 33 30 29 31 28 27 29 26 25 27 24 23 25 22 21 23 20 19 21 18 17 19 16 15 17 14 13 15 12 11 13 10 9 11 8 7 9 6 5 7 34 33 35 32 31 33 30 29 31 28 27 29 26 25 27 24 23 25 22 21 23 20 19 21 18 17 19 16 15 17 14 13 15 12 11 13 10 9 11 8 7 9 6 5 7 4 3 5 36 35 37 34 33 35 32 31 33 30 29 31 28 27 29 26 25 27 24 23 25 22 21 23 20 19 21 18 17 19 16 15 17 14 13 15 12 11 13 10 9 11 8 7 9 6 5 7 4 3 5 2 1 3 0 1 2 1 3 4 3 5 14 13 15 12 11 13 10 9 11 8 7 9 6 5 7 8 7 9 10 9 11 12 11 13 14 13 15 16 15 17 18 17 19 20 19 21 22 21 23 24 23 25 26 25 27 28 27 29 30 29 31 32 31 33 34 33 35 36 35 37 34 33 35 32 31 33 30 29 31 28 27 29 26 25 27 24 23 25 22 21 23 20 19 21 18 17 19 16 15 17 14 13 15 12 11 13 10 9 11 8 7 9 6 5 7 4 3 5 2 1 3 18 17 19 16 15 17 20 19 21 22 21 23 32 31 33 30 29 31 28 27 29 26 25 27 24 23 25 22 21 23 20 19 21 18 17 19 16 15 17 14 13 15 12 11 13 10 9 11 8 7 9 6 5 7 4 3 5 30 29 31 28 27 29 26 25 27 24 23 25 22 21 23 20 19 21 18 17 19 16 15 17 14 13 15 12 11 13 10 9 11 8 7 9 6 5 7 10 9 11 8 7 9 24 23 25 22 21 23 20 19 21 18 17 19 16 15 17 14 13 15 12 11 13 20 19 21 18 17 19 28 27 29 26 25 27 24 23 25 22 21 23 20 19 21 18 17 19 16 15 17 14 13 15 12 11 13 10 9 11 8 7 9 16 15 17 18 17 19 26 25 27 24 23 25 22 21 23 20 19 21 18 17 19 16 15 17 14 13 15 12 11 13 10 9 11 14 13 15 16 15 17
[0.404903s] A=259 K=481 i=1.17231986e+08) 37 35 33 31 29 27 25 23 21 19 17 15 13 11 9 7 5 3 1 2 1 3 4 3 5 6 5 7 4 3 5 2 1 3 8 7 9 6 5 7 4 3 5 2 1 3 10 9 11 8 7 9 6 5 7 12 11 13 10 9 11 8 7 9 6 5 7 4 3 5 14 13 15 12 11 13 10 9 11 8 7 9 6 5 7 4 3 5 2 1 3 16 15 17 14 13 15 12 11 13 10 9 11 8 7 9 18 17 19 16 15 17 14 13 15 12 11 13 10 9 11 8 7 9 6 5 7 4 3 5 2 1 3 20 19 21 18 17 19 16 15 17 14 13 15 12 11 13 10 9 11 8 7 9 6 5 7 4 3 5 22 21 23 20 19 21 18 17 19 16 15 17 14 13 15 12 11 13 10 9 11 24 23 25 22 21 23 20 19 21 18 17 19 16 15 17 14 13 15 12 11 13 10 9 11 26 25 27 24 23 25 22 21 23 20 19 21 18 17 19 16 15 17 14 13 15 12 11 13 28 27 29 26 25 27 24 23 25 22 21 23 20 19 21 18 17 19 16 15 17 14 13 15 30 29 31 28 27 29 26 25 27 24 23 25 22 21 23 20 19 21 18 17 19 16 15 17 32 31 33 30 29 31 28 27 29 26 25 27 24 23 25 22 21 23 20 19 21 18 17 19 16 15 17 14 13 15 12 11 13 10 9 11 8 7 9 6 5 7 34 33 35 32 31 33 30 29 31 28 27 29 26 25 27 24 23 25 22 21 23 20 19 21 18 17 19 16 15 17 14 13 15 12 11 13 10 9 11 8 7 9 6 5 7 4 3 5 36 35 37 34 33 35 32 31 33 30 29 31 28 27 29 26 25 27 24 23 25 22 21 23 20 19 21 18 17 19 16 15 17 14 13 15 12 11 13 10 9 11 8 7 9 6 5 7 4 3 5 2 1 3 0 1 2 1 3 4 3 5 14 13 15 12 11 13 10 9 11 8 7 9 6 5 7 8 7 9 10 9 11 12 11 13 14 13 15 16 15 17 18 17 19 20 19 21 22 21 23 24 23 25 26 25 27 28 27 29 30 29 31 32 31 33 34 33 35 36 35 37 34 33 35 32 31 33 30 29 31 28 27 29 26 25 27 24 23 25 22 21 23 20 19 21 18 17 19 16 15 17 14 13 15 12 11 13 10 9 11 8 7 9 6 5 7 4 3 5 2 1 3 18 17 19 20 19 21 22 21 23 32 31 33 30 29 31 28 27 29 26 25 27 24 23 25 22 21 23 20 19 21 18 17 19 16 15 17 14 13 15 12 11 13 10 9 11 8 7 9 6 5 7 4 3 5 18 17 19 16 15 17 30 29 31 28 27 29 26 25 27 24 23 25 22 21 23 20 19 21 18 17 19 16 15 17 14 13 15 12 11 13 10 9 11 8 7 9 6 5 7 10 9 11 8 7 9 12 11 13 24 23 25 22 21 23 20 19 21 18 17 19 16 15 17 14 13 15 28 27 29 26 25 27 24 23 25 22 21 23 20 19 21 18 17 19 16 15 17 14 13 15 12 11 13 10 9 11 8 7 9 12 11 13 20 19 21 18 17 19 16 15 17 14 13 15 26 25 27 24 23 25 22 21 23 20 19 21 18 17 19 16 15 17 14 13 15 12 11 13 10 9 11
[0.404939s] A=259 K=481 i=1.17232433e+08) 37 35 33 31 29 27 25 23 21 19 17 15 13 11 9 7 5 3 1 2 1 3 4 3 5 6 5 7 4 3 5 2 1 3 8 7 9 6 5 7 4 3 5 2 1 3 10 9 11 8 7 9 6 5 7 12 11 13 10 9 11 8 7 9 6 5 7 4 3 5 14 13 15 12 11 13 10 9 11 8 7 9 6 5 7 4 3 5 2 1 3 16 15 17 14 13 15 12 11 13 10 9 11 8 7 9 18 17 19 16 15 17 14 13 15 12 11 13 10 9 11 8 7 9 6 5 7 4 3 5 2 1 3 20 19 21 18 17 19 16 15 17 14 13 15 12 11 13 10 9 11 8 7 9 6 5 7 4 3 5 22 21 23 20 19 21 18 17 19 16 15 17 14 13 15 12 11 13 10 9 11 24 23 25 22 21 23 20 19 21 18 17 19 16 15 17 14 13 15 12 11 13 10 9 11 26 25 27 24 23 25 22 21 23 20 19 21 18 17 19 16 15 17 14 13 15 12 11 13 28 27 29 26 25 27 24 23 25 22 21 23 20 19 21 18 17 19 16 15 17 14 13 15 30 29 31 28 27 29 26 25 27 24 23 25 22 21 23 20 19 21 18 17 19 16 15 17 32 31 33 30 29 31 28 27 29 26 25 27 24 23 25 22 21 23 20 19 21 18 17 19 16 15 17 14 13 15 12 11 13 10 9 11 8 7 9 6 5 7 34 33 35 32 31 33 30 29 31 28 27 29 26 25 27 24 23 25 22 21 23 20 19 21 18 17 19 16 15 17 14 13 15 12 11 13 10 9 11 8 7 9 6 5 7 4 3 5 36 35 37 34 33 35 32 31 33 30 29 31 28 27 29 26 25 27 24 23 25 22 21 23 20 19 21 18 17 19 16 15 17 14 13 15 12 11 13 10 9 11 8 7 9 6 5 7 4 3 5 2 1 3 0 1 2 1 3 4 3 5 14 13 15 12 11 13 10 9 11 8 7 9 6 5 7 8 7 9 10 9 11 12 11 13 14 13 15 16 15 17 18 17 19 20 19 21 22 21 23 24 23 25 26 25 27 28 27 29 30 29 31 32 31 33 34 33 35 36 35 37 34 33 35 32 31 33 30 29 31 28 27 29 26 25 27 24 23 25 22 21 23 20 19 21 18 17 19 16 15 17 14 13 15 12 11 13 10 9 11 8 7 9 6 5 7 4 3 5 2 1 3 18 17 19 20 19 21 22 21 23 32 31 33 30 29 31 28 27 29 26 25 27 24 23 25 22 21 23 20 19 21 18 17 19 16 15 17 14 13 15 12 11 13 10 9 11 8 7 9 6 5 7 4 3 5 18 17 19 16 15 17 30 29 31 28 27 29 26 25 27 24 23 25 22 21 23 20 19 21 18 17 19 16 15 17 14 13 15 12 11 13 10 9 11 8 7 9 6 5 7 10 9 11 8 7 9 24 23 25 22 21 23 20 19 21 28 27 29 26 25 27 24 23 25 22 21 23 20 19 21 18 17 19 16 15 17 14 13 15 12 11 13 10 9 11 8 7 9 18 17 19 16 15 17 14 13 15 12 11 13 20 19 21 26 25 27 24 23 25 22 21 23 20 19 21 18 17 19 16 15 17 14 13 15 12 11 13 10 9 11 18 17 19 16 15 17 14 13 15 20 19 21
[0.404981s] A=259 K=481 i=1.17233275e+08) 37 35 33 31 29 27 25 23 21 19 17 15 13 11 9 7 5 3 1 2 1 3 4 3 5 6 5 7 4 3 5 2 1 3 8 7 9 6 5 7 4 3 5 2 1 3 10 9 11 8 7 9 6 5 7 12 11 13 10 9 11 8 7 9 6 5 7 4 3 5 14 13 15 12 11 13 10 9 11 8 7 9 6 5 7 4 3 5 2 1 3 16 15 17 14 13 15 12 11 13 10 9 11 8 7 9 18 17 19 16 15 17 14 13 15 12 11 13 10 9 11 8 7 9 6 5 7 4 3 5 2 1 3 20 19 21 18 17 19 16 15 17 14 13 15 12 11 13 10 9 11 8 7 9 6 5 7 4 3 5 22 21 23 20 19 21 18 17 19 16 15 17 14 13 15 12 11 13 10 9 11 24 23 25 22 21 23 20 19 21 18 17 19 16 15 17 14 13 15 12 11 13 10 9 11 26 25 27 24 23 25 22 21 23 20 19 21 18 17 19 16 15 17 14 13 15 12 11 13 28 27 29 26 25 27 24 23 25 22 21 23 20 19 21 18 17 19 16 15 17 14 13 15 30 29 31 28 27 29 26 25 27 24 23 25 22 21 23 20 19 21 18 17 19 16 15 17 32 31 33 30 29 31 28 27 29 26 25 27 24 23 25 22 21 23 20 19 21 18 17 19 16 15 17 14 13 15 12 11 13 10 9 11 8 7 9 6 5 7 34 33 35 32 31 33 30 29 31 28 27 29 26 25 27 24 23 25 22 21 23 20 19 21 18 17 19 16 15 17 14 13 15 12 11 13 10 9 11 8 7 9 6 5 7 4 3 5 36 35 37 34 33 35 32 31 33 30 29 31 28 27 29 26 25 27 24 23 25 22 21 23 20 19 21 18 17 19 16 15 17 14 13 15 12 11 13 10 9 11 8 7 9 6 5 7 4 3 5 2 1 3 0 1 2 1 3 4 3 5 14 13 15 12 11 13 10 9 11 8 7 9 6 5 7 8 7 9 10 9 11 12 11 13 14 13 15 16 15 17 18 17 19 20 19 21 22 21 23 24 23 25 26 25 27 28 27 29 30 29 31 32 31 33 34 33 35 36 35 37 34 33 35 32 31 33 30 29 31 28 27 29 26 25 27 24 23 25 22 21 23 20 19 21 18 17 19 16 15 17 14 13 15 12 11 13 10 9 11 8 7 9 6 5 7 4 3 5 2 1 3 18 17 19 20 19 21 22 21 23 32 31 33 30 29 31 28 27 29 26 25 27 24 23 25 22 21 23 20 19 21 18 17 19 16 15 17 14 13 15 12 11 13 10 9 11 8 7 9 6 5 7 4 3 5 30 29 31 28 27 29 26 25 27 24 23 25 22 21 23 20 19 21 18 17 19 16 15 17 14 13 15 12 11 13 10 9 11 8 7 9 6 5 7 10 9 11 8 7 9 20 19 21 18 17 19 16 15 17 24 23 25 22 21 23 20 19 21 18 17 19 16 15 17 14 13 15 12 11 13 28 27 29 26 25 27 24 23 25 22 21 23 20 19 21 18 17 19 16 15 17 14 13 15 12 11 13 10 9 11 8 7 9 26 25 27 24 23 25 22 21 23 20 19 21 18 17 19 16 15 17 14 13 15 12 11 13 10 9 11 14 13 15 18 17 19 16 15 17 20 19 21
[0.405146s] A=259 K=481 i=1.1728438e+08) 37 35 33 31 29 27 25 23 21 19 17 15 13 11 9 7 5 3 1 2 1 3 4 3 5 6 5 7 4 3 5 2 1 3 8 7 9 6 5 7 4 3 5 2 1 3 10 9 11 8 7 9 6 5 7 12 11 13 10 9 11 8 7 9 6 5 7 4 3 5 14 13 15 12 11 13 10 9 11 8 7 9 6 5 7 4 3 5 2 1 3 16 15 17 14 13 15 12 11 13 10 9 11 8 7 9 18 17 19 16 15 17 14 13 15 12 11 13 10 9 11 8 7 9 6 5 7 4 3 5 2 1 3 20 19 21 18 17 19 16 15 17 14 13 15 12 11 13 10 9 11 8 7 9 6 5 7 4 3 5 22 21 23 20 19 21 18 17 19 16 15 17 14 13 15 12 11 13 10 9 11 24 23 25 22 21 23 20 19 21 18 17 19 16 15 17 14 13 15 12 11 13 10 9 11 26 25 27 24 23 25 22 21 23 20 19 21 18 17 19 16 15 17 14 13 15 12 11 13 28 27 29 26 25 27 24 23 25 22 21 23 20 19 21 18 17 19 16 15 17 14 13 15 30 29 31 28 27 29 26 25 27 24 23 25 22 21 23 20 19 21 18 17 19 16 15 17 32 31 33 30 29 31 28 27 29 26 25 27 24 23 25 22 21 23 20 19 21 18 17 19 16 15 17 14 13 15 12 11 13 10 9 11 8 7 9 6 5 7 34 33 35 32 31 33 30 29 31 28 27 29 26 25 27 24 23 25 22 21 23 20 19 21 18 17 19 16 15 17 14 13 15 36 35 37 34 33 35 32 31 33 30 29 31 28 27 29 26 25 27 24 23 25 22 21 23 20 19 21 18 17 19 16 15 17 14 13 15 12 11 13 10 9 11 8 7 9 6 5 7 4 3 5 2 1 3 0 1 12 11 13 10 9 11 8 7 9 6 5 7 4 3 5 2 1 3 4 3 5 14 13 15 12 11 13 10 9 11 8 7 9 6 5 7 8 7 9 10 9 11 12 11 13 14 13 15 16 15 17 18 17 19 20 19 21 22 21 23 24 23 25 26 25 27 28 27 29 30 29 31 32 31 33 34 33 35 36 35 37 34 33 35 32 31 33 30 29 31 28 27 29 26 25 27 24 23 25 22 21 23 20 19 21 18 17 19 16 15 17 14 13 15 12 11 13 10 9 11 8 7 9 6 5 7 4 3 5 2 1 3 18 17 19 20 19 21 22 21 23 32 31 33 30 29 31 28 27 29 26 25 27 24 23 25 22 21 23 20 19 21 18 17 19 16 15 17 14 13 15 12 11 13 10 9 11 8 7 9 6 5 7 4 3 5 18 17 19 16 15 17 30 29 31 28 27 29 26 25 27 24 23 25 22 21 23 20 19 21 18 17 19 16 15 17 14 13 15 12 11 13 10 9 11 8 7 9 6 5 7 12 11 13 10 9 11 8 7 9 24 23 25 22 21 23 20 19 21 18 17 19 16 15 17 14 13 15 28 27 29 26 25 27 24 23 25 22 21 23 20 19 21 18 17 19 16 15 17 14 13 15 12 11 13 10 9 11 8 7 9 12 11 13 20 19 21 18 17 19 16 15 17 14 13 15 26 25 27 24 23 25 22 21 23 20 19 21 18 17 19 16 15 17 14 13 15 12 11 13 10 9 11
[0.407363s] A=259 K=481 i=1.18216275e+08) 37 35 33 31 29 27 25 23 21 19 17 15 13 11 9 7 5 3 1 2 1 3 4 3 5 6 5 7 4 3 5 2 1 3 8 7 9 6 5 7 4 3 5 2 1 3 10 9 11 8 7 9 6 5 7 12 11 13 10 9 11 8 7 9 6 5 7 4 3 5 14 13 15 12 11 13 10 9 11 8 7 9 6 5 7 4 3 5 2 1 3 16 15 17 14 13 15 12 11 13 10 9 11 8 7 9 18 17 19 16 15 17 14 13 15 12 11 13 10 9 11 8 7 9 6 5 7 4 3 5 2 1 3 20 19 21 18 17 19 16 15 17 14 13 15 12 11 13 10 9 11 8 7 9 6 5 7 4 3 5 22 21 23 20 19 21 18 17 19 16 15 17 14 13 15 12 11 13 10 9 11 24 23 25 22 21 23 20 19 21 18 17 19 16 15 17 14 13 15 12 11 13 10 9 11 26 25 27 24 23 25 22 21 23 20 19 21 18 17 19 16 15 17 14 13 15 12 11 13 28 27 29 26 25 27 24 23 25 22 21 23 20 19 21 18 17 19 16 15 17 14 13 15 30 29 31 28 27 29 26 25 27 24 23 25 22 21 23 20 19 21 18 17 19 32 31 33 30 29 31 28 27 29 26 25 27 24 23 25 22 21 23 20 19 21 18 17 19 16 15 17 14 13 15 12 11 13 10 9 11 8 7 9 6 5 7 34 33 35 32 31 33 30 29 31 28 27 29 26 25 27 24 23 25 22 21 23 36 35 37 34 33 35 32 31 33 30 29 31 28 27 29 26 25 27 24 23 25 22 21 23 20 19 21 18 17 19 16 15 17 14 13 15 12 11 13 10 9 11 8 7 9 6 5 7 4 3 5 2 1 3 0 1 2 1 3 4 3 5 6 5 7 12 11 13 10 9 11 8 7 9 10 9 11 16 15 17 14 13 15 12 11 13 20 19 21 18 17 19 16 15 17 14 13 15 12 11 13 10 9 11 8 7 9 6 5 7 4 3 5 2 1 3 10 9 11 8 7 9 6 5 7 22 21 23 20 19 21 18 17 19 16 15 17 18 17 19 20 19 21 22 21 23 24 23 25 26 25 27 28 27 29 30 29 31 32 31 33 34 33 35 36 35 37 34 33 35 32 31 33 30 29 31 28 27 29 26 25 27 24 23 25 22 21 23 20 19 21 18 17 19 16 15 17 14 13 15 12 11 13 10 9 11 8 7 9 6 5 7 4 3 5 2 1 3 32 31 33 30 29 31 28 27 29 26 25 27 24 23 25 22 21 23 20 19 21 18 17 19 16 15 17 14 13 15 12 11 13 10 9 11 8 7 9 6 5 7 4 3 5 30 29 31 28 27 29 26 25 27 24 23 25 22 21 23 20 19 21 18 17 19 16 15 17 14 13 15 12 11 13 10 9 11 8 7 9 6 5 7 20 19 21 18 17 19 26 25 27 24 23 25 22 21 23 20 19 21 24 23 25 22 21 23 28 27 29 26 25 27 24 23 25 22 21 23 20 19 21 18 17 19 16 15 17 14 13 15 12 11 13 10 9 11 8 7 9 18 17 19 16 15 17 14 13 15 12 11 13 10 9 11 20 19 21 18 17 19 16 15 17 14 13 15 12 11 13 22 21 23 20 19 21 18 17 19 16 15 17 14 13 15
[0.427729s] A=259 K=481 i=1.24858476e+08) 37 35 33 31 29 27 25 23 21 19 17 15 13 11 9 7 5 3 1 2 1 3 4 3 5 6 5 7 4 3 5 2 1 3 8 7 9 6 5 7 4 3 5 2 1 3 10 9 11 8 7 9 6 5 7 12 11 13 10 9 11 8 7 9 6 5 7 4 3 5 14 13 15 12 11 13 10 9 11 8 7 9 6 5 7 4 3 5 2 1 3 16 15 17 14 13 15 12 11 13 10 9 11 8 7 9 18 17 19 16 15 17 14 13 15 12 11 13 10 9 11 8 7 9 6 5 7 4 3 5 2 1 3 20 19 21 18 17 19 16 15 17 14 13 15 12 11 13 10 9 11 8 7 9 6 5 7 4 3 5 22 21 23 20 19 21 18 17 19 16 15 17 14 13 15 12 11 13 10 9 11 24 23 25 22 21 23 20 19 21 18 17 19 16 15 17 14 13 15 12 11 13 10 9 11 26 25 27 24 23 25 22 21 23 20 19 21 18 17 19 16 15 17 14 13 15 12 11 13 28 27 29 26 25 27 24 23 25 22 21 23 20 19 21 18 17 19 30 29 31 28 27 29 26 25 27 24 23 25 22 21 23 20 19 21 18 17 19 16 15 17 14 13 15 12 11 13 10 9 11 8 7 9 6 5 7 32 31 33 30 29 31 28 27 29 26 25 27 24 23 25 22 21 23 20 19 21 18 17 19 16 15 17 14 13 15 34 33 35 32 31 33 30 29 31 28 27 29 26 25 27 24 23 25 22 21 23 20 19 21 18 17 19 16 15 17 22 21 23 20 19 21 36 35 37 34 33 35 32 31 33 30 29 31 28 27 29 26 25 27 24 23 25 22 21 23 20 19 21 18 17 19 16 15 17 14 13 15 12 11 13 10 9 11 8 7 9 6 5 7 4 3 5 2 1 3 0 1 2 1 3 12 11 13 10 9 11 8 7 9 6 5 7 4 3 5 14 13 15 12 11 13 10 9 11 8 7 9 6 5 7 4 3 5 2 1 3 8 7 9 10 9 11 12 11 13 16 15 17 14 13 15 18 17 19 16 15 17 20 19 21 18 17 19 20 19 21 22 21 23 24 23 25 26 25 27 28 27 29 30 29 31 32 31 33 34 33 35 36 35 37 34 33 35 32 31 33 30 29 31 28 27 29 26 25 27 24 23 25 22 21 23 20 19 21 18 17 19 16 15 17 14 13 15 12 11 13 10 9 11 8 7 9 6 5 7 4 3 5 2 1 3 32 31 33 30 29 31 28 27 29 26 25 27 24 23 25 22 21 23 20 19 21 18 17 19 16 15 17 14 13 15 12 11 13 10 9 11 8 7 9 6 5 7 4 3 5 30 29 31 28 27 29 26 25 27 24 23 25 22 21 23 20 19 21 18 17 19 16 15 17 14 13 15 12 11 13 10 9 11 8 7 9 6 5 7 12 11 13 10 9 11 8 7 9 22 21 23 20 19 21 18 17 19 16 15 17 14 13 15 28 27 29 26 25 27 24 23 25 22 21 23 20 19 21 18 17 19 16 15 17 14 13 15 12 11 13 10 9 11 8 7 9 24 23 25 22 21 23 20 19 21 18 17 19 16 15 17 14 13 15 12 11 13 26 25 27 24 23 25 22 21 23 20 19 21 18 17 19 16 15 17 14 13 15 12 11 13 10 9 11
[0.431101s] A=259 K=481 i=1.26029008e+08) 37 35 33 31 29 27 25 23 21 19 17 15 13 11 9 7 5 3 1 2 1 3 4 3 5 6 5 7 4 3 5 2 1 3 8 7 9 6 5 7 4 3 5 2 1 3 10 9 11 8 7 9 6 5 7 12 11 13 10 9 11 8 7 9 6 5 7 4 3 5 14 13 15 12 11 13 10 9 11 8 7 9 6 5 7 4 3 5 2 1 3 16 15 17 14 13 15 12 11 13 10 9 11 8 7 9 18 17 19 16 15 17 14 13 15 12 11 13 10 9 11 8 7 9 6 5 7 4 3 5 2 1 3 20 19 21 18 17 19 16 15 17 14 13 15 12 11 13 10 9 11 8 7 9 6 5 7 4 3 5 22 21 23 20 19 21 18 17 19 16 15 17 14 13 15 12 11 13 10 9 11 24 23 25 22 21 23 20 19 21 18 17 19 16 15 17 14 13 15 12 11 13 10 9 11 26 25 27 24 23 25 22 21 23 20 19 21 18 17 19 16 15 17 14 13 15 12 11 13 28 27 29 26 25 27 24 23 25 22 21 23 20 19 21 18 17 19 30 29 31 28 27 29 26 25 27 24 23 25 22 21 23 20 19 21 32 31 33 30 29 31 28 27 29 26 25 27 24 23 25 22 21 23 20 19 21 18 17 19 16 15 17 14 13 15 12 11 13 10 9 11 8 7 9 6 5 7 18 17 19 16 15 17 14 13 15 20 19 21 34 33 35 32 31 33 30 29 31 28 27 29 26 25 27 24 23 25 22 21 23 20 19 21 18 17 19 16 15 17 36 35 37 34 33 35 32 31 33 30 29 31 28 27 29 26 25 27 24 23 25 22 21 23 20 19 21 18 17 19 16 15 17 14 13 15 12 11 13 10 9 11 8 7 9 6 5 7 4 3 5 2 1 3 0 1 2 1 3 4 3 5 12 11 13 10 9 11 8 7 9 6 5 7 14 13 15 12 11 13 10 9 11 8 7 9 6 5 7 4 3 5 2 1 3 10 9 11 8 7 9 12 11 13 16 15 17 14 13 15 22 21 23 20 19 21 18 17 19 16 15 17 18 17 19 20 19 21 22 21 23 24 23 25 26 25 27 28 27 29 30 29 31 32 31 33 34 33 35 36 35 37 34 33 35 32 31 33 30 29 31 28 27 29 26 25 27 24 23 25 22 21 23 20 19 21 18 17 19 16 15 17 14 13 15 12 11 13 10 9 11 8 7 9 6 5 7 4 3 5 2 1 3 32 31 33 30 29 31 28 27 29 26 25 27 24 23 25 22 21 23 20 19 21 18 17 19 16 15 17 14 13 15 12 11 13 10 9 11 8 7 9 6 5 7 4 3 5 30 29 31 28 27 29 26 25 27 24 23 25 22 21 23 20 19 21 18 17 19 16 15 17 14 13 15 12 11 13 10 9 11 8 7 9 6 5 7 12 11 13 10 9 11 8 7 9 22 21 23 20 19 21 18 17 19 16 15 17 14 13 15 26 25 27 24 23 25 22 21 23 20 19 21 18 17 19 16 15 17 14 13 15 12 11 13 10 9 11 24 23 25 22 21 23 20 19 21 18 17 19 16 15 17 14 13 15 12 11 13 28 27 29 26 25 27 24 23 25 22 21 23 20 19 21 18 17 19 16 15 17 14 13 15 12 11 13 10 9 11 8 7 9
[1.015548s] A=259 K=481 i=2.79930749e+08) 37 35 33 31 29 27 25 23 21 19 17 15 13 11 9 7 5 3 1 2 1 3 4 3 5 6 5 7 4 3 5 2 1 3 8 7 9 6 5 7 4 3 5 2 1 3 10 9 11 8 7 9 6 5 7 12 11 13 10 9 11 8 7 9 6 5 7 4 3 5 14 13 15 12 11 13 10 9 11 8 7 9 6 5 7 4 3 5 2 1 3 16 15 17 14 13 15 12 11 13 10 9 11 8 7 9 18 17 19 16 15 17 14 13 15 12 11 13 10 9 11 8 7 9 6 5 7 4 3 5 2 1 3 20 19 21 18 17 19 16 15 17 14 13 15 12 11 13 10 9 11 8 7 9 6 5 7 4 3 5 22 21 23 20 19 21 18 17 19 16 15 17 14 13 15 12 11 13 10 9 11 24 23 25 22 21 23 20 19 21 18 17 19 16 15 17 14 13 15 12 11 13 26 25 27 24 23 25 22 21 23 20 19 21 18 17 19 16 15 17 14 13 15 12 11 13 10 9 11 28 27 29 26 25 27 24 23 25 22 21 23 20 19 21 18 17 19 16 15 17 14 13 15 12 11 13 30 29 31 28 27 29 26 25 27 24 23 25 22 21 23 20 19 21 18 17 19 16 15 17 14 13 15 32 31 33 30 29 31 28 27 29 26 25 27 24 23 25 22 21 23 20 19 21 18 17 19 16 15 17 14 13 15 12 11 13 10 9 11 8 7 9 6 5 7 10 9 11 12 11 13 34 33 35 32 31 33 30 29 31 28 27 29 26 25 27 24 23 25 22 21 23 36 35 37 34 33 35 32 31 33 30 29 31 28 27 29 26 25 27 24 23 25 22 21 23 20 19 21 18 17 19 16 15 17 14 13 15 12 11 13 10 9 11 8 7 9 6 5 7 4 3 5 2 1 3 0 1 2 1 3 4 3 5 10 9 11 8 7 9 6 5 7 8 7 9 10 9 11 12 11 13 20 19 21 18 17 19 16 15 17 14 13 15 12 11 13 10 9 11 8 7 9 6 5 7 4 3 5 2 1 3 16 15 17 18 17 19 22 21 23 20 19 21 22 21 23 24 23 25 26 25 27 28 27 29 30 29 31 32 31 33 34 33 35 36 35 37 34 33 35 32 31 33 30 29 31 28 27 29 26 25 27 24 23 25 22 21 23 20 19 21 18 17 19 16 15 17 14 13 15 12 11 13 10 9 11 8 7 9 6 5 7 4 3 5 2 1 3 32 31 33 30 29 31 28 27 29 26 25 27 24 23 25 22 21 23 20 19 21 18 17 19 16 15 17 14 13 15 12 11 13 10 9 11 8 7 9 6 5 7 4 3 5 18 17 19 16 15 17 30 29 31 28 27 29 26 25 27 24 23 25 22 21 23 20 19 21 18 17 19 16 15 17 14 13 15 12 11 13 10 9 11 8 7 9 6 5 7 24 23 25 22 21 23 20 19 21 26 25 27 24 23 25 22 21 23 20 19 21 18 17 19 28 27 29 26 25 27 24 23 25 22 21 23 20 19 21 18 17 19 16 15 17 14 13 15 12 11 13 10 9 11 8 7 9 16 15 17 14 13 15 12 11 13 10 9 11 18 17 19 16 15 17 14 13 15 12 11 13 20 19 21 18 17 19 22 21 23 20 19 21 18 17 19 16 15 17 14 13 15
[1.015685s] A=259 K=481 i=2.79965713e+08) 37 35 33 31 29 27 25 23 21 19 17 15 13 11 9 7 5 3 1 2 1 3 4 3 5 6 5 7 4 3 5 2 1 3 8 7 9 6 5 7 4 3 5 2 1 3 10 9 11 8 7 9 6 5 7 12 11 13 10 9 11 8 7 9 6 5 7 4 3 5 14 13 15 12 11 13 10 9 11 8 7 9 6 5 7 4 3 5 2 1 3 16 15 17 14 13 15 12 11 13 10 9 11 8 7 9 18 17 19 16 15 17 14 13 15 12 11 13 10 9 11 8 7 9 6 5 7 4 3 5 2 1 3 20 19 21 18 17 19 16 15 17 14 13 15 12 11 13 10 9 11 8 7 9 6 5 7 4 3 5 22 21 23 20 19 21 18 17 19 16 15 17 14 13 15 12 11 13 10 9 11 24 23 25 22 21 23 20 19 21 18 17 19 16 15 17 14 13 15 12 11 13 26 25 27 24 23 25 22 21 23 20 19 21 18 17 19 16 15 17 14 13 15 12 11 13 10 9 11 28 27 29 26 25 27 24 23 25 22 21 23 20 19 21 18 17 19 16 15 17 14 13 15 12 11 13 30 29 31 28 27 29 26 25 27 24 23 25 22 21 23 20 19 21 18 17 19 16 15 17 14 13 15 32 31 33 30 29 31 28 27 29 26 25 27 24 23 25 22 21 23 20 19 21 18 17 19 16 15 17 14 13 15 12 11 13 10 9 11 8 7 9 6 5 7 34 33 35 32 31 33 30 29 31 28 27 29 26 25 27 24 23 25 22 21 23 20 19 21 18 17 19 16 15 17 36 35 37 34 33 35 32 31 33 30 29 31 28 27 29 26 25 27 24 23 25 22 21 23 20 19 21 18 17 19 16 15 17 14 13 15 12 11 13 10 9 11 8 7 9 6 5 7 4 3 5 2 1 3 0 1 2 1 3 4 3 5 12 11 13 10 9 11 8 7 9 6 5 7 14 13 15 12 11 13 10 9 11 8 7 9 6 5 7 4 3 5 2 1 3 10 9 11 8 7 9 12 11 13 14 13 15 16 15 17 18 17 19 20 19 21 22 21 23 24 23 25 26 25 27 28 27 29 30 29 31 32 31 33 34 33 35 36 35 37 34 33 35 32 31 33 30 29 31 28 27 29 26 25 27 24 23 25 22 21 23 20 19 21 18 17 19 16 15 17 14 13 15 12 11 13 10 9 11 8 7 9 6 5 7 4 3 5 2 1 3 32 31 33 30 29 31 28 27 29 26 25 27 24 23 25 22 21 23 20 19 21 18 17 19 16 15 17 14 13 15 12 11 13 10 9 11 8 7 9 6 5 7 4 3 5 20 19 21 18 17 19 16 15 17 22 21 23 26 25 27 24 23 25 30 29 31 28 27 29 26 25 27 24 23 25 22 21 23 20 19 21 18 17 19 16 15 17 14 13 15 12 11 13 10 9 11 8 7 9 6 5 7 12 11 13 22 21 23 20 19 21 18 17 19 16 15 17 14 13 15 18 17 19 24 23 25 22 21 23 20 19 21 28 27 29 26 25 27 24 23 25 22 21 23 20 19 21 18 17 19 16 15 17 14 13 15 12 11 13 10 9 11 8 7 9 12 11 13 10 9 11 18 17 19 16 15 17 14 13 15 12 11 13 20 19 21 18 17 19 16 15 17 14 13 15
[1.021101s] A=259 K=481 i=2.81235857e+08) 37 35 33 31 29 27 25 23 21 19 17 15 13 11 9 7 5 3 1 2 1 3 4 3 5 6 5 7 4 3 5 2 1 3 8 7 9 6 5 7 4 3 5 2 1 3 10 9 11 8 7 9 6 5 7 12 11 13 10 9 11 8 7 9 6 5 7 4 3 5 14 13 15 12 11 13 10 9 11 8 7 9 6 5 7 4 3 5 2 1 3 16 15 17 14 13 15 12 11 13 10 9 11 8 7 9 18 17 19 16 15 17 14 13 15 12 11 13 10 9 11 8 7 9 6 5 7 4 3 5 2 1 3 20 19 21 18 17 19 16 15 17 14 13 15 12 11 13 10 9 11 8 7 9 6 5 7 4 3 5 22 21 23 20 19 21 18 17 19 16 15 17 14 13 15 12 11 13 10 9 11 24 23 25 22 21 23 20 19 21 18 17 19 16 15 17 14 13 15 12 11 13 26 25 27 24 23 25 22 21 23 20 19 21 18 17 19 16 15 17 14 13 15 12 11 13 10 9 11 28 27 29 26 25 27 24 23 25 22 21 23 20 19 21 18 17 19 16 15 17 14 13 15 30 29 31 28 27 29 26 25 27 24 23 25 22 21 23 20 19 21 18 17 19 16 15 17 32 31 33 30 29 31 28 27 29 26 25 27 24 23 25 22 21 23 20 19 21 18 17 19 16 15 17 14 13 15 12 11 13 10 9 11 8 7 9 6 5 7 34 33 35 32 31 33 30 29 31 28 27 29 26 25 27 24 23 25 22 21 23 20 19 21 18 17 19 16 15 17 14 13 15 12 11 13 10 9 11 8 7 9 6 5 7 4 3 5 36 35 37 34 33 35 32 31 33 30 29 31 28 27 29 26 25 27 24 23 25 22 21 23 20 19 21 18 17 19 16 15 17 14 13 15 12 11 13 10 9 11 8 7 9 6 5 7 4 3 5 2 1 3 0 1 2 1 3 4 3 5 14 13 15 12 11 13 10 9 11 8 7 9 6 5 7 8 7 9 10 9 11 12 11 13 14 13 15 16 15 17 18 17 19 20 19 21 18 17 19 16 15 17 22 21 23 20 19 21 24 23 25 26 25 27 28 27 29 30 29 31 32 31 33 34 33 35 36 35 37 34 33 35 32 31 33 30 29 31 28 27 29 26 25 27 24 23 25 22 21 23 20 19 21 18 17 19 16 15 17 14 13 15 12 11 13 10 9 11 8 7 9 6 5 7 4 3 5 2 1 3 32 31 33 30 29 31 28 27 29 26 25 27 24 23 25 22 21 23 20 19 21 18 17 19 16 15 17 14 13 15 12 11 13 10 9 11 8 7 9 6 5 7 4 3 5 18 17 19 26 25 27 24 23 25 22 21 23 20 19 21 24 23 25 22 21 23 30 29 31 28 27 29 26 25 27 24 23 25 22 21 23 20 19 21 18 17 19 16 15 17 14 13 15 12 11 13 10 9 11 8 7 9 6 5 7 10 9 11 8 7 9 18 17 19 16 15 17 14 13 15 12 11 13 10 9 11 20 19 21 18 17 19 16 15 17 14 13 15 12 11 13 16 15 17 22 21 23 20 19 21 18 17 19 28 27 29 26 25 27 24 23 25 22 21 23 20 19 21 18 17 19 16 15 17 14 13 15 12 11 13 10 9 11 8 7 9 16 15 17 14 13 15
[1.021243s] A=259 K=481 i=2.81244546e+08) 37 35 33 31 29 27 25 23 21 19 17 15 13 11 9 7 5 3 1 2 1 3 4 3 5 6 5 7 4 3 5 2 1 3 8 7 9 6 5 7 4 3 5 2 1 3 10 9 11 8 7 9 6 5 7 12 11 13 10 9 11 8 7 9 6 5 7 4 3 5 14 13 15 12 11 13 10 9 11 8 7 9 6 5 7 4 3 5 2 1 3 16 15 17 14 13 15 12 11 13 10 9 11 8 7 9 18 17 19 16 15 17 14 13 15 12 11 13 10 9 11 8 7 9 6 5 7 4 3 5 2 1 3 20 19 21 18 17 19 16 15 17 14 13 15 12 11 13 10 9 11 8 7 9 6 5 7 4 3 5 22 21 23 20 19 21 18 17 19 16 15 17 14 13 15 12 11 13 10 9 11 24 23 25 22 21 23 20 19 21 18 17 19 16 15 17 14 13 15 12 11 13 26 25 27 24 23 25 22 21 23 20 19 21 18 17 19 16 15 17 14 13 15 12 11 13 10 9 11 28 27 29 26 25 27 24 23 25 22 21 23 20 19 21 18 17 19 16 15 17 14 13 15 30 29 31 28 27 29 26 25 27 24 23 25 22 21 23 20 19 21 18 17 19 16 15 17 32 31 33 30 29 31 28 27 29 26 25 27 24 23 25 22 21 23 20 19 21 18 17 19 16 15 17 14 13 15 12 11 13 10 9 11 8 7 9 6 5 7 34 33 35 32 31 33 30 29 31 28 27 29 26 25 27 24 23 25 22 21 23 20 19 21 18 17 19 16 15 17 14 13 15 12 11 13 10 9 11 8 7 9 6 5 7 4 3 5 36 35 37 34 33 35 32 31 33 30 29 31 28 27 29 26 25 27 24 23 25 22 21 23 20 19 21 18 17 19 16 15 17 14 13 15 12 11 13 10 9 11 8 7 9 6 5 7 4 3 5 2 1 3 0 1 2 1 3 4 3 5 14 13 15 12 11 13 10 9 11 8 7 9 6 5 7 8 7 9 10 9 11 12 11 13 14 13 15 16 15 17 18 17 19 20 19 21 18 17 19 22 21 23 20 19 21 24 23 25 26 25 27 28 27 29 30 29 31 32 31 33 34 33 35 36 35 37 34 33 35 32 31 33 30 29 31 28 27 29 26 25 27 24 23 25 22 21 23 20 19 21 18 17 19 16 15 17 14 13 15 12 11 13 10 9 11 8 7 9 6 5 7 4 3 5 2 1 3 18 17 19 16 15 17 32 31 33 30 29 31 28 27 29 26 25 27 24 23 25 22 21 23 20 19 21 18 17 19 16 15 17 14 13 15 12 11 13 10 9 11 8 7 9 6 5 7 4 3 5 26 25 27 24 23 25 22 21 23 20 19 21 24 23 25 22 21 23 30 29 31 28 27 29 26 25 27 24 23 25 22 21 23 20 19 21 18 17 19 16 15 17 14 13 15 12 11 13 10 9 11 8 7 9 6 5 7 10 9 11 8 7 9 18 17 19 16 15 17 14 13 15 12 11 13 10 9 11 20 19 21 18 17 19 16 15 17 14 13 15 12 11 13 22 21 23 20 19 21 28 27 29 26 25 27 24 23 25 22 21 23 20 19 21 18 17 19 16 15 17 14 13 15 12 11 13 10 9 11 8 7 9 18 17 19 16 15 17 14 13 15 20 19 21
[1.021324s] A=259 K=481 i=2.81247007e+08) 37 35 33 31 29 27 25 23 21 19 17 15 13 11 9 7 5 3 1 2 1 3 4 3 5 6 5 7 4 3 5 2 1 3 8 7 9 6 5 7 4 3 5 2 1 3 10 9 11 8 7 9 6 5 7 12 11 13 10 9 11 8 7 9 6 5 7 4 3 5 14 13 15 12 11 13 10 9 11 8 7 9 6 5 7 4 3 5 2 1 3 16 15 17 14 13 15 12 11 13 10 9 11 8 7 9 18 17 19 16 15 17 14 13 15 12 11 13 10 9 11 8 7 9 6 5 7 4 3 5 2 1 3 20 19 21 18 17 19 16 15 17 14 13 15 12 11 13 10 9 11 8 7 9 6 5 7 4 3 5 22 21 23 20 19 21 18 17 19 16 15 17 14 13 15 12 11 13 10 9 11 24 23 25 22 21 23 20 19 21 18 17 19 16 15 17 14 13 15 12 11 13 26 25 27 24 23 25 22 21 23 20 19 21 18 17 19 16 15 17 14 13 15 12 11 13 10 9 11 28 27 29 26 25 27 24 23 25 22 21 23 20 19 21 18 17 19 16 15 17 14 13 15 30 29 31 28 27 29 26 25 27 24 23 25 22 21 23 20 19 21 18 17 19 16 15 17 32 31 33 30 29 31 28 27 29 26 25 27 24 23 25 22 21 23 20 19 21 18 17 19 16 15 17 14 13 15 12 11 13 10 9 11 8 7 9 6 5 7 34 33 35 32 31 33 30 29 31 28 27 29 26 25 27 24 23 25 22 21 23 20 19 21 18 17 19 16 15 17 14 13 15 12 11 13 10 9 11 8 7 9 6 5 7 4 3 5 36 35 37 34 33 35 32 31 33 30 29 31 28 27 29 26 25 27 24 23 25 22 21 23 20 19 21 18 17 19 16 15 17 14 13 15 12 11 13 10 9 11 8 7 9 6 5 7 4 3 5 2 1 3 0 1 2 1 3 4 3 5 14 13 15 12 11 13 10 9 11 8 7 9 6 5 7 8 7 9 10 9 11 12 11 13 14 13 15 16 15 17 18 17 19 20 19 21 22 21 23 20 19 21 18 17 19 16 15 17 24 23 25 26 25 27 28 27 29 30 29 31 32 31 33 34 33 35 36 35 37 34 33 35 32 31 33 30 29 31 28 27 29 26 25 27 24 23 25 22 21 23 20 19 21 18 17 19 16 15 17 14 13 15 12 11 13 10 9 11 8 7 9 6 5 7 4 3 5 2 1 3 32 31 33 30 29 31 28 27 29 26 25 27 24 23 25 22 21 23 20 19 21 18 17 19 16 15 17 14 13 15 12 11 13 10 9 11 8 7 9 6 5 7 4 3 5 18 17 19 24 23 25 22 21 23 20 19 21 26 25 27 24 23 25 22 21 23 30 29 31 28 27 29 26 25 27 24 23 25 22 21 23 20 19 21 18 17 19 16 15 17 14 13 15 12 11 13 10 9 11 8 7 9 6 5 7 10 9 11 8 7 9 12 11 13 18 17 19 16 15 17 14 13 15 20 19 21 18 17 19 16 15 17 14 13 15 12 11 13 10 9 11 12 11 13 22 21 23 20 19 21 18 17 19 16 15 17 14 13 15 28 27 29 26 25 27 24 23 25 22 21 23 20 19 21 18 17 19 16 15 17 14 13 15 12 11 13 10 9 11 8 7 9
[1.021590s] A=259 K=481 i=2.81285092e+08) 37 35 33 31 29 27 25 23 21 19 17 15 13 11 9 7 5 3 1 2 1 3 4 3 5 6 5 7 4 3 5 2 1 3 8 7 9 6 5 7 4 3 5 2 1 3 10 9 11 8 7 9 6 5 7 12 11 13 10 9 11 8 7 9 6 5 7 4 3 5 14 13 15 12 11 13 10 9 11 8 7 9 6 5 7 4 3 5 2 1 3 16 15 17 14 13 15 12 11 13 10 9 11 8 7 9 18 17 19 16 15 17 14 13 15 12 11 13 10 9 11 8 7 9 6 5 7 4 3 5 2 1 3 20 19 21 18 17 19 16 15 17 14 13 15 12 11 13 10 9 11 8 7 9 6 5 7 4 3 5 22 21 23 20 19 21 18 17 19 16 15 17 14 13 15 12 11 13 10 9 11 24 23 25 22 21 23 20 19 21 18 17 19 16 15 17 14 13 15 12 11 13 26 25 27 24 23 25 22 21 23 20 19 21 18 17 19 16 15 17 14 13 15 12 11 13 10 9 11 28 27 29 26 25 27 24 23 25 22 21 23 20 19 21 18 17 19 16 15 17 14 13 15 30 29 31 28 27 29 26 25 27 24 23 25 22 21 23 20 19 21 18 17 19 16 15 17 32 31 33 30 29 31 28 27 29 26 25 27 24 23 25 22 21 23 20 19 21 18 17 19 16 15 17 14 13 15 12 11 13 10 9 11 8 7 9 6 5 7 34 33 35 32 31 33 30 29 31 28 27 29 26 25 27 24 23 25 22 21 23 20 19 21 18 17 19 16 15 17 14 13 15 36 35 37 34 33 35 32 31 33 30 29 31 28 27 29 26 25 27 24 23 25 22 21 23 20 19 21 18 17 19 16 15 17 14 13 15 12 11 13 10 9 11 8 7 9 6 5 7 4 3 5 2 1 3 0 1 12 11 13 10 9 11 8 7 9 6 5 7 4 3 5 2 1 3 4 3 5 14 13 15 12 11 13 10 9 11 8 7 9 6 5 7 8 7 9 10 9 11 12 11 13 14 13 15 16 15 17 18 17 19 20 19 21 22 21 23 20 19 21 18 17 19 16 15 17 24 23 25 26 25 27 28 27 29 30 29 31 32 31 33 34 33 35 36 35 37 34 33 35 32 31 33 30 29 31 28 27 29 26 25 27 24 23 25 22 21 23 20 19 21 18 17 19 16 15 17 14 13 15 12 11 13 10 9 11 8 7 9 6 5 7 4 3 5 2 1 3 32 31 33 30 29 31 28 27 29 26 25 27 24 23 25 22 21 23 20 19 21 18 17 19 16 15 17 14 13 15 12 11 13 10 9 11 8 7 9 6 5 7 4 3 5 18 17 19 24 23 25 22 21 23 20 19 21 26 25 27 24 23 25 22 21 23 30 29 31 28 27 29 26 25 27 24 23 25 22 21 23 20 19 21 18 17 19 16 15 17 14 13 15 12 11 13 10 9 11 8 7 9 6 5 7 12 11 13 10 9 11 8 7 9 18 17 19 16 15 17 14 13 15 20 19 21 18 17 19 16 15 17 14 13 15 12 11 13 10 9 11 12 11 13 22 21 23 20 19 21 18 17 19 16 15 17 14 13 15 28 27 29 26 25 27 24 23 25 22 21 23 20 19 21 18 17 19 16 15 17 14 13 15 12 11 13 10 9 11 8 7 9
[1.023818s] A=259 K=481 i=2.81706875e+08) 37 35 33 31 29 27 25 23 21 19 17 15 13 11 9 7 5 3 1 2 1 3 4 3 5 6 5 7 4 3 5 2 1 3 8 7 9 6 5 7 4 3 5 2 1 3 10 9 11 8 7 9 6 5 7 12 11 13 10 9 11 8 7 9 6 5 7 4 3 5 14 13 15 12 11 13 10 9 11 8 7 9 6 5 7 4 3 5 2 1 3 16 15 17 14 13 15 12 11 13 10 9 11 8 7 9 18 17 19 16 15 17 14 13 15 12 11 13 10 9 11 8 7 9 6 5 7 4 3 5 2 1 3 20 19 21 18 17 19 16 15 17 14 13 15 12 11 13 10 9 11 8 7 9 6 5 7 4 3 5 22 21 23 20 19 21 18 17 19 16 15 17 14 13 15 12 11 13 10 9 11 24 23 25 22 21 23 20 19 21 18 17 19 16 15 17 14 13 15 12 11 13 26 25 27 24 23 25 22 21 23 20 19 21 18 17 19 16 15 17 14 13 15 12 11 13 10 9 11 28 27 29 26 25 27 24 23 25 22 21 23 20 19 21 18 17 19 16 15 17 14 13 15 30 29 31 28 27 29 26 25 27 24 23 25 22 21 23 20 19 21 18 17 19 32 31 33 30 29 31 28 27 29 26 25 27 24 23 25 22 21 23 20 19 21 18 17 19 16 15 17 14 13 15 12 11 13 10 9 11 8 7 9 6 5 7 34 33 35 32 31 33 30 29 31 28 27 29 26 25 27 24 23 25 22 21 23 20 19 21 18 17 19 16 15 17 14 13 15 12 11 13 10 9 11 8 7 9 6 5 7 4 3 5 16 15 17 20 19 21 18 17 19 36 35 37 34 33 35 32 31 33 30 29 31 28 27 29 26 25 27 24 23 25 22 21 23 20 19 21 18 17 19 16 15 17 14 13 15 12 11 13 10 9 11 8 7 9 6 5 7 4 3 5 2 1 3 0 1 2 1 3 4 3 5 14 13 15 12 11 13 10 9 11 8 7 9 6 5 7 8 7 9 10 9 11 12 11 13 14 13 15 16 15 17 18 17 19 20 19 21 22 21 23 24 23 25 26 25 27 28 27 29 30 29 31 32 31 33 34 33 35 36 35 37 34 33 35 32 31 33 30 29 31 28 27 29 26 25 27 24 23 25 22 21 23 20 19 21 18 17 19 16 15 17 14 13 15 12 11 13 10 9 11 8 7 9 6 5 7 4 3 5 2 1 3 32 31 33 30 29 31 28 27 29 26 25 27 24 23 25 22 21 23 20 19 21 18 17 19 16 15 17 14 13 15 12 11 13 10 9 11 8 7 9 6 5 7 4 3 5 20 19 21 18 17 19 26 25 27 24 23 25 22 21 23 20 19 21 24 23 25 22 21 23 30 29 31 28 27 29 26 25 27 24 23 25 22 21 23 20 19 21 18 17 19 16 15 17 14 13 15 12 11 13 10 9 11 8 7 9 6 5 7 10 9 11 8 7 9 18 17 19 16 15 17 14 13 15 12 11 13 10 9 11 20 19 21 18 17 19 16 15 17 14 13 15 12 11 13 16 15 17 22 21 23 20 19 21 18 17 19 28 27 29 26 25 27 24 23 25 22 21 23 20 19 21 18 17 19 16 15 17 14 13 15 12 11 13 10 9 11 8 7 9 16 15 17 14 13 15
[1.115674s] A=259 K=481 i=3.11288689e+08) 37 35 33 31 29 27 25 23 21 19 17 15 13 11 9 7 5 3 1 2 1 3 4 3 5 6 5 7 4 3 5 2 1 3 8 7 9 6 5 7 4 3 5 2 1 3 10 9 11 8 7 9 6 5 7 12 11 13 10 9 11 8 7 9 6 5 7 4 3 5 14 13 15 12 11 13 10 9 11 8 7 9 6 5 7 4 3 5 2 1 3 16 15 17 14 13 15 12 11 13 10 9 11 8 7 9 18 17 19 16 15 17 14 13 15 12 11 13 10 9 11 8 7 9 6 5 7 4 3 5 2 1 3 20 19 21 18 17 19 16 15 17 14 13 15 12 11 13 10 9 11 8 7 9 6 5 7 4 3 5 22 21 23 20 19 21 18 17 19 16 15 17 14 13 15 12 11 13 10 9 11 24 23 25 22 21 23 20 19 21 18 17 19 16 15 17 14 13 15 12 11 13 26 25 27 24 23 25 22 21 23 20 19 21 18 17 19 16 15 17 14 13 15 12 11 13 28 27 29 26 25 27 24 23 25 22 21 23 20 19 21 18 17 19 16 15 17 14 13 15 30 29 31 28 27 29 26 25 27 24 23 25 22 21 23 20 19 21 18 17 19 16 15 17 32 31 33 30 29 31 28 27 29 26 25 27 24 23 25 22 21 23 20 19 21 18 17 19 16 15 17 14 13 15 12 11 13 10 9 11 8 7 9 6 5 7 12 11 13 10 9 11 34 33 35 32 31 33 30 29 31 28 27 29 26 25 27 24 23 25 22 21 23 20 19 21 36 35 37 34 33 35 32 31 33 30 29 31 28 27 29 26 25 27 24 23 25 22 21 23 20 19 21 18 17 19 16 15 17 14 13 15 12 11 13 10 9 11 8 7 9 6 5 7 4 3 5 2 1 3 0 1 2 1 3 4 3 5 6 5 7 8 7 9 10 9 11 12 11 13 14 13 15 16 15 17 18 17 19 16 15 17 14 13 15 12 11 13 10 9 11 8 7 9 6 5 7 4 3 5 2 1 3 12 11 13 10 9 11 8 7 9 6 5 7 20 19 21 18 17 19 22 21 23 20 19 21 24 23 25 26 25 27 28 27 29 30 29 31 32 31 33 34 33 35 36 35 37 34 33 35 32 31 33 30 29 31 28 27 29 26 25 27 24 23 25 22 21 23 20 19 21 18 17 19 16 15 17 14 13 15 12 11 13 10 9 11 8 7 9 6 5 7 4 3 5 2 1 3 18 17 19 16 15 17 20 19 21 32 31 33 30 29 31 28 27 29 26 25 27 24 23 25 22 21 23 20 19 21 18 17 19 16 15 17 14 13 15 12 11 13 10 9 11 8 7 9 6 5 7 4 3 5 26 25 27 24 23 25 30 29 31 28 27 29 26 25 27 24 23 25 22 21 23 20 19 21 18 17 19 16 15 17 14 13 15 12 11 13 10 9 11 8 7 9 6 5 7 22 21 23 24 23 25 28 27 29 26 25 27 24 23 25 22 21 23 20 19 21 18 17 19 16 15 17 14 13 15 12 11 13 10 9 11 8 7 9 20 19 21 18 17 19 16 15 17 14 13 15 12 11 13 10 9 11 22 21 23 20 19 21 18 17 19 16 15 17 14 13 15 12 11 13 24 23 25 22 21 23 20 19 21 18 17 19 16 15 17 14 13 15
[1.315198s] A=259 K=481 i=3.61646968e+08) 37 35 33 31 29 27 25 23 21 19 17 15 13 11 9 7 5 3 1 2 1 3 4 3 5 6 5 7 4 3 5 2 1 3 8 7 9 6 5 7 4 3 5 2 1 3 10 9 11 8 7 9 6 5 7 12 11 13 10 9 11 8 7 9 6 5 7 4 3 5 14 13 15 12 11 13 10 9 11 8 7 9 6 5 7 4 3 5 2 1 3 16 15 17 14 13 15 12 11 13 10 9 11 8 7 9 18 17 19 16 15 17 14 13 15 12 11 13 10 9 11 8 7 9 6 5 7 4 3 5 2 1 3 20 19 21 18 17 19 16 15 17 14 13 15 12 11 13 10 9 11 8 7 9 6 5 7 4 3 5 22 21 23 20 19 21 18 17 19 16 15 17 14 13 15 12 11 13 10 9 11 24 23 25 22 21 23 20 19 21 18 17 19 16 15 17 14 13 15 12 11 13 26 25 27 24 23 25 22 21 23 20 19 21 18 17 19 16 15 17 14 13 15 28 27 29 26 25 27 24 23 25 22 21 23 20 19 21 18 17 19 16 15 17 14 13 15 12 11 13 10 9 11 30 29 31 28 27 29 26 25 27 24 23 25 22 21 23 20 19 21 18 17 19 32 31 33 30 29 31 28 27 29 26 25 27 24 23 25 22 21 23 20 19 21 18 17 19 16 15 17 14 13 15 12 11 13 10 9 11 8 7 9 6 5 7 34 33 35 32 31 33 30 29 31 28 27 29 26 25 27 24 23 25 22 21 23 20 19 21 18 17 19 16 15 17 14 13 15 12 11 13 10 9 11 8 7 9 6 5 7 4 3 5 16 15 17 18 17 19 20 19 21 36 35 37 34 33 35 32 31 33 30 29 31 28 27 29 26 25 27 24 23 25 22 21 23 20 19 21 18 17 19 16 15 17 14 13 15 12 11 13 10 9 11 8 7 9 6 5 7 4 3 5 2 1 3 0 1 2 1 3 4 3 5 14 13 15 12 11 13 10 9 11 8 7 9 6 5 7 8 7 9 10 9 11 12 11 13 14 13 15 16 15 17 18 17 19 20 19 21 22 21 23 24 23 25 26 25 27 28 27 29 30 29 31 32 31 33 34 33 35 36 35 37 34 33 35 32 31 33 30 29 31 28 27 29 26 25 27 24 23 25 22 21 23 20 19 21 18 17 19 16 15 17 14 13 15 12 11 13 10 9 11 8 7 9 6 5 7 4 3 5 2 1 3 32 31 33 30 29 31 28 27 29 26 25 27 24 23 25 22 21 23 20 19 21 18 17 19 16 15 17 14 13 15 12 11 13 10 9 11 8 7 9 6 5 7 4 3 5 20 19 21 24 23 25 22 21 23 30 29 31 28 27 29 26 25 27 24 23 25 22 21 23 20 19 21 18 17 19 16 15 17 14 13 15 12 11 13 10 9 11 8 7 9 6 5 7 10 9 11 12 11 13 20 19 21 18 17 19 16 15 17 14 13 15 22 21 23 20 19 21 18 17 19 16 15 17 26 25 27 24 23 25 22 21 23 20 19 21 18 17 19 16 15 17 14 13 15 12 11 13 28 27 29 26 25 27 24 23 25 22 21 23 20 19 21 18 17 19 16 15 17 14 13 15 12 11 13 10 9 11 8 7 9 10 9 11 12 11 13 14 13 15 18 17 19 16 15 17
[1.315324s] A=259 K=481 i=3.61673313e+08) 37 35 33 31 29 27 25 23 21 19 17 15 13 11 9 7 5 3 1 2 1 3 4 3 5 6 5 7 4 3 5 2 1 3 8 7 9 6 5 7 4 3 5 2 1 3 10 9 11 8 7 9 6 5 7 12 11 13 10 9 11 8 7 9 6 5 7 4 3 5 14 13 15 12 11 13 10 9 11 8 7 9 6 5 7 4 3 5 2 1 3 16 15 17 14 13 15 12 11 13 10 9 11 8 7 9 18 17 19 16 15 17 14 13 15 12 11 13 10 9 11 8 7 9 6 5 7 4 3 5 2 1 3 20 19 21 18 17 19 16 15 17 14 13 15 12 11 13 10 9 11 8 7 9 6 5 7 4 3 5 22 21 23 20 19 21 18 17 19 16 15 17 14 13 15 12 11 13 10 9 11 24 23 25 22 21 23 20 19 21 18 17 19 16 15 17 14 13 15 12 11 13 26 25 27 24 23 25 22 21 23 20 19 21 18 17 19 16 15 17 14 13 15 28 27 29 26 25 27 24 23 25 22 21 23 20 19 21 18 17 19 16 15 17 14 13 15 12 11 13 10 9 11 30 29 31 28 27 29 26 25 27 24 23 25 22 21 23 20 19 21 18 17 19 32 31 33 30 29 31 28 27 29 26 25 27 24 23 25 22 21 23 20 19 21 18 17 19 16 15 17 14 13 15 12 11 13 10 9 11 8 7 9 6 5 7 34 33 35 32 31 33 30 29 31 28 27 29 26 25 27 24 23 25 22 21 23 20 19 21 18 17 19 16 15 17 14 13 15 16 15 17 18 17 19 20 19 21 36 35 37 34 33 35 32 31 33 30 29 31 28 27 29 26 25 27 24 23 25 22 21 23 20 19 21 18 17 19 16 15 17 14 13 15 12 11 13 10 9 11 8 7 9 6 5 7 4 3 5 2 1 3 0 1 12 11 13 10 9 11 8 7 9 6 5 7 4 3 5 2 1 3 4 3 5 14 13 15 12 11 13 10 9 11 8 7 9 6 5 7 8 7 9 10 9 11 12 11 13 14 13 15 16 15 17 18 17 19 20 19 21 22 21 23 24 23 25 26 25 27 28 27 29 30 29 31 32 31 33 34 33 35 36 35 37 34 33 35 32 31 33 30 29 31 28 27 29 26 25 27 24 23 25 22 21 23 20 19 21 18 17 19 16 15 17 14 13 15 12 11 13 10 9 11 8 7 9 6 5 7 4 3 5 2 1 3 32 31 33 30 29 31 28 27 29 26 25 27 24 23 25 22 21 23 20 19 21 18 17 19 16 15 17 14 13 15 12 11 13 10 9 11 8 7 9 6 5 7 4 3 5 20 19 21 24 23 25 22 21 23 30 29 31 28 27 29 26 25 27 24 23 25 22 21 23 20 19 21 18 17 19 16 15 17 14 13 15 12 11 13 10 9 11 8 7 9 6 5 7 12 11 13 10 9 11 20 19 21 18 17 19 16 15 17 14 13 15 22 21 23 20 19 21 18 17 19 16 15 17 26 25 27 24 23 25 22 21 23 20 19 21 18 17 19 16 15 17 14 13 15 12 11 13 28 27 29 26 25 27 24 23 25 22 21 23 20 19 21 18 17 19 16 15 17 14 13 15 12 11 13 10 9 11 8 7 9 10 9 11 12 11 13 14 13 15 18 17 19 16 15 17
[1.329016s] A=259 K=481 i=3.65060045e+08) 37 35 33 31 29 27 25 23 21 19 17 15 13 11 9 7 5 3 1 2 1 3 4 3 5 6 5 7 4 3 5 2 1 3 8 7 9 6 5 7 4 3 5 2 1 3 10 9 11 8 7 9 6 5 7 12 11 13 10 9 11 8 7 9 6 5 7 4 3 5 14 13 15 12 11 13 10 9 11 8 7 9 6 5 7 4 3 5 2 1 3 16 15 17 14 13 15 12 11 13 10 9 11 8 7 9 18 17 19 16 15 17 14 13 15 12 11 13 10 9 11 8 7 9 6 5 7 4 3 5 2 1 3 20 19 21 18 17 19 16 15 17 14 13 15 12 11 13 10 9 11 8 7 9 6 5 7 4 3 5 22 21 23 20 19 21 18 17 19 16 15 17 14 13 15 12 11 13 10 9 11 24 23 25 22 21 23 20 19 21 18 17 19 16 15 17 14 13 15 12 11 13 26 25 27 24 23 25 22 21 23 20 19 21 18 17 19 16 15 17 14 13 15 28 27 29 26 25 27 24 23 25 22 21 23 20 19 21 18 17 19 16 15 17 14 13 15 30 29 31 28 27 29 26 25 27 24 23 25 22 21 23 20 19 21 18 17 19 16 15 17 32 31 33 30 29 31 28 27 29 26 25 27 24 23 25 22 21 23 20 19 21 18 17 19 16 15 17 14 13 15 12 11 13 10 9 11 8 7 9 6 5 7 12 11 13 14 13 15 34 33 35 32 31 33 30 29 31 28 27 29 26 25 27 24 23 25 22 21 23 20 19 21 18 17 19 16 15 17 14 13 15 12 11 13 10 9 11 8 7 9 6 5 7 4 3 5 12 11 13 10 9 11 8 7 9 36 35 37 34 33 35 32 31 33 30 29 31 28 27 29 26 25 27 24 23 25 22 21 23 20 19 21 18 17 19 16 15 17 14 13 15 12 11 13 10 9 11 8 7 9 6 5 7 4 3 5 2 1 3 0 1 2 1 3 4 3 5 6 5 7 8 7 9 10 9 11 12 11 13 14 13 15 16 15 17 18 17 19 20 19 21 22 21 23 24 23 25 26 25 27 28 27 29 30 29 31 32 31 33 34 33 35 36 35 37 34 33 35 32 31 33 30 29 31 28 27 29 26 25 27 24 23 25 22 21 23 20 19 21 18 17 19 16 15 17 14 13 15 12 11 13 10 9 11 8 7 9 6 5 7 4 3 5 2 1 3 18 17 19 16 15 17 22 21 23 20 19 21 24 23 25 22 21 23 20 19 21 18 17 19 32 31 33 30 29 31 28 27 29 26 25 27 24 23 25 22 21 23 20 19 21 18 17 19 16 15 17 14 13 15 12 11 13 10 9 11 8 7 9 6 5 7 4 3 5 8 7 9 12 11 13 10 9 11 16 15 17 14 13 15 18 17 19 30 29 31 28 27 29 26 25 27 24 23 25 22 21 23 20 19 21 18 17 19 16 15 17 14 13 15 12 11 13 10 9 11 8 7 9 6 5 7 28 27 29 26 25 27 24 23 25 22 21 23 20 19 21 18 17 19 16 15 17 14 13 15 12 11 13 10 9 11 8 7 9 16 15 17 20 19 21 18 17 19 26 25 27 24 23 25 22 21 23 20 19 21 18 17 19 16 15 17 14 13 15 12 11 13 10 9 11 12 11 13 14 13 15 16 15 17
[1.368752s] A=259 K=481 i=3.7763032e+08) 37 35 33 31 29 27 25 23 21 19 17 15 13 11 9 7 5 3 1 2 1 3 4 3 5 6 5 7 4 3 5 2 1 3 8 7 9 6 5 7 4 3 5 2 1 3 10 9 11 8 7 9 6 5 7 12 11 13 10 9 11 8 7 9 6 5 7 4 3 5 14 13 15 12 11 13 10 9 11 8 7 9 6 5 7 4 3 5 2 1 3 16 15 17 14 13 15 12 11 13 10 9 11 8 7 9 18 17 19 16 15 17 14 13 15 12 11 13 10 9 11 8 7 9 6 5 7 4 3 5 2 1 3 20 19 21 18 17 19 16 15 17 14 13 15 12 11 13 10 9 11 8 7 9 6 5 7 4 3 5 22 21 23 20 19 21 18 17 19 16 15 17 14 13 15 12 11 13 10 9 11 24 23 25 22 21 23 20 19 21 18 17 19 16 15 17 14 13 15 12 11 13 26 25 27 24 23 25 22 21 23 20 19 21 18 17 19 16 15 17 14 13 15 28 27 29 26 25 27 24 23 25 22 21 23 20 19 21 18 17 19 16 15 17 30 29 31 28 27 29 26 25 27 24 23 25 22 21 23 20 19 21 18 17 19 16 15 17 14 13 15 12 11 13 10 9 11 8 7 9 6 5 7 32 31 33 30 29 31 28 27 29 26 25 27 24 23 25 22 21 23 20 19 21 18 17 19 16 15 17 14 13 15 12 11 13 10 9 11 8 7 9 6 5 7 34 33 35 32 31 33 30 29 31 28 27 29 26 25 27 24 23 25 22 21 23 20 19 21 18 17 19 16 15 17 14 13 15 12 11 13 10 9 11 8 7 9 36 35 37 34 33 35 32 31 33 30 29 31 28 27 29 26 25 27 24 23 25 22 21 23 20 19 21 18 17 19 16 15 17 14 13 15 12 11 13 10 9 11 8 7 9 6 5 7 4 3 5 2 1 3 0 1 6 5 7 4 3 5 2 1 3 4 3 5 6 5 7 8 7 9 10 9 11 12 11 13 14 13 15 16 15 17 18 17 19 20 19 21 22 21 23 24 23 25 26 25 27 28 27 29 30 29 31 32 31 33 34 33 35 36 35 37 34 33 35 32 31 33 30 29 31 28 27 29 26 25 27 24 23 25 22 21 23 20 19 21 18 17 19 16 15 17 14 13 15 12 11 13 10 9 11 8 7 9 6 5 7 4 3 5 2 1 3 20 19 21 18 17 19 16 15 17 22 21 23 24 23 25 32 31 33 30 29 31 28 27 29 26 25 27 24 23 25 22 21 23 20 19 21 18 17 19 16 15 17 14 13 15 12 11 13 10 9 11 8 7 9 6 5 7 4 3 5 12 11 13 10 9 11 8 7 9 22 21 23 20 19 21 18 17 19 16 15 17 14 13 15 24 23 25 30 29 31 28 27 29 26 25 27 24 23 25 22 21 23 20 19 21 18 17 19 16 15 17 14 13 15 12 11 13 10 9 11 8 7 9 6 5 7 20 19 21 18 17 19 28 27 29 26 25 27 24 23 25 22 21 23 20 19 21 18 17 19 16 15 17 14 13 15 12 11 13 10 9 11 8 7 9 10 9 11 12 11 13 16 15 17 14 13 15 18 17 19 26 25 27 24 23 25 22 21 23 20 19 21 18 17 19 16 15 17 14 13 15 12 11 13 10 9 11
[1.389746s] A=259 K=481 i=3.83566915e+08) 37 35 33 31 29 27 25 23 21 19 17 15 13 11 9 7 5 3 1 2 1 3 4 3 5 6 5 7 4 3 5 2 1 3 8 7 9 6 5 7 4 3 5 2 1 3 10 9 11 8 7 9 6 5 7 12 11 13 10 9 11 8 7 9 6 5 7 4 3 5 14 13 15 12 11 13 10 9 11 8 7 9 6 5 7 4 3 5 2 1 3 16 15 17 14 13 15 12 11 13 10 9 11 8 7 9 18 17 19 16 15 17 14 13 15 12 11 13 10 9 11 8 7 9 6 5 7 4 3 5 2 1 3 20 19 21 18 17 19 16 15 17 14 13 15 12 11 13 10 9 11 8 7 9 6 5 7 4 3 5 22 21 23 20 19 21 18 17 19 16 15 17 14 13 15 12 11 13 10 9 11 24 23 25 22 21 23 20 19 21 18 17 19 16 15 17 14 13 15 12 11 13 26 25 27 24 23 25 22 21 23 20 19 21 18 17 19 16 15 17 14 13 15 28 27 29 26 25 27 24 23 25 22 21 23 20 19 21 18 17 19 16 15 17 30 29 31 28 27 29 26 25 27 24 23 25 22 21 23 20 19 21 18 17 19 16 15 17 14 13 15 12 11 13 10 9 11 8 7 9 32 31 33 30 29 31 28 27 29 26 25 27 24 23 25 22 21 23 20 19 21 18 17 19 16 15 17 14 13 15 12 11 13 10 9 11 8 7 9 6 5 7 34 33 35 32 31 33 30 29 31 28 27 29 26 25 27 24 23 25 22 21 23 20 19 21 18 17 19 16 15 17 14 13 15 12 11 13 36 35 37 34 33 35 32 31 33 30 29 31 28 27 29 26 25 27 24 23 25 22 21 23 20 19 21 18 17 19 16 15 17 14 13 15 12 11 13 10 9 11 8 7 9 6 5 7 4 3 5 2 1 3 0 1 10 9 11 8 7 9 6 5 7 4 3 5 2 1 3 4 3 5 6 5 7 8 7 9 12 11 13 10 9 11 12 11 13 14 13 15 16 15 17 18 17 19 20 19 21 18 17 19 22 21 23 20 19 21 24 23 25 22 21 23 26 25 27 28 27 29 30 29 31 32 31 33 34 33 35 36 35 37 34 33 35 32 31 33 30 29 31 28 27 29 26 25 27 24 23 25 22 21 23 20 19 21 18 17 19 16 15 17 14 13 15 12 11 13 10 9 11 8 7 9 6 5 7 4 3 5 2 1 3 12 11 13 10 9 11 8 7 9 32 31 33 30 29 31 28 27 29 26 25 27 24 23 25 22 21 23 20 19 21 18 17 19 16 15 17 14 13 15 12 11 13 10 9 11 8 7 9 6 5 7 4 3 5 20 19 21 18 17 19 16 15 17 14 13 15 24 23 25 22 21 23 20 19 21 18 17 19 16 15 17 30 29 31 28 27 29 26 25 27 24 23 25 22 21 23 20 19 21 18 17 19 16 15 17 14 13 15 12 11 13 10 9 11 8 7 9 6 5 7 26 25 27 24 23 25 22 21 23 20 19 21 18 17 19 16 15 17 14 13 15 28 27 29 26 25 27 24 23 25 22 21 23 20 19 21 18 17 19 16 15 17 14 13 15 12 11 13 10 9 11 8 7 9 12 11 13 10 9 11 14 13 15 12 11 13 14 13 15 18 17 19 16 15 17 20 19 21
[1.390329s] A=259 K=481 i=3.83646504e+08) 37 35 33 31 29 27 25 23 21 19 17 15 13 11 9 7 5 3 1 2 1 3 4 3 5 6 5 7 4 3 5 2 1 3 8 7 9 6 5 7 4 3 5 2 1 3 10 9 11 8 7 9 6 5 7 12 11 13 10 9 11 8 7 9 6 5 7 4 3 5 14 13 15 12 11 13 10 9 11 8 7 9 6 5 7 4 3 5 2 1 3 16 15 17 14 13 15 12 11 13 10 9 11 8 7 9 18 17 19 16 15 17 14 13 15 12 11 13 10 9 11 8 7 9 6 5 7 4 3 5 2 1 3 20 19 21 18 17 19 16 15 17 14 13 15 12 11 13 10 9 11 8 7 9 6 5 7 4 3 5 22 21 23 20 19 21 18 17 19 16 15 17 14 13 15 12 11 13 10 9 11 24 23 25 22 21 23 20 19 21 18 17 19 16 15 17 14 13 15 12 11 13 26 25 27 24 23 25 22 21 23 20 19 21 18 17 19 16 15 17 14 13 15 28 27 29 26 25 27 24 23 25 22 21 23 20 19 21 18 17 19 16 15 17 30 29 31 28 27 29 26 25 27 24 23 25 22 21 23 20 19 21 18 17 19 16 15 17 14 13 15 12 11 13 10 9 11 8 7 9 32 31 33 30 29 31 28 27 29 26 25 27 24 23 25 22 21 23 20 19 21 18 17 19 16 15 17 14 13 15 12 11 13 10 9 11 8 7 9 6 5 7 34 33 35 32 31 33 30 29 31 28 27 29 26 25 27 24 23 25 22 21 23 20 19 21 18 17 19 16 15 17 14 13 15 12 11 13 36 35 37 34 33 35 32 31 33 30 29 31 28 27 29 26 25 27 24 23 25 22 21 23 20 19 21 18 17 19 16 15 17 14 13 15 12 11 13 10 9 11 8 7 9 6 5 7 4 3 5 2 1 3 0 1 10 9 11 8 7 9 6 5 7 4 3 5 2 1 3 4 3 5 6 5 7 8 7 9 12 11 13 10 9 11 12 11 13 14 13 15 20 19 21 18 17 19 16 15 17 18 17 19 20 19 21 22 21 23 20 19 21 24 23 25 22 21 23 26 25 27 28 27 29 30 29 31 32 31 33 34 33 35 36 35 37 34 33 35 32 31 33 30 29 31 28 27 29 26 25 27 24 23 25 22 21 23 20 19 21 18 17 19 16 15 17 14 13 15 12 11 13 10 9 11 8 7 9 6 5 7 4 3 5 2 1 3 12 11 13 10 9 11 8 7 9 32 31 33 30 29 31 28 27 29 26 25 27 24 23 25 22 21 23 20 19 21 18 17 19 16 15 17 14 13 15 12 11 13 10 9 11 8 7 9 6 5 7 4 3 5 20 19 21 18 17 19 16 15 17 14 13 15 30 29 31 28 27 29 26 25 27 24 23 25 22 21 23 20 19 21 18 17 19 16 15 17 14 13 15 12 11 13 10 9 11 8 7 9 6 5 7 24 23 25 22 21 23 20 19 21 18 17 19 26 25 27 24 23 25 22 21 23 20 19 21 18 17 19 16 15 17 14 13 15 16 15 17 18 17 19 28 27 29 26 25 27 24 23 25 22 21 23 20 19 21 18 17 19 16 15 17 14 13 15 12 11 13 10 9 11 8 7 9 12 11 13 10 9 11 14 13 15 12 11 13 14 13 15 16 15 17
[1.390410s] A=259 K=481 i=3.83649035e+08) 37 35 33 31 29 27 25 23 21 19 17 15 13 11 9 7 5 3 1 2 1 3 4 3 5 6 5 7 4 3 5 2 1 3 8 7 9 6 5 7 4 3 5 2 1 3 10 9 11 8 7 9 6 5 7 12 11 13 10 9 11 8 7 9 6 5 7 4 3 5 14 13 15 12 11 13 10 9 11 8 7 9 6 5 7 4 3 5 2 1 3 16 15 17 14 13 15 12 11 13 10 9 11 8 7 9 18 17 19 16 15 17 14 13 15 12 11 13 10 9 11 8 7 9 6 5 7 4 3 5 2 1 3 20 19 21 18 17 19 16 15 17 14 13 15 12 11 13 10 9 11 8 7 9 6 5 7 4 3 5 22 21 23 20 19 21 18 17 19 16 15 17 14 13 15 12 11 13 10 9 11 24 23 25 22 21 23 20 19 21 18 17 19 16 15 17 14 13 15 12 11 13 26 25 27 24 23 25 22 21 23 20 19 21 18 17 19 16 15 17 14 13 15 28 27 29 26 25 27 24 23 25 22 21 23 20 19 21 18 17 19 16 15 17 30 29 31 28 27 29 26 25 27 24 23 25 22 21 23 20 19 21 18 17 19 16 15 17 14 13 15 12 11 13 10 9 11 8 7 9 32 31 33 30 29 31 28 27 29 26 25 27 24 23 25 22 21 23 20 19 21 18 17 19 16 15 17 14 13 15 12 11 13 10 9 11 8 7 9 6 5 7 34 33 35 32 31 33 30 29 31 28 27 29 26 25 27 24 23 25 22 21 23 20 19 21 18 17 19 16 15 17 14 13 15 12 11 13 36 35 37 34 33 35 32 31 33 30 29 31 28 27 29 26 25 27 24 23 25 22 21 23 20 19 21 18 17 19 16 15 17 14 13 15 12 11 13 10 9 11 8 7 9 6 5 7 4 3 5 2 1 3 0 1 10 9 11 8 7 9 6 5 7 4 3 5 2 1 3 4 3 5 6 5 7 8 7 9 12 11 13 10 9 11 12 11 13 14 13 15 20 19 21 18 17 19 16 15 17 18 17 19 20 19 21 22 21 23 24 23 25 22 21 23 20 19 21 26 25 27 28 27 29 30 29 31 32 31 33 34 33 35 36 35 37 34 33 35 32 31 33 30 29 31 28 27 29 26 25 27 24 23 25 22 21 23 20 19 21 18 17 19 16 15 17 14 13 15 12 11 13 10 9 11 8 7 9 6 5 7 4 3 5 2 1 3 12 11 13 10 9 11 8 7 9 18 17 19 16 15 17 14 13 15 32 31 33 30 29 31 28 27 29 26 25 27 24 23 25 22 21 23 20 19 21 18 17 19 16 15 17 14 13 15 12 11 13 10 9 11 8 7 9 6 5 7 4 3 5 26 25 27 24 23 25 22 21 23 20 19 21 18 17 19 24 23 25 22 21 23 20 19 21 30 29 31 28 27 29 26 25 27 24 23 25 22 21 23 20 19 21 18 17 19 16 15 17 14 13 15 12 11 13 10 9 11 8 7 9 6 5 7 16 15 17 14 13 15 18 17 19 16 15 17 20 19 21 18 17 19 28 27 29 26 25 27 24 23 25 22 21 23 20 19 21 18 17 19 16 15 17 14 13 15 12 11 13 10 9 11 8 7 9 12 11 13 10 9 11 14 13 15 12 11 13 14 13 15 16 15 17
[1.410592s] A=259 K=481 i=3.8971295e+08) 37 35 33 31 29 27 25 23 21 19 17 15 13 11 9 7 5 3 1 2 1 3 4 3 5 6 5 7 4 3 5 2 1 3 8 7 9 6 5 7 4 3 5 2 1 3 10 9 11 8 7 9 6 5 7 12 11 13 10 9 11 8 7 9 6 5 7 4 3 5 14 13 15 12 11 13 10 9 11 8 7 9 6 5 7 4 3 5 2 1 3 16 15 17 14 13 15 12 11 13 10 9 11 8 7 9 18 17 19 16 15 17 14 13 15 12 11 13 10 9 11 8 7 9 6 5 7 4 3 5 2 1 3 20 19 21 18 17 19 16 15 17 14 13 15 12 11 13 10 9 11 8 7 9 6 5 7 4 3 5 22 21 23 20 19 21 18 17 19 16 15 17 14 13 15 12 11 13 10 9 11 24 23 25 22 21 23 20 19 21 18 17 19 16 15 17 14 13 15 12 11 13 26 25 27 24 23 25 22 21 23 20 19 21 18 17 19 16 15 17 14 13 15 28 27 29 26 25 27 24 23 25 22 21 23 20 19 21 18 17 19 16 15 17 30 29 31 28 27 29 26 25 27 24 23 25 22 21 23 20 19 21 18 17 19 32 31 33 30 29 31 28 27 29 26 25 27 24 23 25 22 21 23 20 19 21 18 17 19 16 15 17 14 13 15 12 11 13 10 9 11 8 7 9 6 5 7 12 11 13 14 13 15 16 15 17 18 17 19 34 33 35 32 31 33 30 29 31 28 27 29 26 25 27 24 23 25 22 21 23 20 19 21 18 17 19 16 15 17 14 13 15 12 11 13 10 9 11 8 7 9 6 5 7 4 3 5 36 35 37 34 33 35 32 31 33 30 29 31 28 27 29 26 25 27 24 23 25 22 21 23 20 19 21 18 17 19 16 15 17 14 13 15 12 11 13 10 9 11 8 7 9 6 5 7 4 3 5 2 1 3 0 1 2 1 3 4 3 5 14 13 15 12 11 13 10 9 11 8 7 9 6 5 7 8 7 9 10 9 11 12 11 13 14 13 15 16 15 17 18 17 19 20 19 21 22 21 23 24 23 25 26 25 27 28 27 29 30 29 31 32 31 33 34 33 35 36 35 37 34 33 35 32 31 33 30 29 31 28 27 29 26 25 27 24 23 25 22 21 23 20 19 21 18 17 19 16 15 17 14 13 15 12 11 13 10 9 11 8 7 9 6 5 7 4 3 5 2 1 3 18 17 19 20 19 21 22 21 23 32 31 33 30 29 31 28 27 29 26 25 27 24 23 25 22 21 23 20 19 21 18 17 19 16 15 17 14 13 15 12 11 13 10 9 11 8 7 9 6 5 7 4 3 5 30 29 31 28 27 29 26 25 27 24 23 25 22 21 23 20 19 21 18 17 19 16 15 17 14 13 15 12 11 13 10 9 11 8 7 9 6 5 7 10 9 11 8 7 9 12 11 13 20 19 21 18 17 19 16 15 17 14 13 15 24 23 25 22 21 23 20 19 21 18 17 19 16 15 17 28 27 29 26 25 27 24 23 25 22 21 23 20 19 21 18 17 19 16 15 17 14 13 15 12 11 13 10 9 11 8 7 9 26 25 27 24 23 25 22 21 23 20 19 21 18 17 19 16 15 17 14 13 15 12 11 13 10 9 11 14 13 15 12 11 13 18 17 19 16 15 17
[1.410768s] A=259 K=481 i=3.89731575e+08) 37 35 33 31 29 27 25 23 21 19 17 15 13 11 9 7 5 3 1 2 1 3 4 3 5 6 5 7 4 3 5 2 1 3 8 7 9 6 5 7 4 3 5 2 1 3 10 9 11 8 7 9 6 5 7 12 11 13 10 9 11 8 7 9 6 5 7 4 3 5 14 13 15 12 11 13 10 9 11 8 7 9 6 5 7 4 3 5 2 1 3 16 15 17 14 13 15 12 11 13 10 9 11 8 7 9 18 17 19 16 15 17 14 13 15 12 11 13 10 9 11 8 7 9 6 5 7 4 3 5 2 1 3 20 19 21 18 17 19 16 15 17 14 13 15 12 11 13 10 9 11 8 7 9 6 5 7 4 3 5 22 21 23 20 19 21 18 17 19 16 15 17 14 13 15 12 11 13 10 9 11 24 23 25 22 21 23 20 19 21 18 17 19 16 15 17 14 13 15 12 11 13 26 25 27 24 23 25 22 21 23 20 19 21 18 17 19 16 15 17 14 13 15 28 27 29 26 25 27 24 23 25 22 21 23 20 19 21 18 17 19 16 15 17 30 29 31 28 27 29 26 25 27 24 23 25 22 21 23 20 19 21 18 17 19 32 31 33 30 29 31 28 27 29 26 25 27 24 23 25 22 21 23 20 19 21 18 17 19 16 15 17 14 13 15 12 11 13 10 9 11 8 7 9 6 5 7 12 11 13 14 13 15 16 15 17 18 17 19 34 33 35 32 31 33 30 29 31 28 27 29 26 25 27 24 23 25 22 21 23 20 19 21 18 17 19 16 15 17 14 13 15 36 35 37 34 33 35 32 31 33 30 29 31 28 27 29 26 25 27 24 23 25 22 21 23 20 19 21 18 17 19 16 15 17 14 13 15 12 11 13 10 9 11 8 7 9 6 5 7 4 3 5 2 1 3 0 1 12 11 13 10 9 11 8 7 9 6 5 7 4 3 5 2 1 3 4 3 5 14 13 15 12 11 13 10 9 11 8 7 9 6 5 7 8 7 9 10 9 11 12 11 13 14 13 15 16 15 17 18 17 19 20 19 21 22 21 23 24 23 25 26 25 27 28 27 29 30 29 31 32 31 33 34 33 35 36 35 37 34 33 35 32 31 33 30 29 31 28 27 29 26 25 27 24 23 25 22 21 23 20 19 21 18 17 19 16 15 17 14 13 15 12 11 13 10 9 11 8 7 9 6 5 7 4 3 5 2 1 3 18 17 19 20 19 21 22 21 23 32 31 33 30 29 31 28 27 29 26 25 27 24 23 25 22 21 23 20 19 21 18 17 19 16 15 17 14 13 15 12 11 13 10 9 11 8 7 9 6 5 7 4 3 5 30 29 31 28 27 29 26 25 27 24 23 25 22 21 23 20 19 21 18 17 19 16 15 17 14 13 15 12 11 13 10 9 11 8 7 9 6 5 7 12 11 13 10 9 11 8 7 9 20 19 21 18 17 19 16 15 17 14 13 15 24 23 25 22 21 23 20 19 21 18 17 19 16 15 17 28 27 29 26 25 27 24 23 25 22 21 23 20 19 21 18 17 19 16 15 17 14 13 15 12 11 13 10 9 11 8 7 9 26 25 27 24 23 25 22 21 23 20 19 21 18 17 19 16 15 17 14 13 15 12 11 13 10 9 11 14 13 15 12 11 13 18 17 19 16 15 17
[1.415091s] A=259 K=481 i=3.90994334e+08) 37 35 33 31 29 27 25 23 21 19 17 15 13 11 9 7 5 3 1 2 1 3 4 3 5 6 5 7 4 3 5 2 1 3 8 7 9 6 5 7 4 3 5 2 1 3 10 9 11 8 7 9 6 5 7 12 11 13 10 9 11 8 7 9 6 5 7 4 3 5 14 13 15 12 11 13 10 9 11 8 7 9 6 5 7 4 3 5 2 1 3 16 15 17 14 13 15 12 11 13 10 9 11 8 7 9 18 17 19 16 15 17 14 13 15 12 11 13 10 9 11 8 7 9 6 5 7 4 3 5 2 1 3 20 19 21 18 17 19 16 15 17 14 13 15 12 11 13 10 9 11 8 7 9 6 5 7 4 3 5 22 21 23 20 19 21 18 17 19 16 15 17 14 13 15 12 11 13 10 9 11 24 23 25 22 21 23 20 19 21 18 17 19 16 15 17 14 13 15 12 11 13 26 25 27 24 23 25 22 21 23 20 19 21 18 17 19 16 15 17 14 13 15 28 27 29 26 25 27 24 23 25 22 21 23 20 19 21 18 17 19 16 15 17 30 29 31 28 27 29 26 25 27 24 23 25 22 21 23 20 19 21 18 17 19 32 31 33 30 29 31 28 27 29 26 25 27 24 23 25 22 21 23 20 19 21 18 17 19 16 15 17 14 13 15 12 11 13 10 9 11 8 7 9 6 5 7 12 11 13 16 15 17 14 13 15 34 33 35 32 31 33 30 29 31 28 27 29 26 25 27 24 23 25 22 21 23 20 19 21 36 35 37 34 33 35 32 31 33 30 29 31 28 27 29 26 25 27 24 23 25 22 21 23 20 19 21 18 17 19 16 15 17 14 13 15 12 11 13 10 9 11 8 7 9 6 5 7 4 3 5 2 1 3 0 1 12 11 13 10 9 11 8 7 9 18 17 19 16 15 17 14 13 15 12 11 13 10 9 11 8 7 9 6 5 7 4 3 5 2 1 3 4 3 5 6 5 7 8 7 9 10 9 11 12 11 13 14 13 15 20 19 21 18 17 19 16 15 17 22 21 23 20 19 21 18 17 19 20 19 21 22 21 23 24 23 25 26 25 27 28 27 29 30 29 31 32 31 33 34 33 35 36 35 37 34 33 35 32 31 33 30 29 31 28 27 29 26 25 27 24 23 25 22 21 23 20 19 21 18 17 19 16 15 17 14 13 15 12 11 13 10 9 11 8 7 9 6 5 7 4 3 5 2 1 3 32 31 33 30 29 31 28 27 29 26 25 27 24 23 25 22 21 23 20 19 21 18 17 19 16 15 17 14 13 15 12 11 13 10 9 11 8 7 9 6 5 7 4 3 5 12 11 13 10 9 11 8 7 9 30 29 31 28 27 29 26 25 27 24 23 25 22 21 23 20 19 21 18 17 19 16 15 17 14 13 15 12 11 13 10 9 11 8 7 9 6 5 7 22 21 23 20 19 21 18 17 19 16 15 17 14 13 15 24 23 25 22 21 23 20 19 21 18 17 19 16 15 17 14 13 15 26 25 27 24 23 25 22 21 23 20 19 21 18 17 19 16 15 17 28 27 29 26 25 27 24 23 25 22 21 23 20 19 21 18 17 19 16 15 17 14 13 15 12 11 13 10 9 11 8 7 9 14 13 15 12 11 13 10 9 11 12 11 13 14 13 15 16 15 17
[1.422165s] A=259 K=481 i=3.93899539e+08) 37 35 33 31 29 27 25 23 21 19 17 15 13 11 9 7 5 3 1 2 1 3 4 3 5 6 5 7 4 3 5 2 1 3 8 7 9 6 5 7 4 3 5 2 1 3 10 9 11 8 7 9 6 5 7 12 11 13 10 9 11 8 7 9 6 5 7 4 3 5 14 13 15 12 11 13 10 9 11 8 7 9 6 5 7 4 3 5 2 1 3 16 15 17 14 13 15 12 11 13 10 9 11 8 7 9 18 17 19 16 15 17 14 13 15 12 11 13 10 9 11 8 7 9 6 5 7 4 3 5 2 1 3 20 19 21 18 17 19 16 15 17 14 13 15 12 11 13 10 9 11 8 7 9 6 5 7 4 3 5 22 21 23 20 19 21 18 17 19 16 15 17 14 13 15 12 11 13 10 9 11 24 23 25 22 21 23 20 19 21 18 17 19 16 15 17 14 13 15 12 11 13 26 25 27 24 23 25 22 21 23 20 19 21 18 17 19 16 15 17 14 13 15 28 27 29 26 25 27 24 23 25 22 21 23 20 19 21 18 17 19 16 15 17 30 29 31 28 27 29 26 25 27 24 23 25 22 21 23 20 19 21 18 17 19 32 31 33 30 29 31 28 27 29 26 25 27 24 23 25 22 21 23 20 19 21 18 17 19 16 15 17 14 13 15 12 11 13 10 9 11 8 7 9 6 5 7 14 13 15 12 11 13 16 15 17 34 33 35 32 31 33 30 29 31 28 27 29 26 25 27 24 23 25 22 21 23 20 19 21 18 17 19 16 15 17 14 13 15 36 35 37 34 33 35 32 31 33 30 29 31 28 27 29 26 25 27 24 23 25 22 21 23 20 19 21 18 17 19 16 15 17 14 13 15 12 11 13 10 9 11 8 7 9 6 5 7 4 3 5 2 1 3 0 1 12 11 13 10 9 11 8 7 9 6 5 7 4 3 5 2 1 3 4 3 5 14 13 15 12 11 13 10 9 11 8 7 9 6 5 7 8 7 9 10 9 11 12 11 13 14 13 15 18 17 19 16 15 17 20 19 21 18 17 19 22 21 23 20 19 21 22 21 23 24 23 25 26 25 27 28 27 29 30 29 31 32 31 33 34 33 35 36 35 37 34 33 35 32 31 33 30 29 31 28 27 29 26 25 27 24 23 25 22 21 23 20 19 21 18 17 19 16 15 17 14 13 15 12 11 13 10 9 11 8 7 9 6 5 7 4 3 5 2 1 3 18 17 19 16 15 17 32 31 33 30 29 31 28 27 29 26 25 27 24 23 25 22 21 23 20 19 21 18 17 19 16 15 17 14 13 15 12 11 13 10 9 11 8 7 9 6 5 7 4 3 5 22 21 23 20 19 21 30 29 31 28 27 29 26 25 27 24 23 25 22 21 23 20 19 21 18 17 19 16 15 17 14 13 15 12 11 13 10 9 11 8 7 9 6 5 7 8 7 9 12 11 13 10 9 11 18 17 19 16 15 17 14 13 15 26 25 27 24 23 25 28 27 29 26 25 27 24 23 25 22 21 23 20 19 21 18 17 19 16 15 17 14 13 15 12 11 13 10 9 11 8 7 9 22 21 23 20 19 21 18 17 19 16 15 17 14 13 15 12 11 13 10 9 11 24 23 25 22 21 23 20 19 21 18 17 19 16 15 17 14 13 15 12 11 13
[1.426966s] A=259 K=481 i=3.94968271e+08) 37 35 33 31 29 27 25 23 21 19 17 15 13 11 9 7 5 3 1 2 1 3 4 3 5 6 5 7 4 3 5 2 1 3 8 7 9 6 5 7 4 3 5 2 1 3 10 9 11 8 7 9 6 5 7 12 11 13 10 9 11 8 7 9 6 5 7 4 3 5 14 13 15 12 11 13 10 9 11 8 7 9 6 5 7 4 3 5 2 1 3 16 15 17 14 13 15 12 11 13 10 9 11 8 7 9 18 17 19 16 15 17 14 13 15 12 11 13 10 9 11 8 7 9 6 5 7 4 3 5 2 1 3 20 19 21 18 17 19 16 15 17 14 13 15 12 11 13 10 9 11 8 7 9 6 5 7 4 3 5 22 21 23 20 19 21 18 17 19 16 15 17 14 13 15 12 11 13 10 9 11 24 23 25 22 21 23 20 19 21 18 17 19 16 15 17 14 13 15 12 11 13 26 25 27 24 23 25 22 21 23 20 19 21 18 17 19 16 15 17 14 13 15 28 27 29 26 25 27 24 23 25 22 21 23 20 19 21 18 17 19 16 15 17 30 29 31 28 27 29 26 25 27 24 23 25 22 21 23 20 19 21 18 17 19 32 31 33 30 29 31 28 27 29 26 25 27 24 23 25 22 21 23 20 19 21 18 17 19 16 15 17 14 13 15 12 11 13 10 9 11 8 7 9 6 5 7 16 15 17 14 13 15 12 11 13 10 9 11 8 7 9 18 17 19 34 33 35 32 31 33 30 29 31 28 27 29 26 25 27 24 23 25 22 21 23 20 19 21 18 17 19 16 15 17 14 13 15 12 11 13 10 9 11 36 35 37 34 33 35 32 31 33 30 29 31 28 27 29 26 25 27 24 23 25 22 21 23 20 19 21 18 17 19 16 15 17 14 13 15 12 11 13 10 9 11 8 7 9 6 5 7 4 3 5 2 1 3 0 1 8 7 9 6 5 7 4 3 5 2 1 3 4 3 5 6 5 7 10 9 11 8 7 9 10 9 11 12 11 13 14 13 15 16 15 17 18 17 19 20 19 21 22 21 23 24 23 25 26 25 27 28 27 29 30 29 31 32 31 33 34 33 35 36 35 37 34 33 35 32 31 33 30 29 31 28 27 29 26 25 27 24 23 25 22 21 23 20 19 21 18 17 19 16 15 17 14 13 15 12 11 13 10 9 11 8 7 9 6 5 7 4 3 5 2 1 3 20 19 21 18 17 19 16 15 17 22 21 23 20 19 21 18 17 19 24 23 25 22 21 23 32 31 33 30 29 31 28 27 29 26 25 27 24 23 25 22 21 23 20 19 21 18 17 19 16 15 17 14 13 15 12 11 13 10 9 11 8 7 9 6 5 7 4 3 5 12 11 13 10 9 11 16 15 17 14 13 15 30 29 31 28 27 29 26 25 27 24 23 25 22 21 23 20 19 21 18 17 19 16 15 17 14 13 15 12 11 13 10 9 11 8 7 9 6 5 7 8 7 9 10 9 11 20 19 21 18 17 19 28 27 29 26 25 27 24 23 25 22 21 23 20 19 21 18 17 19 16 15 17 14 13 15 12 11 13 10 9 11 8 7 9 16 15 17 14 13 15 12 11 13 18 17 19 26 25 27 24 23 25 22 21 23 20 19 21 18 17 19 16 15 17 14 13 15 12 11 13 10 9 11
[1.429696s] A=259 K=481 i=3.95430762e+08) 37 35 33 31 29 27 25 23 21 19 17 15 13 11 9 7 5 3 1 2 1 3 4 3 5 6 5 7 4 3 5 2 1 3 8 7 9 6 5 7 4 3 5 2 1 3 10 9 11 8 7 9 6 5 7 12 11 13 10 9 11 8 7 9 6 5 7 4 3 5 14 13 15 12 11 13 10 9 11 8 7 9 6 5 7 4 3 5 2 1 3 16 15 17 14 13 15 12 11 13 10 9 11 8 7 9 18 17 19 16 15 17 14 13 15 12 11 13 10 9 11 8 7 9 6 5 7 4 3 5 2 1 3 20 19 21 18 17 19 16 15 17 14 13 15 12 11 13 10 9 11 8 7 9 6 5 7 4 3 5 22 21 23 20 19 21 18 17 19 16 15 17 14 13 15 12 11 13 10 9 11 24 23 25 22 21 23 20 19 21 18 17 19 16 15 17 14 13 15 12 11 13 26 25 27 24 23 25 22 21 23 20 19 21 18 17 19 16 15 17 14 13 15 28 27 29 26 25 27 24 23 25 22 21 23 20 19 21 18 17 19 16 15 17 30 29 31 28 27 29 26 25 27 24 23 25 22 21 23 20 19 21 18 17 19 32 31 33 30 29 31 28 27 29 26 25 27 24 23 25 22 21 23 20 19 21 18 17 19 16 15 17 14 13 15 12 11 13 10 9 11 8 7 9 6 5 7 16 15 17 14 13 15 12 11 13 10 9 11 8 7 9 34 33 35 32 31 33 30 29 31 28 27 29 26 25 27 24 23 25 22 21 23 20 19 21 18 17 19 16 15 17 14 13 15 12 11 13 10 9 11 18 17 19 20 19 21 36 35 37 34 33 35 32 31 33 30 29 31 28 27 29 26 25 27 24 23 25 22 21 23 20 19 21 18 17 19 16 15 17 14 13 15 12 11 13 10 9 11 8 7 9 6 5 7 4 3 5 2 1 3 0 1 8 7 9 6 5 7 4 3 5 2 1 3 4 3 5 6 5 7 8 7 9 10 9 11 12 11 13 10 9 11 8 7 9 14 13 15 16 15 17 18 17 19 20 19 21 22 21 23 24 23 25 26 25 27 28 27 29 30 29 31 32 31 33 34 33 35 36 35 37 34 33 35 32 31 33 30 29 31 28 27 29 26 25 27 24 23 25 22 21 23 20 19 21 18 17 19 16 15 17 14 13 15 12 11 13 10 9 11 8 7 9 6 5 7 4 3 5 2 1 3 20 19 21 18 17 19 16 15 17 32 31 33 30 29 31 28 27 29 26 25 27 24 23 25 22 21 23 20 19 21 18 17 19 16 15 17 14 13 15 12 11 13 10 9 11 8 7 9 6 5 7 4 3 5 24 23 25 22 21 23 20 19 21 26 25 27 24 23 25 22 21 23 30 29 31 28 27 29 26 25 27 24 23 25 22 21 23 20 19 21 18 17 19 16 15 17 14 13 15 12 11 13 10 9 11 8 7 9 6 5 7 12 11 13 10 9 11 8 7 9 18 17 19 16 15 17 14 13 15 20 19 21 18 17 19 16 15 17 14 13 15 12 11 13 10 9 11 12 11 13 22 21 23 20 19 21 18 17 19 16 15 17 14 13 15 28 27 29 26 25 27 24 23 25 22 21 23 20 19 21 18 17 19 16 15 17 14 13 15 12 11 13 10 9 11 8 7 9
[1.430103s] A=259 K=481 i=3.95489384e+08) 37 35 33 31 29 27 25 23 21 19 17 15 13 11 9 7 5 3 1 2 1 3 4 3 5 6 5 7 4 3 5 2 1 3 8 7 9 6 5 7 4 3 5 2 1 3 10 9 11 8 7 9 6 5 7 12 11 13 10 9 11 8 7 9 6 5 7 4 3 5 14 13 15 12 11 13 10 9 11 8 7 9 6 5 7 4 3 5 2 1 3 16 15 17 14 13 15 12 11 13 10 9 11 8 7 9 18 17 19 16 15 17 14 13 15 12 11 13 10 9 11 8 7 9 6 5 7 4 3 5 2 1 3 20 19 21 18 17 19 16 15 17 14 13 15 12 11 13 10 9 11 8 7 9 6 5 7 4 3 5 22 21 23 20 19 21 18 17 19 16 15 17 14 13 15 12 11 13 10 9 11 24 23 25 22 21 23 20 19 21 18 17 19 16 15 17 14 13 15 12 11 13 26 25 27 24 23 25 22 21 23 20 19 21 18 17 19 16 15 17 14 13 15 28 27 29 26 25 27 24 23 25 22 21 23 20 19 21 18 17 19 16 15 17 30 29 31 28 27 29 26 25 27 24 23 25 22 21 23 20 19 21 18 17 19 32 31 33 30 29 31 28 27 29 26 25 27 24 23 25 22 21 23 20 19 21 18 17 19 16 15 17 14 13 15 12 11 13 10 9 11 8 7 9 6 5 7 16 15 17 14 13 15 12 11 13 10 9 11 8 7 9 34 33 35 32 31 33 30 29 31 28 27 29 26 25 27 24 23 25 22 21 23 20 19 21 18 17 19 16 15 17 14 13 15 12 11 13 10 9 11 36 35 37 34 33 35 32 31 33 30 29 31 28 27 29 26 25 27 24 23 25 22 21 23 20 19 21 18 17 19 16 15 17 14 13 15 12 11 13 10 9 11 8 7 9 6 5 7 4 3 5 2 1 3 0 1 8 7 9 6 5 7 4 3 5 2 1 3 4 3 5 6 5 7 8 7 9 10 9 11 12 11 13 10 9 11 8 7 9 14 13 15 18 17 19 16 15 17 20 19 21 18 17 19 22 21 23 20 19 21 22 21 23 24 23 25 26 25 27 28 27 29 30 29 31 32 31 33 34 33 35 36 35 37 34 33 35 32 31 33 30 29 31 28 27 29 26 25 27 24 23 25 22 21 23 20 19 21 18 17 19 16 15 17 14 13 15 12 11 13 10 9 11 8 7 9 6 5 7 4 3 5 2 1 3 18 17 19 16 15 17 32 31 33 30 29 31 28 27 29 26 25 27 24 23 25 22 21 23 20 19 21 18 17 19 16 15 17 14 13 15 12 11 13 10 9 11 8 7 9 6 5 7 4 3 5 24 23 25 22 21 23 20 19 21 30 29 31 28 27 29 26 25 27 24 23 25 22 21 23 20 19 21 18 17 19 16 15 17 14 13 15 12 11 13 10 9 11 8 7 9 6 5 7 12 11 13 10 9 11 8 7 9 18 17 19 16 15 17 14 13 15 26 25 27 24 23 25 22 21 23 20 19 21 18 17 19 16 15 17 14 13 15 12 11 13 10 9 11 12 11 13 22 21 23 20 19 21 18 17 19 16 15 17 14 13 15 28 27 29 26 25 27 24 23 25 22 21 23 20 19 21 18 17 19 16 15 17 14 13 15 12 11 13 10 9 11 8 7 9
[1.430740s] A=259 K=481 i=3.95586192e+08) 37 35 33 31 29 27 25 23 21 19 17 15 13 11 9 7 5 3 1 2 1 3 4 3 5 6 5 7 4 3 5 2 1 3 8 7 9 6 5 7 4 3 5 2 1 3 10 9 11 8 7 9 6 5 7 12 11 13 10 9 11 8 7 9 6 5 7 4 3 5 14 13 15 12 11 13 10 9 11 8 7 9 6 5 7 4 3 5 2 1 3 16 15 17 14 13 15 12 11 13 10 9 11 8 7 9 18 17 19 16 15 17 14 13 15 12 11 13 10 9 11 8 7 9 6 5 7 4 3 5 2 1 3 20 19 21 18 17 19 16 15 17 14 13 15 12 11 13 10 9 11 8 7 9 6 5 7 4 3 5 22 21 23 20 19 21 18 17 19 16 15 17 14 13 15 12 11 13 10 9 11 24 23 25 22 21 23 20 19 21 18 17 19 16 15 17 14 13 15 12 11 13 26 25 27 24 23 25 22 21 23 20 19 21 18 17 19 16 15 17 14 13 15 28 27 29 26 25 27 24 23 25 22 21 23 20 19 21 18 17 19 16 15 17 30 29 31 28 27 29 26 25 27 24 23 25 22 21 23 20 19 21 18 17 19 32 31 33 30 29 31 28 27 29 26 25 27 24 23 25 22 21 23 20 19 21 18 17 19 16 15 17 14 13 15 12 11 13 10 9 11 8 7 9 6 5 7 16 15 17 14 13 15 12 11 13 10 9 11 8 7 9 34 33 35 32 31 33 30 29 31 28 27 29 26 25 27 24 23 25 22 21 23 20 19 21 18 17 19 16 15 17 14 13 15 12 11 13 10 9 11 36 35 37 34 33 35 32 31 33 30 29 31 28 27 29 26 25 27 24 23 25 22 21 23 20 19 21 18 17 19 16 15 17 14 13 15 12 11 13 10 9 11 8 7 9 6 5 7 4 3 5 2 1 3 0 1 8 7 9 6 5 7 4 3 5 2 1 3 4 3 5 6 5 7 10 9 11 8 7 9 10 9 11 12 11 13 14 13 15 18 17 19 16 15 17 20 19 21 18 17 19 22 21 23 20 19 21 22 21 23 24 23 25 26 25 27 28 27 29 30 29 31 32 31 33 34 33 35 36 35 37 34 33 35 32 31 33 30 29 31 28 27 29 26 25 27 24 23 25 22 21 23 20 19 21 18 17 19 16 15 17 14 13 15 12 11 13 10 9 11 8 7 9 6 5 7 4 3 5 2 1 3 18 17 19 16 15 17 32 31 33 30 29 31 28 27 29 26 25 27 24 23 25 22 21 23 20 19 21 18 17 19 16 15 17 14 13 15 12 11 13 10 9 11 8 7 9 6 5 7 4 3 5 12 11 13 10 9 11 22 21 23 20 19 21 24 23 25 30 29 31 28 27 29 26 25 27 24 23 25 22 21 23 20 19 21 18 17 19 16 15 17 14 13 15 12 11 13 10 9 11 8 7 9 6 5 7 8 7 9 10 9 11 18 17 19 16 15 17 14 13 15 28 27 29 26 25 27 24 23 25 22 21 23 20 19 21 18 17 19 16 15 17 14 13 15 12 11 13 10 9 11 8 7 9 22 21 23 20 19 21 18 17 19 16 15 17 14 13 15 12 11 13 26 25 27 24 23 25 22 21 23 20 19 21 18 17 19 16 15 17 14 13 15 12 11 13 10 9 11
[1.553981s] A=259 K=481 i=4.35736054e+08) 37 35 33 31 29 27 25 23 21 19 17 15 13 11 9 7 5 3 1 2 1 3 4 3 5 6 5 7 4 3 5 2 1 3 8 7 9 6 5 7 4 3 5 2 1 3 10 9 11 8 7 9 6 5 7 12 11 13 10 9 11 8 7 9 6 5 7 4 3 5 14 13 15 12 11 13 10 9 11 8 7 9 6 5 7 4 3 5 2 1 3 16 15 17 14 13 15 12 11 13 10 9 11 8 7 9 18 17 19 16 15 17 14 13 15 12 11 13 10 9 11 8 7 9 6 5 7 4 3 5 2 1 3 20 19 21 18 17 19 16 15 17 14 13 15 12 11 13 10 9 11 8 7 9 6 5 7 4 3 5 22 21 23 20 19 21 18 17 19 16 15 17 14 13 15 12 11 13 10 9 11 24 23 25 22 21 23 20 19 21 18 17 19 16 15 17 14 13 15 12 11 13 26 25 27 24 23 25 22 21 23 20 19 21 18 17 19 16 15 17 14 13 15 28 27 29 26 25 27 24 23 25 22 21 23 20 19 21 18 17 19 30 29 31 28 27 29 26 25 27 24 23 25 22 21 23 20 19 21 18 17 19 16 15 17 14 13 15 12 11 13 10 9 11 8 7 9 32 31 33 30 29 31 28 27 29 26 25 27 24 23 25 22 21 23 20 19 21 18 17 19 16 15 17 14 13 15 12 11 13 10 9 11 8 7 9 6 5 7 16 15 17 20 19 21 18 17 19 34 33 35 32 31 33 30 29 31 28 27 29 26 25 27 24 23 25 22 21 23 20 19 21 18 17 19 16 15 17 14 13 15 12 11 13 36 35 37 34 33 35 32 31 33 30 29 31 28 27 29 26 25 27 24 23 25 22 21 23 20 19 21 18 17 19 16 15 17 14 13 15 12 11 13 10 9 11 8 7 9 6 5 7 4 3 5 2 1 3 0 1 10 9 11 8 7 9 6 5 7 4 3 5 2 1 3 4 3 5 6 5 7 8 7 9 12 11 13 10 9 11 12 11 13 14 13 15 16 15 17 18 17 19 20 19 21 22 21 23 24 23 25 26 25 27 28 27 29 30 29 31 32 31 33 34 33 35 36 35 37 34 33 35 32 31 33 30 29 31 28 27 29 26 25 27 24 23 25 22 21 23 20 19 21 18 17 19 16 15 17 14 13 15 12 11 13 10 9 11 8 7 9 6 5 7 4 3 5 2 1 3 12 11 13 10 9 11 8 7 9 32 31 33 30 29 31 28 27 29 26 25 27 24 23 25 22 21 23 20 19 21 18 17 19 16 15 17 14 13 15 12 11 13 10 9 11 8 7 9 6 5 7 4 3 5 22 21 23 20 19 21 18 17 19 16 15 17 14 13 15 24 23 25 22 21 23 20 19 21 18 17 19 26 25 27 24 23 25 22 21 23 20 19 21 30 29 31 28 27 29 26 25 27 24 23 25 22 21 23 20 19 21 18 17 19 16 15 17 14 13 15 12 11 13 10 9 11 8 7 9 6 5 7 18 17 19 16 15 17 14 13 15 16 15 17 20 19 21 18 17 19 28 27 29 26 25 27 24 23 25 22 21 23 20 19 21 18 17 19 16 15 17 14 13 15 12 11 13 10 9 11 8 7 9 12 11 13 10 9 11 14 13 15 12 11 13 14 13 15 16 15 17
[1.561455s] A=259 K=481 i=4.3821303e+08) 37 35 33 31 29 27 25 23 21 19 17 15 13 11 9 7 5 3 1 2 1 3 4 3 5 6 5 7 4 3 5 2 1 3 8 7 9 6 5 7 4 3 5 2 1 3 10 9 11 8 7 9 6 5 7 12 11 13 10 9 11 8 7 9 6 5 7 4 3 5 14 13 15 12 11 13 10 9 11 8 7 9 6 5 7 4 3 5 2 1 3 16 15 17 14 13 15 12 11 13 10 9 11 8 7 9 18 17 19 16 15 17 14 13 15 12 11 13 10 9 11 8 7 9 6 5 7 4 3 5 2 1 3 20 19 21 18 17 19 16 15 17 14 13 15 12 11 13 10 9 11 8 7 9 6 5 7 4 3 5 22 21 23 20 19 21 18 17 19 16 15 17 14 13 15 12 11 13 10 9 11 24 23 25 22 21 23 20 19 21 18 17 19 16 15 17 14 13 15 12 11 13 26 25 27 24 23 25 22 21 23 20 19 21 18 17 19 16 15 17 14 13 15 28 27 29 26 25 27 24 23 25 22 21 23 20 19 21 18 17 19 30 29 31 28 27 29 26 25 27 24 23 25 22 21 23 20 19 21 18 17 19 16 15 17 32 31 33 30 29 31 28 27 29 26 25 27 24 23 25 22 21 23 20 19 21 18 17 19 16 15 17 14 13 15 12 11 13 10 9 11 8 7 9 6 5 7 12 11 13 10 9 11 14 13 15 16 15 17 34 33 35 32 31 33 30 29 31 28 27 29 26 25 27 24 23 25 22 21 23 20 19 21 18 17 19 16 15 17 14 13 15 12 11 13 22 21 23 20 19 21 36 35 37 34 33 35 32 31 33 30 29 31 28 27 29 26 25 27 24 23 25 22 21 23 20 19 21 18 17 19 16 15 17 14 13 15 12 11 13 10 9 11 8 7 9 6 5 7 4 3 5 2 1 3 0 1 10 9 11 8 7 9 6 5 7 4 3 5 2 1 3 4 3 5 12 11 13 10 9 11 8 7 9 6 5 7 8 7 9 10 9 11 12 11 13 14 13 15 18 17 19 16 15 17 20 19 21 18 17 19 20 19 21 22 21 23 24 23 25 26 25 27 28 27 29 30 29 31 32 31 33 34 33 35 36 35 37 34 33 35 32 31 33 30 29 31 28 27 29 26 25 27 24 23 25 22 21 23 20 19 21 18 17 19 16 15 17 14 13 15 12 11 13 10 9 11 8 7 9 6 5 7 4 3 5 2 1 3 32 31 33 30 29 31 28 27 29 26 25 27 24 23 25 22 21 23 20 19 21 18 17 19 16 15 17 14 13 15 12 11 13 10 9 11 8 7 9 6 5 7 4 3 5 30 29 31 28 27 29 26 25 27 24 23 25 22 21 23 20 19 21 18 17 19 16 15 17 14 13 15 12 11 13 10 9 11 8 7 9 6 5 7 12 11 13 10 9 11 8 7 9 10 9 11 22 21 23 20 19 21 18 17 19 16 15 17 14 13 15 24 23 25 22 21 23 20 19 21 18 17 19 16 15 17 14 13 15 12 11 13 26 25 27 24 23 25 22 21 23 20 19 21 18 17 19 16 15 17 14 13 15 12 11 13 10 9 11 28 27 29 26 25 27 24 23 25 22 21 23 20 19 21 18 17 19 16 15 17 14 13 15 12 11 13 10 9 11 8 7 9
[1.562733s] A=259 K=481 i=4.38485443e+08) 37 35 33 31 29 27 25 23 21 19 17 15 13 11 9 7 5 3 1 2 1 3 4 3 5 6 5 7 4 3 5 2 1 3 8 7 9 6 5 7 4 3 5 2 1 3 10 9 11 8 7 9 6 5 7 12 11 13 10 9 11 8 7 9 6 5 7 4 3 5 14 13 15 12 11 13 10 9 11 8 7 9 6 5 7 4 3 5 2 1 3 16 15 17 14 13 15 12 11 13 10 9 11 8 7 9 18 17 19 16 15 17 14 13 15 12 11 13 10 9 11 8 7 9 6 5 7 4 3 5 2 1 3 20 19 21 18 17 19 16 15 17 14 13 15 12 11 13 10 9 11 8 7 9 6 5 7 4 3 5 22 21 23 20 19 21 18 17 19 16 15 17 14 13 15 12 11 13 10 9 11 24 23 25 22 21 23 20 19 21 18 17 19 16 15 17 14 13 15 12 11 13 26 25 27 24 23 25 22 21 23 20 19 21 18 17 19 16 15 17 14 13 15 28 27 29 26 25 27 24 23 25 22 21 23 20 19 21 18 17 19 30 29 31 28 27 29 26 25 27 24 23 25 22 21 23 20 19 21 18 17 19 16 15 17 32 31 33 30 29 31 28 27 29 26 25 27 24 23 25 22 21 23 20 19 21 18 17 19 16 15 17 14 13 15 12 11 13 10 9 11 8 7 9 6 5 7 12 11 13 14 13 15 16 15 17 20 19 21 18 17 19 34 33 35 32 31 33 30 29 31 28 27 29 26 25 27 24 23 25 22 21 23 20 19 21 18 17 19 16 15 17 14 13 15 12 11 13 10 9 11 8 7 9 6 5 7 4 3 5 12 11 13 10 9 11 8 7 9 36 35 37 34 33 35 32 31 33 30 29 31 28 27 29 26 25 27 24 23 25 22 21 23 20 19 21 18 17 19 16 15 17 14 13 15 12 11 13 10 9 11 8 7 9 6 5 7 4 3 5 2 1 3 0 1 2 1 3 4 3 5 6 5 7 8 7 9 10 9 11 12 11 13 14 13 15 16 15 17 18 17 19 20 19 21 22 21 23 24 23 25 26 25 27 28 27 29 30 29 31 32 31 33 34 33 35 36 35 37 34 33 35 32 31 33 30 29 31 28 27 29 26 25 27 24 23 25 22 21 23 20 19 21 18 17 19 16 15 17 14 13 15 12 11 13 10 9 11 8 7 9 6 5 7 4 3 5 2 1 3 20 19 21 22 21 23 32 31 33 30 29 31 28 27 29 26 25 27 24 23 25 22 21 23 20 19 21 18 17 19 16 15 17 14 13 15 12 11 13 10 9 11 8 7 9 6 5 7 4 3 5 8 7 9 12 11 13 10 9 11 20 19 21 18 17 19 16 15 17 14 13 15 30 29 31 28 27 29 26 25 27 24 23 25 22 21 23 20 19 21 18 17 19 16 15 17 14 13 15 12 11 13 10 9 11 8 7 9 6 5 7 8 7 9 24 23 25 22 21 23 20 19 21 18 17 19 26 25 27 24 23 25 22 21 23 20 19 21 18 17 19 16 15 17 14 13 15 12 11 13 10 9 11 16 15 17 18 17 19 28 27 29 26 25 27 24 23 25 22 21 23 20 19 21 18 17 19 16 15 17 14 13 15 12 11 13 10 9 11 8 7 9 14 13 15 12 11 13 16 15 17
[1.563436s] A=259 K=481 i=4.38613787e+08) 37 35 33 31 29 27 25 23 21 19 17 15 13 11 9 7 5 3 1 2 1 3 4 3 5 6 5 7 4 3 5 2 1 3 8 7 9 6 5 7 4 3 5 2 1 3 10 9 11 8 7 9 6 5 7 12 11 13 10 9 11 8 7 9 6 5 7 4 3 5 14 13 15 12 11 13 10 9 11 8 7 9 6 5 7 4 3 5 2 1 3 16 15 17 14 13 15 12 11 13 10 9 11 8 7 9 18 17 19 16 15 17 14 13 15 12 11 13 10 9 11 8 7 9 6 5 7 4 3 5 2 1 3 20 19 21 18 17 19 16 15 17 14 13 15 12 11 13 10 9 11 8 7 9 6 5 7 4 3 5 22 21 23 20 19 21 18 17 19 16 15 17 14 13 15 12 11 13 10 9 11 24 23 25 22 21 23 20 19 21 18 17 19 16 15 17 14 13 15 12 11 13 26 25 27 24 23 25 22 21 23 20 19 21 18 17 19 16 15 17 14 13 15 28 27 29 26 25 27 24 23 25 22 21 23 20 19 21 18 17 19 30 29 31 28 27 29 26 25 27 24 23 25 22 21 23 20 19 21 18 17 19 16 15 17 32 31 33 30 29 31 28 27 29 26 25 27 24 23 25 22 21 23 20 19 21 18 17 19 16 15 17 14 13 15 12 11 13 10 9 11 8 7 9 6 5 7 12 11 13 14 13 15 16 15 17 20 19 21 34 33 35 32 31 33 30 29 31 28 27 29 26 25 27 24 23 25 22 21 23 36 35 37 34 33 35 32 31 33 30 29 31 28 27 29 26 25 27 24 23 25 22 21 23 20 19 21 18 17 19 16 15 17 14 13 15 12 11 13 10 9 11 8 7 9 6 5 7 4 3 5 2 1 3 0 1 12 11 13 10 9 11 8 7 9 20 19 21 18 17 19 16 15 17 14 13 15 12 11 13 10 9 11 8 7 9 6 5 7 4 3 5 2 1 3 4 3 5 6 5 7 8 7 9 10 9 11 12 11 13 14 13 15 18 17 19 16 15 17 22 21 23 20 19 21 18 17 19 20 19 21 22 21 23 24 23 25 26 25 27 28 27 29 30 29 31 32 31 33 34 33 35 36 35 37 34 33 35 32 31 33 30 29 31 28 27 29 26 25 27 24 23 25 22 21 23 20 19 21 18 17 19 16 15 17 14 13 15 12 11 13 10 9 11 8 7 9 6 5 7 4 3 5 2 1 3 32 31 33 30 29 31 28 27 29 26 25 27 24 23 25 22 21 23 20 19 21 18 17 19 16 15 17 14 13 15 12 11 13 10 9 11 8 7 9 6 5 7 4 3 5 12 11 13 10 9 11 8 7 9 30 29 31 28 27 29 26 25 27 24 23 25 22 21 23 20 19 21 18 17 19 16 15 17 14 13 15 12 11 13 10 9 11 8 7 9 6 5 7 22 21 23 20 19 21 18 17 19 16 15 17 14 13 15 24 23 25 22 21 23 20 19 21 18 17 19 16 15 17 14 13 15 26 25 27 24 23 25 22 21 23 20 19 21 18 17 19 16 15 17 28 27 29 26 25 27 24 23 25 22 21 23 20 19 21 18 17 19 16 15 17 14 13 15 12 11 13 10 9 11 8 7 9 14 13 15 12 11 13 10 9 11 12 11 13 14 13 15 16 15 17
[1.563619s] A=259 K=481 i=4.38636801e+08) 37 35 33 31 29 27 25 23 21 19 17 15 13 11 9 7 5 3 1 2 1 3 4 3 5 6 5 7 4 3 5 2 1 3 8 7 9 6 5 7 4 3 5 2 1 3 10 9 11 8 7 9 6 5 7 12 11 13 10 9 11 8 7 9 6 5 7 4 3 5 14 13 15 12 11 13 10 9 11 8 7 9 6 5 7 4 3 5 2 1 3 16 15 17 14 13 15 12 11 13 10 9 11 8 7 9 18 17 19 16 15 17 14 13 15 12 11 13 10 9 11 8 7 9 6 5 7 4 3 5 2 1 3 20 19 21 18 17 19 16 15 17 14 13 15 12 11 13 10 9 11 8 7 9 6 5 7 4 3 5 22 21 23 20 19 21 18 17 19 16 15 17 14 13 15 12 11 13 10 9 11 24 23 25 22 21 23 20 19 21 18 17 19 16 15 17 14 13 15 12 11 13 26 25 27 24 23 25 22 21 23 20 19 21 18 17 19 16 15 17 14 13 15 28 27 29 26 25 27 24 23 25 22 21 23 20 19 21 18 17 19 30 29 31 28 27 29 26 25 27 24 23 25 22 21 23 20 19 21 18 17 19 16 15 17 32 31 33 30 29 31 28 27 29 26 25 27 24 23 25 22 21 23 20 19 21 18 17 19 16 15 17 14 13 15 12 11 13 10 9 11 8 7 9 6 5 7 12 11 13 14 13 15 16 15 17 34 33 35 32 31 33 30 29 31 28 27 29 26 25 27 24 23 25 22 21 23 20 19 21 18 17 19 16 15 17 14 13 15 12 11 13 10 9 11 8 7 9 6 5 7 4 3 5 12 11 13 10 9 11 8 7 9 22 21 23 20 19 21 36 35 37 34 33 35 32 31 33 30 29 31 28 27 29 26 25 27 24 23 25 22 21 23 20 19 21 18 17 19 16 15 17 14 13 15 12 11 13 10 9 11 8 7 9 6 5 7 4 3 5 2 1 3 0 1 2 1 3 4 3 5 6 5 7 8 7 9 10 9 11 12 11 13 14 13 15 18 17 19 16 15 17 20 19 21 18 17 19 20 19 21 22 21 23 24 23 25 26 25 27 28 27 29 30 29 31 32 31 33 34 33 35 36 35 37 34 33 35 32 31 33 30 29 31 28 27 29 26 25 27 24 23 25 22 21 23 20 19 21 18 17 19 16 15 17 14 13 15 12 11 13 10 9 11 8 7 9 6 5 7 4 3 5 2 1 3 32 31 33 30 29 31 28 27 29 26 25 27 24 23 25 22 21 23 20 19 21 18 17 19 16 15 17 14 13 15 12 11 13 10 9 11 8 7 9 6 5 7 4 3 5 8 7 9 12 11 13 10 9 11 30 29 31 28 27 29 26 25 27 24 23 25 22 21 23 20 19 21 18 17 19 16 15 17 14 13 15 12 11 13 10 9 11 8 7 9 6 5 7 8 7 9 10 9 11 22 21 23 20 19 21 18 17 19 16 15 17 14 13 15 24 23 25 22 21 23 20 19 21 18 17 19 16 15 17 14 13 15 12 11 13 26 25 27 24 23 25 22 21 23 20 19 21 18 17 19 16 15 17 14 13 15 12 11 13 10 9 11 28 27 29 26 25 27 24 23 25 22 21 23 20 19 21 18 17 19 16 15 17 14 13 15 12 11 13 10 9 11 8 7 9
[1.568358s] A=259 K=481 i=4.3962478e+08) 37 35 33 31 29 27 25 23 21 19 17 15 13 11 9 7 5 3 1 2 1 3 4 3 5 6 5 7 4 3 5 2 1 3 8 7 9 6 5 7 4 3 5 2 1 3 10 9 11 8 7 9 6 5 7 12 11 13 10 9 11 8 7 9 6 5 7 4 3 5 14 13 15 12 11 13 10 9 11 8 7 9 6 5 7 4 3 5 2 1 3 16 15 17 14 13 15 12 11 13 10 9 11 8 7 9 18 17 19 16 15 17 14 13 15 12 11 13 10 9 11 8 7 9 6 5 7 4 3 5 2 1 3 20 19 21 18 17 19 16 15 17 14 13 15 12 11 13 10 9 11 8 7 9 6 5 7 4 3 5 22 21 23 20 19 21 18 17 19 16 15 17 14 13 15 12 11 13 10 9 11 24 23 25 22 21 23 20 19 21 18 17 19 16 15 17 14 13 15 12 11 13 26 25 27 24 23 25 22 21 23 20 19 21 18 17 19 16 15 17 14 13 15 28 27 29 26 25 27 24 23 25 22 21 23 20 19 21 18 17 19 30 29 31 28 27 29 26 25 27 24 23 25 22 21 23 20 19 21 18 17 19 16 15 17 32 31 33 30 29 31 28 27 29 26 25 27 24 23 25 22 21 23 20 19 21 18 17 19 16 15 17 14 13 15 12 11 13 10 9 11 8 7 9 6 5 7 14 13 15 12 11 13 10 9 11 8 7 9 16 15 17 20 19 21 18 17 19 34 33 35 32 31 33 30 29 31 28 27 29 26 25 27 24 23 25 22 21 23 20 19 21 18 17 19 16 15 17 14 13 15 12 11 13 10 9 11 8 7 9 6 5 7 4 3 5 36 35 37 34 33 35 32 31 33 30 29 31 28 27 29 26 25 27 24 23 25 22 21 23 20 19 21 18 17 19 16 15 17 14 13 15 12 11 13 10 9 11 8 7 9 6 5 7 4 3 5 2 1 3 0 1 2 1 3 4 3 5 6 5 7 8 7 9 10 9 11 12 11 13 14 13 15 16 15 17 18 17 19 20 19 21 22 21 23 24 23 25 26 25 27 28 27 29 30 29 31 32 31 33 34 33 35 36 35 37 34 33 35 32 31 33 30 29 31 28 27 29 26 25 27 24 23 25 22 21 23 20 19 21 18 17 19 16 15 17 14 13 15 12 11 13 10 9 11 8 7 9 6 5 7 4 3 5 2 1 3 12 11 13 10 9 11 22 21 23 20 19 21 18 17 19 16 15 17 14 13 15 32 31 33 30 29 31 28 27 29 26 25 27 24 23 25 22 21 23 20 19 21 18 17 19 16 15 17 14 13 15 12 11 13 10 9 11 8 7 9 6 5 7 4 3 5 8 7 9 10 9 11 24 23 25 22 21 23 20 19 21 18 17 19 26 25 27 24 23 25 22 21 23 20 19 21 30 29 31 28 27 29 26 25 27 24 23 25 22 21 23 20 19 21 18 17 19 16 15 17 14 13 15 12 11 13 10 9 11 8 7 9 6 5 7 16 15 17 14 13 15 18 17 19 16 15 17 20 19 21 18 17 19 28 27 29 26 25 27 24 23 25 22 21 23 20 19 21 18 17 19 16 15 17 14 13 15 12 11 13 10 9 11 8 7 9 14 13 15 12 11 13 10 9 11 12 11 13 14 13 15 16 15 17
[1.585325s] A=259 K=481 i=4.45335349e+08) 37 35 33 31 29 27 25 23 21 19 17 15 13 11 9 7 5 3 1 2 1 3 4 3 5 6 5 7 4 3 5 2 1 3 8 7 9 6 5 7 4 3 5 2 1 3 10 9 11 8 7 9 6 5 7 12 11 13 10 9 11 8 7 9 6 5 7 4 3 5 14 13 15 12 11 13 10 9 11 8 7 9 6 5 7 4 3 5 2 1 3 16 15 17 14 13 15 12 11 13 10 9 11 8 7 9 18 17 19 16 15 17 14 13 15 12 11 13 10 9 11 8 7 9 6 5 7 4 3 5 2 1 3 20 19 21 18 17 19 16 15 17 14 13 15 12 11 13 10 9 11 8 7 9 6 5 7 4 3 5 22 21 23 20 19 21 18 17 19 16 15 17 14 13 15 12 11 13 10 9 11 24 23 25 22 21 23 20 19 21 18 17 19 16 15 17 14 13 15 12 11 13 26 25 27 24 23 25 22 21 23 20 19 21 18 17 19 16 15 17 14 13 15 28 27 29 26 25 27 24 23 25 22 21 23 20 19 21 18 17 19 30 29 31 28 27 29 26 25 27 24 23 25 22 21 23 20 19 21 32 31 33 30 29 31 28 27 29 26 25 27 24 23 25 22 21 23 20 19 21 18 17 19 16 15 17 14 13 15 12 11 13 10 9 11 8 7 9 6 5 7 12 11 13 18 17 19 16 15 17 14 13 15 16 15 17 20 19 21 18 17 19 34 33 35 32 31 33 30 29 31 28 27 29 26 25 27 24 23 25 22 21 23 20 19 21 18 17 19 16 15 17 14 13 15 12 11 13 10 9 11 8 7 9 6 5 7 4 3 5 12 11 13 10 9 11 8 7 9 36 35 37 34 33 35 32 31 33 30 29 31 28 27 29 26 25 27 24 23 25 22 21 23 20 19 21 18 17 19 16 15 17 14 13 15 12 11 13 10 9 11 8 7 9 6 5 7 4 3 5 2 1 3 0 1 2 1 3 4 3 5 6 5 7 8 7 9 10 9 11 12 11 13 14 13 15 16 15 17 18 17 19 20 19 21 22 21 23 24 23 25 26 25 27 28 27 29 30 29 31 32 31 33 34 33 35 36 35 37 34 33 35 32 31 33 30 29 31 28 27 29 26 25 27 24 23 25 22 21 23 20 19 21 18 17 19 16 15 17 14 13 15 12 11 13 10 9 11 8 7 9 6 5 7 4 3 5 2 1 3 32 31 33 30 29 31 28 27 29 26 25 27 24 23 25 22 21 23 20 19 21 18 17 19 16 15 17 14 13 15 12 11 13 10 9 11 8 7 9 6 5 7 4 3 5 8 7 9 12 11 13 10 9 11 22 21 23 20 19 21 18 17 19 16 15 17 14 13 15 24 23 25 22 21 23 20 19 21 18 17 19 30 29 31 28 27 29 26 25 27 24 23 25 22 21 23 20 19 21 18 17 19 16 15 17 14 13 15 12 11 13 10 9 11 8 7 9 6 5 7 8 7 9 26 25 27 24 23 25 22 21 23 20 19 21 18 17 19 16 15 17 14 13 15 12 11 13 10 9 11 16 15 17 20 19 21 18 17 19 28 27 29 26 25 27 24 23 25 22 21 23 20 19 21 18 17 19 16 15 17 14 13 15 12 11 13 10 9 11 8 7 9 14 13 15 12 11 13 16 15 17
[1.586070s] A=259 K=481 i=4.45464832e+08) 37 35 33 31 29 27 25 23 21 19 17 15 13 11 9 7 5 3 1 2 1 3 4 3 5 6 5 7 4 3 5 2 1 3 8 7 9 6 5 7 4 3 5 2 1 3 10 9 11 8 7 9 6 5 7 12 11 13 10 9 11 8 7 9 6 5 7 4 3 5 14 13 15 12 11 13 10 9 11 8 7 9 6 5 7 4 3 5 2 1 3 16 15 17 14 13 15 12 11 13 10 9 11 8 7 9 18 17 19 16 15 17 14 13 15 12 11 13 10 9 11 8 7 9 6 5 7 4 3 5 2 1 3 20 19 21 18 17 19 16 15 17 14 13 15 12 11 13 10 9 11 8 7 9 6 5 7 4 3 5 22 21 23 20 19 21 18 17 19 16 15 17 14 13 15 12 11 13 10 9 11 24 23 25 22 21 23 20 19 21 18 17 19 16 15 17 14 13 15 12 11 13 26 25 27 24 23 25 22 21 23 20 19 21 18 17 19 16 15 17 14 13 15 28 27 29 26 25 27 24 23 25 22 21 23 20 19 21 18 17 19 30 29 31 28 27 29 26 25 27 24 23 25 22 21 23 20 19 21 32 31 33 30 29 31 28 27 29 26 25 27 24 23 25 22 21 23 20 19 21 18 17 19 16 15 17 14 13 15 12 11 13 10 9 11 8 7 9 6 5 7 12 11 13 18 17 19 16 15 17 14 13 15 16 15 17 20 19 21 34 33 35 32 31 33 30 29 31 28 27 29 26 25 27 24 23 25 22 21 23 20 19 21 18 17 19 36 35 37 34 33 35 32 31 33 30 29 31 28 27 29 26 25 27 24 23 25 22 21 23 20 19 21 18 17 19 16 15 17 14 13 15 12 11 13 10 9 11 8 7 9 6 5 7 4 3 5 2 1 3 0 1 12 11 13 10 9 11 8 7 9 16 15 17 14 13 15 12 11 13 10 9 11 8 7 9 6 5 7 4 3 5 2 1 3 4 3 5 6 5 7 8 7 9 10 9 11 12 11 13 14 13 15 18 17 19 16 15 17 22 21 23 20 19 21 18 17 19 20 19 21 22 21 23 24 23 25 26 25 27 28 27 29 30 29 31 32 31 33 34 33 35 36 35 37 34 33 35 32 31 33 30 29 31 28 27 29 26 25 27 24 23 25 22 21 23 20 19 21 18 17 19 16 15 17 14 13 15 12 11 13 10 9 11 8 7 9 6 5 7 4 3 5 2 1 3 32 31 33 30 29 31 28 27 29 26 25 27 24 23 25 22 21 23 20 19 21 18 17 19 16 15 17 14 13 15 12 11 13 10 9 11 8 7 9 6 5 7 4 3 5 12 11 13 10 9 11 8 7 9 30 29 31 28 27 29 26 25 27 24 23 25 22 21 23 20 19 21 18 17 19 16 15 17 14 13 15 12 11 13 10 9 11 8 7 9 6 5 7 22 21 23 20 19 21 18 17 19 16 15 17 14 13 15 24 23 25 22 21 23 20 19 21 18 17 19 16 15 17 14 13 15 26 25 27 24 23 25 22 21 23 20 19 21 18 17 19 16 15 17 28 27 29 26 25 27 24 23 25 22 21 23 20 19 21 18 17 19 16 15 17 14 13 15 12 11 13 10 9 11 8 7 9 14 13 15 12 11 13 10 9 11 12 11 13 14 13 15 16 15 17
[1.589100s] A=259 K=481 i=4.46171378e+08) 37 35 33 31 29 27 25 23 21 19 17 15 13 11 9 7 5 3 1 2 1 3 4 3 5 6 5 7 4 3 5 2 1 3 8 7 9 6 5 7 4 3 5 2 1 3 10 9 11 8 7 9 6 5 7 12 11 13 10 9 11 8 7 9 6 5 7 4 3 5 14 13 15 12 11 13 10 9 11 8 7 9 6 5 7 4 3 5 2 1 3 16 15 17 14 13 15 12 11 13 10 9 11 8 7 9 18 17 19 16 15 17 14 13 15 12 11 13 10 9 11 8 7 9 6 5 7 4 3 5 2 1 3 20 19 21 18 17 19 16 15 17 14 13 15 12 11 13 10 9 11 8 7 9 6 5 7 4 3 5 22 21 23 20 19 21 18 17 19 16 15 17 14 13 15 12 11 13 10 9 11 24 23 25 22 21 23 20 19 21 18 17 19 16 15 17 14 13 15 12 11 13 26 25 27 24 23 25 22 21 23 20 19 21 18 17 19 16 15 17 14 13 15 28 27 29 26 25 27 24 23 25 22 21 23 20 19 21 18 17 19 30 29 31 28 27 29 26 25 27 24 23 25 22 21 23 20 19 21 32 31 33 30 29 31 28 27 29 26 25 27 24 23 25 22 21 23 20 19 21 18 17 19 16 15 17 14 13 15 12 11 13 10 9 11 8 7 9 6 5 7 18 17 19 16 15 17 14 13 15 12 11 13 10 9 11 8 7 9 16 15 17 20 19 21 18 17 19 34 33 35 32 31 33 30 29 31 28 27 29 26 25 27 24 23 25 22 21 23 20 19 21 18 17 19 16 15 17 14 13 15 12 11 13 10 9 11 8 7 9 6 5 7 4 3 5 36 35 37 34 33 35 32 31 33 30 29 31 28 27 29 26 25 27 24 23 25 22 21 23 20 19 21 18 17 19 16 15 17 14 13 15 12 11 13 10 9 11 8 7 9 6 5 7 4 3 5 2 1 3 0 1 2 1 3 4 3 5 6 5 7 8 7 9 10 9 11 12 11 13 14 13 15 16 15 17 18 17 19 20 19 21 22 21 23 24 23 25 26 25 27 28 27 29 30 29 31 32 31 33 34 33 35 36 35 37 34 33 35 32 31 33 30 29 31 28 27 29 26 25 27 24 23 25 22 21 23 20 19 21 18 17 19 16 15 17 14 13 15 12 11 13 10 9 11 8 7 9 6 5 7 4 3 5 2 1 3 12 11 13 10 9 11 32 31 33 30 29 31 28 27 29 26 25 27 24 23 25 22 21 23 20 19 21 18 17 19 16 15 17 14 13 15 12 11 13 10 9 11 8 7 9 6 5 7 4 3 5 8 7 9 10 9 11 22 21 23 20 19 21 18 17 19 16 15 17 14 13 15 24 23 25 22 21 23 20 19 21 18 17 19 16 15 17 26 25 27 24 23 25 22 21 23 20 19 21 18 17 19 30 29 31 28 27 29 26 25 27 24 23 25 22 21 23 20 19 21 18 17 19 16 15 17 14 13 15 12 11 13 10 9 11 8 7 9 6 5 7 14 13 15 16 15 17 28 27 29 26 25 27 24 23 25 22 21 23 20 19 21 18 17 19 16 15 17 14 13 15 12 11 13 10 9 11 8 7 9 14 13 15 12 11 13 10 9 11 12 11 13 14 13 15 20 19 21 18 17 19 16 15 17
[1.589657s] A=259 K=481 i=4.46370273e+08) 37 35 33 31 29 27 25 23 21 19 17 15 13 11 9 7 5 3 1 2 1 3 4 3 5 6 5 7 4 3 5 2 1 3 8 7 9 6 5 7 4 3 5 2 1 3 10 9 11 8 7 9 6 5 7 12 11 13 10 9 11 8 7 9 6 5 7 4 3 5 14 13 15 12 11 13 10 9 11 8 7 9 6 5 7 4 3 5 2 1 3 16 15 17 14 13 15 12 11 13 10 9 11 8 7 9 18 17 19 16 15 17 14 13 15 12 11 13 10 9 11 8 7 9 6 5 7 4 3 5 2 1 3 20 19 21 18 17 19 16 15 17 14 13 15 12 11 13 10 9 11 8 7 9 6 5 7 4 3 5 22 21 23 20 19 21 18 17 19 16 15 17 14 13 15 12 11 13 10 9 11 24 23 25 22 21 23 20 19 21 18 17 19 16 15 17 14 13 15 12 11 13 26 25 27 24 23 25 22 21 23 20 19 21 18 17 19 16 15 17 14 13 15 28 27 29 26 25 27 24 23 25 22 21 23 20 19 21 18 17 19 30 29 31 28 27 29 26 25 27 24 23 25 22 21 23 20 19 21 32 31 33 30 29 31 28 27 29 26 25 27 24 23 25 22 21 23 20 19 21 18 17 19 16 15 17 14 13 15 12 11 13 10 9 11 8 7 9 6 5 7 18 17 19 16 15 17 14 13 15 12 11 13 10 9 11 8 7 9 20 19 21 34 33 35 32 31 33 30 29 31 28 27 29 26 25 27 24 23 25 22 21 23 20 19 21 18 17 19 16 15 17 14 13 15 12 11 13 10 9 11 8 7 9 6 5 7 4 3 5 16 15 17 18 17 19 20 19 21 36 35 37 34 33 35 32 31 33 30 29 31 28 27 29 26 25 27 24 23 25 22 21 23 20 19 21 18 17 19 16 15 17 14 13 15 12 11 13 10 9 11 8 7 9 6 5 7 4 3 5 2 1 3 0 1 2 1 3 4 3 5 6 5 7 8 7 9 10 9 11 12 11 13 14 13 15 16 15 17 18 17 19 20 19 21 22 21 23 24 23 25 26 25 27 28 27 29 30 29 31 32 31 33 34 33 35 36 35 37 34 33 35 32 31 33 30 29 31 28 27 29 26 25 27 24 23 25 22 21 23 20 19 21 18 17 19 16 15 17 14 13 15 12 11 13 10 9 11 8 7 9 6 5 7 4 3 5 2 1 3 12 11 13 10 9 11 32 31 33 30 29 31 28 27 29 26 25 27 24 23 25 22 21 23 20 19 21 18 17 19 16 15 17 14 13 15 12 11 13 10 9 11 8 7 9 6 5 7 4 3 5 8 7 9 10 9 11 20 19 21 24 23 25 22 21 23 30 29 31 28 27 29 26 25 27 24 23 25 22 21 23 20 19 21 18 17 19 16 15 17 14 13 15 12 11 13 10 9 11 8 7 9 6 5 7 20 19 21 18 17 19 16 15 17 14 13 15 22 21 23 20 19 21 18 17 19 16 15 17 26 25 27 24 23 25 22 21 23 20 19 21 18 17 19 28 27 29 26 25 27 24 23 25 22 21 23 20 19 21 18 17 19 16 15 17 14 13 15 12 11 13 10 9 11 8 7 9 16 15 17 14 13 15 12 11 13 10 9 11 12 11 13 14 13 15 18 17 19 16 15 17
[1.589709s] A=259 K=481 i=4.46375342e+08) 37 35 33 31 29 27 25 23 21 19 17 15 13 11 9 7 5 3 1 2 1 3 4 3 5 6 5 7 4 3 5 2 1 3 8 7 9 6 5 7 4 3 5 2 1 3 10 9 11 8 7 9 6 5 7 12 11 13 10 9 11 8 7 9 6 5 7 4 3 5 14 13 15 12 11 13 10 9 11 8 7 9 6 5 7 4 3 5 2 1 3 16 15 17 14 13 15 12 11 13 10 9 11 8 7 9 18 17 19 16 15 17 14 13 15 12 11 13 10 9 11 8 7 9 6 5 7 4 3 5 2 1 3 20 19 21 18 17 19 16 15 17 14 13 15 12 11 13 10 9 11 8 7 9 6 5 7 4 3 5 22 21 23 20 19 21 18 17 19 16 15 17 14 13 15 12 11 13 10 9 11 24 23 25 22 21 23 20 19 21 18 17 19 16 15 17 14 13 15 12 11 13 26 25 27 24 23 25 22 21 23 20 19 21 18 17 19 16 15 17 14 13 15 28 27 29 26 25 27 24 23 25 22 21 23 20 19 21 18 17 19 30 29 31 28 27 29 26 25 27 24 23 25 22 21 23 20 19 21 32 31 33 30 29 31 28 27 29 26 25 27 24 23 25 22 21 23 20 19 21 18 17 19 16 15 17 14 13 15 12 11 13 10 9 11 8 7 9 6 5 7 18 17 19 16 15 17 14 13 15 12 11 13 10 9 11 8 7 9 20 19 21 34 33 35 32 31 33 30 29 31 28 27 29 26 25 27 24 23 25 22 21 23 20 19 21 18 17 19 16 15 17 14 13 15 12 11 13 10 9 11 8 7 9 6 5 7 4 3 5 16 15 17 18 17 19 36 35 37 34 33 35 32 31 33 30 29 31 28 27 29 26 25 27 24 23 25 22 21 23 20 19 21 18 17 19 16 15 17 14 13 15 12 11 13 10 9 11 8 7 9 6 5 7 4 3 5 2 1 3 0 1 2 1 3 4 3 5 6 5 7 8 7 9 10 9 11 12 11 13 14 13 15 16 15 17 22 21 23 20 19 21 18 17 19 20 19 21 22 21 23 24 23 25 26 25 27 28 27 29 30 29 31 32 31 33 34 33 35 36 35 37 34 33 35 32 31 33 30 29 31 28 27 29 26 25 27 24 23 25 22 21 23 20 19 21 18 17 19 16 15 17 14 13 15 12 11 13 10 9 11 8 7 9 6 5 7 4 3 5 2 1 3 12 11 13 10 9 11 32 31 33 30 29 31 28 27 29 26 25 27 24 23 25 22 21 23 20 19 21 18 17 19 16 15 17 14 13 15 12 11 13 10 9 11 8 7 9 6 5 7 4 3 5 8 7 9 10 9 11 30 29 31 28 27 29 26 25 27 24 23 25 22 21 23 20 19 21 18 17 19 16 15 17 14 13 15 12 11 13 10 9 11 8 7 9 6 5 7 22 21 23 20 19 21 18 17 19 16 15 17 14 13 15 24 23 25 22 21 23 20 19 21 18 17 19 16 15 17 14 13 15 26 25 27 24 23 25 22 21 23 20 19 21 18 17 19 16 15 17 28 27 29 26 25 27 24 23 25 22 21 23 20 19 21 18 17 19 16 15 17 14 13 15 12 11 13 10 9 11 8 7 9 14 13 15 12 11 13 10 9 11 12 11 13 14 13 15 16 15 17
[2.314487s] A=259 K=481 i=6.75103843e+08) 37 35 33 31 29 27 25 23 21 19 17 15 13 11 9 7 5 3 1 2 1 3 4 3 5 6 5 7 4 3 5 2 1 3 8 7 9 6 5 7 4 3 5 2 1 3 10 9 11 8 7 9 6 5 7 12 11 13 10 9 11 8 7 9 6 5 7 4 3 5 14 13 15 12 11 13 10 9 11 8 7 9 6 5 7 4 3 5 2 1 3 16 15 17 14 13 15 12 11 13 10 9 11 8 7 9 18 17 19 16 15 17 14 13 15 12 11 13 10 9 11 8 7 9 6 5 7 4 3 5 2 1 3 20 19 21 18 17 19 16 15 17 14 13 15 12 11 13 10 9 11 8 7 9 6 5 7 4 3 5 22 21 23 20 19 21 18 17 19 16 15 17 14 13 15 12 11 13 10 9 11 24 23 25 22 21 23 20 19 21 18 17 19 16 15 17 14 13 15 12 11 13 26 25 27 24 23 25 22 21 23 20 19 21 18 17 19 16 15 17 28 27 29 26 25 27 24 23 25 22 21 23 20 19 21 30 29 31 28 27 29 26 25 27 24 23 25 22 21 23 20 19 21 18 17 19 16 15 17 14 13 15 12 11 13 10 9 11 8 7 9 6 5 7 32 31 33 30 29 31 28 27 29 26 25 27 24 23 25 22 21 23 20 19 21 18 17 19 16 15 17 14 13 15 12 11 13 10 9 11 8 7 9 6 5 7 14 13 15 18 17 19 16 15 17 22 21 23 20 19 21 34 33 35 32 31 33 30 29 31 28 27 29 26 25 27 24 23 25 22 21 23 20 19 21 18 17 19 16 15 17 14 13 15 12 11 13 10 9 11 8 7 9 36 35 37 34 33 35 32 31 33 30 29 31 28 27 29 26 25 27 24 23 25 22 21 23 20 19 21 18 17 19 16 15 17 14 13 15 12 11 13 10 9 11 8 7 9 6 5 7 4 3 5 2 1 3 0 1 6 5 7 4 3 5 2 1 3 4 3 5 6 5 7 8 7 9 10 9 11 12 11 13 14 13 15 16 15 17 18 17 19 16 15 17 20 19 21 18 17 19 22 21 23 24 23 25 22 21 23 20 19 21 26 25 27 28 27 29 30 29 31 32 31 33 34 33 35 36 35 37 34 33 35 32 31 33 30 29 31 28 27 29 26 25 27 24 23 25 22 21 23 20 19 21 18 17 19 16 15 17 14 13 15 12 11 13 10 9 11 8 7 9 6 5 7 4 3 5 2 1 3 32 31 33 30 29 31 28 27 29 26 25 27 24 23 25 22 21 23 20 19 21 18 17 19 16 15 17 14 13 15 12 11 13 10 9 11 8 7 9 6 5 7 4 3 5 12 11 13 10 9 11 18 17 19 16 15 17 14 13 15 30 29 31 28 27 29 26 25 27 24 23 25 22 21 23 20 19 21 18 17 19 16 15 17 14 13 15 12 11 13 10 9 11 8 7 9 6 5 7 8 7 9 10 9 11 28 27 29 26 25 27 24 23 25 22 21 23 20 19 21 18 17 19 16 15 17 14 13 15 12 11 13 10 9 11 8 7 9 24 23 25 22 21 23 20 19 21 26 25 27 24 23 25 22 21 23 20 19 21 18 17 19 16 15 17 14 13 15 12 11 13 10 9 11 18 17 19 16 15 17 14 13 15 12 11 13 20 19 21
[2.334693s] A=259 K=481 i=6.81178854e+08) 37 35 33 31 29 27 25 23 21 19 17 15 13 11 9 7 5 3 1 2 1 3 4 3 5 6 5 7 4 3 5 2 1 3 8 7 9 6 5 7 4 3 5 2 1 3 10 9 11 8 7 9 6 5 7 12 11 13 10 9 11 8 7 9 6 5 7 4 3 5 14 13 15 12 11 13 10 9 11 8 7 9 6 5 7 4 3 5 2 1 3 16 15 17 14 13 15 12 11 13 10 9 11 8 7 9 18 17 19 16 15 17 14 13 15 12 11 13 10 9 11 8 7 9 6 5 7 4 3 5 2 1 3 20 19 21 18 17 19 16 15 17 14 13 15 12 11 13 10 9 11 8 7 9 6 5 7 4 3 5 22 21 23 20 19 21 18 17 19 16 15 17 14 13 15 12 11 13 10 9 11 24 23 25 22 21 23 20 19 21 18 17 19 16 15 17 14 13 15 12 11 13 26 25 27 24 23 25 22 21 23 20 19 21 18 17 19 16 15 17 28 27 29 26 25 27 24 23 25 22 21 23 20 19 21 30 29 31 28 27 29 26 25 27 24 23 25 22 21 23 20 19 21 18 17 19 32 31 33 30 29 31 28 27 29 26 25 27 24 23 25 22 21 23 20 19 21 18 17 19 16 15 17 14 13 15 12 11 13 10 9 11 8 7 9 6 5 7 16 15 17 14 13 15 12 11 13 10 9 11 8 7 9 14 13 15 18 17 19 16 15 17 22 21 23 20 19 21 18 17 19 34 33 35 32 31 33 30 29 31 28 27 29 26 25 27 24 23 25 22 21 23 20 19 21 18 17 19 16 15 17 14 13 15 12 11 13 10 9 11 36 35 37 34 33 35 32 31 33 30 29 31 28 27 29 26 25 27 24 23 25 22 21 23 20 19 21 18 17 19 16 15 17 14 13 15 12 11 13 10 9 11 8 7 9 6 5 7 4 3 5 2 1 3 0 1 8 7 9 6 5 7 4 3 5 2 1 3 4 3 5 6 5 7 10 9 11 8 7 9 10 9 11 12 11 13 14 13 15 16 15 17 18 17 19 20 19 21 22 21 23 24 23 25 26 25 27 28 27 29 30 29 31 32 31 33 34 33 35 36 35 37 34 33 35 32 31 33 30 29 31 28 27 29 26 25 27 24 23 25 22 21 23 20 19 21 18 17 19 16 15 17 14 13 15 12 11 13 10 9 11 8 7 9 6 5 7 4 3 5 2 1 3 18 17 19 20 19 21 22 21 23 32 31 33 30 29 31 28 27 29 26 25 27 24 23 25 22 21 23 20 19 21 18 17 19 16 15 17 14 13 15 12 11 13 10 9 11 8 7 9 6 5 7 4 3 5 12 11 13 10 9 11 30 29 31 28 27 29 26 25 27 24 23 25 22 21 23 20 19 21 18 17 19 16 15 17 14 13 15 12 11 13 10 9 11 8 7 9 6 5 7 8 7 9 10 9 11 20 19 21 18 17 19 16 15 17 14 13 15 28 27 29 26 25 27 24 23 25 22 21 23 20 19 21 18 17 19 16 15 17 14 13 15 12 11 13 10 9 11 8 7 9 24 23 25 22 21 23 20 19 21 18 17 19 16 15 17 14 13 15 12 11 13 26 25 27 24 23 25 22 21 23 20 19 21 18 17 19 16 15 17 14 13 15 12 11 13 10 9 11
[4.769548s] A=259 K=481 i=1.345648857e+09) 37 35 33 31 29 27 25 23 21 19 17 15 13 11 9 7 5 3 1 2 1 3 4 3 5 6 5 7 4 3 5 2 1 3 8 7 9 6 5 7 4 3 5 2 1 3 10 9 11 8 7 9 6 5 7 12 11 13 10 9 11 8 7 9 6 5 7 4 3 5 14 13 15 12 11 13 10 9 11 8 7 9 6 5 7 4 3 5 2 1 3 16 15 17 14 13 15 12 11 13 10 9 11 8 7 9 18 17 19 16 15 17 14 13 15 12 11 13 10 9 11 8 7 9 6 5 7 4 3 5 2 1 3 20 19 21 18 17 19 16 15 17 14 13 15 12 11 13 10 9 11 8 7 9 6 5 7 4 3 5 22 21 23 20 19 21 18 17 19 16 15 17 14 13 15 12 11 13 10 9 11 24 23 25 22 21 23 20 19 21 18 17 19 16 15 17 14 13 15 26 25 27 24 23 25 22 21 23 20 19 21 18 17 19 16 15 17 14 13 15 12 11 13 10 9 11 28 27 29 26 25 27 24 23 25 22 21 23 20 19 21 18 17 19 16 15 17 14 13 15 12 11 13 30 29 31 28 27 29 26 25 27 24 23 25 22 21 23 20 19 21 32 31 33 30 29 31 28 27 29 26 25 27 24 23 25 22 21 23 20 19 21 18 17 19 16 15 17 14 13 15 12 11 13 10 9 11 8 7 9 6 5 7 10 9 11 18 17 19 16 15 17 14 13 15 12 11 13 20 19 21 34 33 35 32 31 33 30 29 31 28 27 29 26 25 27 24 23 25 22 21 23 36 35 37 34 33 35 32 31 33 30 29 31 28 27 29 26 25 27 24 23 25 22 21 23 20 19 21 18 17 19 16 15 17 14 13 15 12 11 13 10 9 11 8 7 9 6 5 7 4 3 5 2 1 3 0 1 2 1 3 4 3 5 10 9 11 8 7 9 6 5 7 8 7 9 10 9 11 12 11 13 20 19 21 18 17 19 16 15 17 14 13 15 12 11 13 10 9 11 8 7 9 6 5 7 4 3 5 2 1 3 16 15 17 18 17 19 22 21 23 20 19 21 22 21 23 24 23 25 26 25 27 28 27 29 30 29 31 32 31 33 34 33 35 36 35 37 34 33 35 32 31 33 30 29 31 28 27 29 26 25 27 24 23 25 22 21 23 20 19 21 18 17 19 16 15 17 14 13 15 12 11 13 10 9 11 8 7 9 6 5 7 4 3 5 2 1 3 32 31 33 30 29 31 28 27 29 26 25 27 24 23 25 22 21 23 20 19 21 18 17 19 16 15 17 14 13 15 12 11 13 10 9 11 8 7 9 6 5 7 4 3 5 18 17 19 16 15 17 22 21 23 24 23 25 30 29 31 28 27 29 26 25 27 24 23 25 22 21 23 20 19 21 18 17 19 16 15 17 14 13 15 12 11 13 10 9 11 8 7 9 6 5 7 22 21 23 20 19 21 28 27 29 26 25 27 24 23 25 22 21 23 20 19 21 18 17 19 16 15 17 14 13 15 12 11 13 10 9 11 8 7 9 26 25 27 24 23 25 22 21 23 20 19 21 18 17 19 16 15 17 14 13 15 12 11 13 10 9 11 18 17 19 16 15 17 14 13 15 12 11 13 20 19 21 18 17 19 16 15 17 14 13 15 22 21 23 20 19 21
[5.038243s] A=259 K=481 i=1.426085508e+09) 37 35 33 31 29 27 25 23 21 19 17 15 13 11 9 7 5 3 1 2 1 3 4 3 5 6 5 7 4 3 5 2 1 3 8 7 9 6 5 7 4 3 5 2 1 3 10 9 11 8 7 9 6 5 7 12 11 13 10 9 11 8 7 9 6 5 7 4 3 5 14 13 15 12 11 13 10 9 11 8 7 9 6 5 7 4 3 5 2 1 3 16 15 17 14 13 15 12 11 13 10 9 11 8 7 9 18 17 19 16 15 17 14 13 15 12 11 13 10 9 11 8 7 9 6 5 7 4 3 5 2 1 3 20 19 21 18 17 19 16 15 17 14 13 15 12 11 13 10 9 11 8 7 9 6 5 7 4 3 5 22 21 23 20 19 21 18 17 19 16 15 17 14 13 15 12 11 13 10 9 11 24 23 25 22 21 23 20 19 21 18 17 19 16 15 17 14 13 15 26 25 27 24 23 25 22 21 23 20 19 21 18 17 19 16 15 17 14 13 15 12 11 13 28 27 29 26 25 27 24 23 25 22 21 23 20 19 21 18 17 19 16 15 17 30 29 31 28 27 29 26 25 27 24 23 25 22 21 23 20 19 21 18 17 19 32 31 33 30 29 31 28 27 29 26 25 27 24 23 25 22 21 23 20 19 21 18 17 19 16 15 17 14 13 15 12 11 13 10 9 11 8 7 9 6 5 7 16 15 17 14 13 15 12 11 13 10 9 11 8 7 9 18 17 19 34 33 35 32 31 33 30 29 31 28 27 29 26 25 27 36 35 37 34 33 35 32 31 33 30 29 31 28 27 29 26 25 27 24 23 25 22 21 23 20 19 21 18 17 19 16 15 17 14 13 15 12 11 13 10 9 11 8 7 9 6 5 7 4 3 5 2 1 3 0 1 2 1 3 4 3 5 6 5 7 8 7 9 10 9 11 12 11 13 14 13 15 16 15 17 18 17 19 20 19 21 22 21 23 24 23 25 22 21 23 20 19 21 18 17 19 16 15 17 14 13 15 12 11 13 10 9 11 8 7 9 6 5 7 4 3 5 2 1 3 26 25 27 28 27 29 26 25 27 24 23 25 30 29 31 32 31 33 34 33 35 36 35 37 34 33 35 32 31 33 30 29 31 28 27 29 26 25 27 24 23 25 22 21 23 20 19 21 18 17 19 16 15 17 14 13 15 12 11 13 10 9 11 8 7 9 6 5 7 4 3 5 2 1 3 12 11 13 10 9 11 8 7 9 20 19 21 18 17 19 16 15 17 22 21 23 20 19 21 18 17 19 24 23 25 22 21 23 32 31 33 30 29 31 28 27 29 26 25 27 24 23 25 22 21 23 20 19 21 18 17 19 16 15 17 14 13 15 12 11 13 10 9 11 8 7 9 6 5 7 4 3 5 16 15 17 14 13 15 30 29 31 28 27 29 26 25 27 24 23 25 22 21 23 20 19 21 18 17 19 16 15 17 14 13 15 12 11 13 10 9 11 8 7 9 6 5 7 20 19 21 18 17 19 28 27 29 26 25 27 24 23 25 22 21 23 20 19 21 18 17 19 16 15 17 14 13 15 12 11 13 10 9 11 8 7 9 12 11 13 10 9 11 16 15 17 14 13 15 12 11 13 18 17 19 26 25 27 24 23 25 22 21 23 20 19 21 18 17 19 16 15 17 14 13 15
[5.142138s] A=259 K=481 i=1.454126036e+09) 37 35 33 31 29 27 25 23 21 19 17 15 13 11 9 7 5 3 1 2 1 3 4 3 5 6 5 7 4 3 5 2 1 3 8 7 9 6 5 7 4 3 5 2 1 3 10 9 11 8 7 9 6 5 7 12 11 13 10 9 11 8 7 9 6 5 7 4 3 5 14 13 15 12 11 13 10 9 11 8 7 9 6 5 7 4 3 5 2 1 3 16 15 17 14 13 15 12 11 13 10 9 11 8 7 9 18 17 19 16 15 17 14 13 15 12 11 13 10 9 11 8 7 9 6 5 7 4 3 5 2 1 3 20 19 21 18 17 19 16 15 17 14 13 15 12 11 13 10 9 11 8 7 9 6 5 7 4 3 5 22 21 23 20 19 21 18 17 19 16 15 17 14 13 15 12 11 13 10 9 11 24 23 25 22 21 23 20 19 21 18 17 19 16 15 17 14 13 15 26 25 27 24 23 25 22 21 23 20 19 21 18 17 19 16 15 17 14 13 15 12 11 13 28 27 29 26 25 27 24 23 25 22 21 23 20 19 21 18 17 19 30 29 31 28 27 29 26 25 27 24 23 25 22 21 23 20 19 21 32 31 33 30 29 31 28 27 29 26 25 27 24 23 25 22 21 23 20 19 21 18 17 19 16 15 17 14 13 15 12 11 13 10 9 11 8 7 9 6 5 7 16 15 17 18 17 19 20 19 21 34 33 35 32 31 33 30 29 31 28 27 29 26 25 27 24 23 25 22 21 23 20 19 21 18 17 19 16 15 17 14 13 15 12 11 13 10 9 11 8 7 9 6 5 7 4 3 5 16 15 17 14 13 15 12 11 13 10 9 11 8 7 9 18 17 19 20 19 21 36 35 37 34 33 35 32 31 33 30 29 31 28 27 29 26 25 27 24 23 25 22 21 23 20 19 21 18 17 19 16 15 17 14 13 15 12 11 13 10 9 11 8 7 9 6 5 7 4 3 5 2 1 3 0 1 2 1 3 4 3 5 6 5 7 8 7 9 10 9 11 12 11 13 14 13 15 16 15 17 18 17 19 20 19 21 22 21 23 24 23 25 26 25 27 28 27 29 30 29 31 32 31 33 34 33 35 36 35 37 34 33 35 32 31 33 30 29 31 28 27 29 26 25 27 24 23 25 22 21 23 20 19 21 18 17 19 16 15 17 14 13 15 12 11 13 10 9 11 8 7 9 6 5 7 4 3 5 2 1 3 32 31 33 30 29 31 28 27 29 26 25 27 24 23 25 22 21 23 20 19 21 18 17 19 16 15 17 14 13 15 12 11 13 10 9 11 8 7 9 6 5 7 4 3 5 8 7 9 12 11 13 10 9 11 22 21 23 20 19 21 18 17 19 16 15 17 14 13 15 24 23 25 22 21 23 20 19 21 18 17 19 26 25 27 24 23 25 22 21 23 20 19 21 30 29 31 28 27 29 26 25 27 24 23 25 22 21 23 20 19 21 18 17 19 16 15 17 14 13 15 12 11 13 10 9 11 8 7 9 6 5 7 8 7 9 18 17 19 16 15 17 14 13 15 12 11 13 10 9 11 16 15 17 20 19 21 18 17 19 28 27 29 26 25 27 24 23 25 22 21 23 20 19 21 18 17 19 16 15 17 14 13 15 12 11 13 10 9 11 8 7 9 14 13 15 12 11 13 16 15 17
[5.146547s] A=259 K=481 i=1.454872141e+09) 37 35 33 31 29 27 25 23 21 19 17 15 13 11 9 7 5 3 1 2 1 3 4 3 5 6 5 7 4 3 5 2 1 3 8 7 9 6 5 7 4 3 5 2 1 3 10 9 11 8 7 9 6 5 7 12 11 13 10 9 11 8 7 9 6 5 7 4 3 5 14 13 15 12 11 13 10 9 11 8 7 9 6 5 7 4 3 5 2 1 3 16 15 17 14 13 15 12 11 13 10 9 11 8 7 9 18 17 19 16 15 17 14 13 15 12 11 13 10 9 11 8 7 9 6 5 7 4 3 5 2 1 3 20 19 21 18 17 19 16 15 17 14 13 15 12 11 13 10 9 11 8 7 9 6 5 7 4 3 5 22 21 23 20 19 21 18 17 19 16 15 17 14 13 15 12 11 13 10 9 11 24 23 25 22 21 23 20 19 21 18 17 19 16 15 17 14 13 15 26 25 27 24 23 25 22 21 23 20 19 21 18 17 19 16 15 17 14 13 15 12 11 13 28 27 29 26 25 27 24 23 25 22 21 23 20 19 21 18 17 19 30 29 31 28 27 29 26 25 27 24 23 25 22 21 23 20 19 21 32 31 33 30 29 31 28 27 29 26 25 27 24 23 25 22 21 23 20 19 21 18 17 19 16 15 17 14 13 15 12 11 13 10 9 11 8 7 9 6 5 7 16 15 17 18 17 19 20 19 21 34 33 35 32 31 33 30 29 31 28 27 29 26 25 27 24 23 25 22 21 23 36 35 37 34 33 35 32 31 33 30 29 31 28 27 29 26 25 27 24 23 25 22 21 23 20 19 21 18 17 19 16 15 17 14 13 15 12 11 13 10 9 11 8 7 9 6 5 7 4 3 5 2 1 3 0 1 16 15 17 14 13 15 12 11 13 10 9 11 8 7 9 20 19 21 18 17 19 16 15 17 14 13 15 12 11 13 10 9 11 8 7 9 6 5 7 4 3 5 2 1 3 4 3 5 6 5 7 8 7 9 10 9 11 12 11 13 14 13 15 16 15 17 18 17 19 20 19 21 22 21 23 24 23 25 26 25 27 28 27 29 30 29 31 32 31 33 34 33 35 36 35 37 34 33 35 32 31 33 30 29 31 28 27 29 26 25 27 24 23 25 22 21 23 20 19 21 18 17 19 16 15 17 14 13 15 12 11 13 10 9 11 8 7 9 6 5 7 4 3 5 2 1 3 20 19 21 22 21 23 24 23 25 32 31 33 30 29 31 28 27 29 26 25 27 24 23 25 22 21 23 20 19 21 18 17 19 16 15 17 14 13 15 12 11 13 10 9 11 8 7 9 6 5 7 4 3 5 12 11 13 10 9 11 8 7 9 20 19 21 18 17 19 16 15 17 22 21 23 20 19 21 18 17 19 16 15 17 14 13 15 24 23 25 30 29 31 28 27 29 26 25 27 24 23 25 22 21 23 20 19 21 18 17 19 16 15 17 14 13 15 12 11 13 10 9 11 8 7 9 6 5 7 28 27 29 26 25 27 24 23 25 22 21 23 20 19 21 18 17 19 16 15 17 14 13 15 12 11 13 10 9 11 8 7 9 26 25 27 24 23 25 22 21 23 20 19 21 18 17 19 16 15 17 14 13 15 12 11 13 10 9 11 12 11 13 14 13 15 18 17 19 16 15 17 22 21 23 20 19 21
[5.151268s] A=259 K=481 i=1.45552599e+09) 37 35 33 31 29 27 25 23 21 19 17 15 13 11 9 7 5 3 1 2 1 3 4 3 5 6 5 7 4 3 5 2 1 3 8 7 9 6 5 7 4 3 5 2 1 3 10 9 11 8 7 9 6 5 7 12 11 13 10 9 11 8 7 9 6 5 7 4 3 5 14 13 15 12 11 13 10 9 11 8 7 9 6 5 7 4 3 5 2 1 3 16 15 17 14 13 15 12 11 13 10 9 11 8 7 9 18 17 19 16 15 17 14 13 15 12 11 13 10 9 11 8 7 9 6 5 7 4 3 5 2 1 3 20 19 21 18 17 19 16 15 17 14 13 15 12 11 13 10 9 11 8 7 9 6 5 7 4 3 5 22 21 23 20 19 21 18 17 19 16 15 17 14 13 15 12 11 13 10 9 11 24 23 25 22 21 23 20 19 21 18 17 19 16 15 17 14 13 15 26 25 27 24 23 25 22 21 23 20 19 21 18 17 19 16 15 17 14 13 15 12 11 13 28 27 29 26 25 27 24 23 25 22 21 23 20 19 21 18 17 19 30 29 31 28 27 29 26 25 27 24 23 25 22 21 23 20 19 21 32 31 33 30 29 31 28 27 29 26 25 27 24 23 25 22 21 23 20 19 21 18 17 19 16 15 17 14 13 15 12 11 13 10 9 11 8 7 9 6 5 7 16 15 17 18 17 19 34 33 35 32 31 33 30 29 31 28 27 29 26 25 27 24 23 25 22 21 23 20 19 21 36 35 37 34 33 35 32 31 33 30 29 31 28 27 29 26 25 27 24 23 25 22 21 23 20 19 21 18 17 19 16 15 17 14 13 15 12 11 13 10 9 11 8 7 9 6 5 7 4 3 5 2 1 3 0 1 2 1 3 4 3 5 16 15 17 14 13 15 12 11 13 10 9 11 8 7 9 6 5 7 8 7 9 10 9 11 12 11 13 14 13 15 16 15 17 18 17 19 16 15 17 14 13 15 12 11 13 10 9 11 8 7 9 6 5 7 4 3 5 2 1 3 20 19 21 18 17 19 22 21 23 20 19 21 18 17 19 16 15 17 24 23 25 26 25 27 24 23 25 22 21 23 20 19 21 28 27 29 30 29 31 32 31 33 34 33 35 36 35 37 34 33 35 32 31 33 30 29 31 28 27 29 26 25 27 24 23 25 22 21 23 20 19 21 18 17 19 16 15 17 14 13 15 12 11 13 10 9 11 8 7 9 6 5 7 4 3 5 2 1 3 32 31 33 30 29 31 28 27 29 26 25 27 24 23 25 22 21 23 20 19 21 18 17 19 16 15 17 14 13 15 12 11 13 10 9 11 8 7 9 6 5 7 4 3 5 12 11 13 10 9 11 8 7 9 18 17 19 16 15 17 14 13 15 22 21 23 20 19 21 30 29 31 28 27 29 26 25 27 24 23 25 22 21 23 20 19 21 18 17 19 16 15 17 14 13 15 12 11 13 10 9 11 8 7 9 6 5 7 26 25 27 24 23 25 28 27 29 26 25 27 24 23 25 22 21 23 20 19 21 18 17 19 16 15 17 14 13 15 12 11 13 10 9 11 8 7 9 22 21 23 20 19 21 18 17 19 16 15 17 14 13 15 12 11 13 10 9 11 12 11 13 18 17 19 16 15 17 14 13 15 24 23 25 22 21 23 20 19 21
[5.154163s] A=259 K=481 i=1.456041102e+09) 37 35 33 31 29 27 25 23 21 19 17 15 13 11 9 7 5 3 1 2 1 3 4 3 5 6 5 7 4 3 5 2 1 3 8 7 9 6 5 7 4 3 5 2 1 3 10 9 11 8 7 9 6 5 7 12 11 13 10 9 11 8 7 9 6 5 7 4 3 5 14 13 15 12 11 13 10 9 11 8 7 9 6 5 7 4 3 5 2 1 3 16 15 17 14 13 15 12 11 13 10 9 11 8 7 9 18 17 19 16 15 17 14 13 15 12 11 13 10 9 11 8 7 9 6 5 7 4 3 5 2 1 3 20 19 21 18 17 19 16 15 17 14 13 15 12 11 13 10 9 11 8 7 9 6 5 7 4 3 5 22 21 23 20 19 21 18 17 19 16 15 17 14 13 15 12 11 13 10 9 11 24 23 25 22 21 23 20 19 21 18 17 19 16 15 17 14 13 15 26 25 27 24 23 25 22 21 23 20 19 21 18 17 19 16 15 17 14 13 15 12 11 13 28 27 29 26 25 27 24 23 25 22 21 23 20 19 21 18 17 19 30 29 31 28 27 29 26 25 27 24 23 25 22 21 23 20 19 21 32 31 33 30 29 31 28 27 29 26 25 27 24 23 25 22 21 23 20 19 21 18 17 19 16 15 17 14 13 15 12 11 13 10 9 11 8 7 9 6 5 7 16 15 17 18 17 19 34 33 35 32 31 33 30 29 31 28 27 29 26 25 27 24 23 25 36 35 37 34 33 35 32 31 33 30 29 31 28 27 29 26 25 27 24 23 25 22 21 23 20 19 21 18 17 19 16 15 17 14 13 15 12 11 13 10 9 11 8 7 9 6 5 7 4 3 5 2 1 3 0 1 16 15 17 14 13 15 12 11 13 10 9 11 8 7 9 22 21 23 20 19 21 18 17 19 16 15 17 14 13 15 12 11 13 10 9 11 8 7 9 6 5 7 4 3 5 2 1 3 4 3 5 6 5 7 8 7 9 10 9 11 12 11 13 14 13 15 16 15 17 18 17 19 20 19 21 18 17 19 24 23 25 22 21 23 20 19 21 24 23 25 22 21 23 26 25 27 28 27 29 30 29 31 32 31 33 34 33 35 36 35 37 34 33 35 32 31 33 30 29 31 28 27 29 26 25 27 24 23 25 22 21 23 20 19 21 18 17 19 16 15 17 14 13 15 12 11 13 10 9 11 8 7 9 6 5 7 4 3 5 2 1 3 18 17 19 16 15 17 32 31 33 30 29 31 28 27 29 26 25 27 24 23 25 22 21 23 20 19 21 18 17 19 16 15 17 14 13 15 12 11 13 10 9 11 8 7 9 6 5 7 4 3 5 12 11 13 10 9 11 8 7 9 24 23 25 22 21 23 20 19 21 18 17 19 16 15 17 14 13 15 30 29 31 28 27 29 26 25 27 24 23 25 22 21 23 20 19 21 18 17 19 16 15 17 14 13 15 12 11 13 10 9 11 8 7 9 6 5 7 20 19 21 26 25 27 24 23 25 22 21 23 28 27 29 26 25 27 24 23 25 22 21 23 20 19 21 18 17 19 16 15 17 14 13 15 12 11 13 10 9 11 8 7 9 20 19 21 18 17 19 16 15 17 14 13 15 12 11 13 10 9 11 12 11 13 14 13 15 18 17 19 16 15 17 22 21 23 20 19 21
[5.154365s] A=259 K=481 i=1.45606004e+09) 37 35 33 31 29 27 25 23 21 19 17 15 13 11 9 7 5 3 1 2 1 3 4 3 5 6 5 7 4 3 5 2 1 3 8 7 9 6 5 7 4 3 5 2 1 3 10 9 11 8 7 9 6 5 7 12 11 13 10 9 11 8 7 9 6 5 7 4 3 5 14 13 15 12 11 13 10 9 11 8 7 9 6 5 7 4 3 5 2 1 3 16 15 17 14 13 15 12 11 13 10 9 11 8 7 9 18 17 19 16 15 17 14 13 15 12 11 13 10 9 11 8 7 9 6 5 7 4 3 5 2 1 3 20 19 21 18 17 19 16 15 17 14 13 15 12 11 13 10 9 11 8 7 9 6 5 7 4 3 5 22 21 23 20 19 21 18 17 19 16 15 17 14 13 15 12 11 13 10 9 11 24 23 25 22 21 23 20 19 21 18 17 19 16 15 17 14 13 15 26 25 27 24 23 25 22 21 23 20 19 21 18 17 19 16 15 17 14 13 15 12 11 13 28 27 29 26 25 27 24 23 25 22 21 23 20 19 21 18 17 19 30 29 31 28 27 29 26 25 27 24 23 25 22 21 23 20 19 21 32 31 33 30 29 31 28 27 29 26 25 27 24 23 25 22 21 23 20 19 21 18 17 19 16 15 17 14 13 15 12 11 13 10 9 11 8 7 9 6 5 7 16 15 17 18 17 19 34 33 35 32 31 33 30 29 31 28 27 29 26 25 27 24 23 25 36 35 37 34 33 35 32 31 33 30 29 31 28 27 29 26 25 27 24 23 25 22 21 23 20 19 21 18 17 19 16 15 17 14 13 15 12 11 13 10 9 11 8 7 9 6 5 7 4 3 5 2 1 3 0 1 16 15 17 14 13 15 12 11 13 10 9 11 8 7 9 22 21 23 20 19 21 18 17 19 16 15 17 14 13 15 12 11 13 10 9 11 8 7 9 6 5 7 4 3 5 2 1 3 4 3 5 6 5 7 8 7 9 10 9 11 12 11 13 14 13 15 18 17 19 16 15 17 20 19 21 18 17 19 24 23 25 22 21 23 20 19 21 22 21 23 24 23 25 26 25 27 28 27 29 30 29 31 32 31 33 34 33 35 36 35 37 34 33 35 32 31 33 30 29 31 28 27 29 26 25 27 24 23 25 22 21 23 20 19 21 18 17 19 16 15 17 14 13 15 12 11 13 10 9 11 8 7 9 6 5 7 4 3 5 2 1 3 18 17 19 16 15 17 32 31 33 30 29 31 28 27 29 26 25 27 24 23 25 22 21 23 20 19 21 18 17 19 16 15 17 14 13 15 12 11 13 10 9 11 8 7 9 6 5 7 4 3 5 12 11 13 10 9 11 8 7 9 24 23 25 22 21 23 20 19 21 30 29 31 28 27 29 26 25 27 24 23 25 22 21 23 20 19 21 18 17 19 16 15 17 14 13 15 12 11 13 10 9 11 8 7 9 6 5 7 18 17 19 16 15 17 14 13 15 20 19 21 26 25 27 24 23 25 22 21 23 28 27 29 26 25 27 24 23 25 22 21 23 20 19 21 18 17 19 16 15 17 14 13 15 12 11 13 10 9 11 8 7 9 20 19 21 18 17 19 16 15 17 14 13 15 12 11 13 10 9 11 12 11 13 14 13 15 22 21 23 20 19 21 18 17 19 16 15 17
[5.878385s] A=259 K=481 i=1.648862472e+09) 37 35 33 31 29 27 25 23 21 19 17 15 13 11 9 7 5 3 1 2 1 3 4 3 5 6 5 7 4 3 5 2 1 3 8 7 9 6 5 7 4 3 5 2 1 3 10 9 11 8 7 9 6 5 7 12 11 13 10 9 11 8 7 9 6 5 7 4 3 5 14 13 15 12 11 13 10 9 11 8 7 9 6 5 7 4 3 5 2 1 3 16 15 17 14 13 15 12 11 13 10 9 11 8 7 9 18 17 19 16 15 17 14 13 15 12 11 13 10 9 11 8 7 9 6 5 7 4 3 5 2 1 3 20 19 21 18 17 19 16 15 17 14 13 15 12 11 13 10 9 11 8 7 9 6 5 7 4 3 5 22 21 23 20 19 21 18 17 19 16 15 17 14 13 15 12 11 13 10 9 11 24 23 25 22 21 23 20 19 21 18 17 19 16 15 17 14 13 15 26 25 27 24 23 25 22 21 23 20 19 21 18 17 19 16 15 17 28 27 29 26 25 27 24 23 25 22 21 23 20 19 21 18 17 19 16 15 17 14 13 15 12 11 13 10 9 11 14 13 15 12 11 13 30 29 31 28 27 29 26 25 27 24 23 25 22 21 23 20 19 21 18 17 19 16 15 17 32 31 33 30 29 31 28 27 29 26 25 27 24 23 25 22 21 23 20 19 21 18 17 19 16 15 17 14 13 15 12 11 13 10 9 11 8 7 9 6 5 7 34 33 35 32 31 33 30 29 31 28 27 29 26 25 27 36 35 37 34 33 35 32 31 33 30 29 31 28 27 29 26 25 27 24 23 25 22 21 23 20 19 21 18 17 19 16 15 17 14 13 15 12 11 13 10 9 11 8 7 9 6 5 7 4 3 5 2 1 3 0 1 2 1 3 4 3 5 6 5 7 8 7 9 10 9 11 12 11 13 14 13 15 12 11 13 10 9 11 8 7 9 6 5 7 16 15 17 18 17 19 20 19 21 22 21 23 24 23 25 22 21 23 20 19 21 18 17 19 16 15 17 14 13 15 12 11 13 10 9 11 8 7 9 6 5 7 4 3 5 2 1 3 20 19 21 18 17 19 16 15 17 26 25 27 28 27 29 30 29 31 32 31 33 34 33 35 36 35 37 34 33 35 32 31 33 30 29 31 28 27 29 26 25 27 24 23 25 22 21 23 20 19 21 18 17 19 16 15 17 14 13 15 12 11 13 10 9 11 8 7 9 6 5 7 4 3 5 2 1 3 28 27 29 26 25 27 24 23 25 22 21 23 32 31 33 30 29 31 28 27 29 26 25 27 24 23 25 22 21 23 20 19 21 18 17 19 16 15 17 14 13 15 12 11 13 10 9 11 8 7 9 6 5 7 4 3 5 30 29 31 28 27 29 26 25 27 24 23 25 22 21 23 20 19 21 18 17 19 16 15 17 14 13 15 12 11 13 10 9 11 8 7 9 6 5 7 20 19 21 18 17 19 16 15 17 14 13 15 12 11 13 10 9 11 8 7 9 24 23 25 22 21 23 20 19 21 18 17 19 26 25 27 24 23 25 22 21 23 20 19 21 18 17 19 16 15 17 14 13 15 12 11 13 10 9 11 16 15 17 14 13 15 12 11 13 18 17 19 28 27 29 26 25 27 24 23 25 22 21 23 20 19 21 18 17 19 16 15 17 14 13 15
[5.895261s] A=259 K=481 i=1.653000361e+09) 37 35 33 31 29 27 25 23 21 19 17 15 13 11 9 7 5 3 1 2 1 3 4 3 5 6 5 7 4 3 5 2 1 3 8 7 9 6 5 7 4 3 5 2 1 3 10 9 11 8 7 9 6 5 7 12 11 13 10 9 11 8 7 9 6 5 7 4 3 5 14 13 15 12 11 13 10 9 11 8 7 9 6 5 7 4 3 5 2 1 3 16 15 17 14 13 15 12 11 13 10 9 11 8 7 9 18 17 19 16 15 17 14 13 15 12 11 13 10 9 11 8 7 9 6 5 7 4 3 5 2 1 3 20 19 21 18 17 19 16 15 17 14 13 15 12 11 13 10 9 11 8 7 9 6 5 7 4 3 5 22 21 23 20 19 21 18 17 19 16 15 17 14 13 15 12 11 13 10 9 11 24 23 25 22 21 23 20 19 21 18 17 19 16 15 17 14 13 15 26 25 27 24 23 25 22 21 23 20 19 21 18 17 19 16 15 17 28 27 29 26 25 27 24 23 25 22 21 23 20 19 21 18 17 19 16 15 17 14 13 15 12 11 13 10 9 11 30 29 31 28 27 29 26 25 27 24 23 25 22 21 23 20 19 21 18 17 19 16 15 17 14 13 15 12 11 13 32 31 33 30 29 31 28 27 29 26 25 27 24 23 25 22 21 23 20 19 21 18 17 19 16 15 17 14 13 15 12 11 13 10 9 11 8 7 9 6 5 7 10 9 11 8 7 9 34 33 35 32 31 33 30 29 31 28 27 29 26 25 27 36 35 37 34 33 35 32 31 33 30 29 31 28 27 29 26 25 27 24 23 25 22 21 23 20 19 21 18 17 19 16 15 17 14 13 15 12 11 13 10 9 11 8 7 9 6 5 7 4 3 5 2 1 3 0 1 2 1 3 4 3 5 6 5 7 8 7 9 10 9 11 12 11 13 14 13 15 16 15 17 18 17 19 20 19 21 22 21 23 20 19 21 18 17 19 16 15 17 24 23 25 22 21 23 20 19 21 18 17 19 16 15 17 14 13 15 12 11 13 10 9 11 8 7 9 6 5 7 4 3 5 2 1 3 26 25 27 28 27 29 30 29 31 32 31 33 34 33 35 36 35 37 34 33 35 32 31 33 30 29 31 28 27 29 26 25 27 24 23 25 22 21 23 20 19 21 18 17 19 16 15 17 14 13 15 12 11 13 10 9 11 8 7 9 6 5 7 4 3 5 2 1 3 12 11 13 10 9 11 28 27 29 26 25 27 24 23 25 22 21 23 32 31 33 30 29 31 28 27 29 26 25 27 24 23 25 22 21 23 20 19 21 18 17 19 16 15 17 14 13 15 12 11 13 10 9 11 8 7 9 6 5 7 4 3 5 20 19 21 18 17 19 16 15 17 14 13 15 30 29 31 28 27 29 26 25 27 24 23 25 22 21 23 20 19 21 18 17 19 16 15 17 14 13 15 12 11 13 10 9 11 8 7 9 6 5 7 12 11 13 10 9 11 8 7 9 24 23 25 22 21 23 20 19 21 18 17 19 26 25 27 24 23 25 22 21 23 20 19 21 18 17 19 16 15 17 14 13 15 12 11 13 10 9 11 16 15 17 14 13 15 12 11 13 18 17 19 28 27 29 26 25 27 24 23 25 22 21 23 20 19 21 18 17 19 16 15 17 14 13 15
[6.099696s] A=259 K=481 i=1.719156921e+09) 37 35 33 31 29 27 25 23 21 19 17 15 13 11 9 7 5 3 1 2 1 3 4 3 5 6 5 7 4 3 5 2 1 3 8 7 9 6 5 7 4 3 5 2 1 3 10 9 11 8 7 9 6 5 7 12 11 13 10 9 11 8 7 9 6 5 7 4 3 5 14 13 15 12 11 13 10 9 11 8 7 9 6 5 7 4 3 5 2 1 3 16 15 17 14 13 15 12 11 13 10 9 11 8 7 9 18 17 19 16 15 17 14 13 15 12 11 13 10 9 11 8 7 9 6 5 7 4 3 5 2 1 3 20 19 21 18 17 19 16 15 17 14 13 15 12 11 13 10 9 11 8 7 9 6 5 7 4 3 5 22 21 23 20 19 21 18 17 19 16 15 17 14 13 15 12 11 13 10 9 11 24 23 25 22 21 23 20 19 21 18 17 19 16 15 17 14 13 15 26 25 27 24 23 25 22 21 23 20 19 21 18 17 19 16 15 17 28 27 29 26 25 27 24 23 25 22 21 23 20 19 21 18 17 19 30 29 31 28 27 29 26 25 27 24 23 25 22 21 23 20 19 21 32 31 33 30 29 31 28 27 29 26 25 27 24 23 25 22 21 23 20 19 21 18 17 19 16 15 17 14 13 15 12 11 13 10 9 11 8 7 9 6 5 7 14 13 15 12 11 13 16 15 17 18 17 19 20 19 21 34 33 35 32 31 33 30 29 31 28 27 29 26 25 27 24 23 25 22 21 23 20 19 21 18 17 19 16 15 17 14 13 15 12 11 13 10 9 11 8 7 9 6 5 7 4 3 5 16 15 17 14 13 15 12 11 13 10 9 11 8 7 9 18 17 19 20 19 21 36 35 37 34 33 35 32 31 33 30 29 31 28 27 29 26 25 27 24 23 25 22 21 23 20 19 21 18 17 19 16 15 17 14 13 15 12 11 13 10 9 11 8 7 9 6 5 7 4 3 5 2 1 3 0 1 2 1 3 4 3 5 6 5 7 8 7 9 10 9 11 12 11 13 14 13 15 16 15 17 18 17 19 20 19 21 22 21 23 24 23 25 26 25 27 28 27 29 30 29 31 32 31 33 34 33 35 36 35 37 34 33 35 32 31 33 30 29 31 28 27 29 26 25 27 24 23 25 22 21 23 20 19 21 18 17 19 16 15 17 14 13 15 12 11 13 10 9 11 8 7 9 6 5 7 4 3 5 2 1 3 20 19 21 22 21 23 32 31 33 30 29 31 28 27 29 26 25 27 24 23 25 22 21 23 20 19 21 18 17 19 16 15 17 14 13 15 12 11 13 10 9 11 8 7 9 6 5 7 4 3 5 8 7 9 12 11 13 10 9 11 20 19 21 18 17 19 16 15 17 14 13 15 30 29 31 28 27 29 26 25 27 24 23 25 22 21 23 20 19 21 18 17 19 16 15 17 14 13 15 12 11 13 10 9 11 8 7 9 6 5 7 8 7 9 24 23 25 22 21 23 20 19 21 18 17 19 26 25 27 24 23 25 22 21 23 20 19 21 18 17 19 16 15 17 14 13 15 12 11 13 10 9 11 16 15 17 18 17 19 28 27 29 26 25 27 24 23 25 22 21 23 20 19 21 18 17 19 16 15 17 14 13 15 12 11 13 10 9 11 8 7 9 14 13 15 12 11 13 16 15 17
[6.099911s] A=259 K=481 i=1.719172976e+09) 37 35 33 31 29 27 25 23 21 19 17 15 13 11 9 7 5 3 1 2 1 3 4 3 5 6 5 7 4 3 5 2 1 3 8 7 9 6 5 7 4 3 5 2 1 3 10 9 11 8 7 9 6 5 7 12 11 13 10 9 11 8 7 9 6 5 7 4 3 5 14 13 15 12 11 13 10 9 11 8 7 9 6 5 7 4 3 5 2 1 3 16 15 17 14 13 15 12 11 13 10 9 11 8 7 9 18 17 19 16 15 17 14 13 15 12 11 13 10 9 11 8 7 9 6 5 7 4 3 5 2 1 3 20 19 21 18 17 19 16 15 17 14 13 15 12 11 13 10 9 11 8 7 9 6 5 7 4 3 5 22 21 23 20 19 21 18 17 19 16 15 17 14 13 15 12 11 13 10 9 11 24 23 25 22 21 23 20 19 21 18 17 19 16 15 17 14 13 15 26 25 27 24 23 25 22 21 23 20 19 21 18 17 19 16 15 17 28 27 29 26 25 27 24 23 25 22 21 23 20 19 21 18 17 19 30 29 31 28 27 29 26 25 27 24 23 25 22 21 23 20 19 21 32 31 33 30 29 31 28 27 29 26 25 27 24 23 25 22 21 23 20 19 21 18 17 19 16 15 17 14 13 15 12 11 13 10 9 11 8 7 9 6 5 7 14 13 15 12 11 13 16 15 17 18 17 19 20 19 21 34 33 35 32 31 33 30 29 31 28 27 29 26 25 27 24 23 25 22 21 23 20 19 21 18 17 19 16 15 17 14 13 15 12 11 13 10 9 11 8 7 9 6 5 7 4 3 5 16 15 17 14 13 15 12 11 13 10 9 11 8 7 9 18 17 19 36 35 37 34 33 35 32 31 33 30 29 31 28 27 29 26 25 27 24 23 25 22 21 23 20 19 21 18 17 19 16 15 17 14 13 15 12 11 13 10 9 11 8 7 9 6 5 7 4 3 5 2 1 3 0 1 2 1 3 4 3 5 6 5 7 8 7 9 10 9 11 12 11 13 14 13 15 16 15 17 22 21 23 20 19 21 18 17 19 20 19 21 22 21 23 24 23 25 26 25 27 28 27 29 30 29 31 32 31 33 34 33 35 36 35 37 34 33 35 32 31 33 30 29 31 28 27 29 26 25 27 24 23 25 22 21 23 20 19 21 18 17 19 16 15 17 14 13 15 12 11 13 10 9 11 8 7 9 6 5 7 4 3 5 2 1 3 32 31 33 30 29 31 28 27 29 26 25 27 24 23 25 22 21 23 20 19 21 18 17 19 16 15 17 14 13 15 12 11 13 10 9 11 8 7 9 6 5 7 4 3 5 8 7 9 12 11 13 10 9 11 22 21 23 20 19 21 18 17 19 16 15 17 14 13 15 24 23 25 22 21 23 20 19 21 18 17 19 16 15 17 30 29 31 28 27 29 26 25 27 24 23 25 22 21 23 20 19 21 18 17 19 16 15 17 14 13 15 12 11 13 10 9 11 8 7 9 6 5 7 8 7 9 10 9 11 14 13 15 12 11 13 16 15 17 26 25 27 24 23 25 22 21 23 20 19 21 18 17 19 16 15 17 14 13 15 12 11 13 10 9 11 28 27 29 26 25 27 24 23 25 22 21 23 20 19 21 18 17 19 16 15 17 14 13 15 12 11 13 10 9 11 8 7 9
[6.102459s] A=259 K=481 i=1.719591918e+09) 37 35 33 31 29 27 25 23 21 19 17 15 13 11 9 7 5 3 1 2 1 3 4 3 5 6 5 7 4 3 5 2 1 3 8 7 9 6 5 7 4 3 5 2 1 3 10 9 11 8 7 9 6 5 7 12 11 13 10 9 11 8 7 9 6 5 7 4 3 5 14 13 15 12 11 13 10 9 11 8 7 9 6 5 7 4 3 5 2 1 3 16 15 17 14 13 15 12 11 13 10 9 11 8 7 9 18 17 19 16 15 17 14 13 15 12 11 13 10 9 11 8 7 9 6 5 7 4 3 5 2 1 3 20 19 21 18 17 19 16 15 17 14 13 15 12 11 13 10 9 11 8 7 9 6 5 7 4 3 5 22 21 23 20 19 21 18 17 19 16 15 17 14 13 15 12 11 13 10 9 11 24 23 25 22 21 23 20 19 21 18 17 19 16 15 17 14 13 15 26 25 27 24 23 25 22 21 23 20 19 21 18 17 19 16 15 17 28 27 29 26 25 27 24 23 25 22 21 23 20 19 21 18 17 19 30 29 31 28 27 29 26 25 27 24 23 25 22 21 23 20 19 21 32 31 33 30 29 31 28 27 29 26 25 27 24 23 25 22 21 23 20 19 21 18 17 19 16 15 17 14 13 15 12 11 13 10 9 11 8 7 9 6 5 7 14 13 15 12 11 13 16 15 17 18 17 19 20 19 21 34 33 35 32 31 33 30 29 31 28 27 29 26 25 27 24 23 25 22 21 23 36 35 37 34 33 35 32 31 33 30 29 31 28 27 29 26 25 27 24 23 25 22 21 23 20 19 21 18 17 19 16 15 17 14 13 15 12 11 13 10 9 11 8 7 9 6 5 7 4 3 5 2 1 3 0 1 16 15 17 14 13 15 12 11 13 10 9 11 8 7 9 18 17 19 20 19 21 18 17 19 16 15 17 14 13 15 12 11 13 10 9 11 8 7 9 6 5 7 4 3 5 2 1 3 4 3 5 6 5 7 8 7 9 10 9 11 12 11 13 14 13 15 16 15 17 18 17 19 22 21 23 20 19 21 18 17 19 22 21 23 20 19 21 24 23 25 26 25 27 28 27 29 30 29 31 32 31 33 34 33 35 36 35 37 34 33 35 32 31 33 30 29 31 28 27 29 26 25 27 24 23 25 22 21 23 20 19 21 18 17 19 16 15 17 14 13 15 12 11 13 10 9 11 8 7 9 6 5 7 4 3 5 2 1 3 32 31 33 30 29 31 28 27 29 26 25 27 24 23 25 22 21 23 20 19 21 18 17 19 16 15 17 14 13 15 12 11 13 10 9 11 8 7 9 6 5 7 4 3 5 12 11 13 10 9 11 8 7 9 30 29 31 28 27 29 26 25 27 24 23 25 22 21 23 20 19 21 18 17 19 16 15 17 14 13 15 12 11 13 10 9 11 8 7 9 6 5 7 22 21 23 20 19 21 18 17 19 16 15 17 14 13 15 24 23 25 22 21 23 20 19 21 18 17 19 16 15 17 14 13 15 26 25 27 24 23 25 22 21 23 20 19 21 18 17 19 16 15 17 28 27 29 26 25 27 24 23 25 22 21 23 20 19 21 18 17 19 16 15 17 14 13 15 12 11 13 10 9 11 8 7 9 14 13 15 12 11 13 10 9 11 12 11 13 14 13 15 16 15 17
[6.102688s] A=259 K=481 i=1.719613934e+09) 37 35 33 31 29 27 25 23 21 19 17 15 13 11 9 7 5 3 1 2 1 3 4 3 5 6 5 7 4 3 5 2 1 3 8 7 9 6 5 7 4 3 5 2 1 3 10 9 11 8 7 9 6 5 7 12 11 13 10 9 11 8 7 9 6 5 7 4 3 5 14 13 15 12 11 13 10 9 11 8 7 9 6 5 7 4 3 5 2 1 3 16 15 17 14 13 15 12 11 13 10 9 11 8 7 9 18 17 19 16 15 17 14 13 15 12 11 13 10 9 11 8 7 9 6 5 7 4 3 5 2 1 3 20 19 21 18 17 19 16 15 17 14 13 15 12 11 13 10 9 11 8 7 9 6 5 7 4 3 5 22 21 23 20 19 21 18 17 19 16 15 17 14 13 15 12 11 13 10 9 11 24 23 25 22 21 23 20 19 21 18 17 19 16 15 17 14 13 15 26 25 27 24 23 25 22 21 23 20 19 21 18 17 19 16 15 17 28 27 29 26 25 27 24 23 25 22 21 23 20 19 21 18 17 19 30 29 31 28 27 29 26 25 27 24 23 25 22 21 23 20 19 21 32 31 33 30 29 31 28 27 29 26 25 27 24 23 25 22 21 23 20 19 21 18 17 19 16 15 17 14 13 15 12 11 13 10 9 11 8 7 9 6 5 7 14 13 15 12 11 13 16 15 17 18 17 19 20 19 21 34 33 35 32 31 33 30 29 31 28 27 29 26 25 27 24 23 25 22 21 23 36 35 37 34 33 35 32 31 33 30 29 31 28 27 29 26 25 27 24 23 25 22 21 23 20 19 21 18 17 19 16 15 17 14 13 15 12 11 13 10 9 11 8 7 9 6 5 7 4 3 5 2 1 3 0 1 16 15 17 14 13 15 12 11 13 10 9 11 8 7 9 20 19 21 18 17 19 16 15 17 14 13 15 12 11 13 10 9 11 8 7 9 6 5 7 4 3 5 2 1 3 4 3 5 6 5 7 8 7 9 10 9 11 12 11 13 14 13 15 16 15 17 18 17 19 20 19 21 22 21 23 24 23 25 26 25 27 28 27 29 30 29 31 32 31 33 34 33 35 36 35 37 34 33 35 32 31 33 30 29 31 28 27 29 26 25 27 24 23 25 22 21 23 20 19 21 18 17 19 16 15 17 14 13 15 12 11 13 10 9 11 8 7 9 6 5 7 4 3 5 2 1 3 22 21 23 20 19 21 18 17 19 16 15 17 20 19 21 24 23 25 22 21 23 32 31 33 30 29 31 28 27 29 26 25 27 24 23 25 22 21 23 20 19 21 18 17 19 16 15 17 14 13 15 12 11 13 10 9 11 8 7 9 6 5 7 4 3 5 12 11 13 10 9 11 8 7 9 20 19 21 18 17 19 16 15 17 14 13 15 30 29 31 28 27 29 26 25 27 24 23 25 22 21 23 20 19 21 18 17 19 16 15 17 14 13 15 12 11 13 10 9 11 8 7 9 6 5 7 28 27 29 26 25 27 24 23 25 22 21 23 20 19 21 18 17 19 16 15 17 14 13 15 12 11 13 10 9 11 8 7 9 26 25 27 24 23 25 22 21 23 20 19 21 18 17 19 16 15 17 14 13 15 12 11 13 10 9 11 12 11 13 14 13 15 18 17 19 16 15 17 24 23 25 22 21 23 20 19 21
[8.552252s] A=259 K=481 i=2.403763995e+09) 37 35 33 31 29 27 25 23 21 19 17 15 13 11 9 7 5 3 1 2 1 3 4 3 5 6 5 7 4 3 5 2 1 3 8 7 9 6 5 7 4 3 5 2 1 3 10 9 11 8 7 9 6 5 7 12 11 13 10 9 11 8 7 9 6 5 7 4 3 5 14 13 15 12 11 13 10 9 11 8 7 9 6 5 7 4 3 5 2 1 3 16 15 17 14 13 15 12 11 13 10 9 11 8 7 9 18 17 19 16 15 17 14 13 15 12 11 13 10 9 11 8 7 9 6 5 7 4 3 5 2 1 3 20 19 21 18 17 19 16 15 17 14 13 15 12 11 13 10 9 11 8 7 9 6 5 7 4 3 5 22 21 23 20 19 21 18 17 19 16 15 17 14 13 15 12 11 13 10 9 11 24 23 25 22 21 23 20 19 21 18 17 19 16 15 17 14 13 15 32 31 33 30 29 31 28 27 29 26 25 27 24 23 25 22 21 23 20 19 21 18 17 19 16 15 17 14 13 15 12 11 13 10 9 11 8 7 9 6 5 7 28 27 29 26 25 27 24 23 25 22 21 23 20 19 21 18 17 19 30 29 31 28 27 29 26 25 27 24 23 25 22 21 23 20 19 21 18 17 19 16 15 17 14 13 15 12 11 13 10 9 11 8 7 9 16 15 17 14 13 15 12 11 13 32 31 33 30 29 31 28 27 29 26 25 27 24 23 25 22 21 23 20 19 21 18 17 19 16 15 17 34 33 35 32 31 33 30 29 31 28 27 29 26 25 27 24 23 25 22 21 23 20 19 21 18 17 19 22 21 23 20 19 21 36 35 37 34 33 35 32 31 33 30 29 31 28 27 29 26 25 27 24 23 25 22 21 23 20 19 21 18 17 19 16 15 17 14 13 15 12 11 13 10 9 11 8 7 9 6 5 7 4 3 5 2 1 3 0 1 16 15 17 14 13 15 12 11 13 10 9 11 8 7 9 6 5 7 4 3 5 2 1 3 4 3 5 6 5 7 8 7 9 10 9 11 12 11 13 14 13 15 18 17 19 16 15 17 20 19 21 18 17 19 20 19 21 22 21 23 24 23 25 26 25 27 28 27 29 30 29 31 32 31 33 34 33 35 36 35 37 34 33 35 32 31 33 30 29 31 28 27 29 26 25 27 24 23 25 22 21 23 20 19 21 18 17 19 16 15 17 14 13 15 12 11 13 10 9 11 8 7 9 6 5 7 4 3 5 2 1 3 12 11 13 10 9 11 8 7 9 32 31 33 30 29 31 28 27 29 26 25 27 24 23 25 22 21 23 20 19 21 18 17 19 16 15 17 14 13 15 12 11 13 10 9 11 8 7 9 6 5 7 4 3 5 6 5 7 8 7 9 30 29 31 28 27 29 26 25 27 24 23 25 22 21 23 20 19 21 18 17 19 16 15 17 14 13 15 12 11 13 10 9 11 8 7 9 22 21 23 20 19 21 18 17 19 16 15 17 14 13 15 24 23 25 22 21 23 20 19 21 18 17 19 16 15 17 14 13 15 12 11 13 10 9 11 28 27 29 26 25 27 24 23 25 22 21 23 20 19 21 18 17 19 16 15 17 14 13 15 12 11 13 10 9 11 26 25 27 24 23 25 22 21 23 20 19 21 18 17 19 16 15 17 14 13 15 12 11 13
[9.059692s] A=259 K=481 i=2.544967917e+09) 37 35 33 31 29 27 25 23 21 19 17 15 13 11 9 7 5 3 1 2 1 3 4 3 5 6 5 7 4 3 5 2 1 3 8 7 9 6 5 7 4 3 5 2 1 3 10 9 11 8 7 9 6 5 7 12 11 13 10 9 11 8 7 9 6 5 7 4 3 5 14 13 15 12 11 13 10 9 11 8 7 9 6 5 7 4 3 5 2 1 3 16 15 17 14 13 15 12 11 13 10 9 11 8 7 9 18 17 19 16 15 17 14 13 15 12 11 13 10 9 11 8 7 9 6 5 7 4 3 5 2 1 3 20 19 21 18 17 19 16 15 17 14 13 15 12 11 13 10 9 11 8 7 9 6 5 7 4 3 5 22 21 23 20 19 21 18 17 19 16 15 17 14 13 15 12 11 13 10 9 11 24 23 25 22 21 23 20 19 21 18 17 19 16 15 17 26 25 27 24 23 25 22 21 23 20 19 21 18 17 19 16 15 17 14 13 15 12 11 13 28 27 29 26 25 27 24 23 25 22 21 23 20 19 21 18 17 19 16 15 17 14 13 15 30 29 31 28 27 29 26 25 27 24 23 25 22 21 23 20 19 21 18 17 19 32 31 33 30 29 31 28 27 29 26 25 27 24 23 25 22 21 23 20 19 21 18 17 19 16 15 17 14 13 15 12 11 13 10 9 11 8 7 9 6 5 7 34 33 35 32 31 33 30 29 31 28 27 29 26 25 27 36 35 37 34 33 35 32 31 33 30 29 31 28 27 29 26 25 27 24 23 25 22 21 23 20 19 21 18 17 19 16 15 17 14 13 15 12 11 13 10 9 11 8 7 9 6 5 7 4 3 5 2 1 3 0 1 16 15 17 14 13 15 12 11 13 10 9 11 8 7 9 24 23 25 22 21 23 20 19 21 18 17 19 16 15 17 14 13 15 12 11 13 10 9 11 8 7 9 6 5 7 4 3 5 2 1 3 4 3 5 6 5 7 8 7 9 10 9 11 12 11 13 14 13 15 18 17 19 16 15 17 22 21 23 20 19 21 18 17 19 16 15 17 20 19 21 18 17 19 22 21 23 24 23 25 26 25 27 28 27 29 26 25 27 24 23 25 22 21 23 20 19 21 30 29 31 32 31 33 34 33 35 36 35 37 34 33 35 32 31 33 30 29 31 28 27 29 26 25 27 24 23 25 22 21 23 20 19 21 18 17 19 16 15 17 14 13 15 12 11 13 10 9 11 8 7 9 6 5 7 4 3 5 2 1 3 10 9 11 8 7 9 32 31 33 30 29 31 28 27 29 26 25 27 24 23 25 22 21 23 20 19 21 18 17 19 16 15 17 14 13 15 12 11 13 10 9 11 8 7 9 6 5 7 4 3 5 18 17 19 16 15 17 14 13 15 12 11 13 30 29 31 28 27 29 26 25 27 24 23 25 22 21 23 20 19 21 18 17 19 16 15 17 14 13 15 12 11 13 10 9 11 8 7 9 6 5 7 28 27 29 26 25 27 24 23 25 22 21 23 20 19 21 18 17 19 16 15 17 14 13 15 12 11 13 10 9 11 8 7 9 10 9 11 12 11 13 24 23 25 22 21 23 20 19 21 18 17 19 16 15 17 14 13 15 12 11 13 26 25 27 24 23 25 22 21 23 20 19 21 18 17 19 16 15 17 14 13 15
[9.536557s] A=259 K=481 i=2.696042705e+09) 37 35 33 31 29 27 25 23 21 19 17 15 13 11 9 7 5 3 1 2 1 3 4 3 5 6 5 7 4 3 5 2 1 3 8 7 9 6 5 7 4 3 5 2 1 3 10 9 11 8 7 9 6 5 7 12 11 13 10 9 11 8 7 9 6 5 7 4 3 5 14 13 15 12 11 13 10 9 11 8 7 9 6 5 7 4 3 5 2 1 3 16 15 17 14 13 15 12 11 13 10 9 11 8 7 9 18 17 19 16 15 17 14 13 15 12 11 13 10 9 11 8 7 9 6 5 7 4 3 5 2 1 3 20 19 21 18 17 19 16 15 17 14 13 15 12 11 13 10 9 11 8 7 9 6 5 7 4 3 5 22 21 23 20 19 21 18 17 19 16 15 17 14 13 15 12 11 13 10 9 11 24 23 25 22 21 23 20 19 21 18 17 19 16 15 17 26 25 27 24 23 25 22 21 23 20 19 21 18 17 19 16 15 17 14 13 15 28 27 29 26 25 27 24 23 25 22 21 23 20 19 21 18 17 19 16 15 17 14 13 15 12 11 13 10 9 11 30 29 31 28 27 29 26 25 27 24 23 25 22 21 23 20 19 21 18 17 19 16 15 17 14 13 15 12 11 13 32 31 33 30 29 31 28 27 29 26 25 27 24 23 25 22 21 23 20 19 21 18 17 19 16 15 17 14 13 15 12 11 13 10 9 11 8 7 9 6 5 7 10 9 11 8 7 9 34 33 35 32 31 33 30 29 31 28 27 29 26 25 27 36 35 37 34 33 35 32 31 33 30 29 31 28 27 29 26 25 27 24 23 25 22 21 23 20 19 21 18 17 19 16 15 17 14 13 15 12 11 13 10 9 11 8 7 9 6 5 7 4 3 5 2 1 3 0 1 2 1 3 4 3 5 6 5 7 8 7 9 24 23 25 22 21 23 20 19 21 18 17 19 16 15 17 14 13 15 12 11 13 10 9 11 8 7 9 6 5 7 4 3 5 2 1 3 12 11 13 10 9 11 14 13 15 22 21 23 20 19 21 18 17 19 16 15 17 18 17 19 20 19 21 22 21 23 24 23 25 26 25 27 28 27 29 30 29 31 32 31 33 34 33 35 36 35 37 34 33 35 32 31 33 30 29 31 28 27 29 26 25 27 24 23 25 22 21 23 20 19 21 18 17 19 16 15 17 14 13 15 12 11 13 10 9 11 8 7 9 6 5 7 4 3 5 2 1 3 28 27 29 26 25 27 24 23 25 22 21 23 32 31 33 30 29 31 28 27 29 26 25 27 24 23 25 22 21 23 20 19 21 18 17 19 16 15 17 14 13 15 12 11 13 10 9 11 8 7 9 6 5 7 4 3 5 12 11 13 20 19 21 18 17 19 16 15 17 14 13 15 30 29 31 28 27 29 26 25 27 24 23 25 22 21 23 20 19 21 18 17 19 16 15 17 14 13 15 12 11 13 10 9 11 8 7 9 6 5 7 12 11 13 10 9 11 8 7 9 24 23 25 22 21 23 20 19 21 18 17 19 26 25 27 24 23 25 22 21 23 20 19 21 18 17 19 16 15 17 14 13 15 12 11 13 10 9 11 16 15 17 14 13 15 12 11 13 18 17 19 28 27 29 26 25 27 24 23 25 22 21 23 20 19 21 18 17 19 16 15 17 14 13 15
[10.258367s] A=259 K=481 i=2.894458685e+09) 37 35 33 31 29 27 25 23 21 19 17 15 13 11 9 7 5 3 1 2 1 3 4 3 5 6 5 7 4 3 5 2 1 3 8 7 9 6 5 7 4 3 5 2 1 3 10 9 11 8 7 9 6 5 7 12 11 13 10 9 11 8 7 9 6 5 7 4 3 5 14 13 15 12 11 13 10 9 11 8 7 9 6 5 7 4 3 5 2 1 3 16 15 17 14 13 15 12 11 13 10 9 11 8 7 9 18 17 19 16 15 17 14 13 15 12 11 13 10 9 11 8 7 9 6 5 7 4 3 5 2 1 3 20 19 21 18 17 19 16 15 17 14 13 15 12 11 13 10 9 11 8 7 9 6 5 7 4 3 5 22 21 23 20 19 21 18 17 19 16 15 17 14 13 15 12 11 13 10 9 11 24 23 25 22 21 23 20 19 21 18 17 19 16 15 17 26 25 27 24 23 25 22 21 23 20 19 21 18 17 19 28 27 29 26 25 27 24 23 25 22 21 23 20 19 21 30 29 31 28 27 29 26 25 27 24 23 25 32 31 33 30 29 31 28 27 29 26 25 27 24 23 25 22 21 23 20 19 21 18 17 19 16 15 17 14 13 15 12 11 13 10 9 11 8 7 9 6 5 7 16 15 17 14 13 15 12 11 13 18 17 19 16 15 17 14 13 15 12 11 13 10 9 11 34 33 35 32 31 33 30 29 31 28 27 29 26 25 27 24 23 25 22 21 23 20 19 21 18 17 19 16 15 17 14 13 15 12 11 13 10 9 11 8 7 9 6 5 7 4 3 5 22 21 23 20 19 21 18 17 19 16 15 17 14 13 15 26 25 27 24 23 25 22 21 23 20 19 21 36 35 37 34 33 35 32 31 33 30 29 31 28 27 29 26 25 27 24 23 25 22 21 23 20 19 21 18 17 19 16 15 17 14 13 15 12 11 13 10 9 11 8 7 9 6 5 7 4 3 5 2 1 3 0 1 2 1 3 4 3 5 12 11 13 10 9 11 8 7 9 6 5 7 8 7 9 10 9 11 12 11 13 14 13 15 18 17 19 16 15 17 20 19 21 18 17 19 20 19 21 22 21 23 24 23 25 26 25 27 28 27 29 30 29 31 32 31 33 34 33 35 36 35 37 34 33 35 32 31 33 30 29 31 28 27 29 26 25 27 24 23 25 22 21 23 20 19 21 18 17 19 16 15 17 14 13 15 12 11 13 10 9 11 8 7 9 6 5 7 4 3 5 2 1 3 32 31 33 30 29 31 28 27 29 26 25 27 24 23 25 22 21 23 20 19 21 18 17 19 16 15 17 14 13 15 12 11 13 10 9 11 8 7 9 6 5 7 4 3 5 30 29 31 28 27 29 26 25 27 24 23 25 22 21 23 20 19 21 18 17 19 16 15 17 14 13 15 12 11 13 10 9 11 8 7 9 6 5 7 20 19 21 22 21 23 28 27 29 26 25 27 24 23 25 22 21 23 20 19 21 18 17 19 16 15 17 14 13 15 12 11 13 10 9 11 8 7 9 12 11 13 14 13 15 20 19 21 18 17 19 16 15 17 26 25 27 24 23 25 22 21 23 20 19 21 18 17 19 16 15 17 14 13 15 12 11 13 10 9 11 12 11 13 14 13 15 24 23 25 22 21 23 20 19 21 18 17 19 16 15 17
[16.359260s] A=259 K=481 i=4.441561662e+09) 37 35 33 31 29 27 25 23 21 19 17 15 13 11 9 7 5 3 1 2 1 3 4 3 5 6 5 7 4 3 5 2 1 3 8 7 9 6 5 7 4 3 5 2 1 3 10 9 11 8 7 9 6 5 7 12 11 13 10 9 11 8 7 9 6 5 7 4 3 5 14 13 15 12 11 13 10 9 11 8 7 9 6 5 7 4 3 5 2 1 3 16 15 17 14 13 15 12 11 13 10 9 11 8 7 9 18 17 19 16 15 17 14 13 15 12 11 13 10 9 11 8 7 9 6 5 7 4 3 5 2 1 3 20 19 21 18 17 19 16 15 17 14 13 15 12 11 13 10 9 11 8 7 9 6 5 7 4 3 5 22 21 23 20 19 21 18 17 19 16 15 17 14 13 15 12 11 13 10 9 11 26 25 27 24 23 25 22 21 23 20 19 21 18 17 19 16 15 17 14 13 15 12 11 13 10 9 11 28 27 29 26 25 27 24 23 25 22 21 23 20 19 21 18 17 19 16 15 17 14 13 15 12 11 13 28 27 29 26 25 27 24 23 25 22 21 23 20 19 21 18 17 19 30 29 31 28 27 29 26 25 27 24 23 25 22 21 23 20 19 21 32 31 33 30 29 31 28 27 29 26 25 27 24 23 25 22 21 23 20 19 21 18 17 19 16 15 17 14 13 15 12 11 13 10 9 11 8 7 9 6 5 7 10 9 11 18 17 19 16 15 17 20 19 21 34 33 35 32 31 33 30 29 31 28 27 29 26 25 27 24 23 25 22 21 23 20 19 21 18 17 19 16 15 17 14 13 15 12 11 13 14 13 15 16 15 17 36 35 37 34 33 35 32 31 33 30 29 31 28 27 29 26 25 27 24 23 25 22 21 23 20 19 21 18 17 19 16 15 17 14 13 15 12 11 13 10 9 11 8 7 9 6 5 7 4 3 5 2 1 3 0 1 10 9 11 8 7 9 6 5 7 4 3 5 2 1 3 4 3 5 12 11 13 10 9 11 8 7 9 6 5 7 8 7 9 10 9 11 12 11 13 14 13 15 22 21 23 20 19 21 18 17 19 16 15 17 18 17 19 20 19 21 22 21 23 24 23 25 26 25 27 28 27 29 30 29 31 32 31 33 34 33 35 36 35 37 34 33 35 32 31 33 30 29 31 28 27 29 26 25 27 24 23 25 22 21 23 20 19 21 18 17 19 16 15 17 14 13 15 12 11 13 10 9 11 8 7 9 6 5 7 4 3 5 2 1 3 32 31 33 30 29 31 28 27 29 26 25 27 24 23 25 22 21 23 20 19 21 18 17 19 16 15 17 14 13 15 12 11 13 10 9 11 8 7 9 6 5 7 4 3 5 30 29 31 28 27 29 26 25 27 24 23 25 22 21 23 20 19 21 18 17 19 16 15 17 14 13 15 12 11 13 10 9 11 8 7 9 6 5 7 12 11 13 22 21 23 20 19 21 18 17 19 16 15 17 14 13 15 28 27 29 26 25 27 24 23 25 22 21 23 20 19 21 18 17 19 16 15 17 14 13 15 12 11 13 10 9 11 8 7 9 10 9 11 12 11 13 24 23 25 22 21 23 20 19 21 18 17 19 16 15 17 14 13 15 12 11 13 26 25 27 24 23 25 22 21 23 20 19 21 18 17 19 16 15 17 14 13 15
[16.545239s] A=259 K=481 i=4.493393589e+09) 37 35 33 31 29 27 25 23 21 19 17 15 13 11 9 7 5 3 1 2 1 3 4 3 5 6 5 7 4 3 5 2 1 3 8 7 9 6 5 7 4 3 5 2 1 3 10 9 11 8 7 9 6 5 7 12 11 13 10 9 11 8 7 9 6 5 7 4 3 5 14 13 15 12 11 13 10 9 11 8 7 9 6 5 7 4 3 5 2 1 3 16 15 17 14 13 15 12 11 13 10 9 11 8 7 9 18 17 19 16 15 17 14 13 15 12 11 13 10 9 11 8 7 9 6 5 7 4 3 5 2 1 3 20 19 21 18 17 19 16 15 17 14 13 15 12 11 13 10 9 11 8 7 9 6 5 7 4 3 5 22 21 23 20 19 21 18 17 19 16 15 17 14 13 15 12 11 13 10 9 11 26 25 27 24 23 25 22 21 23 20 19 21 18 17 19 16 15 17 14 13 15 12 11 13 28 27 29 26 25 27 24 23 25 22 21 23 20 19 21 18 17 19 16 15 17 14 13 15 28 27 29 26 25 27 24 23 25 22 21 23 20 19 21 18 17 19 16 15 17 30 29 31 28 27 29 26 25 27 24 23 25 22 21 23 20 19 21 18 17 19 32 31 33 30 29 31 28 27 29 26 25 27 24 23 25 22 21 23 20 19 21 18 17 19 16 15 17 14 13 15 12 11 13 10 9 11 8 7 9 6 5 7 16 15 17 14 13 15 12 11 13 10 9 11 8 7 9 34 33 35 32 31 33 30 29 31 28 27 29 26 25 27 24 23 25 22 21 23 20 19 21 18 17 19 16 15 17 14 13 15 12 11 13 10 9 11 36 35 37 34 33 35 32 31 33 30 29 31 28 27 29 26 25 27 24 23 25 22 21 23 20 19 21 18 17 19 16 15 17 14 13 15 12 11 13 10 9 11 8 7 9 6 5 7 4 3 5 2 1 3 0 1 8 7 9 6 5 7 4 3 5 2 1 3 4 3 5 6 5 7 8 7 9 10 9 11 12 11 13 10 9 11 8 7 9 14 13 15 18 17 19 16 15 17 20 19 21 18 17 19 22 21 23 20 19 21 22 21 23 24 23 25 26 25 27 28 27 29 30 29 31 32 31 33 34 33 35 36 35 37 34 33 35 32 31 33 30 29 31 28 27 29 26 25 27 24 23 25 22 21 23 20 19 21 18 17 19 16 15 17 14 13 15 12 11 13 10 9 11 8 7 9 6 5 7 4 3 5 2 1 3 18 17 19 16 15 17 32 31 33 30 29 31 28 27 29 26 25 27 24 23 25 22 21 23 20 19 21 18 17 19 16 15 17 14 13 15 12 11 13 10 9 11 8 7 9 6 5 7 4 3 5 22 21 23 20 19 21 24 23 25 30 29 31 28 27 29 26 25 27 24 23 25 22 21 23 20 19 21 18 17 19 16 15 17 14 13 15 12 11 13 10 9 11 8 7 9 6 5 7 12 11 13 18 17 19 16 15 17 14 13 15 28 27 29 26 25 27 24 23 25 22 21 23 20 19 21 18 17 19 16 15 17 14 13 15 12 11 13 10 9 11 8 7 9 10 9 11 12 11 13 22 21 23 20 19 21 18 17 19 16 15 17 14 13 15 12 11 13 26 25 27 24 23 25 22 21 23 20 19 21 18 17 19 16 15 17 14 13 15
[16.649968s] A=259 K=481 i=4.52598458e+09) 37 35 33 31 29 27 25 23 21 19 17 15 13 11 9 7 5 3 1 2 1 3 4 3 5 6 5 7 4 3 5 2 1 3 8 7 9 6 5 7 4 3 5 2 1 3 10 9 11 8 7 9 6 5 7 12 11 13 10 9 11 8 7 9 6 5 7 4 3 5 14 13 15 12 11 13 10 9 11 8 7 9 6 5 7 4 3 5 2 1 3 16 15 17 14 13 15 12 11 13 10 9 11 8 7 9 18 17 19 16 15 17 14 13 15 12 11 13 10 9 11 8 7 9 6 5 7 4 3 5 2 1 3 20 19 21 18 17 19 16 15 17 14 13 15 12 11 13 10 9 11 8 7 9 6 5 7 4 3 5 22 21 23 20 19 21 18 17 19 16 15 17 14 13 15 12 11 13 10 9 11 26 25 27 24 23 25 22 21 23 20 19 21 18 17 19 16 15 17 14 13 15 12 11 13 28 27 29 26 25 27 24 23 25 22 21 23 20 19 21 18 17 19 16 15 17 28 27 29 26 25 27 24 23 25 22 21 23 20 19 21 30 29 31 28 27 29 26 25 27 24 23 25 22 21 23 20 19 21 18 17 19 32 31 33 30 29 31 28 27 29 26 25 27 24 23 25 22 21 23 20 19 21 18 17 19 16 15 17 14 13 15 12 11 13 10 9 11 8 7 9 6 5 7 16 15 17 14 13 15 12 11 13 10 9 11 8 7 9 14 13 15 18 17 19 16 15 17 22 21 23 20 19 21 18 17 19 34 33 35 32 31 33 30 29 31 28 27 29 26 25 27 24 23 25 22 21 23 20 19 21 18 17 19 16 15 17 14 13 15 12 11 13 10 9 11 36 35 37 34 33 35 32 31 33 30 29 31 28 27 29 26 25 27 24 23 25 22 21 23 20 19 21 18 17 19 16 15 17 14 13 15 12 11 13 10 9 11 8 7 9 6 5 7 4 3 5 2 1 3 0 1 8 7 9 6 5 7 4 3 5 2 1 3 4 3 5 6 5 7 8 7 9 10 9 11 12 11 13 10 9 11 8 7 9 14 13 15 16 15 17 18 17 19 20 19 21 22 21 23 24 23 25 26 25 27 28 27 29 30 29 31 32 31 33 34 33 35 36 35 37 34 33 35 32 31 33 30 29 31 28 27 29 26 25 27 24 23 25 22 21 23 20 19 21 18 17 19 16 15 17 14 13 15 12 11 13 10 9 11 8 7 9 6 5 7 4 3 5 2 1 3 18 17 19 20 19 21 22 21 23 32 31 33 30 29 31 28 27 29 26 25 27 24 23 25 22 21 23 20 19 21 18 17 19 16 15 17 14 13 15 12 11 13 10 9 11 8 7 9 6 5 7 4 3 5 30 29 31 28 27 29 26 25 27 24 23 25 22 21 23 20 19 21 18 17 19 16 15 17 14 13 15 12 11 13 10 9 11 8 7 9 6 5 7 12 11 13 20 19 21 18 17 19 16 15 17 14 13 15 28 27 29 26 25 27 24 23 25 22 21 23 20 19 21 18 17 19 16 15 17 14 13 15 12 11 13 10 9 11 8 7 9 10 9 11 12 11 13 24 23 25 22 21 23 20 19 21 18 17 19 16 15 17 14 13 15 12 11 13 26 25 27 24 23 25 22 21 23 20 19 21 18 17 19 16 15 17 14 13 15
[17.624464s] A=259 K=481 i=4.781814669e+09) 37 35 33 31 29 27 25 23 21 19 17 15 13 11 9 7 5 3 1 2 1 3 4 3 5 6 5 7 4 3 5 2 1 3 8 7 9 6 5 7 4 3 5 2 1 3 10 9 11 8 7 9 6 5 7 12 11 13 10 9 11 8 7 9 6 5 7 4 3 5 14 13 15 12 11 13 10 9 11 8 7 9 6 5 7 4 3 5 2 1 3 16 15 17 14 13 15 12 11 13 10 9 11 8 7 9 18 17 19 16 15 17 14 13 15 12 11 13 10 9 11 8 7 9 6 5 7 4 3 5 2 1 3 20 19 21 18 17 19 16 15 17 14 13 15 12 11 13 10 9 11 8 7 9 6 5 7 4 3 5 22 21 23 20 19 21 18 17 19 16 15 17 14 13 15 12 11 13 10 9 11 28 27 29 26 25 27 24 23 25 22 21 23 20 19 21 18 17 19 16 15 17 14 13 15 12 11 13 10 9 11 26 25 27 24 23 25 22 21 23 20 19 21 18 17 19 16 15 17 14 13 15 12 11 13 28 27 29 26 25 27 24 23 25 22 21 23 20 19 21 18 17 19 16 15 17 14 13 15 30 29 31 28 27 29 26 25 27 24 23 25 22 21 23 20 19 21 18 17 19 16 15 17 32 31 33 30 29 31 28 27 29 26 25 27 24 23 25 22 21 23 20 19 21 18 17 19 16 15 17 14 13 15 12 11 13 10 9 11 8 7 9 6 5 7 34 33 35 32 31 33 30 29 31 28 27 29 26 25 27 24 23 25 22 21 23 20 19 21 18 17 19 36 35 37 34 33 35 32 31 33 30 29 31 28 27 29 26 25 27 24 23 25 22 21 23 20 19 21 18 17 19 16 15 17 14 13 15 12 11 13 10 9 11 8 7 9 6 5 7 4 3 5 2 1 3 0 1 16 15 17 14 13 15 12 11 13 10 9 11 8 7 9 6 5 7 4 3 5 2 1 3 4 3 5 14 13 15 12 11 13 10 9 11 8 7 9 6 5 7 8 7 9 10 9 11 12 11 13 14 13 15 16 15 17 18 17 19 16 15 17 20 19 21 18 17 19 22 21 23 24 23 25 26 25 27 28 27 29 30 29 31 32 31 33 34 33 35 36 35 37 34 33 35 32 31 33 30 29 31 28 27 29 26 25 27 24 23 25 22 21 23 20 19 21 18 17 19 16 15 17 14 13 15 12 11 13 10 9 11 8 7 9 6 5 7 4 3 5 2 1 3 22 21 23 20 19 21 32 31 33 30 29 31 28 27 29 26 25 27 24 23 25 22 21 23 20 19 21 18 17 19 16 15 17 14 13 15 12 11 13 10 9 11 8 7 9 6 5 7 4 3 5 18 17 19 16 15 17 20 19 21 30 29 31 28 27 29 26 25 27 24 23 25 22 21 23 20 19 21 18 17 19 16 15 17 14 13 15 12 11 13 10 9 11 8 7 9 6 5 7 28 27 29 26 25 27 24 23 25 22 21 23 20 19 21 18 17 19 16 15 17 14 13 15 12 11 13 10 9 11 8 7 9 10 9 11 14 13 15 12 11 13 18 17 19 16 15 17 26 25 27 24 23 25 22 21 23 20 19 21 18 17 19 16 15 17 14 13 15 12 11 13 24 23 25 22 21 23 20 19 21 18 17 19 16 15 17 14 13 15
[17.624576s] A=259 K=481 i=4.781815689e+09) 37 35 33 31 29 27 25 23 21 19 17 15 13 11 9 7 5 3 1 2 1 3 4 3 5 6 5 7 4 3 5 2 1 3 8 7 9 6 5 7 4 3 5 2 1 3 10 9 11 8 7 9 6 5 7 12 11 13 10 9 11 8 7 9 6 5 7 4 3 5 14 13 15 12 11 13 10 9 11 8 7 9 6 5 7 4 3 5 2 1 3 16 15 17 14 13 15 12 11 13 10 9 11 8 7 9 18 17 19 16 15 17 14 13 15 12 11 13 10 9 11 8 7 9 6 5 7 4 3 5 2 1 3 20 19 21 18 17 19 16 15 17 14 13 15 12 11 13 10 9 11 8 7 9 6 5 7 4 3 5 22 21 23 20 19 21 18 17 19 16 15 17 14 13 15 12 11 13 10 9 11 28 27 29 26 25 27 24 23 25 22 21 23 20 19 21 18 17 19 16 15 17 14 13 15 12 11 13 10 9 11 26 25 27 24 23 25 22 21 23 20 19 21 18 17 19 16 15 17 14 13 15 12 11 13 28 27 29 26 25 27 24 23 25 22 21 23 20 19 21 18 17 19 16 15 17 14 13 15 30 29 31 28 27 29 26 25 27 24 23 25 22 21 23 20 19 21 18 17 19 16 15 17 32 31 33 30 29 31 28 27 29 26 25 27 24 23 25 22 21 23 20 19 21 18 17 19 16 15 17 14 13 15 12 11 13 10 9 11 8 7 9 6 5 7 34 33 35 32 31 33 30 29 31 28 27 29 26 25 27 24 23 25 22 21 23 20 19 21 18 17 19 36 35 37 34 33 35 32 31 33 30 29 31 28 27 29 26 25 27 24 23 25 22 21 23 20 19 21 18 17 19 16 15 17 14 13 15 12 11 13 10 9 11 8 7 9 6 5 7 4 3 5 2 1 3 0 1 16 15 17 14 13 15 12 11 13 10 9 11 8 7 9 6 5 7 4 3 5 2 1 3 4 3 5 14 13 15 12 11 13 10 9 11 8 7 9 6 5 7 8 7 9 10 9 11 12 11 13 14 13 15 16 15 17 18 17 19 20 19 21 18 17 19 16 15 17 22 21 23 24 23 25 26 25 27 28 27 29 30 29 31 32 31 33 34 33 35 36 35 37 34 33 35 32 31 33 30 29 31 28 27 29 26 25 27 24 23 25 22 21 23 20 19 21 18 17 19 16 15 17 14 13 15 12 11 13 10 9 11 8 7 9 6 5 7 4 3 5 2 1 3 20 19 21 22 21 23 32 31 33 30 29 31 28 27 29 26 25 27 24 23 25 22 21 23 20 19 21 18 17 19 16 15 17 14 13 15 12 11 13 10 9 11 8 7 9 6 5 7 4 3 5 18 17 19 20 19 21 30 29 31 28 27 29 26 25 27 24 23 25 22 21 23 20 19 21 18 17 19 16 15 17 14 13 15 12 11 13 10 9 11 8 7 9 6 5 7 18 17 19 16 15 17 28 27 29 26 25 27 24 23 25 22 21 23 20 19 21 18 17 19 16 15 17 14 13 15 12 11 13 10 9 11 8 7 9 10 9 11 14 13 15 12 11 13 16 15 17 26 25 27 24 23 25 22 21 23 20 19 21 18 17 19 16 15 17 14 13 15 12 11 13 24 23 25 22 21 23 20 19 21 18 17 19 16 15 17 14 13 15
[18.846473s] A=259 K=481 i=5.126631977e+09) 37 35 33 31 29 27 25 23 21 19 17 15 13 11 9 7 5 3 1 2 1 3 4 3 5 6 5 7 4 3 5 2 1 3 8 7 9 6 5 7 4 3 5 2 1 3 10 9 11 8 7 9 6 5 7 12 11 13 10 9 11 8 7 9 6 5 7 4 3 5 14 13 15 12 11 13 10 9 11 8 7 9 6 5 7 4 3 5 2 1 3 16 15 17 14 13 15 12 11 13 10 9 11 8 7 9 18 17 19 16 15 17 14 13 15 12 11 13 10 9 11 8 7 9 6 5 7 4 3 5 2 1 3 20 19 21 18 17 19 16 15 17 14 13 15 12 11 13 10 9 11 8 7 9 6 5 7 4 3 5 22 21 23 20 19 21 18 17 19 16 15 17 14 13 15 12 11 13 24 23 25 22 21 23 20 19 21 18 17 19 16 15 17 14 13 15 12 11 13 10 9 11 26 25 27 24 23 25 22 21 23 20 19 21 18 17 19 16 15 17 14 13 15 28 27 29 26 25 27 24 23 25 22 21 23 20 19 21 18 17 19 30 29 31 28 27 29 26 25 27 24 23 25 22 21 23 20 19 21 32 31 33 30 29 31 28 27 29 26 25 27 24 23 25 22 21 23 20 19 21 18 17 19 16 15 17 14 13 15 12 11 13 10 9 11 8 7 9 6 5 7 18 17 19 16 15 17 14 13 15 12 11 13 10 9 11 8 7 9 16 15 17 18 17 19 20 19 21 34 33 35 32 31 33 30 29 31 28 27 29 26 25 27 24 23 25 22 21 23 20 19 21 18 17 19 16 15 17 14 13 15 12 11 13 10 9 11 8 7 9 6 5 7 4 3 5 36 35 37 34 33 35 32 31 33 30 29 31 28 27 29 26 25 27 24 23 25 22 21 23 20 19 21 18 17 19 16 15 17 14 13 15 12 11 13 10 9 11 8 7 9 6 5 7 4 3 5 2 1 3 0 1 2 1 3 4 3 5 6 5 7 8 7 9 10 9 11 12 11 13 14 13 15 16 15 17 18 17 19 20 19 21 22 21 23 24 23 25 26 25 27 28 27 29 30 29 31 32 31 33 34 33 35 36 35 37 34 33 35 32 31 33 30 29 31 28 27 29 26 25 27 24 23 25 22 21 23 20 19 21 18 17 19 16 15 17 14 13 15 12 11 13 10 9 11 8 7 9 6 5 7 4 3 5 2 1 3 12 11 13 10 9 11 32 31 33 30 29 31 28 27 29 26 25 27 24 23 25 22 21 23 20 19 21 18 17 19 16 15 17 14 13 15 12 11 13 10 9 11 8 7 9 6 5 7 4 3 5 8 7 9 10 9 11 22 21 23 20 19 21 18 17 19 16 15 17 24 23 25 22 21 23 20 19 21 18 17 19 16 15 17 14 13 15 26 25 27 24 23 25 22 21 23 20 19 21 30 29 31 28 27 29 26 25 27 24 23 25 22 21 23 20 19 21 18 17 19 16 15 17 14 13 15 12 11 13 10 9 11 8 7 9 6 5 7 18 17 19 16 15 17 14 13 15 12 11 13 20 19 21 28 27 29 26 25 27 24 23 25 22 21 23 20 19 21 18 17 19 16 15 17 14 13 15 12 11 13 10 9 11 8 7 9 10 9 11 12 11 13 14 13 15 18 17 19 16 15 17 20 19 21
[18.846758s] A=259 K=481 i=5.126654967e+09) 37 35 33 31 29 27 25 23 21 19 17 15 13 11 9 7 5 3 1 2 1 3 4 3 5 6 5 7 4 3 5 2 1 3 8 7 9 6 5 7 4 3 5 2 1 3 10 9 11 8 7 9 6 5 7 12 11 13 10 9 11 8 7 9 6 5 7 4 3 5 14 13 15 12 11 13 10 9 11 8 7 9 6 5 7 4 3 5 2 1 3 16 15 17 14 13 15 12 11 13 10 9 11 8 7 9 18 17 19 16 15 17 14 13 15 12 11 13 10 9 11 8 7 9 6 5 7 4 3 5 2 1 3 20 19 21 18 17 19 16 15 17 14 13 15 12 11 13 10 9 11 8 7 9 6 5 7 4 3 5 22 21 23 20 19 21 18 17 19 16 15 17 14 13 15 12 11 13 24 23 25 22 21 23 20 19 21 18 17 19 16 15 17 14 13 15 12 11 13 10 9 11 26 25 27 24 23 25 22 21 23 20 19 21 18 17 19 16 15 17 14 13 15 28 27 29 26 25 27 24 23 25 22 21 23 20 19 21 18 17 19 30 29 31 28 27 29 26 25 27 24 23 25 22 21 23 20 19 21 32 31 33 30 29 31 28 27 29 26 25 27 24 23 25 22 21 23 20 19 21 18 17 19 16 15 17 14 13 15 12 11 13 10 9 11 8 7 9 6 5 7 18 17 19 16 15 17 14 13 15 12 11 13 10 9 11 8 7 9 16 15 17 18 17 19 20 19 21 34 33 35 32 31 33 30 29 31 28 27 29 26 25 27 24 23 25 22 21 23 20 19 21 18 17 19 36 35 37 34 33 35 32 31 33 30 29 31 28 27 29 26 25 27 24 23 25 22 21 23 20 19 21 18 17 19 16 15 17 14 13 15 12 11 13 10 9 11 8 7 9 6 5 7 4 3 5 2 1 3 0 1 2 1 3 4 3 5 6 5 7 8 7 9 16 15 17 14 13 15 12 11 13 10 9 11 8 7 9 6 5 7 4 3 5 2 1 3 12 11 13 10 9 11 14 13 15 18 17 19 16 15 17 18 17 19 20 19 21 22 21 23 24 23 25 26 25 27 28 27 29 30 29 31 32 31 33 34 33 35 36 35 37 34 33 35 32 31 33 30 29 31 28 27 29 26 25 27 24 23 25 22 21 23 20 19 21 18 17 19 16 15 17 14 13 15 12 11 13 10 9 11 8 7 9 6 5 7 4 3 5 2 1 3 32 31 33 30 29 31 28 27 29 26 25 27 24 23 25 22 21 23 20 19 21 18 17 19 16 15 17 14 13 15 12 11 13 10 9 11 8 7 9 6 5 7 4 3 5 12 11 13 10 9 11 8 7 9 20 19 21 18 17 19 24 23 25 22 21 23 20 19 21 18 17 19 16 15 17 14 13 15 26 25 27 24 23 25 22 21 23 30 29 31 28 27 29 26 25 27 24 23 25 22 21 23 20 19 21 18 17 19 16 15 17 14 13 15 12 11 13 10 9 11 8 7 9 6 5 7 20 19 21 18 17 19 16 15 17 14 13 15 12 11 13 16 15 17 22 21 23 20 19 21 18 17 19 28 27 29 26 25 27 24 23 25 22 21 23 20 19 21 18 17 19 16 15 17 14 13 15 12 11 13 10 9 11 8 7 9 10 9 11 12 11 13 16 15 17 14 13 15
[19.373752s] A=259 K=481 i=5.282123214e+09) 37 35 33 31 29 27 25 23 21 19 17 15 13 11 9 7 5 3 1 2 1 3 4 3 5 6 5 7 4 3 5 2 1 3 8 7 9 6 5 7 4 3 5 2 1 3 10 9 11 8 7 9 6 5 7 12 11 13 10 9 11 8 7 9 6 5 7 4 3 5 14 13 15 12 11 13 10 9 11 8 7 9 6 5 7 4 3 5 2 1 3 16 15 17 14 13 15 12 11 13 10 9 11 8 7 9 18 17 19 16 15 17 14 13 15 12 11 13 10 9 11 8 7 9 6 5 7 4 3 5 2 1 3 20 19 21 18 17 19 16 15 17 14 13 15 12 11 13 10 9 11 8 7 9 6 5 7 4 3 5 22 21 23 20 19 21 18 17 19 16 15 17 14 13 15 12 11 13 24 23 25 22 21 23 20 19 21 18 17 19 16 15 17 14 13 15 12 11 13 10 9 11 26 25 27 24 23 25 22 21 23 20 19 21 18 17 19 16 15 17 28 27 29 26 25 27 24 23 25 22 21 23 20 19 21 18 17 19 30 29 31 28 27 29 26 25 27 24 23 25 22 21 23 20 19 21 32 31 33 30 29 31 28 27 29 26 25 27 24 23 25 22 21 23 20 19 21 18 17 19 16 15 17 14 13 15 12 11 13 10 9 11 8 7 9 6 5 7 14 13 15 12 11 13 10 9 11 8 7 9 16 15 17 14 13 15 12 11 13 18 17 19 16 15 17 20 19 21 34 33 35 32 31 33 30 29 31 28 27 29 26 25 27 24 23 25 22 21 23 20 19 21 18 17 19 16 15 17 14 13 15 36 35 37 34 33 35 32 31 33 30 29 31 28 27 29 26 25 27 24 23 25 22 21 23 20 19 21 18 17 19 16 15 17 14 13 15 12 11 13 10 9 11 8 7 9 6 5 7 4 3 5 2 1 3 0 1 12 11 13 10 9 11 8 7 9 6 5 7 4 3 5 2 1 3 4 3 5 6 5 7 8 7 9 10 9 11 12 11 13 14 13 15 22 21 23 20 19 21 18 17 19 16 15 17 18 17 19 20 19 21 22 21 23 24 23 25 26 25 27 28 27 29 30 29 31 32 31 33 34 33 35 36 35 37 34 33 35 32 31 33 30 29 31 28 27 29 26 25 27 24 23 25 22 21 23 20 19 21 18 17 19 16 15 17 14 13 15 12 11 13 10 9 11 8 7 9 6 5 7 4 3 5 2 1 3 12 11 13 10 9 11 8 7 9 32 31 33 30 29 31 28 27 29 26 25 27 24 23 25 22 21 23 20 19 21 18 17 19 16 15 17 14 13 15 12 11 13 10 9 11 8 7 9 6 5 7 4 3 5 6 5 7 8 7 9 30 29 31 28 27 29 26 25 27 24 23 25 22 21 23 20 19 21 18 17 19 16 15 17 14 13 15 12 11 13 10 9 11 8 7 9 6 5 7 22 21 23 20 19 21 18 17 19 16 15 17 14 13 15 26 25 27 24 23 25 22 21 23 20 19 21 18 17 19 16 15 17 14 13 15 12 11 13 10 9 11 24 23 25 22 21 23 20 19 21 18 17 19 16 15 17 14 13 15 12 11 13 28 27 29 26 25 27 24 23 25 22 21 23 20 19 21 18 17 19 16 15 17 14 13 15 12 11 13 10 9 11 8 7 9
[19.378863s] A=259 K=481 i=5.2842379e+09) 37 35 33 31 29 27 25 23 21 19 17 15 13 11 9 7 5 3 1 2 1 3 4 3 5 6 5 7 4 3 5 2 1 3 8 7 9 6 5 7 4 3 5 2 1 3 10 9 11 8 7 9 6 5 7 12 11 13 10 9 11 8 7 9 6 5 7 4 3 5 14 13 15 12 11 13 10 9 11 8 7 9 6 5 7 4 3 5 2 1 3 16 15 17 14 13 15 12 11 13 10 9 11 8 7 9 18 17 19 16 15 17 14 13 15 12 11 13 10 9 11 8 7 9 6 5 7 4 3 5 2 1 3 20 19 21 18 17 19 16 15 17 14 13 15 12 11 13 10 9 11 8 7 9 6 5 7 4 3 5 22 21 23 20 19 21 18 17 19 16 15 17 14 13 15 12 11 13 24 23 25 22 21 23 20 19 21 18 17 19 16 15 17 14 13 15 12 11 13 10 9 11 26 25 27 24 23 25 22 21 23 20 19 21 18 17 19 16 15 17 28 27 29 26 25 27 24 23 25 22 21 23 20 19 21 18 17 19 30 29 31 28 27 29 26 25 27 24 23 25 22 21 23 20 19 21 32 31 33 30 29 31 28 27 29 26 25 27 24 23 25 22 21 23 20 19 21 18 17 19 16 15 17 14 13 15 12 11 13 10 9 11 8 7 9 6 5 7 14 13 15 12 11 13 16 15 17 18 17 19 16 15 17 14 13 15 20 19 21 34 33 35 32 31 33 30 29 31 28 27 29 26 25 27 24 23 25 22 21 23 36 35 37 34 33 35 32 31 33 30 29 31 28 27 29 26 25 27 24 23 25 22 21 23 20 19 21 18 17 19 16 15 17 14 13 15 12 11 13 10 9 11 8 7 9 6 5 7 4 3 5 2 1 3 0 1 2 1 3 4 3 5 12 11 13 10 9 11 8 7 9 6 5 7 20 19 21 18 17 19 16 15 17 14 13 15 12 11 13 10 9 11 8 7 9 6 5 7 4 3 5 2 1 3 10 9 11 8 7 9 12 11 13 14 13 15 22 21 23 20 19 21 18 17 19 16 15 17 18 17 19 20 19 21 22 21 23 24 23 25 26 25 27 28 27 29 30 29 31 32 31 33 34 33 35 36 35 37 34 33 35 32 31 33 30 29 31 28 27 29 26 25 27 24 23 25 22 21 23 20 19 21 18 17 19 16 15 17 14 13 15 12 11 13 10 9 11 8 7 9 6 5 7 4 3 5 2 1 3 32 31 33 30 29 31 28 27 29 26 25 27 24 23 25 22 21 23 20 19 21 18 17 19 16 15 17 14 13 15 12 11 13 10 9 11 8 7 9 6 5 7 4 3 5 20 19 21 22 21 23 26 25 27 24 23 25 30 29 31 28 27 29 26 25 27 24 23 25 22 21 23 20 19 21 18 17 19 16 15 17 14 13 15 12 11 13 10 9 11 8 7 9 6 5 7 12 11 13 10 9 11 8 7 9 20 19 21 18 17 19 16 15 17 14 13 15 22 21 23 20 19 21 18 17 19 16 15 17 14 13 15 12 11 13 10 9 11 24 23 25 22 21 23 20 19 21 18 17 19 16 15 17 14 13 15 12 11 13 28 27 29 26 25 27 24 23 25 22 21 23 20 19 21 18 17 19 16 15 17 14 13 15 12 11 13 10 9 11 8 7 9
[19.518747s] A=259 K=481 i=5.32313923e+09) 37 35 33 31 29 27 25 23 21 19 17 15 13 11 9 7 5 3 1 2 1 3 4 3 5 6 5 7 4 3 5 2 1 3 8 7 9 6 5 7 4 3 5 2 1 3 10 9 11 8 7 9 6 5 7 12 11 13 10 9 11 8 7 9 6 5 7 4 3 5 14 13 15 12 11 13 10 9 11 8 7 9 6 5 7 4 3 5 2 1 3 16 15 17 14 13 15 12 11 13 10 9 11 8 7 9 18 17 19 16 15 17 14 13 15 12 11 13 10 9 11 8 7 9 6 5 7 4 3 5 2 1 3 20 19 21 18 17 19 16 15 17 14 13 15 12 11 13 10 9 11 8 7 9 6 5 7 4 3 5 22 21 23 20 19 21 18 17 19 16 15 17 14 13 15 12 11 13 24 23 25 22 21 23 20 19 21 18 17 19 16 15 17 14 13 15 12 11 13 10 9 11 26 25 27 24 23 25 22 21 23 20 19 21 18 17 19 16 15 17 28 27 29 26 25 27 24 23 25 22 21 23 20 19 21 30 29 31 28 27 29 26 25 27 24 23 25 22 21 23 20 19 21 18 17 19 16 15 17 14 13 15 12 11 13 10 9 11 8 7 9 6 5 7 14 13 15 12 11 13 32 31 33 30 29 31 28 27 29 26 25 27 24 23 25 22 21 23 20 19 21 18 17 19 16 15 17 14 13 15 18 17 19 16 15 17 22 21 23 20 19 21 18 17 19 34 33 35 32 31 33 30 29 31 28 27 29 26 25 27 24 23 25 22 21 23 20 19 21 36 35 37 34 33 35 32 31 33 30 29 31 28 27 29 26 25 27 24 23 25 22 21 23 20 19 21 18 17 19 16 15 17 14 13 15 12 11 13 10 9 11 8 7 9 6 5 7 4 3 5 2 1 3 0 1 2 1 3 12 11 13 10 9 11 8 7 9 6 5 7 4 3 5 18 17 19 16 15 17 14 13 15 12 11 13 10 9 11 8 7 9 6 5 7 4 3 5 2 1 3 8 7 9 10 9 11 12 11 13 14 13 15 16 15 17 18 17 19 20 19 21 22 21 23 24 23 25 26 25 27 28 27 29 30 29 31 32 31 33 34 33 35 36 35 37 34 33 35 32 31 33 30 29 31 28 27 29 26 25 27 24 23 25 22 21 23 20 19 21 18 17 19 16 15 17 14 13 15 12 11 13 10 9 11 8 7 9 6 5 7 4 3 5 2 1 3 18 17 19 20 19 21 22 21 23 32 31 33 30 29 31 28 27 29 26 25 27 24 23 25 22 21 23 20 19 21 18 17 19 16 15 17 14 13 15 12 11 13 10 9 11 8 7 9 6 5 7 4 3 5 30 29 31 28 27 29 26 25 27 24 23 25 22 21 23 20 19 21 18 17 19 16 15 17 14 13 15 12 11 13 10 9 11 8 7 9 6 5 7 12 11 13 10 9 11 8 7 9 20 19 21 18 17 19 16 15 17 14 13 15 28 27 29 26 25 27 24 23 25 22 21 23 20 19 21 18 17 19 16 15 17 14 13 15 12 11 13 10 9 11 8 7 9 24 23 25 22 21 23 20 19 21 18 17 19 16 15 17 14 13 15 12 11 13 26 25 27 24 23 25 22 21 23 20 19 21 18 17 19 16 15 17 14 13 15 12 11 13 10 9 11
[19.537428s] A=259 K=481 i=5.328727841e+09) 37 35 33 31 29 27 25 23 21 19 17 15 13 11 9 7 5 3 1 2 1 3 4 3 5 6 5 7 4 3 5 2 1 3 8 7 9 6 5 7 4 3 5 2 1 3 10 9 11 8 7 9 6 5 7 12 11 13 10 9 11 8 7 9 6 5 7 4 3 5 14 13 15 12 11 13 10 9 11 8 7 9 6 5 7 4 3 5 2 1 3 16 15 17 14 13 15 12 11 13 10 9 11 8 7 9 18 17 19 16 15 17 14 13 15 12 11 13 10 9 11 8 7 9 6 5 7 4 3 5 2 1 3 20 19 21 18 17 19 16 15 17 14 13 15 12 11 13 10 9 11 8 7 9 6 5 7 4 3 5 22 21 23 20 19 21 18 17 19 16 15 17 14 13 15 12 11 13 24 23 25 22 21 23 20 19 21 18 17 19 16 15 17 14 13 15 12 11 13 10 9 11 26 25 27 24 23 25 22 21 23 20 19 21 18 17 19 16 15 17 28 27 29 26 25 27 24 23 25 22 21 23 20 19 21 30 29 31 28 27 29 26 25 27 24 23 25 22 21 23 20 19 21 18 17 19 32 31 33 30 29 31 28 27 29 26 25 27 24 23 25 22 21 23 20 19 21 18 17 19 16 15 17 14 13 15 12 11 13 10 9 11 8 7 9 6 5 7 14 13 15 12 11 13 16 15 17 14 13 15 18 17 19 16 15 17 22 21 23 20 19 21 18 17 19 34 33 35 32 31 33 30 29 31 28 27 29 26 25 27 24 23 25 22 21 23 20 19 21 36 35 37 34 33 35 32 31 33 30 29 31 28 27 29 26 25 27 24 23 25 22 21 23 20 19 21 18 17 19 16 15 17 14 13 15 12 11 13 10 9 11 8 7 9 6 5 7 4 3 5 2 1 3 0 1 2 1 3 4 3 5 12 11 13 10 9 11 8 7 9 6 5 7 18 17 19 16 15 17 14 13 15 12 11 13 10 9 11 8 7 9 6 5 7 4 3 5 2 1 3 10 9 11 8 7 9 12 11 13 14 13 15 16 15 17 20 19 21 18 17 19 20 19 21 22 21 23 24 23 25 26 25 27 28 27 29 30 29 31 32 31 33 34 33 35 36 35 37 34 33 35 32 31 33 30 29 31 28 27 29 26 25 27 24 23 25 22 21 23 20 19 21 18 17 19 16 15 17 14 13 15 12 11 13 10 9 11 8 7 9 6 5 7 4 3 5 2 1 3 32 31 33 30 29 31 28 27 29 26 25 27 24 23 25 22 21 23 20 19 21 18 17 19 16 15 17 14 13 15 12 11 13 10 9 11 8 7 9 6 5 7 4 3 5 20 19 21 22 21 23 30 29 31 28 27 29 26 25 27 24 23 25 22 21 23 20 19 21 18 17 19 16 15 17 14 13 15 12 11 13 10 9 11 8 7 9 6 5 7 12 11 13 10 9 11 8 7 9 20 19 21 18 17 19 16 15 17 14 13 15 26 25 27 24 23 25 22 21 23 20 19 21 18 17 19 16 15 17 14 13 15 12 11 13 10 9 11 24 23 25 22 21 23 20 19 21 18 17 19 16 15 17 14 13 15 12 11 13 28 27 29 26 25 27 24 23 25 22 21 23 20 19 21 18 17 19 16 15 17 14 13 15 12 11 13 10 9 11 8 7 9
[19.547789s] A=259 K=481 i=5.333260662e+09) 37 35 33 31 29 27 25 23 21 19 17 15 13 11 9 7 5 3 1 2 1 3 4 3 5 6 5 7 4 3 5 2 1 3 8 7 9 6 5 7 4 3 5 2 1 3 10 9 11 8 7 9 6 5 7 12 11 13 10 9 11 8 7 9 6 5 7 4 3 5 14 13 15 12 11 13 10 9 11 8 7 9 6 5 7 4 3 5 2 1 3 16 15 17 14 13 15 12 11 13 10 9 11 8 7 9 18 17 19 16 15 17 14 13 15 12 11 13 10 9 11 8 7 9 6 5 7 4 3 5 2 1 3 20 19 21 18 17 19 16 15 17 14 13 15 12 11 13 10 9 11 8 7 9 6 5 7 4 3 5 22 21 23 20 19 21 18 17 19 16 15 17 14 13 15 12 11 13 24 23 25 22 21 23 20 19 21 18 17 19 16 15 17 14 13 15 12 11 13 10 9 11 26 25 27 24 23 25 22 21 23 20 19 21 18 17 19 16 15 17 28 27 29 26 25 27 24 23 25 22 21 23 20 19 21 30 29 31 28 27 29 26 25 27 24 23 25 22 21 23 32 31 33 30 29 31 28 27 29 26 25 27 24 23 25 22 21 23 20 19 21 18 17 19 16 15 17 14 13 15 12 11 13 10 9 11 8 7 9 6 5 7 14 13 15 20 19 21 18 17 19 16 15 17 18 17 19 22 21 23 20 19 21 34 33 35 32 31 33 30 29 31 28 27 29 26 25 27 24 23 25 22 21 23 36 35 37 34 33 35 32 31 33 30 29 31 28 27 29 26 25 27 24 23 25 22 21 23 20 19 21 18 17 19 16 15 17 14 13 15 12 11 13 10 9 11 8 7 9 6 5 7 4 3 5 2 1 3 0 1 14 13 15 12 11 13 10 9 11 8 7 9 16 15 17 18 17 19 20 19 21 18 17 19 16 15 17 14 13 15 12 11 13 10 9 11 8 7 9 6 5 7 4 3 5 2 1 3 4 3 5 6 5 7 8 7 9 10 9 11 12 11 13 14 13 15 16 15 17 18 17 19 22 21 23 20 19 21 22 21 23 24 23 25 26 25 27 28 27 29 30 29 31 32 31 33 34 33 35 36 35 37 34 33 35 32 31 33 30 29 31 28 27 29 26 25 27 24 23 25 22 21 23 20 19 21 18 17 19 16 15 17 14 13 15 12 11 13 10 9 11 8 7 9 6 5 7 4 3 5 2 1 3 18 17 19 20 19 21 22 21 23 32 31 33 30 29 31 28 27 29 26 25 27 24 23 25 22 21 23 20 19 21 18 17 19 16 15 17 14 13 15 12 11 13 10 9 11 8 7 9 6 5 7 4 3 5 12 11 13 10 9 11 30 29 31 28 27 29 26 25 27 24 23 25 22 21 23 20 19 21 18 17 19 16 15 17 14 13 15 12 11 13 10 9 11 8 7 9 6 5 7 8 7 9 10 9 11 20 19 21 18 17 19 16 15 17 14 13 15 28 27 29 26 25 27 24 23 25 22 21 23 20 19 21 18 17 19 16 15 17 14 13 15 12 11 13 10 9 11 8 7 9 24 23 25 22 21 23 20 19 21 18 17 19 16 15 17 14 13 15 12 11 13 26 25 27 24 23 25 22 21 23 20 19 21 18 17 19 16 15 17 14 13 15 12 11 13 10 9 11
[20.127385s] A=259 K=481 i=5.513475535e+09) 37 35 33 31 29 27 25 23 21 19 17 15 13 11 9 7 5 3 1 2 1 3 4 3 5 6 5 7 4 3 5 2 1 3 8 7 9 6 5 7 4 3 5 2 1 3 10 9 11 8 7 9 6 5 7 12 11 13 10 9 11 8 7 9 6 5 7 4 3 5 14 13 15 12 11 13 10 9 11 8 7 9 6 5 7 4 3 5 2 1 3 16 15 17 14 13 15 12 11 13 10 9 11 8 7 9 18 17 19 16 15 17 14 13 15 12 11 13 10 9 11 8 7 9 6 5 7 4 3 5 2 1 3 20 19 21 18 17 19 16 15 17 14 13 15 12 11 13 10 9 11 8 7 9 6 5 7 4 3 5 22 21 23 20 19 21 18 17 19 16 15 17 14 13 15 12 11 13 24 23 25 22 21 23 20 19 21 18 17 19 16 15 17 14 13 15 12 11 13 10 9 11 26 25 27 24 23 25 22 21 23 20 19 21 18 17 19 28 27 29 26 25 27 24 23 25 22 21 23 20 19 21 30 29 31 28 27 29 26 25 27 24 23 25 22 21 23 32 31 33 30 29 31 28 27 29 26 25 27 24 23 25 22 21 23 20 19 21 18 17 19 16 15 17 14 13 15 12 11 13 10 9 11 8 7 9 6 5 7 18 17 19 16 15 17 14 13 15 12 11 13 10 9 11 16 15 17 14 13 15 12 11 13 20 19 21 18 17 19 16 15 17 14 13 15 22 21 23 20 19 21 18 17 19 34 33 35 32 31 33 30 29 31 28 27 29 26 25 27 24 23 25 22 21 23 20 19 21 18 17 19 16 15 17 36 35 37 34 33 35 32 31 33 30 29 31 28 27 29 26 25 27 24 23 25 22 21 23 20 19 21 18 17 19 16 15 17 14 13 15 12 11 13 10 9 11 8 7 9 6 5 7 4 3 5 2 1 3 0 1 2 1 3 4 3 5 6 5 7 8 7 9 10 9 11 12 11 13 10 9 11 8 7 9 6 5 7 14 13 15 12 11 13 10 9 11 8 7 9 6 5 7 4 3 5 2 1 3 16 15 17 18 17 19 20 19 21 22 21 23 24 23 25 26 25 27 28 27 29 30 29 31 32 31 33 34 33 35 36 35 37 34 33 35 32 31 33 30 29 31 28 27 29 26 25 27 24 23 25 22 21 23 20 19 21 18 17 19 16 15 17 14 13 15 12 11 13 10 9 11 8 7 9 6 5 7 4 3 5 2 1 3 32 31 33 30 29 31 28 27 29 26 25 27 24 23 25 22 21 23 20 19 21 18 17 19 16 15 17 14 13 15 12 11 13 10 9 11 8 7 9 6 5 7 4 3 5 30 29 31 28 27 29 26 25 27 24 23 25 22 21 23 20 19 21 18 17 19 16 15 17 14 13 15 12 11 13 10 9 11 8 7 9 6 5 7 20 19 21 18 17 19 22 21 23 26 25 27 24 23 25 22 21 23 20 19 21 28 27 29 26 25 27 24 23 25 22 21 23 20 19 21 18 17 19 16 15 17 14 13 15 12 11 13 10 9 11 8 7 9 18 17 19 16 15 17 14 13 15 12 11 13 10 9 11 20 19 21 24 23 25 22 21 23 20 19 21 18 17 19 16 15 17 14 13 15 12 11 13 18 17 19 16 15 17 14 13 15 20 19 21
[23.032573s] A=259 K=481 i=6.241101449e+09) 37 35 33 31 29 27 25 23 21 19 17 15 13 11 9 7 5 3 1 2 1 3 4 3 5 6 5 7 4 3 5 2 1 3 8 7 9 6 5 7 4 3 5 2 1 3 10 9 11 8 7 9 6 5 7 12 11 13 10 9 11 8 7 9 6 5 7 4 3 5 14 13 15 12 11 13 10 9 11 8 7 9 6 5 7 4 3 5 2 1 3 16 15 17 14 13 15 12 11 13 10 9 11 8 7 9 18 17 19 16 15 17 14 13 15 12 11 13 10 9 11 8 7 9 6 5 7 4 3 5 2 1 3 20 19 21 18 17 19 16 15 17 14 13 15 12 11 13 10 9 11 8 7 9 6 5 7 4 3 5 22 21 23 20 19 21 18 17 19 16 15 17 14 13 15 12 11 13 24 23 25 22 21 23 20 19 21 18 17 19 16 15 17 14 13 15 26 25 27 24 23 25 22 21 23 20 19 21 18 17 19 16 15 17 14 13 15 12 11 13 10 9 11 28 27 29 26 25 27 24 23 25 22 21 23 20 19 21 18 17 19 30 29 31 28 27 29 26 25 27 24 23 25 22 21 23 20 19 21 32 31 33 30 29 31 28 27 29 26 25 27 24 23 25 22 21 23 20 19 21 18 17 19 16 15 17 14 13 15 12 11 13 10 9 11 8 7 9 6 5 7 16 15 17 14 13 15 12 11 13 34 33 35 32 31 33 30 29 31 28 27 29 26 25 27 24 23 25 22 21 23 20 19 21 18 17 19 16 15 17 14 13 15 18 17 19 16 15 17 20 19 21 22 21 23 20 19 21 18 17 19 36 35 37 34 33 35 32 31 33 30 29 31 28 27 29 26 25 27 24 23 25 22 21 23 20 19 21 18 17 19 16 15 17 14 13 15 12 11 13 10 9 11 8 7 9 6 5 7 4 3 5 2 1 3 0 1 12 11 13 10 9 11 8 7 9 6 5 7 4 3 5 2 1 3 4 3 5 14 13 15 12 11 13 10 9 11 8 7 9 6 5 7 8 7 9 10 9 11 12 11 13 14 13 15 16 15 17 18 17 19 20 19 21 22 21 23 24 23 25 26 25 27 28 27 29 30 29 31 32 31 33 34 33 35 36 35 37 34 33 35 32 31 33 30 29 31 28 27 29 26 25 27 24 23 25 22 21 23 20 19 21 18 17 19 16 15 17 14 13 15 12 11 13 10 9 11 8 7 9 6 5 7 4 3 5 2 1 3 32 31 33 30 29 31 28 27 29 26 25 27 24 23 25 22 21 23 20 19 21 18 17 19 16 15 17 14 13 15 12 11 13 10 9 11 8 7 9 6 5 7 4 3 5 20 19 21 22 21 23 26 25 27 24 23 25 30 29 31 28 27 29 26 25 27 24 23 25 22 21 23 20 19 21 18 17 19 16 15 17 14 13 15 12 11 13 10 9 11 8 7 9 6 5 7 8 7 9 12 11 13 10 9 11 20 19 21 18 17 19 16 15 17 14 13 15 22 21 23 20 19 21 18 17 19 16 15 17 14 13 15 12 11 13 10 9 11 24 23 25 22 21 23 20 19 21 18 17 19 16 15 17 14 13 15 12 11 13 28 27 29 26 25 27 24 23 25 22 21 23 20 19 21 18 17 19 16 15 17 14 13 15 12 11 13 10 9 11 8 7 9
[23.905745s] A=259 K=481 i=6.511180279e+09) 37 35 33 31 29 27 25 23 21 19 17 15 13 11 9 7 5 3 1 2 1 3 4 3 5 6 5 7 4 3 5 2 1 3 8 7 9 6 5 7 4 3 5 2 1 3 10 9 11 8 7 9 6 5 7 12 11 13 10 9 11 8 7 9 6 5 7 4 3 5 14 13 15 12 11 13 10 9 11 8 7 9 6 5 7 4 3 5 2 1 3 16 15 17 14 13 15 12 11 13 10 9 11 8 7 9 18 17 19 16 15 17 14 13 15 12 11 13 10 9 11 8 7 9 6 5 7 4 3 5 2 1 3 20 19 21 18 17 19 16 15 17 14 13 15 12 11 13 10 9 11 8 7 9 6 5 7 4 3 5 22 21 23 20 19 21 18 17 19 16 15 17 14 13 15 12 11 13 24 23 25 22 21 23 20 19 21 18 17 19 16 15 17 14 13 15 26 25 27 24 23 25 22 21 23 20 19 21 18 17 19 16 15 17 28 27 29 26 25 27 24 23 25 22 21 23 20 19 21 18 17 19 16 15 17 14 13 15 12 11 13 10 9 11 14 13 15 12 11 13 30 29 31 28 27 29 26 25 27 24 23 25 32 31 33 30 29 31 28 27 29 26 25 27 24 23 25 22 21 23 20 19 21 18 17 19 16 15 17 14 13 15 12 11 13 10 9 11 8 7 9 6 5 7 34 33 35 32 31 33 30 29 31 28 27 29 26 25 27 24 23 25 22 21 23 20 19 21 18 17 19 16 15 17 36 35 37 34 33 35 32 31 33 30 29 31 28 27 29 26 25 27 24 23 25 22 21 23 20 19 21 18 17 19 16 15 17 14 13 15 12 11 13 10 9 11 8 7 9 6 5 7 4 3 5 2 1 3 0 1 14 13 15 12 11 13 10 9 11 8 7 9 6 5 7 4 3 5 2 1 3 4 3 5 6 5 7 8 7 9 10 9 11 12 11 13 14 13 15 16 15 17 22 21 23 20 19 21 18 17 19 16 15 17 14 13 15 12 11 13 10 9 11 8 7 9 6 5 7 20 19 21 18 17 19 22 21 23 24 23 25 22 21 23 20 19 21 18 17 19 16 15 17 26 25 27 28 27 29 30 29 31 28 27 29 26 25 27 24 23 25 32 31 33 34 33 35 36 35 37 34 33 35 32 31 33 30 29 31 28 27 29 26 25 27 24 23 25 22 21 23 20 19 21 18 17 19 16 15 17 14 13 15 12 11 13 10 9 11 8 7 9 6 5 7 4 3 5 2 1 3 32 31 33 30 29 31 28 27 29 26 25 27 24 23 25 22 21 23 20 19 21 18 17 19 16 15 17 14 13 15 12 11 13 10 9 11 8 7 9 6 5 7 4 3 5 22 21 23 26 25 27 24 23 25 30 29 31 28 27 29 26 25 27 24 23 25 22 21 23 20 19 21 18 17 19 16 15 17 14 13 15 12 11 13 10 9 11 8 7 9 6 5 7 20 19 21 18 17 19 16 15 17 14 13 15 12 11 13 10 9 11 8 7 9 22 21 23 20 19 21 18 17 19 16 15 17 14 13 15 12 11 13 10 9 11 24 23 25 22 21 23 20 19 21 18 17 19 16 15 17 14 13 15 12 11 13 14 13 15 28 27 29 26 25 27 24 23 25 22 21 23 20 19 21 18 17 19 16 15 17
[24.035001s] A=259 K=481 i=6.544726315e+09) 37 35 33 31 29 27 25 23 21 19 17 15 13 11 9 7 5 3 1 2 1 3 4 3 5 6 5 7 4 3 5 2 1 3 8 7 9 6 5 7 4 3 5 2 1 3 10 9 11 8 7 9 6 5 7 12 11 13 10 9 11 8 7 9 6 5 7 4 3 5 14 13 15 12 11 13 10 9 11 8 7 9 6 5 7 4 3 5 2 1 3 16 15 17 14 13 15 12 11 13 10 9 11 8 7 9 18 17 19 16 15 17 14 13 15 12 11 13 10 9 11 8 7 9 6 5 7 4 3 5 2 1 3 20 19 21 18 17 19 16 15 17 14 13 15 12 11 13 10 9 11 8 7 9 6 5 7 4 3 5 22 21 23 20 19 21 18 17 19 16 15 17 14 13 15 12 11 13 24 23 25 22 21 23 20 19 21 18 17 19 16 15 17 14 13 15 26 25 27 24 23 25 22 21 23 20 19 21 18 17 19 16 15 17 28 27 29 26 25 27 24 23 25 22 21 23 20 19 21 18 17 19 16 15 17 14 13 15 12 11 13 10 9 11 30 29 31 28 27 29 26 25 27 24 23 25 22 21 23 20 19 21 18 17 19 32 31 33 30 29 31 28 27 29 26 25 27 24 23 25 22 21 23 20 19 21 18 17 19 16 15 17 14 13 15 12 11 13 10 9 11 8 7 9 6 5 7 16 15 17 14 13 15 12 11 13 10 9 11 8 7 9 34 33 35 32 31 33 30 29 31 28 27 29 26 25 27 36 35 37 34 33 35 32 31 33 30 29 31 28 27 29 26 25 27 24 23 25 22 21 23 20 19 21 18 17 19 16 15 17 14 13 15 12 11 13 10 9 11 8 7 9 6 5 7 4 3 5 2 1 3 0 1 2 1 3 4 3 5 6 5 7 8 7 9 10 9 11 12 11 13 14 13 15 16 15 17 18 17 19 20 19 21 18 17 19 16 15 17 22 21 23 20 19 21 24 23 25 22 21 23 20 19 21 18 17 19 16 15 17 14 13 15 12 11 13 10 9 11 8 7 9 6 5 7 4 3 5 2 1 3 26 25 27 28 27 29 30 29 31 32 31 33 34 33 35 36 35 37 34 33 35 32 31 33 30 29 31 28 27 29 26 25 27 24 23 25 22 21 23 20 19 21 18 17 19 16 15 17 14 13 15 12 11 13 10 9 11 8 7 9 6 5 7 4 3 5 2 1 3 12 11 13 10 9 11 18 17 19 28 27 29 26 25 27 24 23 25 22 21 23 20 19 21 32 31 33 30 29 31 28 27 29 26 25 27 24 23 25 22 21 23 20 19 21 18 17 19 16 15 17 14 13 15 12 11 13 10 9 11 8 7 9 6 5 7 4 3 5 18 17 19 16 15 17 14 13 15 26 25 27 24 23 25 22 21 23 20 19 21 18 17 19 16 15 17 30 29 31 28 27 29 26 25 27 24 23 25 22 21 23 20 19 21 18 17 19 16 15 17 14 13 15 12 11 13 10 9 11 8 7 9 6 5 7 12 11 13 10 9 11 8 7 9 14 13 15 12 11 13 10 9 11 16 15 17 24 23 25 22 21 23 20 19 21 18 17 19 16 15 17 14 13 15 12 11 13 28 27 29 26 25 27 24 23 25 22 21 23 20 19 21 18 17 19 16 15 17 14 13 15
[24.035249s] A=259 K=481 i=6.544790636e+09) 37 35 33 31 29 27 25 23 21 19 17 15 13 11 9 7 5 3 1 2 1 3 4 3 5 6 5 7 4 3 5 2 1 3 8 7 9 6 5 7 4 3 5 2 1 3 10 9 11 8 7 9 6 5 7 12 11 13 10 9 11 8 7 9 6 5 7 4 3 5 14 13 15 12 11 13 10 9 11 8 7 9 6 5 7 4 3 5 2 1 3 16 15 17 14 13 15 12 11 13 10 9 11 8 7 9 18 17 19 16 15 17 14 13 15 12 11 13 10 9 11 8 7 9 6 5 7 4 3 5 2 1 3 20 19 21 18 17 19 16 15 17 14 13 15 12 11 13 10 9 11 8 7 9 6 5 7 4 3 5 22 21 23 20 19 21 18 17 19 16 15 17 14 13 15 12 11 13 24 23 25 22 21 23 20 19 21 18 17 19 16 15 17 14 13 15 26 25 27 24 23 25 22 21 23 20 19 21 18 17 19 16 15 17 28 27 29 26 25 27 24 23 25 22 21 23 20 19 21 18 17 19 16 15 17 14 13 15 12 11 13 10 9 11 30 29 31 28 27 29 26 25 27 24 23 25 22 21 23 20 19 21 18 17 19 32 31 33 30 29 31 28 27 29 26 25 27 24 23 25 22 21 23 20 19 21 18 17 19 16 15 17 14 13 15 12 11 13 10 9 11 8 7 9 6 5 7 16 15 17 14 13 15 12 11 13 10 9 11 8 7 9 34 33 35 32 31 33 30 29 31 28 27 29 26 25 27 36 35 37 34 33 35 32 31 33 30 29 31 28 27 29 26 25 27 24 23 25 22 21 23 20 19 21 18 17 19 16 15 17 14 13 15 12 11 13 10 9 11 8 7 9 6 5 7 4 3 5 2 1 3 0 1 2 1 3 4 3 5 6 5 7 8 7 9 10 9 11 12 11 13 14 13 15 20 19 21 18 17 19 16 15 17 18 17 19 20 19 21 22 21 23 24 23 25 22 21 23 20 19 21 18 17 19 16 15 17 14 13 15 12 11 13 10 9 11 8 7 9 6 5 7 4 3 5 2 1 3 26 25 27 28 27 29 30 29 31 32 31 33 34 33 35 36 35 37 34 33 35 32 31 33 30 29 31 28 27 29 26 25 27 24 23 25 22 21 23 20 19 21 18 17 19 16 15 17 14 13 15 12 11 13 10 9 11 8 7 9 6 5 7 4 3 5 2 1 3 12 11 13 10 9 11 20 19 21 18 17 19 28 27 29 26 25 27 24 23 25 22 21 23 20 19 21 26 25 27 24 23 25 22 21 23 32 31 33 30 29 31 28 27 29 26 25 27 24 23 25 22 21 23 20 19 21 18 17 19 16 15 17 14 13 15 12 11 13 10 9 11 8 7 9 6 5 7 4 3 5 18 17 19 16 15 17 14 13 15 20 19 21 18 17 19 16 15 17 30 29 31 28 27 29 26 25 27 24 23 25 22 21 23 20 19 21 18 17 19 16 15 17 14 13 15 12 11 13 10 9 11 8 7 9 6 5 7 12 11 13 10 9 11 8 7 9 14 13 15 12 11 13 10 9 11 16 15 17 24 23 25 22 21 23 20 19 21 18 17 19 16 15 17 14 13 15 12 11 13 28 27 29 26 25 27 24 23 25 22 21 23 20 19 21 18 17 19 16 15 17 14 13 15
[24.532453s] A=259 K=481 i=6.687550609e+09) 37 35 33 31 29 27 25 23 21 19 17 15 13 11 9 7 5 3 1 2 1 3 4 3 5 6 5 7 4 3 5 2 1 3 8 7 9 6 5 7 4 3 5 2 1 3 10 9 11 8 7 9 6 5 7 12 11 13 10 9 11 8 7 9 6 5 7 4 3 5 14 13 15 12 11 13 10 9 11 8 7 9 6 5 7 4 3 5 2 1 3 16 15 17 14 13 15 12 11 13 10 9 11 8 7 9 18 17 19 16 15 17 14 13 15 12 11 13 10 9 11 8 7 9 6 5 7 4 3 5 2 1 3 20 19 21 18 17 19 16 15 17 14 13 15 12 11 13 10 9 11 8 7 9 6 5 7 4 3 5 22 21 23 20 19 21 18 17 19 16 15 17 14 13 15 12 11 13 24 23 25 22 21 23 20 19 21 18 17 19 16 15 17 14 13 15 26 25 27 24 23 25 22 21 23 20 19 21 18 17 19 28 27 29 26 25 27 24 23 25 22 21 23 20 19 21 18 17 19 16 15 17 14 13 15 12 11 13 10 9 11 30 29 31 28 27 29 26 25 27 24 23 25 22 21 23 20 19 21 18 17 19 16 15 17 32 31 33 30 29 31 28 27 29 26 25 27 24 23 25 22 21 23 20 19 21 18 17 19 16 15 17 14 13 15 12 11 13 10 9 11 8 7 9 6 5 7 14 13 15 12 11 13 10 9 11 8 7 9 16 15 17 34 33 35 32 31 33 30 29 31 28 27 29 26 25 27 36 35 37 34 33 35 32 31 33 30 29 31 28 27 29 26 25 27 24 23 25 22 21 23 20 19 21 18 17 19 16 15 17 14 13 15 12 11 13 10 9 11 8 7 9 6 5 7 4 3 5 2 1 3 0 1 2 1 3 4 3 5 6 5 7 8 7 9 24 23 25 22 21 23 20 19 21 18 17 19 16 15 17 14 13 15 12 11 13 10 9 11 8 7 9 6 5 7 4 3 5 2 1 3 12 11 13 14 13 15 22 21 23 20 19 21 18 17 19 16 15 17 18 17 19 20 19 21 22 21 23 24 23 25 26 25 27 28 27 29 30 29 31 32 31 33 34 33 35 36 35 37 34 33 35 32 31 33 30 29 31 28 27 29 26 25 27 24 23 25 22 21 23 20 19 21 18 17 19 16 15 17 14 13 15 12 11 13 10 9 11 8 7 9 6 5 7 4 3 5 2 1 3 12 11 13 10 9 11 22 21 23 28 27 29 26 25 27 24 23 25 32 31 33 30 29 31 28 27 29 26 25 27 24 23 25 22 21 23 20 19 21 18 17 19 16 15 17 14 13 15 12 11 13 10 9 11 8 7 9 6 5 7 4 3 5 30 29 31 28 27 29 26 25 27 24 23 25 22 21 23 20 19 21 18 17 19 16 15 17 14 13 15 12 11 13 10 9 11 8 7 9 6 5 7 22 21 23 20 19 21 18 17 19 16 15 17 14 13 15 12 11 13 10 9 11 8 7 9 24 23 25 22 21 23 20 19 21 18 17 19 26 25 27 24 23 25 22 21 23 20 19 21 18 17 19 16 15 17 14 13 15 12 11 13 10 9 11 16 15 17 14 13 15 12 11 13 18 17 19 28 27 29 26 25 27 24 23 25 22 21 23 20 19 21 18 17 19 16 15 17 14 13 15
[24.560954s] A=259 K=481 i=6.695198914e+09) 37 35 33 31 29 27 25 23 21 19 17 15 13 11 9 7 5 3 1 2 1 3 4 3 5 6 5 7 4 3 5 2 1 3 8 7 9 6 5 7 4 3 5 2 1 3 10 9 11 8 7 9 6 5 7 12 11 13 10 9 11 8 7 9 6 5 7 4 3 5 14 13 15 12 11 13 10 9 11 8 7 9 6 5 7 4 3 5 2 1 3 16 15 17 14 13 15 12 11 13 10 9 11 8 7 9 18 17 19 16 15 17 14 13 15 12 11 13 10 9 11 8 7 9 6 5 7 4 3 5 2 1 3 20 19 21 18 17 19 16 15 17 14 13 15 12 11 13 10 9 11 8 7 9 6 5 7 4 3 5 22 21 23 20 19 21 18 17 19 16 15 17 14 13 15 12 11 13 24 23 25 22 21 23 20 19 21 18 17 19 16 15 17 14 13 15 26 25 27 24 23 25 22 21 23 20 19 21 18 17 19 28 27 29 26 25 27 24 23 25 22 21 23 20 19 21 18 17 19 16 15 17 14 13 15 12 11 13 10 9 11 30 29 31 28 27 29 26 25 27 24 23 25 22 21 23 32 31 33 30 29 31 28 27 29 26 25 27 24 23 25 22 21 23 20 19 21 18 17 19 16 15 17 14 13 15 12 11 13 10 9 11 8 7 9 6 5 7 20 19 21 18 17 19 16 15 17 14 13 15 12 11 13 10 9 11 8 7 9 16 15 17 22 21 23 20 19 21 18 17 19 34 33 35 32 31 33 30 29 31 28 27 29 26 25 27 36 35 37 34 33 35 32 31 33 30 29 31 28 27 29 26 25 27 24 23 25 22 21 23 20 19 21 18 17 19 16 15 17 14 13 15 12 11 13 10 9 11 8 7 9 6 5 7 4 3 5 2 1 3 0 1 2 1 3 4 3 5 6 5 7 8 7 9 10 9 11 12 11 13 14 13 15 16 15 17 18 17 19 20 19 21 22 21 23 24 23 25 22 21 23 20 19 21 18 17 19 16 15 17 14 13 15 12 11 13 10 9 11 8 7 9 6 5 7 4 3 5 2 1 3 26 25 27 28 27 29 30 29 31 32 31 33 34 33 35 36 35 37 34 33 35 32 31 33 30 29 31 28 27 29 26 25 27 24 23 25 22 21 23 20 19 21 18 17 19 16 15 17 14 13 15 12 11 13 10 9 11 8 7 9 6 5 7 4 3 5 2 1 3 12 11 13 10 9 11 28 27 29 26 25 27 24 23 25 32 31 33 30 29 31 28 27 29 26 25 27 24 23 25 22 21 23 20 19 21 18 17 19 16 15 17 14 13 15 12 11 13 10 9 11 8 7 9 6 5 7 4 3 5 22 21 23 20 19 21 18 17 19 16 15 17 14 13 15 24 23 25 22 21 23 20 19 21 18 17 19 26 25 27 24 23 25 22 21 23 20 19 21 30 29 31 28 27 29 26 25 27 24 23 25 22 21 23 20 19 21 18 17 19 16 15 17 14 13 15 12 11 13 10 9 11 8 7 9 6 5 7 12 11 13 10 9 11 8 7 9 18 17 19 16 15 17 14 13 15 12 11 13 10 9 11 16 15 17 14 13 15 12 11 13 20 19 21 18 17 19 28 27 29 26 25 27 24 23 25 22 21 23 20 19 21 18 17 19 16 15 17 14 13 15
[24.806009s] A=259 K=481 i=6.766625536e+09) 37 35 33 31 29 27 25 23 21 19 17 15 13 11 9 7 5 3 1 2 1 3 4 3 5 6 5 7 4 3 5 2 1 3 8 7 9 6 5 7 4 3 5 2 1 3 10 9 11 8 7 9 6 5 7 12 11 13 10 9 11 8 7 9 6 5 7 4 3 5 14 13 15 12 11 13 10 9 11 8 7 9 6 5 7 4 3 5 2 1 3 16 15 17 14 13 15 12 11 13 10 9 11 8 7 9 18 17 19 16 15 17 14 13 15 12 11 13 10 9 11 8 7 9 6 5 7 4 3 5 2 1 3 20 19 21 18 17 19 16 15 17 14 13 15 12 11 13 10 9 11 8 7 9 6 5 7 4 3 5 22 21 23 20 19 21 18 17 19 16 15 17 14 13 15 12 11 13 24 23 25 22 21 23 20 19 21 18 17 19 16 15 17 14 13 15 26 25 27 24 23 25 22 21 23 20 19 21 28 27 29 26 25 27 24 23 25 22 21 23 20 19 21 18 17 19 16 15 17 14 13 15 12 11 13 10 9 11 30 29 31 28 27 29 26 25 27 24 23 25 22 21 23 20 19 21 18 17 19 32 31 33 30 29 31 28 27 29 26 25 27 24 23 25 22 21 23 20 19 21 18 17 19 16 15 17 14 13 15 12 11 13 10 9 11 8 7 9 6 5 7 16 15 17 14 13 15 12 11 13 10 9 11 8 7 9 18 17 19 16 15 17 14 13 15 12 11 13 34 33 35 32 31 33 30 29 31 28 27 29 36 35 37 34 33 35 32 31 33 30 29 31 28 27 29 26 25 27 24 23 25 22 21 23 20 19 21 18 17 19 16 15 17 14 13 15 12 11 13 10 9 11 8 7 9 6 5 7 4 3 5 2 1 3 0 1 2 1 3 4 3 5 6 5 7 8 7 9 10 9 11 12 11 13 26 25 27 24 23 25 22 21 23 20 19 21 18 17 19 16 15 17 14 13 15 12 11 13 10 9 11 8 7 9 6 5 7 4 3 5 2 1 3 22 21 23 20 19 21 18 17 19 16 15 17 18 17 19 20 19 21 28 27 29 26 25 27 24 23 25 22 21 23 24 23 25 26 25 27 28 27 29 30 29 31 32 31 33 34 33 35 36 35 37 34 33 35 32 31 33 30 29 31 28 27 29 26 25 27 24 23 25 22 21 23 20 19 21 18 17 19 16 15 17 14 13 15 12 11 13 10 9 11 8 7 9 6 5 7 4 3 5 2 1 3 32 31 33 30 29 31 28 27 29 26 25 27 24 23 25 22 21 23 20 19 21 18 17 19 16 15 17 14 13 15 12 11 13 10 9 11 8 7 9 6 5 7 4 3 5 18 17 19 20 19 21 26 25 27 24 23 25 22 21 23 30 29 31 28 27 29 26 25 27 24 23 25 22 21 23 20 19 21 18 17 19 16 15 17 14 13 15 12 11 13 10 9 11 8 7 9 6 5 7 28 27 29 26 25 27 24 23 25 22 21 23 20 19 21 18 17 19 16 15 17 14 13 15 12 11 13 10 9 11 8 7 9 18 17 19 16 15 17 14 13 15 12 11 13 10 9 11 20 19 21 18 17 19 16 15 17 14 13 15 12 11 13 22 21 23 20 19 21 18 17 19 16 15 17 14 13 15 24 23 25 22 21 23 20 19 21
[25.643600s] A=259 K=481 i=7.052396248e+09) 37 35 33 31 29 27 25 23 21 19 17 15 13 11 9 7 5 3 1 2 1 3 4 3 5 6 5 7 4 3 5 2 1 3 8 7 9 6 5 7 4 3 5 2 1 3 10 9 11 8 7 9 6 5 7 12 11 13 10 9 11 8 7 9 6 5 7 4 3 5 14 13 15 12 11 13 10 9 11 8 7 9 6 5 7 4 3 5 2 1 3 16 15 17 14 13 15 12 11 13 10 9 11 8 7 9 18 17 19 16 15 17 14 13 15 12 11 13 10 9 11 8 7 9 6 5 7 4 3 5 2 1 3 20 19 21 18 17 19 16 15 17 14 13 15 12 11 13 10 9 11 8 7 9 6 5 7 4 3 5 22 21 23 20 19 21 18 17 19 16 15 17 14 13 15 12 11 13 24 23 25 22 21 23 20 19 21 18 17 19 16 15 17 14 13 15 28 27 29 26 25 27 24 23 25 22 21 23 20 19 21 18 17 19 16 15 17 14 13 15 12 11 13 10 9 11 30 29 31 28 27 29 26 25 27 24 23 25 22 21 23 20 19 21 18 17 19 30 29 31 28 27 29 26 25 27 24 23 25 22 21 23 20 19 21 32 31 33 30 29 31 28 27 29 26 25 27 24 23 25 22 21 23 20 19 21 18 17 19 16 15 17 14 13 15 12 11 13 10 9 11 8 7 9 6 5 7 16 15 17 14 13 15 12 11 13 10 9 11 8 7 9 18 17 19 16 15 17 18 17 19 20 19 21 34 33 35 32 31 33 30 29 31 28 27 29 26 25 27 24 23 25 22 21 23 20 19 21 18 17 19 36 35 37 34 33 35 32 31 33 30 29 31 28 27 29 26 25 27 24 23 25 22 21 23 20 19 21 18 17 19 16 15 17 14 13 15 12 11 13 10 9 11 8 7 9 6 5 7 4 3 5 2 1 3 0 1 16 15 17 14 13 15 12 11 13 10 9 11 8 7 9 6 5 7 4 3 5 2 1 3 4 3 5 6 5 7 8 7 9 10 9 11 12 11 13 14 13 15 18 17 19 16 15 17 18 17 19 20 19 21 22 21 23 24 23 25 26 25 27 28 27 29 30 29 31 32 31 33 34 33 35 36 35 37 34 33 35 32 31 33 30 29 31 28 27 29 26 25 27 24 23 25 22 21 23 20 19 21 18 17 19 16 15 17 14 13 15 12 11 13 10 9 11 8 7 9 6 5 7 4 3 5 2 1 3 12 11 13 10 9 11 32 31 33 30 29 31 28 27 29 26 25 27 24 23 25 22 21 23 20 19 21 18 17 19 16 15 17 14 13 15 12 11 13 10 9 11 8 7 9 6 5 7 4 3 5 20 19 21 18 17 19 24 23 25 22 21 23 20 19 21 18 17 19 16 15 17 14 13 15 26 25 27 24 23 25 22 21 23 30 29 31 28 27 29 26 25 27 24 23 25 22 21 23 20 19 21 18 17 19 16 15 17 14 13 15 12 11 13 10 9 11 8 7 9 6 5 7 8 7 9 12 11 13 10 9 11 20 19 21 18 17 19 16 15 17 14 13 15 12 11 13 10 9 11 16 15 17 22 21 23 20 19 21 18 17 19 28 27 29 26 25 27 24 23 25 22 21 23 20 19 21 18 17 19 16 15 17 14 13 15 12 11 13 16 15 17 14 13 15
[27.323635s] A=259 K=481 i=7.551302315e+09) 37 35 33 31 29 27 25 23 21 19 17 15 13 11 9 7 5 3 1 2 1 3 4 3 5 6 5 7 4 3 5 2 1 3 8 7 9 6 5 7 4 3 5 2 1 3 10 9 11 8 7 9 6 5 7 12 11 13 10 9 11 8 7 9 6 5 7 4 3 5 14 13 15 12 11 13 10 9 11 8 7 9 6 5 7 4 3 5 2 1 3 16 15 17 14 13 15 12 11 13 10 9 11 8 7 9 18 17 19 16 15 17 14 13 15 12 11 13 10 9 11 8 7 9 6 5 7 4 3 5 2 1 3 20 19 21 18 17 19 16 15 17 14 13 15 12 11 13 10 9 11 8 7 9 6 5 7 4 3 5 22 21 23 20 19 21 18 17 19 16 15 17 14 13 15 12 11 13 24 23 25 22 21 23 20 19 21 18 17 19 16 15 17 26 25 27 24 23 25 22 21 23 20 19 21 18 17 19 16 15 17 14 13 15 28 27 29 26 25 27 24 23 25 22 21 23 20 19 21 18 17 19 16 15 17 14 13 15 12 11 13 10 9 11 30 29 31 28 27 29 26 25 27 24 23 25 22 21 23 20 19 21 18 17 19 32 31 33 30 29 31 28 27 29 26 25 27 24 23 25 22 21 23 20 19 21 18 17 19 16 15 17 14 13 15 12 11 13 10 9 11 8 7 9 6 5 7 16 15 17 14 13 15 12 11 13 10 9 11 8 7 9 34 33 35 32 31 33 30 29 31 28 27 29 26 25 27 36 35 37 34 33 35 32 31 33 30 29 31 28 27 29 26 25 27 24 23 25 22 21 23 20 19 21 18 17 19 16 15 17 14 13 15 12 11 13 10 9 11 8 7 9 6 5 7 4 3 5 2 1 3 0 1 2 1 3 4 3 5 6 5 7 8 7 9 20 19 21 18 17 19 24 23 25 22 21 23 20 19 21 18 17 19 16 15 17 14 13 15 12 11 13 10 9 11 8 7 9 6 5 7 4 3 5 2 1 3 12 11 13 10 9 11 14 13 15 16 15 17 18 17 19 20 19 21 22 21 23 24 23 25 26 25 27 28 27 29 30 29 31 32 31 33 34 33 35 36 35 37 34 33 35 32 31 33 30 29 31 28 27 29 26 25 27 24 23 25 22 21 23 20 19 21 18 17 19 16 15 17 14 13 15 12 11 13 10 9 11 8 7 9 6 5 7 4 3 5 2 1 3 20 19 21 18 17 19 28 27 29 26 25 27 24 23 25 22 21 23 20 19 21 26 25 27 24 23 25 22 21 23 32 31 33 30 29 31 28 27 29 26 25 27 24 23 25 22 21 23 20 19 21 18 17 19 16 15 17 14 13 15 12 11 13 10 9 11 8 7 9 6 5 7 4 3 5 12 11 13 18 17 19 16 15 17 14 13 15 20 19 21 18 17 19 16 15 17 30 29 31 28 27 29 26 25 27 24 23 25 22 21 23 20 19 21 18 17 19 16 15 17 14 13 15 12 11 13 10 9 11 8 7 9 6 5 7 12 11 13 10 9 11 8 7 9 14 13 15 12 11 13 10 9 11 16 15 17 24 23 25 22 21 23 20 19 21 18 17 19 16 15 17 14 13 15 12 11 13 28 27 29 26 25 27 24 23 25 22 21 23 20 19 21 18 17 19 16 15 17 14 13 15
[27.324159s] A=259 K=481 i=7.551372792e+09) 37 35 33 31 29 27 25 23 21 19 17 15 13 11 9 7 5 3 1 2 1 3 4 3 5 6 5 7 4 3 5 2 1 3 8 7 9 6 5 7 4 3 5 2 1 3 10 9 11 8 7 9 6 5 7 12 11 13 10 9 11 8 7 9 6 5 7 4 3 5 14 13 15 12 11 13 10 9 11 8 7 9 6 5 7 4 3 5 2 1 3 16 15 17 14 13 15 12 11 13 10 9 11 8 7 9 18 17 19 16 15 17 14 13 15 12 11 13 10 9 11 8 7 9 6 5 7 4 3 5 2 1 3 20 19 21 18 17 19 16 15 17 14 13 15 12 11 13 10 9 11 8 7 9 6 5 7 4 3 5 22 21 23 20 19 21 18 17 19 16 15 17 14 13 15 12 11 13 24 23 25 22 21 23 20 19 21 18 17 19 16 15 17 26 25 27 24 23 25 22 21 23 20 19 21 18 17 19 16 15 17 14 13 15 28 27 29 26 25 27 24 23 25 22 21 23 20 19 21 18 17 19 16 15 17 14 13 15 12 11 13 10 9 11 30 29 31 28 27 29 26 25 27 24 23 25 22 21 23 20 19 21 18 17 19 32 31 33 30 29 31 28 27 29 26 25 27 24 23 25 22 21 23 20 19 21 18 17 19 16 15 17 14 13 15 12 11 13 10 9 11 8 7 9 6 5 7 16 15 17 14 13 15 12 11 13 10 9 11 8 7 9 34 33 35 32 31 33 30 29 31 28 27 29 26 25 27 36 35 37 34 33 35 32 31 33 30 29 31 28 27 29 26 25 27 24 23 25 22 21 23 20 19 21 18 17 19 16 15 17 14 13 15 12 11 13 10 9 11 8 7 9 6 5 7 4 3 5 2 1 3 0 1 2 1 3 4 3 5 6 5 7 8 7 9 24 23 25 22 21 23 20 19 21 18 17 19 16 15 17 14 13 15 12 11 13 10 9 11 8 7 9 6 5 7 4 3 5 2 1 3 12 11 13 10 9 11 14 13 15 20 19 21 18 17 19 16 15 17 18 17 19 22 21 23 20 19 21 22 21 23 24 23 25 26 25 27 28 27 29 30 29 31 32 31 33 34 33 35 36 35 37 34 33 35 32 31 33 30 29 31 28 27 29 26 25 27 24 23 25 22 21 23 20 19 21 18 17 19 16 15 17 14 13 15 12 11 13 10 9 11 8 7 9 6 5 7 4 3 5 2 1 3 18 17 19 28 27 29 26 25 27 24 23 25 22 21 23 20 19 21 32 31 33 30 29 31 28 27 29 26 25 27 24 23 25 22 21 23 20 19 21 18 17 19 16 15 17 14 13 15 12 11 13 10 9 11 8 7 9 6 5 7 4 3 5 12 11 13 18 17 19 16 15 17 14 13 15 26 25 27 24 23 25 22 21 23 20 19 21 18 17 19 16 15 17 30 29 31 28 27 29 26 25 27 24 23 25 22 21 23 20 19 21 18 17 19 16 15 17 14 13 15 12 11 13 10 9 11 8 7 9 6 5 7 12 11 13 10 9 11 8 7 9 14 13 15 12 11 13 10 9 11 16 15 17 24 23 25 22 21 23 20 19 21 18 17 19 16 15 17 14 13 15 12 11 13 28 27 29 26 25 27 24 23 25 22 21 23 20 19 21 18 17 19 16 15 17 14 13 15
