[0.080849s] A=259 K=481 i=1.5598443e+07) 37 35 33 31 29 27 25 23 21 19 17 15 13 11 9 7 5 3 1 36 35 37 34 33 35 32 31 33 30 29 31 28 27 29 26 25 27 24 23 25 22 21 23 20 19 21 18 17 19 16 15 17 14 13 15 12 11 13 10 9 11 8 7 9 6 5 7 4 3 5 2 1 3 0 1 34 33 35 32 31 33 30 29 31 28 27 29 26 25 27 24 23 25 22 21 23 20 19 21 18 17 19 16 15 17 14 13 15 12 11 13 10 9 11 8 7 9 6 5 7 4 3 5 2 1 3 36 35 37 34 33 35 32 31 33 30 29 31 28 27 29 26 25 27 24 23 25 22 21 23 20 19 21 18 17 19 16 15 17 14 13 15 12 11 13 10 9 11 8 7 9 6 5 7 4 3 5 2 1 3 32 31 33 30 29 31 28 27 29 26 25 27 24 23 25 22 21 23 20 19 21 18 17 19 16 15 17 14 13 15 12 11 13 10 9 11 8 7 9 6 5 7 4 3 5 36 35 37 34 33 35 32 31 33 30 29 31 28 27 29 26 25 27 24 23 25 22 21 23 20 19 21 18 17 19 16 15 17 14 13 15 12 11 13 10 9 11 8 7 9 6 5 7 4 3 5 30 29 31 28 27 29 26 25 27 24 23 25 22 21 23 20 19 21 18 17 19 16 15 17 14 13 15 12 11 13 10 9 11 8 7 9 6 5 7 34 33 35 32 31 33 30 29 31 28 27 29 26 25 27 24 23 25 22 21 23 20 19 21 18 17 19 16 15 17 14 13 15 12 11 13 10 9 11 8 7 9 6 5 7 28 27 29 26 25 27 24 23 25 22 21 23 20 19 21 18 17 19 16 15 17 14 13 15 12 11 13 10 9 11 8 7 9 26 25 27 24 23 25 22 21 23 20 19 21 18 17 19 16 15 17 14 13 15 12 11 13 10 9 11 24 23 25 22 21 23 20 19 21 18 17 19 16 15 17 14 13 15 12 11 13 22 21 23 20 19 21 18 17 19 16 15 17 14 13 15 24 23 25 26 25 27 28 27 29 26 25 27 24 23 25 36 35 37 34 33 35 32 31 33 30 29 31 28 27 29 26 25 27 24 23 25 22 21 23 20 19 21 18 17 19 16 15 17 14 13 15 12 11 13 10 9 11 8 7 9 32 31 33 30 29 31 28 27 29 26 25 27 24 23 25 22 21 23 20 19 21 18 17 19 16 15 17 34 33 35 32 31 33 30 29 31 28 27 29 26 25 27 24 23 25 22 21 23 20 19 21 18 17 19 28 27 29 30 29 31 32 31 33 36 35 37 34 33 35 32 31 33 30 29 31 28 27 29 26 25 27 24 23 25 22 21 23 20 19 21 18 17 19 16 15 17 14 13 15 12 11 13 10 9 11 14 13 15 12 11 13 16 15 17 14 13 15 18 17 19 16 15 17 20 19 21 18 17 19 16 15 17 28 27 29 26 25 27 24 23 25 22 21 23 20 19 21 18 17 19 30 29 31 28 27 29 26 25 27 36 35 37 34 33 35 32 31 33 30 29 31 28 27 29 26 25 27 24 23 25 22 21 23 20 19 21 18 17 19 16 15 17 24 23 25 22 21 23 26 25 27 34 33 35 32 31 33 30 29 31 28 27 29 26 25 27 24 23 25 22 21 23 20 19 21
[0.080985s] A=259 K=481 i=1.5615203e+07) 37 35 33 31 29 27 25 23 21 19 17 15 13 11 9 7 5 3 1 36 35 37 34 33 35 32 31 33 30 29 31 28 27 29 26 25 27 24 23 25 22 21 23 20 19 21 18 17 19 16 15 17 14 13 15 12 11 13 10 9 11 8 7 9 6 5 7 4 3 5 2 1 3 0 1 34 33 35 32 31 33 30 29 31 28 27 29 26 25 27 24 23 25 22 21 23 20 19 21 18 17 19 16 15 17 14 13 15 12 11 13 10 9 11 8 7 9 6 5 7 4 3 5 2 1 3 36 35 37 34 33 35 32 31 33 30 29 31 28 27 29 26 25 27 24 23 25 22 21 23 20 19 21 18 17 19 16 15 17 14 13 15 12 11 13 10 9 11 8 7 9 6 5 7 4 3 5 2 1 3 32 31 33 30 29 31 28 27 29 26 25 27 24 23 25 22 21 23 20 19 21 18 17 19 16 15 17 14 13 15 12 11 13 10 9 11 8 7 9 6 5 7 4 3 5 36 35 37 34 33 35 32 31 33 30 29 31 28 27 29 26 25 27 24 23 25 22 21 23 20 19 21 18 17 19 16 15 17 14 13 15 12 11 13 10 9 11 8 7 9 6 5 7 4 3 5 30 29 31 28 27 29 26 25 27 24 23 25 22 21 23 20 19 21 18 17 19 16 15 17 14 13 15 12 11 13 10 9 11 8 7 9 6 5 7 34 33 35 32 31 33 30 29 31 28 27 29 26 25 27 24 23 25 22 21 23 20 19 21 18 17 19 16 15 17 14 13 15 12 11 13 10 9 11 8 7 9 6 5 7 28 27 29 26 25 27 24 23 25 22 21 23 20 19 21 18 17 19 16 15 17 14 13 15 12 11 13 10 9 11 8 7 9 26 25 27 24 23 25 22 21 23 20 19 21 18 17 19 16 15 17 14 13 15 12 11 13 10 9 11 24 23 25 22 21 23 20 19 21 18 17 19 16 15 17 14 13 15 12 11 13 22 21 23 20 19 21 18 17 19 16 15 17 14 13 15 24 23 25 26 25 27 28 27 29 26 25 27 24 23 25 32 31 33 30 29 31 28 27 29 26 25 27 24 23 25 22 21 23 20 19 21 18 17 19 16 15 17 36 35 37 34 33 35 32 31 33 30 29 31 28 27 29 26 25 27 24 23 25 22 21 23 20 19 21 18 17 19 16 15 17 14 13 15 12 11 13 10 9 11 8 7 9 34 33 35 32 31 33 30 29 31 28 27 29 26 25 27 24 23 25 22 21 23 20 19 21 18 17 19 28 27 29 30 29 31 32 31 33 36 35 37 34 33 35 32 31 33 30 29 31 28 27 29 26 25 27 24 23 25 22 21 23 20 19 21 18 17 19 16 15 17 14 13 15 12 11 13 10 9 11 14 13 15 12 11 13 16 15 17 14 13 15 18 17 19 16 15 17 20 19 21 18 17 19 16 15 17 28 27 29 26 25 27 24 23 25 22 21 23 20 19 21 18 17 19 30 29 31 28 27 29 26 25 27 36 35 37 34 33 35 32 31 33 30 29 31 28 27 29 26 25 27 24 23 25 22 21 23 20 19 21 18 17 19 16 15 17 24 23 25 22 21 23 20 19 21 26 25 27 34 33 35 32 31 33 30 29 31 28 27 29 26 25 27 24 23 25 22 21 23
[0.081115s] A=259 K=481 i=1.5642511e+07) 37 35 33 31 29 27 25 23 21 19 17 15 13 11 9 7 5 3 1 36 35 37 34 33 35 32 31 33 30 29 31 28 27 29 26 25 27 24 23 25 22 21 23 20 19 21 18 17 19 16 15 17 14 13 15 12 11 13 10 9 11 8 7 9 6 5 7 4 3 5 2 1 3 0 1 34 33 35 32 31 33 30 29 31 28 27 29 26 25 27 24 23 25 22 21 23 20 19 21 18 17 19 16 15 17 14 13 15 12 11 13 10 9 11 8 7 9 6 5 7 4 3 5 2 1 3 36 35 37 34 33 35 32 31 33 30 29 31 28 27 29 26 25 27 24 23 25 22 21 23 20 19 21 18 17 19 16 15 17 14 13 15 12 11 13 10 9 11 8 7 9 6 5 7 4 3 5 2 1 3 32 31 33 30 29 31 28 27 29 26 25 27 24 23 25 22 21 23 20 19 21 18 17 19 16 15 17 14 13 15 12 11 13 10 9 11 8 7 9 6 5 7 4 3 5 36 35 37 34 33 35 32 31 33 30 29 31 28 27 29 26 25 27 24 23 25 22 21 23 20 19 21 18 17 19 16 15 17 14 13 15 12 11 13 10 9 11 8 7 9 6 5 7 4 3 5 30 29 31 28 27 29 26 25 27 24 23 25 22 21 23 20 19 21 18 17 19 16 15 17 14 13 15 12 11 13 10 9 11 8 7 9 6 5 7 34 33 35 32 31 33 30 29 31 28 27 29 26 25 27 24 23 25 22 21 23 20 19 21 18 17 19 16 15 17 14 13 15 12 11 13 10 9 11 8 7 9 6 5 7 28 27 29 26 25 27 24 23 25 22 21 23 20 19 21 18 17 19 16 15 17 14 13 15 12 11 13 10 9 11 8 7 9 26 25 27 24 23 25 22 21 23 20 19 21 18 17 19 16 15 17 14 13 15 12 11 13 10 9 11 24 23 25 22 21 23 20 19 21 18 17 19 16 15 17 14 13 15 12 11 13 22 21 23 20 19 21 18 17 19 16 15 17 14 13 15 24 23 25 26 25 27 28 27 29 26 25 27 24 23 25 32 31 33 30 29 31 28 27 29 26 25 27 24 23 25 22 21 23 20 19 21 18 17 19 16 15 17 28 27 29 34 33 35 32 31 33 30 29 31 36 35 37 34 33 35 32 31 33 30 29 31 28 27 29 26 25 27 24 23 25 22 21 23 20 19 21 18 17 19 16 15 17 14 13 15 12 11 13 10 9 11 8 7 9 28 27 29 26 25 27 24 23 25 22 21 23 20 19 21 18 17 19 36 35 37 34 33 35 32 31 33 30 29 31 28 27 29 26 25 27 24 23 25 22 21 23 20 19 21 18 17 19 16 15 17 14 13 15 12 11 13 10 9 11 14 13 15 12 11 13 16 15 17 14 13 15 18 17 19 16 15 17 20 19 21 18 17 19 16 15 17 30 29 31 28 27 29 26 25 27 24 23 25 22 21 23 20 19 21 18 17 19 32 31 33 30 29 31 28 27 29 26 25 27 34 33 35 32 31 33 30 29 31 28 27 29 26 25 27 24 23 25 22 21 23 20 19 21 18 17 19 16 15 17 24 23 25 22 21 23 20 19 21 26 25 27 36 35 37 34 33 35 32 31 33 30 29 31 28 27 29 26 25 27 24 23 25 22 21 23
[0.082529s] A=259 K=481 i=1.6061008e+07) 37 35 33 31 29 27 25 23 21 19 17 15 13 11 9 7 5 3 1 36 35 37 34 33 35 32 31 33 30 29 31 28 27 29 26 25 27 24 23 25 22 21 23 20 19 21 18 17 19 16 15 17 14 13 15 12 11 13 10 9 11 8 7 9 6 5 7 4 3 5 2 1 3 0 1 34 33 35 32 31 33 30 29 31 28 27 29 26 25 27 24 23 25 22 21 23 20 19 21 18 17 19 16 15 17 14 13 15 12 11 13 10 9 11 8 7 9 6 5 7 4 3 5 2 1 3 36 35 37 34 33 35 32 31 33 30 29 31 28 27 29 26 25 27 24 23 25 22 21 23 20 19 21 18 17 19 16 15 17 14 13 15 12 11 13 10 9 11 8 7 9 6 5 7 4 3 5 2 1 3 32 31 33 30 29 31 28 27 29 26 25 27 24 23 25 22 21 23 20 19 21 18 17 19 16 15 17 14 13 15 12 11 13 10 9 11 8 7 9 6 5 7 4 3 5 36 35 37 34 33 35 32 31 33 30 29 31 28 27 29 26 25 27 24 23 25 22 21 23 20 19 21 18 17 19 16 15 17 14 13 15 12 11 13 10 9 11 8 7 9 6 5 7 4 3 5 30 29 31 28 27 29 26 25 27 24 23 25 22 21 23 20 19 21 18 17 19 16 15 17 14 13 15 12 11 13 10 9 11 8 7 9 6 5 7 34 33 35 32 31 33 30 29 31 28 27 29 26 25 27 24 23 25 22 21 23 20 19 21 18 17 19 16 15 17 14 13 15 12 11 13 10 9 11 8 7 9 6 5 7 28 27 29 26 25 27 24 23 25 22 21 23 20 19 21 18 17 19 16 15 17 14 13 15 12 11 13 10 9 11 8 7 9 26 25 27 24 23 25 22 21 23 20 19 21 18 17 19 16 15 17 14 13 15 12 11 13 10 9 11 24 23 25 22 21 23 20 19 21 18 17 19 16 15 17 14 13 15 12 11 13 22 21 23 20 19 21 18 17 19 16 15 17 14 13 15 24 23 25 26 25 27 28 27 29 32 31 33 30 29 31 28 27 29 26 25 27 24 23 25 22 21 23 20 19 21 18 17 19 16 15 17 26 25 27 24 23 25 28 27 29 26 25 27 34 33 35 32 31 33 30 29 31 28 27 29 36 35 37 34 33 35 32 31 33 30 29 31 28 27 29 26 25 27 24 23 25 22 21 23 20 19 21 18 17 19 16 15 17 14 13 15 12 11 13 10 9 11 8 7 9 26 25 27 24 23 25 22 21 23 20 19 21 18 17 19 36 35 37 34 33 35 32 31 33 30 29 31 28 27 29 26 25 27 24 23 25 22 21 23 20 19 21 18 17 19 16 15 17 14 13 15 12 11 13 10 9 11 14 13 15 12 11 13 16 15 17 14 13 15 16 15 17 18 17 19 20 19 21 18 17 19 16 15 17 34 33 35 32 31 33 30 29 31 28 27 29 26 25 27 24 23 25 22 21 23 20 19 21 18 17 19 16 15 17 30 29 31 28 27 29 26 25 27 24 23 25 22 21 23 20 19 21 18 17 19 32 31 33 30 29 31 28 27 29 26 25 27 24 23 25 22 21 23 20 19 21 36 35 37 34 33 35 32 31 33 30 29 31 28 27 29 26 25 27 24 23 25 22 21 23
[0.411353s] A=259 K=481 i=8.4167137e+07) 37 35 33 31 29 27 25 23 21 19 17 15 13 11 9 7 5 3 1 36 35 37 34 33 35 32 31 33 30 29 31 28 27 29 26 25 27 24 23 25 22 21 23 20 19 21 18 17 19 16 15 17 14 13 15 12 11 13 10 9 11 8 7 9 6 5 7 4 3 5 2 1 3 0 1 34 33 35 32 31 33 30 29 31 28 27 29 26 25 27 24 23 25 22 21 23 20 19 21 18 17 19 16 15 17 14 13 15 12 11 13 10 9 11 8 7 9 6 5 7 4 3 5 2 1 3 36 35 37 34 33 35 32 31 33 30 29 31 28 27 29 26 25 27 24 23 25 22 21 23 20 19 21 18 17 19 16 15 17 14 13 15 12 11 13 10 9 11 8 7 9 6 5 7 4 3 5 2 1 3 32 31 33 30 29 31 28 27 29 26 25 27 24 23 25 22 21 23 20 19 21 18 17 19 16 15 17 14 13 15 12 11 13 10 9 11 8 7 9 6 5 7 4 3 5 36 35 37 34 33 35 32 31 33 30 29 31 28 27 29 26 25 27 24 23 25 22 21 23 20 19 21 18 17 19 16 15 17 14 13 15 12 11 13 10 9 11 8 7 9 6 5 7 4 3 5 30 29 31 28 27 29 26 25 27 24 23 25 22 21 23 20 19 21 18 17 19 16 15 17 14 13 15 12 11 13 10 9 11 8 7 9 6 5 7 34 33 35 32 31 33 30 29 31 28 27 29 26 25 27 24 23 25 22 21 23 20 19 21 18 17 19 16 15 17 14 13 15 12 11 13 10 9 11 8 7 9 6 5 7 28 27 29 26 25 27 24 23 25 22 21 23 20 19 21 18 17 19 16 15 17 14 13 15 12 11 13 10 9 11 8 7 9 26 25 27 24 23 25 22 21 23 20 19 21 18 17 19 16 15 17 14 13 15 12 11 13 10 9 11 22 21 23 20 19 21 18 17 19 16 15 17 14 13 15 24 23 25 22 21 23 20 19 21 18 17 19 26 25 27 28 27 29 36 35 37 34 33 35 32 31 33 30 29 31 28 27 29 26 25 27 24 23 25 22 21 23 20 19 21 18 17 19 16 15 17 14 13 15 12 11 13 10 9 11 8 7 9 26 25 27 24 23 25 28 27 29 26 25 27 32 31 33 30 29 31 28 27 29 36 35 37 34 33 35 32 31 33 30 29 31 28 27 29 26 25 27 24 23 25 22 21 23 20 19 21 18 17 19 16 15 17 14 13 15 12 11 13 10 9 11 16 15 17 14 13 15 12 11 13 20 19 21 18 17 19 26 25 27 24 23 25 22 21 23 20 19 21 18 17 19 16 15 17 14 13 15 12 11 13 16 15 17 18 17 19 34 33 35 32 31 33 30 29 31 28 27 29 26 25 27 24 23 25 22 21 23 20 19 21 18 17 19 16 15 17 14 13 15 30 29 31 28 27 29 26 25 27 24 23 25 22 21 23 20 19 21 36 35 37 34 33 35 32 31 33 30 29 31 28 27 29 26 25 27 24 23 25 22 21 23 20 19 21 18 17 19 16 15 17 18 17 19 20 19 21 32 31 33 30 29 31 28 27 29 26 25 27 24 23 25 22 21 23 36 35 37 34 33 35 32 31 33 30 29 31 28 27 29 26 25 27 24 23 25 22 21 23 20 19 21
[0.446548s] A=259 K=481 i=9.1466321e+07) 37 35 33 31 29 27 25 23 21 19 17 15 13 11 9 7 5 3 1 36 35 37 34 33 35 32 31 33 30 29 31 28 27 29 26 25 27 24 23 25 22 21 23 20 19 21 18 17 19 16 15 17 14 13 15 12 11 13 10 9 11 8 7 9 6 5 7 4 3 5 2 1 3 0 1 34 33 35 32 31 33 30 29 31 28 27 29 26 25 27 24 23 25 22 21 23 20 19 21 18 17 19 16 15 17 14 13 15 12 11 13 10 9 11 8 7 9 6 5 7 4 3 5 2 1 3 36 35 37 34 33 35 32 31 33 30 29 31 28 27 29 26 25 27 24 23 25 22 21 23 20 19 21 18 17 19 16 15 17 14 13 15 12 11 13 10 9 11 8 7 9 6 5 7 4 3 5 2 1 3 32 31 33 30 29 31 28 27 29 26 25 27 24 23 25 22 21 23 20 19 21 18 17 19 16 15 17 14 13 15 12 11 13 10 9 11 8 7 9 6 5 7 4 3 5 36 35 37 34 33 35 32 31 33 30 29 31 28 27 29 26 25 27 24 23 25 22 21 23 20 19 21 18 17 19 16 15 17 14 13 15 12 11 13 10 9 11 8 7 9 6 5 7 4 3 5 30 29 31 28 27 29 26 25 27 24 23 25 22 21 23 20 19 21 18 17 19 16 15 17 14 13 15 12 11 13 10 9 11 8 7 9 6 5 7 34 33 35 32 31 33 30 29 31 28 27 29 26 25 27 24 23 25 22 21 23 20 19 21 18 17 19 16 15 17 14 13 15 12 11 13 10 9 11 8 7 9 6 5 7 28 27 29 26 25 27 24 23 25 22 21 23 20 19 21 18 17 19 16 15 17 14 13 15 12 11 13 10 9 11 8 7 9 26 25 27 24 23 25 22 21 23 20 19 21 18 17 19 16 15 17 14 13 15 12 11 13 10 9 11 22 21 23 20 19 21 18 17 19 16 15 17 24 23 25 22 21 23 20 19 21 18 17 19 16 15 17 14 13 15 12 11 13 26 25 27 24 23 25 28 27 29 26 25 27 36 35 37 34 33 35 32 31 33 30 29 31 28 27 29 26 25 27 24 23 25 22 21 23 20 19 21 18 17 19 16 15 17 14 13 15 12 11 13 10 9 11 8 7 9 18 17 19 32 31 33 30 29 31 28 27 29 26 25 27 24 23 25 22 21 23 20 19 21 36 35 37 34 33 35 32 31 33 30 29 31 28 27 29 26 25 27 24 23 25 22 21 23 20 19 21 18 17 19 16 15 17 14 13 15 12 11 13 10 9 11 18 17 19 16 15 17 14 13 15 12 11 13 14 13 15 20 19 21 18 17 19 16 15 17 28 27 29 30 29 31 34 33 35 32 31 33 30 29 31 28 27 29 26 25 27 24 23 25 22 21 23 20 19 21 18 17 19 16 15 17 14 13 15 28 27 29 26 25 27 24 23 25 36 35 37 34 33 35 32 31 33 30 29 31 28 27 29 26 25 27 24 23 25 22 21 23 20 19 21 18 17 19 16 15 17 22 21 23 20 19 21 18 17 19 24 23 25 32 31 33 30 29 31 28 27 29 26 25 27 36 35 37 34 33 35 32 31 33 30 29 31 28 27 29 26 25 27 24 23 25 22 21 23 20 19 21 24 23 25 22 21 23 26 25 27
[0.451766s] A=259 K=481 i=9.302108e+07) 37 35 33 31 29 27 25 23 21 19 17 15 13 11 9 7 5 3 1 36 35 37 34 33 35 32 31 33 30 29 31 28 27 29 26 25 27 24 23 25 22 21 23 20 19 21 18 17 19 16 15 17 14 13 15 12 11 13 10 9 11 8 7 9 6 5 7 4 3 5 2 1 3 0 1 34 33 35 32 31 33 30 29 31 28 27 29 26 25 27 24 23 25 22 21 23 20 19 21 18 17 19 16 15 17 14 13 15 12 11 13 10 9 11 8 7 9 6 5 7 4 3 5 2 1 3 36 35 37 34 33 35 32 31 33 30 29 31 28 27 29 26 25 27 24 23 25 22 21 23 20 19 21 18 17 19 16 15 17 14 13 15 12 11 13 10 9 11 8 7 9 6 5 7 4 3 5 2 1 3 32 31 33 30 29 31 28 27 29 26 25 27 24 23 25 22 21 23 20 19 21 18 17 19 16 15 17 14 13 15 12 11 13 10 9 11 8 7 9 6 5 7 4 3 5 36 35 37 34 33 35 32 31 33 30 29 31 28 27 29 26 25 27 24 23 25 22 21 23 20 19 21 18 17 19 16 15 17 14 13 15 12 11 13 10 9 11 8 7 9 6 5 7 4 3 5 30 29 31 28 27 29 26 25 27 24 23 25 22 21 23 20 19 21 18 17 19 16 15 17 14 13 15 12 11 13 10 9 11 8 7 9 6 5 7 34 33 35 32 31 33 30 29 31 28 27 29 26 25 27 24 23 25 22 21 23 20 19 21 18 17 19 16 15 17 14 13 15 12 11 13 10 9 11 8 7 9 6 5 7 28 27 29 26 25 27 24 23 25 22 21 23 20 19 21 18 17 19 16 15 17 14 13 15 12 11 13 10 9 11 8 7 9 26 25 27 24 23 25 22 21 23 20 19 21 18 17 19 16 15 17 14 13 15 12 11 13 10 9 11 22 21 23 20 19 21 18 17 19 16 15 17 24 23 25 22 21 23 20 19 21 18 17 19 16 15 17 14 13 15 12 11 13 26 25 27 24 23 25 26 25 27 28 27 29 36 35 37 34 33 35 32 31 33 30 29 31 28 27 29 26 25 27 24 23 25 22 21 23 20 19 21 18 17 19 16 15 17 14 13 15 12 11 13 10 9 11 8 7 9 18 17 19 32 31 33 30 29 31 28 27 29 26 25 27 24 23 25 22 21 23 20 19 21 26 25 27 28 27 29 30 29 31 34 33 35 32 31 33 36 35 37 34 33 35 32 31 33 30 29 31 28 27 29 26 25 27 24 23 25 22 21 23 20 19 21 18 17 19 16 15 17 14 13 15 12 11 13 10 9 11 18 17 19 16 15 17 14 13 15 12 11 13 14 13 15 20 19 21 18 17 19 16 15 17 30 29 31 28 27 29 26 25 27 24 23 25 22 21 23 20 19 21 18 17 19 16 15 17 14 13 15 28 27 29 26 25 27 24 23 25 36 35 37 34 33 35 32 31 33 30 29 31 28 27 29 26 25 27 24 23 25 22 21 23 20 19 21 18 17 19 16 15 17 22 21 23 20 19 21 18 17 19 24 23 25 32 31 33 30 29 31 28 27 29 26 25 27 34 33 35 32 31 33 30 29 31 28 27 29 26 25 27 24 23 25 22 21 23 20 19 21 24 23 25 22 21 23 26 25 27
[0.542731s] A=259 K=481 i=1.15296106e+08) 37 35 33 31 29 27 25 23 21 19 17 15 13 11 9 7 5 3 1 36 35 37 34 33 35 32 31 33 30 29 31 28 27 29 26 25 27 24 23 25 22 21 23 20 19 21 18 17 19 16 15 17 14 13 15 12 11 13 10 9 11 8 7 9 6 5 7 4 3 5 2 1 3 0 1 34 33 35 32 31 33 30 29 31 28 27 29 26 25 27 24 23 25 22 21 23 20 19 21 18 17 19 16 15 17 14 13 15 12 11 13 10 9 11 8 7 9 6 5 7 4 3 5 2 1 3 36 35 37 34 33 35 32 31 33 30 29 31 28 27 29 26 25 27 24 23 25 22 21 23 20 19 21 18 17 19 16 15 17 14 13 15 12 11 13 10 9 11 8 7 9 6 5 7 4 3 5 2 1 3 32 31 33 30 29 31 28 27 29 26 25 27 24 23 25 22 21 23 20 19 21 18 17 19 16 15 17 14 13 15 12 11 13 10 9 11 8 7 9 6 5 7 4 3 5 36 35 37 34 33 35 32 31 33 30 29 31 28 27 29 26 25 27 24 23 25 22 21 23 20 19 21 18 17 19 16 15 17 14 13 15 12 11 13 10 9 11 8 7 9 6 5 7 4 3 5 30 29 31 28 27 29 26 25 27 24 23 25 22 21 23 20 19 21 18 17 19 16 15 17 14 13 15 12 11 13 10 9 11 8 7 9 6 5 7 34 33 35 32 31 33 30 29 31 28 27 29 26 25 27 24 23 25 22 21 23 20 19 21 18 17 19 16 15 17 14 13 15 12 11 13 10 9 11 8 7 9 6 5 7 28 27 29 26 25 27 24 23 25 22 21 23 20 19 21 18 17 19 16 15 17 14 13 15 12 11 13 10 9 11 8 7 9 26 25 27 24 23 25 22 21 23 20 19 21 18 17 19 16 15 17 14 13 15 12 11 13 10 9 11 22 21 23 20 19 21 18 17 19 16 15 17 24 23 25 22 21 23 20 19 21 18 17 19 26 25 27 28 27 29 36 35 37 34 33 35 32 31 33 30 29 31 28 27 29 26 25 27 24 23 25 22 21 23 20 19 21 18 17 19 16 15 17 14 13 15 12 11 13 10 9 11 8 7 9 16 15 17 14 13 15 12 11 13 26 25 27 24 23 25 28 27 29 32 31 33 30 29 31 28 27 29 26 25 27 24 23 25 22 21 23 20 19 21 18 17 19 16 15 17 14 13 15 20 19 21 18 17 19 36 35 37 34 33 35 32 31 33 30 29 31 28 27 29 26 25 27 24 23 25 22 21 23 20 19 21 18 17 19 16 15 17 14 13 15 12 11 13 10 9 11 12 11 13 14 13 15 16 15 17 18 17 19 26 25 27 30 29 31 28 27 29 34 33 35 32 31 33 30 29 31 28 27 29 26 25 27 24 23 25 22 21 23 20 19 21 18 17 19 16 15 17 14 13 15 26 25 27 24 23 25 22 21 23 20 19 21 36 35 37 34 33 35 32 31 33 30 29 31 28 27 29 26 25 27 24 23 25 22 21 23 20 19 21 18 17 19 16 15 17 18 17 19 20 19 21 36 35 37 34 33 35 32 31 33 30 29 31 28 27 29 26 25 27 24 23 25 22 21 23 20 19 21 32 31 33 30 29 31 28 27 29 26 25 27 24 23 25 22 21 23
[0.542907s] A=259 K=481 i=1.15331648e+08) 37 35 33 31 29 27 25 23 21 19 17 15 13 11 9 7 5 3 1 36 35 37 34 33 35 32 31 33 30 29 31 28 27 29 26 25 27 24 23 25 22 21 23 20 19 21 18 17 19 16 15 17 14 13 15 12 11 13 10 9 11 8 7 9 6 5 7 4 3 5 2 1 3 0 1 34 33 35 32 31 33 30 29 31 28 27 29 26 25 27 24 23 25 22 21 23 20 19 21 18 17 19 16 15 17 14 13 15 12 11 13 10 9 11 8 7 9 6 5 7 4 3 5 2 1 3 36 35 37 34 33 35 32 31 33 30 29 31 28 27 29 26 25 27 24 23 25 22 21 23 20 19 21 18 17 19 16 15 17 14 13 15 12 11 13 10 9 11 8 7 9 6 5 7 4 3 5 2 1 3 32 31 33 30 29 31 28 27 29 26 25 27 24 23 25 22 21 23 20 19 21 18 17 19 16 15 17 14 13 15 12 11 13 10 9 11 8 7 9 6 5 7 4 3 5 36 35 37 34 33 35 32 31 33 30 29 31 28 27 29 26 25 27 24 23 25 22 21 23 20 19 21 18 17 19 16 15 17 14 13 15 12 11 13 10 9 11 8 7 9 6 5 7 4 3 5 30 29 31 28 27 29 26 25 27 24 23 25 22 21 23 20 19 21 18 17 19 16 15 17 14 13 15 12 11 13 10 9 11 8 7 9 6 5 7 34 33 35 32 31 33 30 29 31 28 27 29 26 25 27 24 23 25 22 21 23 20 19 21 18 17 19 16 15 17 14 13 15 12 11 13 10 9 11 8 7 9 6 5 7 28 27 29 26 25 27 24 23 25 22 21 23 20 19 21 18 17 19 16 15 17 14 13 15 12 11 13 10 9 11 8 7 9 26 25 27 24 23 25 22 21 23 20 19 21 18 17 19 16 15 17 14 13 15 12 11 13 10 9 11 22 21 23 20 19 21 18 17 19 16 15 17 24 23 25 22 21 23 20 19 21 18 17 19 26 25 27 28 27 29 36 35 37 34 33 35 32 31 33 30 29 31 28 27 29 26 25 27 24 23 25 22 21 23 20 19 21 18 17 19 16 15 17 14 13 15 12 11 13 10 9 11 8 7 9 16 15 17 14 13 15 12 11 13 18 17 19 26 25 27 24 23 25 28 27 29 32 31 33 30 29 31 28 27 29 26 25 27 24 23 25 22 21 23 20 19 21 18 17 19 16 15 17 14 13 15 36 35 37 34 33 35 32 31 33 30 29 31 28 27 29 26 25 27 24 23 25 22 21 23 20 19 21 18 17 19 16 15 17 14 13 15 12 11 13 10 9 11 12 11 13 14 13 15 16 15 17 20 19 21 18 17 19 26 25 27 30 29 31 28 27 29 34 33 35 32 31 33 30 29 31 28 27 29 26 25 27 24 23 25 22 21 23 20 19 21 18 17 19 16 15 17 14 13 15 16 15 17 26 25 27 24 23 25 22 21 23 20 19 21 18 17 19 36 35 37 34 33 35 32 31 33 30 29 31 28 27 29 26 25 27 24 23 25 22 21 23 20 19 21 18 17 19 16 15 17 36 35 37 34 33 35 32 31 33 30 29 31 28 27 29 26 25 27 24 23 25 22 21 23 20 19 21 32 31 33 30 29 31 28 27 29 26 25 27 24 23 25 22 21 23
[0.542969s] A=259 K=481 i=1.15339403e+08) 37 35 33 31 29 27 25 23 21 19 17 15 13 11 9 7 5 3 1 36 35 37 34 33 35 32 31 33 30 29 31 28 27 29 26 25 27 24 23 25 22 21 23 20 19 21 18 17 19 16 15 17 14 13 15 12 11 13 10 9 11 8 7 9 6 5 7 4 3 5 2 1 3 0 1 34 33 35 32 31 33 30 29 31 28 27 29 26 25 27 24 23 25 22 21 23 20 19 21 18 17 19 16 15 17 14 13 15 12 11 13 10 9 11 8 7 9 6 5 7 4 3 5 2 1 3 36 35 37 34 33 35 32 31 33 30 29 31 28 27 29 26 25 27 24 23 25 22 21 23 20 19 21 18 17 19 16 15 17 14 13 15 12 11 13 10 9 11 8 7 9 6 5 7 4 3 5 2 1 3 32 31 33 30 29 31 28 27 29 26 25 27 24 23 25 22 21 23 20 19 21 18 17 19 16 15 17 14 13 15 12 11 13 10 9 11 8 7 9 6 5 7 4 3 5 36 35 37 34 33 35 32 31 33 30 29 31 28 27 29 26 25 27 24 23 25 22 21 23 20 19 21 18 17 19 16 15 17 14 13 15 12 11 13 10 9 11 8 7 9 6 5 7 4 3 5 30 29 31 28 27 29 26 25 27 24 23 25 22 21 23 20 19 21 18 17 19 16 15 17 14 13 15 12 11 13 10 9 11 8 7 9 6 5 7 34 33 35 32 31 33 30 29 31 28 27 29 26 25 27 24 23 25 22 21 23 20 19 21 18 17 19 16 15 17 14 13 15 12 11 13 10 9 11 8 7 9 6 5 7 28 27 29 26 25 27 24 23 25 22 21 23 20 19 21 18 17 19 16 15 17 14 13 15 12 11 13 10 9 11 8 7 9 26 25 27 24 23 25 22 21 23 20 19 21 18 17 19 16 15 17 14 13 15 12 11 13 10 9 11 22 21 23 20 19 21 18 17 19 16 15 17 24 23 25 22 21 23 20 19 21 18 17 19 26 25 27 28 27 29 36 35 37 34 33 35 32 31 33 30 29 31 28 27 29 26 25 27 24 23 25 22 21 23 20 19 21 18 17 19 16 15 17 14 13 15 12 11 13 10 9 11 8 7 9 16 15 17 14 13 15 12 11 13 18 17 19 26 25 27 24 23 25 28 27 29 32 31 33 30 29 31 28 27 29 26 25 27 24 23 25 22 21 23 20 19 21 36 35 37 34 33 35 32 31 33 30 29 31 28 27 29 26 25 27 24 23 25 22 21 23 20 19 21 18 17 19 16 15 17 14 13 15 12 11 13 10 9 11 18 17 19 16 15 17 14 13 15 12 11 13 14 13 15 20 19 21 18 17 19 16 15 17 26 25 27 30 29 31 28 27 29 34 33 35 32 31 33 30 29 31 28 27 29 26 25 27 24 23 25 22 21 23 20 19 21 18 17 19 16 15 17 14 13 15 20 19 21 26 25 27 24 23 25 22 21 23 36 35 37 34 33 35 32 31 33 30 29 31 28 27 29 26 25 27 24 23 25 22 21 23 20 19 21 18 17 19 16 15 17 20 19 21 18 17 19 36 35 37 34 33 35 32 31 33 30 29 31 28 27 29 26 25 27 24 23 25 22 21 23 20 19 21 32 31 33 30 29 31 28 27 29 26 25 27 24 23 25 22 21 23
[0.543064s] A=259 K=481 i=1.15357385e+08) 37 35 33 31 29 27 25 23 21 19 17 15 13 11 9 7 5 3 1 36 35 37 34 33 35 32 31 33 30 29 31 28 27 29 26 25 27 24 23 25 22 21 23 20 19 21 18 17 19 16 15 17 14 13 15 12 11 13 10 9 11 8 7 9 6 5 7 4 3 5 2 1 3 0 1 34 33 35 32 31 33 30 29 31 28 27 29 26 25 27 24 23 25 22 21 23 20 19 21 18 17 19 16 15 17 14 13 15 12 11 13 10 9 11 8 7 9 6 5 7 4 3 5 2 1 3 36 35 37 34 33 35 32 31 33 30 29 31 28 27 29 26 25 27 24 23 25 22 21 23 20 19 21 18 17 19 16 15 17 14 13 15 12 11 13 10 9 11 8 7 9 6 5 7 4 3 5 2 1 3 32 31 33 30 29 31 28 27 29 26 25 27 24 23 25 22 21 23 20 19 21 18 17 19 16 15 17 14 13 15 12 11 13 10 9 11 8 7 9 6 5 7 4 3 5 36 35 37 34 33 35 32 31 33 30 29 31 28 27 29 26 25 27 24 23 25 22 21 23 20 19 21 18 17 19 16 15 17 14 13 15 12 11 13 10 9 11 8 7 9 6 5 7 4 3 5 30 29 31 28 27 29 26 25 27 24 23 25 22 21 23 20 19 21 18 17 19 16 15 17 14 13 15 12 11 13 10 9 11 8 7 9 6 5 7 34 33 35 32 31 33 30 29 31 28 27 29 26 25 27 24 23 25 22 21 23 20 19 21 18 17 19 16 15 17 14 13 15 12 11 13 10 9 11 8 7 9 6 5 7 28 27 29 26 25 27 24 23 25 22 21 23 20 19 21 18 17 19 16 15 17 14 13 15 12 11 13 10 9 11 8 7 9 26 25 27 24 23 25 22 21 23 20 19 21 18 17 19 16 15 17 14 13 15 12 11 13 10 9 11 22 21 23 20 19 21 18 17 19 16 15 17 24 23 25 22 21 23 20 19 21 18 17 19 26 25 27 28 27 29 36 35 37 34 33 35 32 31 33 30 29 31 28 27 29 26 25 27 24 23 25 22 21 23 20 19 21 18 17 19 16 15 17 14 13 15 12 11 13 10 9 11 8 7 9 16 15 17 14 13 15 26 25 27 24 23 25 28 27 29 26 25 27 32 31 33 30 29 31 28 27 29 36 35 37 34 33 35 32 31 33 30 29 31 28 27 29 26 25 27 24 23 25 22 21 23 20 19 21 18 17 19 16 15 17 14 13 15 12 11 13 10 9 11 12 11 13 14 13 15 20 19 21 18 17 19 16 15 17 26 25 27 24 23 25 22 21 23 20 19 21 18 17 19 16 15 17 14 13 15 12 11 13 34 33 35 32 31 33 30 29 31 28 27 29 26 25 27 24 23 25 22 21 23 20 19 21 18 17 19 16 15 17 14 13 15 18 17 19 30 29 31 28 27 29 26 25 27 24 23 25 22 21 23 20 19 21 36 35 37 34 33 35 32 31 33 30 29 31 28 27 29 26 25 27 24 23 25 22 21 23 20 19 21 18 17 19 16 15 17 18 17 19 20 19 21 32 31 33 30 29 31 28 27 29 26 25 27 24 23 25 22 21 23 36 35 37 34 33 35 32 31 33 30 29 31 28 27 29 26 25 27 24 23 25 22 21 23 20 19 21
[0.543192s] A=259 K=481 i=1.15386775e+08) 37 35 33 31 29 27 25 23 21 19 17 15 13 11 9 7 5 3 1 36 35 37 34 33 35 32 31 33 30 29 31 28 27 29 26 25 27 24 23 25 22 21 23 20 19 21 18 17 19 16 15 17 14 13 15 12 11 13 10 9 11 8 7 9 6 5 7 4 3 5 2 1 3 0 1 34 33 35 32 31 33 30 29 31 28 27 29 26 25 27 24 23 25 22 21 23 20 19 21 18 17 19 16 15 17 14 13 15 12 11 13 10 9 11 8 7 9 6 5 7 4 3 5 2 1 3 36 35 37 34 33 35 32 31 33 30 29 31 28 27 29 26 25 27 24 23 25 22 21 23 20 19 21 18 17 19 16 15 17 14 13 15 12 11 13 10 9 11 8 7 9 6 5 7 4 3 5 2 1 3 32 31 33 30 29 31 28 27 29 26 25 27 24 23 25 22 21 23 20 19 21 18 17 19 16 15 17 14 13 15 12 11 13 10 9 11 8 7 9 6 5 7 4 3 5 36 35 37 34 33 35 32 31 33 30 29 31 28 27 29 26 25 27 24 23 25 22 21 23 20 19 21 18 17 19 16 15 17 14 13 15 12 11 13 10 9 11 8 7 9 6 5 7 4 3 5 30 29 31 28 27 29 26 25 27 24 23 25 22 21 23 20 19 21 18 17 19 16 15 17 14 13 15 12 11 13 10 9 11 8 7 9 6 5 7 34 33 35 32 31 33 30 29 31 28 27 29 26 25 27 24 23 25 22 21 23 20 19 21 18 17 19 16 15 17 14 13 15 12 11 13 10 9 11 8 7 9 6 5 7 28 27 29 26 25 27 24 23 25 22 21 23 20 19 21 18 17 19 16 15 17 14 13 15 12 11 13 10 9 11 8 7 9 26 25 27 24 23 25 22 21 23 20 19 21 18 17 19 16 15 17 14 13 15 12 11 13 10 9 11 22 21 23 20 19 21 18 17 19 16 15 17 24 23 25 22 21 23 20 19 21 18 17 19 26 25 27 28 27 29 36 35 37 34 33 35 32 31 33 30 29 31 28 27 29 26 25 27 24 23 25 22 21 23 20 19 21 18 17 19 16 15 17 14 13 15 12 11 13 10 9 11 8 7 9 16 15 17 14 13 15 18 17 19 26 25 27 24 23 25 28 27 29 32 31 33 30 29 31 28 27 29 26 25 27 24 23 25 22 21 23 20 19 21 36 35 37 34 33 35 32 31 33 30 29 31 28 27 29 26 25 27 24 23 25 22 21 23 20 19 21 18 17 19 16 15 17 14 13 15 12 11 13 10 9 11 12 11 13 14 13 15 18 17 19 16 15 17 14 13 15 12 11 13 20 19 21 18 17 19 16 15 17 26 25 27 30 29 31 28 27 29 34 33 35 32 31 33 30 29 31 28 27 29 26 25 27 24 23 25 22 21 23 20 19 21 18 17 19 16 15 17 14 13 15 26 25 27 24 23 25 22 21 23 20 19 21 36 35 37 34 33 35 32 31 33 30 29 31 28 27 29 26 25 27 24 23 25 22 21 23 20 19 21 18 17 19 16 15 17 18 17 19 20 19 21 36 35 37 34 33 35 32 31 33 30 29 31 28 27 29 26 25 27 24 23 25 22 21 23 20 19 21 32 31 33 30 29 31 28 27 29 26 25 27 24 23 25 22 21 23
[0.699612s] A=259 K=481 i=1.43797272e+08) 37 35 33 31 29 27 25 23 21 19 17 15 13 11 9 7 5 3 1 36 35 37 34 33 35 32 31 33 30 29 31 28 27 29 26 25 27 24 23 25 22 21 23 20 19 21 18 17 19 16 15 17 14 13 15 12 11 13 10 9 11 8 7 9 6 5 7 4 3 5 2 1 3 0 1 34 33 35 32 31 33 30 29 31 28 27 29 26 25 27 24 23 25 22 21 23 20 19 21 18 17 19 16 15 17 14 13 15 12 11 13 10 9 11 8 7 9 6 5 7 4 3 5 2 1 3 36 35 37 34 33 35 32 31 33 30 29 31 28 27 29 26 25 27 24 23 25 22 21 23 20 19 21 18 17 19 16 15 17 14 13 15 12 11 13 10 9 11 8 7 9 6 5 7 4 3 5 2 1 3 32 31 33 30 29 31 28 27 29 26 25 27 24 23 25 22 21 23 20 19 21 18 17 19 16 15 17 14 13 15 12 11 13 10 9 11 8 7 9 6 5 7 4 3 5 36 35 37 34 33 35 32 31 33 30 29 31 28 27 29 26 25 27 24 23 25 22 21 23 20 19 21 18 17 19 16 15 17 14 13 15 12 11 13 10 9 11 8 7 9 6 5 7 4 3 5 30 29 31 28 27 29 26 25 27 24 23 25 22 21 23 20 19 21 18 17 19 16 15 17 14 13 15 12 11 13 10 9 11 8 7 9 6 5 7 34 33 35 32 31 33 30 29 31 28 27 29 26 25 27 24 23 25 22 21 23 20 19 21 18 17 19 16 15 17 14 13 15 12 11 13 10 9 11 8 7 9 6 5 7 28 27 29 26 25 27 24 23 25 22 21 23 20 19 21 18 17 19 16 15 17 14 13 15 12 11 13 10 9 11 8 7 9 26 25 27 24 23 25 22 21 23 20 19 21 18 17 19 16 15 17 14 13 15 12 11 13 10 9 11 20 19 21 18 17 19 16 15 17 22 21 23 24 23 25 22 21 23 20 19 21 18 17 19 16 15 17 14 13 15 12 11 13 26 25 27 24 23 25 28 27 29 26 25 27 36 35 37 34 33 35 32 31 33 30 29 31 28 27 29 26 25 27 24 23 25 22 21 23 20 19 21 18 17 19 16 15 17 14 13 15 12 11 13 10 9 11 8 7 9 18 17 19 32 31 33 30 29 31 28 27 29 26 25 27 24 23 25 22 21 23 20 19 21 34 33 35 36 35 37 34 33 35 32 31 33 30 29 31 28 27 29 26 25 27 24 23 25 22 21 23 20 19 21 18 17 19 16 15 17 14 13 15 12 11 13 10 9 11 18 17 19 16 15 17 14 13 15 12 11 13 20 19 21 18 17 19 16 15 17 14 13 15 28 27 29 30 29 31 32 31 33 30 29 31 28 27 29 26 25 27 24 23 25 22 21 23 20 19 21 18 17 19 16 15 17 14 13 15 28 27 29 26 25 27 24 23 25 34 33 35 36 35 37 34 33 35 32 31 33 30 29 31 28 27 29 26 25 27 24 23 25 22 21 23 20 19 21 18 17 19 16 15 17 22 21 23 20 19 21 18 17 19 32 31 33 30 29 31 28 27 29 26 25 27 24 23 25 22 21 23 20 19 21 24 23 25 26 25 27 34 33 35 32 31 33 30 29 31 28 27 29 26 25 27 24 23 25 22 21 23
[0.701983s] A=259 K=481 i=1.44175598e+08) 37 35 33 31 29 27 25 23 21 19 17 15 13 11 9 7 5 3 1 36 35 37 34 33 35 32 31 33 30 29 31 28 27 29 26 25 27 24 23 25 22 21 23 20 19 21 18 17 19 16 15 17 14 13 15 12 11 13 10 9 11 8 7 9 6 5 7 4 3 5 2 1 3 0 1 34 33 35 32 31 33 30 29 31 28 27 29 26 25 27 24 23 25 22 21 23 20 19 21 18 17 19 16 15 17 14 13 15 12 11 13 10 9 11 8 7 9 6 5 7 4 3 5 2 1 3 36 35 37 34 33 35 32 31 33 30 29 31 28 27 29 26 25 27 24 23 25 22 21 23 20 19 21 18 17 19 16 15 17 14 13 15 12 11 13 10 9 11 8 7 9 6 5 7 4 3 5 2 1 3 32 31 33 30 29 31 28 27 29 26 25 27 24 23 25 22 21 23 20 19 21 18 17 19 16 15 17 14 13 15 12 11 13 10 9 11 8 7 9 6 5 7 4 3 5 36 35 37 34 33 35 32 31 33 30 29 31 28 27 29 26 25 27 24 23 25 22 21 23 20 19 21 18 17 19 16 15 17 14 13 15 12 11 13 10 9 11 8 7 9 6 5 7 4 3 5 30 29 31 28 27 29 26 25 27 24 23 25 22 21 23 20 19 21 18 17 19 16 15 17 14 13 15 12 11 13 10 9 11 8 7 9 6 5 7 34 33 35 32 31 33 30 29 31 28 27 29 26 25 27 24 23 25 22 21 23 20 19 21 18 17 19 16 15 17 14 13 15 12 11 13 10 9 11 8 7 9 6 5 7 28 27 29 26 25 27 24 23 25 22 21 23 20 19 21 18 17 19 16 15 17 14 13 15 12 11 13 10 9 11 8 7 9 26 25 27 24 23 25 22 21 23 20 19 21 18 17 19 16 15 17 14 13 15 12 11 13 10 9 11 20 19 21 18 17 19 16 15 17 22 21 23 24 23 25 22 21 23 20 19 21 18 17 19 16 15 17 14 13 15 12 11 13 26 25 27 24 23 25 28 27 29 26 25 27 30 29 31 28 27 29 32 31 33 30 29 31 34 33 35 32 31 33 36 35 37 34 33 35 32 31 33 30 29 31 28 27 29 26 25 27 24 23 25 22 21 23 20 19 21 18 17 19 16 15 17 14 13 15 12 11 13 10 9 11 8 7 9 18 17 19 24 23 25 26 25 27 28 27 29 26 25 27 24 23 25 22 21 23 20 19 21 24 23 25 30 29 31 28 27 29 26 25 27 28 27 29 32 31 33 30 29 31 34 33 35 32 31 33 30 29 31 28 27 29 36 35 37 34 33 35 32 31 33 30 29 31 28 27 29 26 25 27 24 23 25 22 21 23 20 19 21 18 17 19 16 15 17 14 13 15 12 11 13 10 9 11 18 17 19 16 15 17 14 13 15 12 11 13 20 19 21 18 17 19 16 15 17 14 13 15 24 23 25 22 21 23 20 19 21 18 17 19 16 15 17 14 13 15 26 25 27 24 23 25 22 21 23 20 19 21 18 17 19 16 15 17 22 21 23 20 19 21 18 17 19 28 27 29 26 25 27 24 23 25 22 21 23 20 19 21 24 23 25 30 29 31 28 27 29 26 25 27 32 31 33 30 29 31 28 27 29 26 25 27 24 23 25 22 21 23
[0.702470s] A=259 K=481 i=1.44240399e+08) 37 35 33 31 29 27 25 23 21 19 17 15 13 11 9 7 5 3 1 36 35 37 34 33 35 32 31 33 30 29 31 28 27 29 26 25 27 24 23 25 22 21 23 20 19 21 18 17 19 16 15 17 14 13 15 12 11 13 10 9 11 8 7 9 6 5 7 4 3 5 2 1 3 0 1 34 33 35 32 31 33 30 29 31 28 27 29 26 25 27 24 23 25 22 21 23 20 19 21 18 17 19 16 15 17 14 13 15 12 11 13 10 9 11 8 7 9 6 5 7 4 3 5 2 1 3 36 35 37 34 33 35 32 31 33 30 29 31 28 27 29 26 25 27 24 23 25 22 21 23 20 19 21 18 17 19 16 15 17 14 13 15 12 11 13 10 9 11 8 7 9 6 5 7 4 3 5 2 1 3 32 31 33 30 29 31 28 27 29 26 25 27 24 23 25 22 21 23 20 19 21 18 17 19 16 15 17 14 13 15 12 11 13 10 9 11 8 7 9 6 5 7 4 3 5 36 35 37 34 33 35 32 31 33 30 29 31 28 27 29 26 25 27 24 23 25 22 21 23 20 19 21 18 17 19 16 15 17 14 13 15 12 11 13 10 9 11 8 7 9 6 5 7 4 3 5 30 29 31 28 27 29 26 25 27 24 23 25 22 21 23 20 19 21 18 17 19 16 15 17 14 13 15 12 11 13 10 9 11 8 7 9 6 5 7 34 33 35 32 31 33 30 29 31 28 27 29 26 25 27 24 23 25 22 21 23 20 19 21 18 17 19 16 15 17 14 13 15 12 11 13 10 9 11 8 7 9 6 5 7 28 27 29 26 25 27 24 23 25 22 21 23 20 19 21 18 17 19 16 15 17 14 13 15 12 11 13 10 9 11 8 7 9 26 25 27 24 23 25 22 21 23 20 19 21 18 17 19 16 15 17 14 13 15 12 11 13 10 9 11 20 19 21 18 17 19 16 15 17 22 21 23 24 23 25 22 21 23 20 19 21 18 17 19 16 15 17 14 13 15 12 11 13 26 25 27 24 23 25 28 27 29 26 25 27 30 29 31 32 31 33 30 29 31 28 27 29 26 25 27 24 23 25 22 21 23 20 19 21 18 17 19 16 15 17 14 13 15 34 33 35 36 35 37 34 33 35 32 31 33 30 29 31 28 27 29 26 25 27 24 23 25 22 21 23 20 19 21 18 17 19 16 15 17 14 13 15 12 11 13 10 9 11 8 7 9 20 19 21 18 17 19 28 27 29 26 25 27 24 23 25 22 21 23 32 31 33 30 29 31 28 27 29 26 25 27 24 23 25 30 29 31 28 27 29 34 33 35 32 31 33 30 29 31 34 33 35 32 31 33 36 35 37 34 33 35 32 31 33 30 29 31 28 27 29 26 25 27 24 23 25 22 21 23 20 19 21 18 17 19 16 15 17 14 13 15 12 11 13 10 9 11 12 11 13 16 15 17 14 13 15 18 17 19 22 21 23 20 19 21 18 17 19 16 15 17 14 13 15 28 27 29 26 25 27 24 23 25 22 21 23 20 19 21 18 17 19 16 15 17 20 19 21 18 17 19 22 21 23 26 25 27 24 23 25 30 29 31 28 27 29 26 25 27 24 23 25 22 21 23 20 19 21 22 21 23 24 23 25 32 31 33 30 29 31 28 27 29 26 25 27
[0.888972s] A=259 K=481 i=1.80494487e+08) 37 35 33 31 29 27 25 23 21 19 17 15 13 11 9 7 5 3 1 36 35 37 34 33 35 32 31 33 30 29 31 28 27 29 26 25 27 24 23 25 22 21 23 20 19 21 18 17 19 16 15 17 14 13 15 12 11 13 10 9 11 8 7 9 6 5 7 4 3 5 2 1 3 0 1 34 33 35 32 31 33 30 29 31 28 27 29 26 25 27 24 23 25 22 21 23 20 19 21 18 17 19 16 15 17 14 13 15 12 11 13 10 9 11 8 7 9 6 5 7 4 3 5 2 1 3 36 35 37 34 33 35 32 31 33 30 29 31 28 27 29 26 25 27 24 23 25 22 21 23 20 19 21 18 17 19 16 15 17 14 13 15 12 11 13 10 9 11 8 7 9 6 5 7 4 3 5 2 1 3 32 31 33 30 29 31 28 27 29 26 25 27 24 23 25 22 21 23 20 19 21 18 17 19 16 15 17 14 13 15 12 11 13 10 9 11 8 7 9 6 5 7 4 3 5 36 35 37 34 33 35 32 31 33 30 29 31 28 27 29 26 25 27 24 23 25 22 21 23 20 19 21 18 17 19 16 15 17 14 13 15 12 11 13 10 9 11 8 7 9 6 5 7 4 3 5 30 29 31 28 27 29 26 25 27 24 23 25 22 21 23 20 19 21 18 17 19 16 15 17 14 13 15 12 11 13 10 9 11 8 7 9 6 5 7 34 33 35 32 31 33 30 29 31 28 27 29 26 25 27 24 23 25 22 21 23 20 19 21 18 17 19 16 15 17 14 13 15 12 11 13 10 9 11 8 7 9 6 5 7 28 27 29 26 25 27 24 23 25 22 21 23 20 19 21 18 17 19 16 15 17 14 13 15 12 11 13 10 9 11 8 7 9 26 25 27 24 23 25 22 21 23 20 19 21 18 17 19 16 15 17 14 13 15 12 11 13 10 9 11 20 19 21 18 17 19 22 21 23 24 23 25 26 25 27 28 27 29 36 35 37 34 33 35 32 31 33 30 29 31 28 27 29 26 25 27 24 23 25 22 21 23 20 19 21 18 17 19 16 15 17 14 13 15 12 11 13 10 9 11 8 7 9 22 21 23 20 19 21 18 17 19 16 15 17 14 13 15 12 11 13 20 19 21 18 17 19 16 15 17 24 23 25 26 25 27 24 23 25 28 27 29 26 25 27 32 31 33 30 29 31 28 27 29 26 25 27 24 23 25 22 21 23 20 19 21 18 17 19 16 15 17 14 13 15 34 33 35 32 31 33 30 29 31 28 27 29 36 35 37 34 33 35 32 31 33 30 29 31 28 27 29 26 25 27 24 23 25 22 21 23 20 19 21 18 17 19 16 15 17 14 13 15 12 11 13 10 9 11 12 11 13 14 13 15 16 15 17 18 17 19 26 25 27 24 23 25 22 21 23 20 19 21 18 17 19 16 15 17 14 13 15 36 35 37 34 33 35 32 31 33 30 29 31 28 27 29 26 25 27 24 23 25 22 21 23 20 19 21 18 17 19 16 15 17 30 29 31 28 27 29 26 25 27 24 23 25 22 21 23 20 19 21 18 17 19 20 19 21 32 31 33 30 29 31 28 27 29 26 25 27 24 23 25 22 21 23 34 33 35 32 31 33 30 29 31 28 27 29 26 25 27 24 23 25 22 21 23 20 19 21
[2.098310s] A=259 K=481 i=4.41724741e+08) 37 35 33 31 29 27 25 23 21 19 17 15 13 11 9 7 5 3 1 36 35 37 34 33 35 32 31 33 30 29 31 28 27 29 26 25 27 24 23 25 22 21 23 20 19 21 18 17 19 16 15 17 14 13 15 12 11 13 10 9 11 8 7 9 6 5 7 4 3 5 2 1 3 0 1 34 33 35 32 31 33 30 29 31 28 27 29 26 25 27 24 23 25 22 21 23 20 19 21 18 17 19 16 15 17 14 13 15 12 11 13 10 9 11 8 7 9 6 5 7 4 3 5 2 1 3 36 35 37 34 33 35 32 31 33 30 29 31 28 27 29 26 25 27 24 23 25 22 21 23 20 19 21 18 17 19 16 15 17 14 13 15 12 11 13 10 9 11 8 7 9 6 5 7 4 3 5 2 1 3 32 31 33 30 29 31 28 27 29 26 25 27 24 23 25 22 21 23 20 19 21 18 17 19 16 15 17 14 13 15 12 11 13 10 9 11 8 7 9 6 5 7 4 3 5 36 35 37 34 33 35 32 31 33 30 29 31 28 27 29 26 25 27 24 23 25 22 21 23 20 19 21 18 17 19 16 15 17 14 13 15 12 11 13 10 9 11 8 7 9 6 5 7 4 3 5 30 29 31 28 27 29 26 25 27 24 23 25 22 21 23 20 19 21 18 17 19 16 15 17 14 13 15 12 11 13 10 9 11 8 7 9 6 5 7 34 33 35 32 31 33 30 29 31 28 27 29 26 25 27 24 23 25 22 21 23 20 19 21 18 17 19 16 15 17 14 13 15 12 11 13 10 9 11 8 7 9 6 5 7 28 27 29 26 25 27 24 23 25 22 21 23 20 19 21 18 17 19 16 15 17 14 13 15 12 11 13 10 9 11 8 7 9 24 23 25 22 21 23 20 19 21 18 17 19 16 15 17 14 13 15 12 11 13 10 9 11 20 19 21 18 17 19 16 15 17 22 21 23 26 25 27 24 23 25 22 21 23 20 19 21 18 17 19 16 15 17 14 13 15 12 11 13 26 25 27 24 23 25 28 27 29 36 35 37 34 33 35 32 31 33 30 29 31 28 27 29 26 25 27 24 23 25 22 21 23 20 19 21 18 17 19 16 15 17 14 13 15 12 11 13 10 9 11 8 7 9 10 9 11 32 31 33 30 29 31 28 27 29 26 25 27 24 23 25 22 21 23 20 19 21 18 17 19 16 15 17 14 13 15 12 11 13 20 19 21 18 17 19 26 25 27 24 23 25 28 27 29 30 29 31 34 33 35 32 31 33 30 29 31 28 27 29 26 25 27 36 35 37 34 33 35 32 31 33 30 29 31 28 27 29 26 25 27 24 23 25 22 21 23 20 19 21 18 17 19 16 15 17 14 13 15 12 11 13 10 9 11 16 15 17 14 13 15 18 17 19 24 23 25 22 21 23 20 19 21 18 17 19 16 15 17 14 13 15 36 35 37 34 33 35 32 31 33 30 29 31 28 27 29 26 25 27 24 23 25 22 21 23 20 19 21 18 17 19 16 15 17 28 27 29 26 25 27 24 23 25 22 21 23 20 19 21 18 17 19 32 31 33 30 29 31 28 27 29 26 25 27 34 33 35 32 31 33 30 29 31 28 27 29 26 25 27 24 23 25 22 21 23 20 19 21 24 23 25 22 21 23 26 25 27
[2.148911s] A=259 K=481 i=4.5385316e+08) 37 35 33 31 29 27 25 23 21 19 17 15 13 11 9 7 5 3 1 36 35 37 34 33 35 32 31 33 30 29 31 28 27 29 26 25 27 24 23 25 22 21 23 20 19 21 18 17 19 16 15 17 14 13 15 12 11 13 10 9 11 8 7 9 6 5 7 4 3 5 2 1 3 0 1 34 33 35 32 31 33 30 29 31 28 27 29 26 25 27 24 23 25 22 21 23 20 19 21 18 17 19 16 15 17 14 13 15 12 11 13 10 9 11 8 7 9 6 5 7 4 3 5 2 1 3 36 35 37 34 33 35 32 31 33 30 29 31 28 27 29 26 25 27 24 23 25 22 21 23 20 19 21 18 17 19 16 15 17 14 13 15 12 11 13 10 9 11 8 7 9 6 5 7 4 3 5 2 1 3 32 31 33 30 29 31 28 27 29 26 25 27 24 23 25 22 21 23 20 19 21 18 17 19 16 15 17 14 13 15 12 11 13 10 9 11 8 7 9 6 5 7 4 3 5 36 35 37 34 33 35 32 31 33 30 29 31 28 27 29 26 25 27 24 23 25 22 21 23 20 19 21 18 17 19 16 15 17 14 13 15 12 11 13 10 9 11 8 7 9 6 5 7 4 3 5 30 29 31 28 27 29 26 25 27 24 23 25 22 21 23 20 19 21 18 17 19 16 15 17 14 13 15 12 11 13 10 9 11 8 7 9 6 5 7 34 33 35 32 31 33 30 29 31 28 27 29 26 25 27 24 23 25 22 21 23 20 19 21 18 17 19 16 15 17 14 13 15 12 11 13 10 9 11 8 7 9 6 5 7 28 27 29 26 25 27 24 23 25 22 21 23 20 19 21 18 17 19 16 15 17 14 13 15 12 11 13 10 9 11 8 7 9 24 23 25 22 21 23 20 19 21 18 17 19 16 15 17 14 13 15 12 11 13 10 9 11 20 19 21 18 17 19 16 15 17 22 21 23 24 23 25 26 25 27 24 23 25 22 21 23 20 19 21 18 17 19 16 15 17 14 13 15 12 11 13 28 27 29 26 25 27 32 31 33 30 29 31 28 27 29 26 25 27 24 23 25 22 21 23 20 19 21 24 23 25 26 25 27 28 27 29 26 25 27 34 33 35 32 31 33 30 29 31 28 27 29 34 33 35 32 31 33 30 29 31 36 35 37 34 33 35 32 31 33 30 29 31 28 27 29 26 25 27 24 23 25 22 21 23 20 19 21 18 17 19 16 15 17 14 13 15 12 11 13 10 9 11 8 7 9 10 9 11 18 17 19 16 15 17 14 13 15 12 11 13 20 19 21 18 17 19 26 25 27 24 23 25 22 21 23 20 19 21 36 35 37 34 33 35 32 31 33 30 29 31 28 27 29 26 25 27 24 23 25 22 21 23 20 19 21 18 17 19 16 15 17 14 13 15 12 11 13 10 9 11 16 15 17 14 13 15 18 17 19 16 15 17 14 13 15 20 19 21 18 17 19 28 27 29 26 25 27 24 23 25 22 21 23 20 19 21 18 17 19 16 15 17 30 29 31 28 27 29 26 25 27 24 23 25 22 21 23 20 19 21 18 17 19 32 31 33 30 29 31 28 27 29 26 25 27 24 23 25 22 21 23 20 19 21 34 33 35 32 31 33 30 29 31 28 27 29 26 25 27 24 23 25 22 21 23
[2.164025s] A=259 K=481 i=4.58660734e+08) 37 35 33 31 29 27 25 23 21 19 17 15 13 11 9 7 5 3 1 36 35 37 34 33 35 32 31 33 30 29 31 28 27 29 26 25 27 24 23 25 22 21 23 20 19 21 18 17 19 16 15 17 14 13 15 12 11 13 10 9 11 8 7 9 6 5 7 4 3 5 2 1 3 0 1 34 33 35 32 31 33 30 29 31 28 27 29 26 25 27 24 23 25 22 21 23 20 19 21 18 17 19 16 15 17 14 13 15 12 11 13 10 9 11 8 7 9 6 5 7 4 3 5 2 1 3 36 35 37 34 33 35 32 31 33 30 29 31 28 27 29 26 25 27 24 23 25 22 21 23 20 19 21 18 17 19 16 15 17 14 13 15 12 11 13 10 9 11 8 7 9 6 5 7 4 3 5 2 1 3 32 31 33 30 29 31 28 27 29 26 25 27 24 23 25 22 21 23 20 19 21 18 17 19 16 15 17 14 13 15 12 11 13 10 9 11 8 7 9 6 5 7 4 3 5 36 35 37 34 33 35 32 31 33 30 29 31 28 27 29 26 25 27 24 23 25 22 21 23 20 19 21 18 17 19 16 15 17 14 13 15 12 11 13 10 9 11 8 7 9 6 5 7 4 3 5 30 29 31 28 27 29 26 25 27 24 23 25 22 21 23 20 19 21 18 17 19 16 15 17 14 13 15 12 11 13 10 9 11 8 7 9 6 5 7 34 33 35 32 31 33 30 29 31 28 27 29 26 25 27 24 23 25 22 21 23 20 19 21 18 17 19 16 15 17 14 13 15 12 11 13 10 9 11 8 7 9 6 5 7 28 27 29 26 25 27 24 23 25 22 21 23 20 19 21 18 17 19 16 15 17 14 13 15 12 11 13 10 9 11 8 7 9 24 23 25 22 21 23 20 19 21 18 17 19 16 15 17 14 13 15 12 11 13 10 9 11 20 19 21 18 17 19 16 15 17 22 21 23 24 23 25 26 25 27 28 27 29 36 35 37 34 33 35 32 31 33 30 29 31 28 27 29 26 25 27 24 23 25 22 21 23 20 19 21 18 17 19 16 15 17 14 13 15 12 11 13 10 9 11 8 7 9 24 23 25 22 21 23 20 19 21 18 17 19 16 15 17 14 13 15 12 11 13 10 9 11 26 25 27 24 23 25 28 27 29 26 25 27 32 31 33 30 29 31 28 27 29 26 25 27 24 23 25 22 21 23 20 19 21 18 17 19 16 15 17 14 13 15 12 11 13 20 19 21 18 17 19 34 33 35 32 31 33 30 29 31 28 27 29 36 35 37 34 33 35 32 31 33 30 29 31 28 27 29 26 25 27 24 23 25 22 21 23 20 19 21 18 17 19 16 15 17 14 13 15 12 11 13 10 9 11 16 15 17 14 13 15 18 17 19 26 25 27 24 23 25 22 21 23 20 19 21 18 17 19 16 15 17 14 13 15 28 27 29 30 29 31 34 33 35 32 31 33 36 35 37 34 33 35 32 31 33 30 29 31 28 27 29 26 25 27 24 23 25 22 21 23 20 19 21 18 17 19 16 15 17 28 27 29 26 25 27 24 23 25 22 21 23 20 19 21 18 17 19 30 29 31 28 27 29 26 25 27 24 23 25 22 21 23 20 19 21 32 31 33 30 29 31 28 27 29 26 25 27 24 23 25 22 21 23
[2.233750s] A=259 K=481 i=4.71664568e+08) 37 35 33 31 29 27 25 23 21 19 17 15 13 11 9 7 5 3 1 36 35 37 34 33 35 32 31 33 30 29 31 28 27 29 26 25 27 24 23 25 22 21 23 20 19 21 18 17 19 16 15 17 14 13 15 12 11 13 10 9 11 8 7 9 6 5 7 4 3 5 2 1 3 0 1 34 33 35 32 31 33 30 29 31 28 27 29 26 25 27 24 23 25 22 21 23 20 19 21 18 17 19 16 15 17 14 13 15 12 11 13 10 9 11 8 7 9 6 5 7 4 3 5 2 1 3 36 35 37 34 33 35 32 31 33 30 29 31 28 27 29 26 25 27 24 23 25 22 21 23 20 19 21 18 17 19 16 15 17 14 13 15 12 11 13 10 9 11 8 7 9 6 5 7 4 3 5 2 1 3 32 31 33 30 29 31 28 27 29 26 25 27 24 23 25 22 21 23 20 19 21 18 17 19 16 15 17 14 13 15 12 11 13 10 9 11 8 7 9 6 5 7 4 3 5 36 35 37 34 33 35 32 31 33 30 29 31 28 27 29 26 25 27 24 23 25 22 21 23 20 19 21 18 17 19 16 15 17 14 13 15 12 11 13 10 9 11 8 7 9 6 5 7 4 3 5 30 29 31 28 27 29 26 25 27 24 23 25 22 21 23 20 19 21 18 17 19 16 15 17 14 13 15 12 11 13 10 9 11 8 7 9 6 5 7 34 33 35 32 31 33 30 29 31 28 27 29 26 25 27 24 23 25 22 21 23 20 19 21 18 17 19 16 15 17 14 13 15 12 11 13 10 9 11 8 7 9 6 5 7 28 27 29 26 25 27 24 23 25 22 21 23 20 19 21 18 17 19 16 15 17 14 13 15 12 11 13 10 9 11 8 7 9 24 23 25 22 21 23 20 19 21 18 17 19 16 15 17 14 13 15 12 11 13 10 9 11 20 19 21 18 17 19 22 21 23 26 25 27 24 23 25 26 25 27 28 27 29 36 35 37 34 33 35 32 31 33 30 29 31 28 27 29 26 25 27 24 23 25 22 21 23 20 19 21 18 17 19 16 15 17 14 13 15 12 11 13 10 9 11 8 7 9 22 21 23 20 19 21 18 17 19 16 15 17 14 13 15 12 11 13 10 9 11 20 19 21 18 17 19 16 15 17 14 13 15 26 25 27 24 23 25 32 31 33 30 29 31 28 27 29 26 25 27 24 23 25 22 21 23 20 19 21 18 17 19 16 15 17 14 13 15 12 11 13 28 27 29 26 25 27 30 29 31 28 27 29 34 33 35 32 31 33 30 29 31 36 35 37 34 33 35 32 31 33 30 29 31 28 27 29 26 25 27 24 23 25 22 21 23 20 19 21 18 17 19 16 15 17 14 13 15 12 11 13 10 9 11 16 15 17 18 17 19 26 25 27 24 23 25 22 21 23 20 19 21 28 27 29 26 25 27 24 23 25 22 21 23 20 19 21 18 17 19 16 15 17 14 13 15 36 35 37 34 33 35 32 31 33 30 29 31 28 27 29 26 25 27 24 23 25 22 21 23 20 19 21 18 17 19 16 15 17 18 17 19 20 19 21 32 31 33 30 29 31 28 27 29 26 25 27 24 23 25 22 21 23 34 33 35 32 31 33 30 29 31 28 27 29 26 25 27 24 23 25 22 21 23 20 19 21
[2.237988s] A=259 K=481 i=4.72963562e+08) 37 35 33 31 29 27 25 23 21 19 17 15 13 11 9 7 5 3 1 36 35 37 34 33 35 32 31 33 30 29 31 28 27 29 26 25 27 24 23 25 22 21 23 20 19 21 18 17 19 16 15 17 14 13 15 12 11 13 10 9 11 8 7 9 6 5 7 4 3 5 2 1 3 0 1 34 33 35 32 31 33 30 29 31 28 27 29 26 25 27 24 23 25 22 21 23 20 19 21 18 17 19 16 15 17 14 13 15 12 11 13 10 9 11 8 7 9 6 5 7 4 3 5 2 1 3 36 35 37 34 33 35 32 31 33 30 29 31 28 27 29 26 25 27 24 23 25 22 21 23 20 19 21 18 17 19 16 15 17 14 13 15 12 11 13 10 9 11 8 7 9 6 5 7 4 3 5 2 1 3 32 31 33 30 29 31 28 27 29 26 25 27 24 23 25 22 21 23 20 19 21 18 17 19 16 15 17 14 13 15 12 11 13 10 9 11 8 7 9 6 5 7 4 3 5 36 35 37 34 33 35 32 31 33 30 29 31 28 27 29 26 25 27 24 23 25 22 21 23 20 19 21 18 17 19 16 15 17 14 13 15 12 11 13 10 9 11 8 7 9 6 5 7 4 3 5 30 29 31 28 27 29 26 25 27 24 23 25 22 21 23 20 19 21 18 17 19 16 15 17 14 13 15 12 11 13 10 9 11 8 7 9 6 5 7 34 33 35 32 31 33 30 29 31 28 27 29 26 25 27 24 23 25 22 21 23 20 19 21 18 17 19 16 15 17 14 13 15 12 11 13 10 9 11 8 7 9 6 5 7 28 27 29 26 25 27 24 23 25 22 21 23 20 19 21 18 17 19 16 15 17 14 13 15 12 11 13 10 9 11 8 7 9 24 23 25 22 21 23 20 19 21 18 17 19 16 15 17 14 13 15 12 11 13 10 9 11 20 19 21 18 17 19 22 21 23 24 23 25 26 25 27 24 23 25 22 21 23 20 19 21 18 17 19 16 15 17 14 13 15 12 11 13 28 27 29 26 25 27 32 31 33 30 29 31 28 27 29 26 25 27 24 23 25 22 21 23 20 19 21 18 17 19 16 15 17 14 13 15 20 19 21 18 17 19 16 15 17 24 23 25 26 25 27 28 27 29 26 25 27 34 33 35 32 31 33 30 29 31 28 27 29 34 33 35 32 31 33 30 29 31 36 35 37 34 33 35 32 31 33 30 29 31 28 27 29 26 25 27 24 23 25 22 21 23 20 19 21 18 17 19 16 15 17 14 13 15 12 11 13 10 9 11 8 7 9 10 9 11 12 11 13 14 13 15 16 15 17 26 25 27 24 23 25 22 21 23 20 19 21 18 17 19 36 35 37 34 33 35 32 31 33 30 29 31 28 27 29 26 25 27 24 23 25 22 21 23 20 19 21 18 17 19 16 15 17 14 13 15 12 11 13 10 9 11 16 15 17 14 13 15 28 27 29 26 25 27 24 23 25 22 21 23 20 19 21 18 17 19 16 15 17 18 17 19 20 19 21 30 29 31 28 27 29 26 25 27 24 23 25 22 21 23 20 19 21 18 17 19 32 31 33 30 29 31 28 27 29 26 25 27 24 23 25 22 21 23 20 19 21 34 33 35 32 31 33 30 29 31 28 27 29 26 25 27 24 23 25 22 21 23
[2.263955s] A=259 K=481 i=4.78381354e+08) 37 35 33 31 29 27 25 23 21 19 17 15 13 11 9 7 5 3 1 36 35 37 34 33 35 32 31 33 30 29 31 28 27 29 26 25 27 24 23 25 22 21 23 20 19 21 18 17 19 16 15 17 14 13 15 12 11 13 10 9 11 8 7 9 6 5 7 4 3 5 2 1 3 0 1 34 33 35 32 31 33 30 29 31 28 27 29 26 25 27 24 23 25 22 21 23 20 19 21 18 17 19 16 15 17 14 13 15 12 11 13 10 9 11 8 7 9 6 5 7 4 3 5 2 1 3 36 35 37 34 33 35 32 31 33 30 29 31 28 27 29 26 25 27 24 23 25 22 21 23 20 19 21 18 17 19 16 15 17 14 13 15 12 11 13 10 9 11 8 7 9 6 5 7 4 3 5 2 1 3 32 31 33 30 29 31 28 27 29 26 25 27 24 23 25 22 21 23 20 19 21 18 17 19 16 15 17 14 13 15 12 11 13 10 9 11 8 7 9 6 5 7 4 3 5 36 35 37 34 33 35 32 31 33 30 29 31 28 27 29 26 25 27 24 23 25 22 21 23 20 19 21 18 17 19 16 15 17 14 13 15 12 11 13 10 9 11 8 7 9 6 5 7 4 3 5 30 29 31 28 27 29 26 25 27 24 23 25 22 21 23 20 19 21 18 17 19 16 15 17 14 13 15 12 11 13 10 9 11 8 7 9 6 5 7 34 33 35 32 31 33 30 29 31 28 27 29 26 25 27 24 23 25 22 21 23 20 19 21 18 17 19 16 15 17 14 13 15 12 11 13 10 9 11 8 7 9 6 5 7 28 27 29 26 25 27 24 23 25 22 21 23 20 19 21 18 17 19 16 15 17 14 13 15 12 11 13 10 9 11 8 7 9 24 23 25 22 21 23 20 19 21 18 17 19 16 15 17 14 13 15 12 11 13 10 9 11 20 19 21 22 21 23 26 25 27 24 23 25 22 21 23 20 19 21 18 17 19 16 15 17 14 13 15 12 11 13 20 19 21 18 17 19 16 15 17 14 13 15 26 25 27 28 27 29 36 35 37 34 33 35 32 31 33 30 29 31 28 27 29 26 25 27 24 23 25 22 21 23 20 19 21 18 17 19 16 15 17 14 13 15 12 11 13 10 9 11 8 7 9 10 9 11 26 25 27 24 23 25 32 31 33 30 29 31 28 27 29 26 25 27 24 23 25 22 21 23 20 19 21 18 17 19 16 15 17 14 13 15 12 11 13 28 27 29 26 25 27 30 29 31 34 33 35 32 31 33 30 29 31 28 27 29 36 35 37 34 33 35 32 31 33 30 29 31 28 27 29 26 25 27 24 23 25 22 21 23 20 19 21 18 17 19 16 15 17 14 13 15 12 11 13 10 9 11 26 25 27 24 23 25 22 21 23 20 19 21 18 17 19 16 15 17 14 13 15 18 17 19 16 15 17 20 19 21 18 17 19 28 27 29 26 25 27 24 23 25 22 21 23 20 19 21 36 35 37 34 33 35 32 31 33 30 29 31 28 27 29 26 25 27 24 23 25 22 21 23 20 19 21 18 17 19 16 15 17 18 17 19 32 31 33 30 29 31 28 27 29 26 25 27 24 23 25 22 21 23 34 33 35 32 31 33 30 29 31 28 27 29 26 25 27 24 23 25 22 21 23 20 19 21
[2.264099s] A=259 K=481 i=4.7841286e+08) 37 35 33 31 29 27 25 23 21 19 17 15 13 11 9 7 5 3 1 36 35 37 34 33 35 32 31 33 30 29 31 28 27 29 26 25 27 24 23 25 22 21 23 20 19 21 18 17 19 16 15 17 14 13 15 12 11 13 10 9 11 8 7 9 6 5 7 4 3 5 2 1 3 0 1 34 33 35 32 31 33 30 29 31 28 27 29 26 25 27 24 23 25 22 21 23 20 19 21 18 17 19 16 15 17 14 13 15 12 11 13 10 9 11 8 7 9 6 5 7 4 3 5 2 1 3 36 35 37 34 33 35 32 31 33 30 29 31 28 27 29 26 25 27 24 23 25 22 21 23 20 19 21 18 17 19 16 15 17 14 13 15 12 11 13 10 9 11 8 7 9 6 5 7 4 3 5 2 1 3 32 31 33 30 29 31 28 27 29 26 25 27 24 23 25 22 21 23 20 19 21 18 17 19 16 15 17 14 13 15 12 11 13 10 9 11 8 7 9 6 5 7 4 3 5 36 35 37 34 33 35 32 31 33 30 29 31 28 27 29 26 25 27 24 23 25 22 21 23 20 19 21 18 17 19 16 15 17 14 13 15 12 11 13 10 9 11 8 7 9 6 5 7 4 3 5 30 29 31 28 27 29 26 25 27 24 23 25 22 21 23 20 19 21 18 17 19 16 15 17 14 13 15 12 11 13 10 9 11 8 7 9 6 5 7 34 33 35 32 31 33 30 29 31 28 27 29 26 25 27 24 23 25 22 21 23 20 19 21 18 17 19 16 15 17 14 13 15 12 11 13 10 9 11 8 7 9 6 5 7 28 27 29 26 25 27 24 23 25 22 21 23 20 19 21 18 17 19 16 15 17 14 13 15 12 11 13 10 9 11 8 7 9 24 23 25 22 21 23 20 19 21 18 17 19 16 15 17 14 13 15 12 11 13 10 9 11 20 19 21 22 21 23 26 25 27 24 23 25 22 21 23 20 19 21 18 17 19 16 15 17 14 13 15 12 11 13 20 19 21 18 17 19 16 15 17 14 13 15 26 25 27 28 27 29 32 31 33 30 29 31 28 27 29 26 25 27 24 23 25 22 21 23 20 19 21 18 17 19 16 15 17 26 25 27 24 23 25 36 35 37 34 33 35 32 31 33 30 29 31 28 27 29 26 25 27 24 23 25 22 21 23 20 19 21 18 17 19 16 15 17 14 13 15 12 11 13 10 9 11 8 7 9 10 9 11 14 13 15 12 11 13 28 27 29 26 25 27 30 29 31 34 33 35 32 31 33 30 29 31 28 27 29 36 35 37 34 33 35 32 31 33 30 29 31 28 27 29 26 25 27 24 23 25 22 21 23 20 19 21 18 17 19 16 15 17 14 13 15 12 11 13 10 9 11 26 25 27 24 23 25 22 21 23 20 19 21 18 17 19 16 15 17 14 13 15 18 17 19 16 15 17 20 19 21 18 17 19 28 27 29 26 25 27 24 23 25 22 21 23 20 19 21 36 35 37 34 33 35 32 31 33 30 29 31 28 27 29 26 25 27 24 23 25 22 21 23 20 19 21 18 17 19 16 15 17 18 17 19 32 31 33 30 29 31 28 27 29 26 25 27 24 23 25 22 21 23 20 19 21 34 33 35 32 31 33 30 29 31 28 27 29 26 25 27 24 23 25 22 21 23
[2.290178s] A=259 K=481 i=4.84674296e+08) 37 35 33 31 29 27 25 23 21 19 17 15 13 11 9 7 5 3 1 36 35 37 34 33 35 32 31 33 30 29 31 28 27 29 26 25 27 24 23 25 22 21 23 20 19 21 18 17 19 16 15 17 14 13 15 12 11 13 10 9 11 8 7 9 6 5 7 4 3 5 2 1 3 0 1 34 33 35 32 31 33 30 29 31 28 27 29 26 25 27 24 23 25 22 21 23 20 19 21 18 17 19 16 15 17 14 13 15 12 11 13 10 9 11 8 7 9 6 5 7 4 3 5 2 1 3 36 35 37 34 33 35 32 31 33 30 29 31 28 27 29 26 25 27 24 23 25 22 21 23 20 19 21 18 17 19 16 15 17 14 13 15 12 11 13 10 9 11 8 7 9 6 5 7 4 3 5 2 1 3 32 31 33 30 29 31 28 27 29 26 25 27 24 23 25 22 21 23 20 19 21 18 17 19 16 15 17 14 13 15 12 11 13 10 9 11 8 7 9 6 5 7 4 3 5 36 35 37 34 33 35 32 31 33 30 29 31 28 27 29 26 25 27 24 23 25 22 21 23 20 19 21 18 17 19 16 15 17 14 13 15 12 11 13 10 9 11 8 7 9 6 5 7 4 3 5 30 29 31 28 27 29 26 25 27 24 23 25 22 21 23 20 19 21 18 17 19 16 15 17 14 13 15 12 11 13 10 9 11 8 7 9 6 5 7 34 33 35 32 31 33 30 29 31 28 27 29 26 25 27 24 23 25 22 21 23 20 19 21 18 17 19 16 15 17 14 13 15 12 11 13 10 9 11 8 7 9 6 5 7 28 27 29 26 25 27 24 23 25 22 21 23 20 19 21 18 17 19 16 15 17 14 13 15 12 11 13 10 9 11 8 7 9 24 23 25 22 21 23 20 19 21 18 17 19 16 15 17 14 13 15 12 11 13 10 9 11 20 19 21 22 21 23 24 23 25 26 25 27 24 23 25 22 21 23 20 19 21 18 17 19 16 15 17 14 13 15 12 11 13 20 19 21 18 17 19 16 15 17 14 13 15 28 27 29 26 25 27 32 31 33 30 29 31 28 27 29 26 25 27 24 23 25 22 21 23 20 19 21 18 17 19 16 15 17 24 23 25 26 25 27 28 27 29 26 25 27 34 33 35 32 31 33 30 29 31 28 27 29 34 33 35 32 31 33 30 29 31 36 35 37 34 33 35 32 31 33 30 29 31 28 27 29 26 25 27 24 23 25 22 21 23 20 19 21 18 17 19 16 15 17 14 13 15 12 11 13 10 9 11 8 7 9 10 9 11 14 13 15 12 11 13 26 25 27 24 23 25 22 21 23 20 19 21 18 17 19 36 35 37 34 33 35 32 31 33 30 29 31 28 27 29 26 25 27 24 23 25 22 21 23 20 19 21 18 17 19 16 15 17 14 13 15 12 11 13 10 9 11 16 15 17 14 13 15 18 17 19 16 15 17 20 19 21 18 17 19 28 27 29 26 25 27 24 23 25 22 21 23 20 19 21 18 17 19 16 15 17 30 29 31 28 27 29 26 25 27 24 23 25 22 21 23 20 19 21 18 17 19 32 31 33 30 29 31 28 27 29 26 25 27 24 23 25 22 21 23 20 19 21 34 33 35 32 31 33 30 29 31 28 27 29 26 25 27 24 23 25 22 21 23
[2.292496s] A=259 K=481 i=4.8539872e+08) 37 35 33 31 29 27 25 23 21 19 17 15 13 11 9 7 5 3 1 36 35 37 34 33 35 32 31 33 30 29 31 28 27 29 26 25 27 24 23 25 22 21 23 20 19 21 18 17 19 16 15 17 14 13 15 12 11 13 10 9 11 8 7 9 6 5 7 4 3 5 2 1 3 0 1 34 33 35 32 31 33 30 29 31 28 27 29 26 25 27 24 23 25 22 21 23 20 19 21 18 17 19 16 15 17 14 13 15 12 11 13 10 9 11 8 7 9 6 5 7 4 3 5 2 1 3 36 35 37 34 33 35 32 31 33 30 29 31 28 27 29 26 25 27 24 23 25 22 21 23 20 19 21 18 17 19 16 15 17 14 13 15 12 11 13 10 9 11 8 7 9 6 5 7 4 3 5 2 1 3 32 31 33 30 29 31 28 27 29 26 25 27 24 23 25 22 21 23 20 19 21 18 17 19 16 15 17 14 13 15 12 11 13 10 9 11 8 7 9 6 5 7 4 3 5 36 35 37 34 33 35 32 31 33 30 29 31 28 27 29 26 25 27 24 23 25 22 21 23 20 19 21 18 17 19 16 15 17 14 13 15 12 11 13 10 9 11 8 7 9 6 5 7 4 3 5 30 29 31 28 27 29 26 25 27 24 23 25 22 21 23 20 19 21 18 17 19 16 15 17 14 13 15 12 11 13 10 9 11 8 7 9 6 5 7 34 33 35 32 31 33 30 29 31 28 27 29 26 25 27 24 23 25 22 21 23 20 19 21 18 17 19 16 15 17 14 13 15 12 11 13 10 9 11 8 7 9 6 5 7 28 27 29 26 25 27 24 23 25 22 21 23 20 19 21 18 17 19 16 15 17 14 13 15 12 11 13 10 9 11 8 7 9 24 23 25 22 21 23 20 19 21 18 17 19 16 15 17 14 13 15 12 11 13 10 9 11 20 19 21 22 21 23 24 23 25 26 25 27 24 23 25 22 21 23 20 19 21 18 17 19 16 15 17 14 13 15 12 11 13 20 19 21 18 17 19 16 15 17 28 27 29 26 25 27 32 31 33 30 29 31 28 27 29 26 25 27 24 23 25 22 21 23 20 19 21 18 17 19 16 15 17 14 13 15 24 23 25 26 25 27 28 27 29 26 25 27 34 33 35 32 31 33 30 29 31 28 27 29 34 33 35 32 31 33 30 29 31 36 35 37 34 33 35 32 31 33 30 29 31 28 27 29 26 25 27 24 23 25 22 21 23 20 19 21 18 17 19 16 15 17 14 13 15 12 11 13 10 9 11 8 7 9 10 9 11 12 11 13 14 13 15 18 17 19 26 25 27 24 23 25 22 21 23 20 19 21 36 35 37 34 33 35 32 31 33 30 29 31 28 27 29 26 25 27 24 23 25 22 21 23 20 19 21 18 17 19 16 15 17 14 13 15 12 11 13 10 9 11 18 17 19 16 15 17 14 13 15 16 15 17 20 19 21 18 17 19 28 27 29 26 25 27 24 23 25 22 21 23 20 19 21 18 17 19 16 15 17 30 29 31 28 27 29 26 25 27 24 23 25 22 21 23 20 19 21 18 17 19 32 31 33 30 29 31 28 27 29 26 25 27 24 23 25 22 21 23 20 19 21 34 33 35 32 31 33 30 29 31 28 27 29 26 25 27 24 23 25 22 21 23
[2.292651s] A=259 K=481 i=4.85436038e+08) 37 35 33 31 29 27 25 23 21 19 17 15 13 11 9 7 5 3 1 36 35 37 34 33 35 32 31 33 30 29 31 28 27 29 26 25 27 24 23 25 22 21 23 20 19 21 18 17 19 16 15 17 14 13 15 12 11 13 10 9 11 8 7 9 6 5 7 4 3 5 2 1 3 0 1 34 33 35 32 31 33 30 29 31 28 27 29 26 25 27 24 23 25 22 21 23 20 19 21 18 17 19 16 15 17 14 13 15 12 11 13 10 9 11 8 7 9 6 5 7 4 3 5 2 1 3 36 35 37 34 33 35 32 31 33 30 29 31 28 27 29 26 25 27 24 23 25 22 21 23 20 19 21 18 17 19 16 15 17 14 13 15 12 11 13 10 9 11 8 7 9 6 5 7 4 3 5 2 1 3 32 31 33 30 29 31 28 27 29 26 25 27 24 23 25 22 21 23 20 19 21 18 17 19 16 15 17 14 13 15 12 11 13 10 9 11 8 7 9 6 5 7 4 3 5 36 35 37 34 33 35 32 31 33 30 29 31 28 27 29 26 25 27 24 23 25 22 21 23 20 19 21 18 17 19 16 15 17 14 13 15 12 11 13 10 9 11 8 7 9 6 5 7 4 3 5 30 29 31 28 27 29 26 25 27 24 23 25 22 21 23 20 19 21 18 17 19 16 15 17 14 13 15 12 11 13 10 9 11 8 7 9 6 5 7 34 33 35 32 31 33 30 29 31 28 27 29 26 25 27 24 23 25 22 21 23 20 19 21 18 17 19 16 15 17 14 13 15 12 11 13 10 9 11 8 7 9 6 5 7 28 27 29 26 25 27 24 23 25 22 21 23 20 19 21 18 17 19 16 15 17 14 13 15 12 11 13 10 9 11 8 7 9 24 23 25 22 21 23 20 19 21 18 17 19 16 15 17 14 13 15 12 11 13 10 9 11 20 19 21 22 21 23 24 23 25 26 25 27 24 23 25 22 21 23 20 19 21 18 17 19 16 15 17 14 13 15 12 11 13 20 19 21 18 17 19 16 15 17 28 27 29 26 25 27 32 31 33 30 29 31 28 27 29 26 25 27 24 23 25 22 21 23 20 19 21 18 17 19 24 23 25 26 25 27 28 27 29 26 25 27 34 33 35 32 31 33 30 29 31 28 27 29 34 33 35 32 31 33 30 29 31 36 35 37 34 33 35 32 31 33 30 29 31 28 27 29 26 25 27 24 23 25 22 21 23 20 19 21 18 17 19 16 15 17 14 13 15 12 11 13 10 9 11 8 7 9 10 9 11 16 15 17 14 13 15 12 11 13 14 13 15 18 17 19 26 25 27 24 23 25 22 21 23 20 19 21 18 17 19 16 15 17 36 35 37 34 33 35 32 31 33 30 29 31 28 27 29 26 25 27 24 23 25 22 21 23 20 19 21 18 17 19 16 15 17 14 13 15 12 11 13 10 9 11 14 13 15 16 15 17 20 19 21 18 17 19 28 27 29 26 25 27 24 23 25 22 21 23 20 19 21 18 17 19 16 15 17 30 29 31 28 27 29 26 25 27 24 23 25 22 21 23 20 19 21 18 17 19 32 31 33 30 29 31 28 27 29 26 25 27 24 23 25 22 21 23 20 19 21 34 33 35 32 31 33 30 29 31 28 27 29 26 25 27 24 23 25 22 21 23
[2.320517s] A=259 K=481 i=4.91201352e+08) 37 35 33 31 29 27 25 23 21 19 17 15 13 11 9 7 5 3 1 36 35 37 34 33 35 32 31 33 30 29 31 28 27 29 26 25 27 24 23 25 22 21 23 20 19 21 18 17 19 16 15 17 14 13 15 12 11 13 10 9 11 8 7 9 6 5 7 4 3 5 2 1 3 0 1 34 33 35 32 31 33 30 29 31 28 27 29 26 25 27 24 23 25 22 21 23 20 19 21 18 17 19 16 15 17 14 13 15 12 11 13 10 9 11 8 7 9 6 5 7 4 3 5 2 1 3 36 35 37 34 33 35 32 31 33 30 29 31 28 27 29 26 25 27 24 23 25 22 21 23 20 19 21 18 17 19 16 15 17 14 13 15 12 11 13 10 9 11 8 7 9 6 5 7 4 3 5 2 1 3 32 31 33 30 29 31 28 27 29 26 25 27 24 23 25 22 21 23 20 19 21 18 17 19 16 15 17 14 13 15 12 11 13 10 9 11 8 7 9 6 5 7 4 3 5 36 35 37 34 33 35 32 31 33 30 29 31 28 27 29 26 25 27 24 23 25 22 21 23 20 19 21 18 17 19 16 15 17 14 13 15 12 11 13 10 9 11 8 7 9 6 5 7 4 3 5 30 29 31 28 27 29 26 25 27 24 23 25 22 21 23 20 19 21 18 17 19 16 15 17 14 13 15 12 11 13 10 9 11 8 7 9 6 5 7 34 33 35 32 31 33 30 29 31 28 27 29 26 25 27 24 23 25 22 21 23 20 19 21 18 17 19 16 15 17 14 13 15 12 11 13 10 9 11 8 7 9 6 5 7 28 27 29 26 25 27 24 23 25 22 21 23 20 19 21 18 17 19 16 15 17 14 13 15 12 11 13 10 9 11 8 7 9 24 23 25 22 21 23 20 19 21 18 17 19 16 15 17 14 13 15 12 11 13 26 25 27 24 23 25 22 21 23 20 19 21 18 17 19 16 15 17 14 13 15 12 11 13 10 9 11 22 21 23 20 19 21 18 17 19 16 15 17 14 13 15 26 25 27 24 23 25 30 29 31 28 27 29 26 25 27 24 23 25 28 27 29 26 25 27 32 31 33 30 29 31 28 27 29 34 33 35 32 31 33 30 29 31 36 35 37 34 33 35 32 31 33 30 29 31 28 27 29 26 25 27 24 23 25 22 21 23 20 19 21 18 17 19 16 15 17 14 13 15 12 11 13 10 9 11 8 7 9 36 35 37 34 33 35 32 31 33 30 29 31 28 27 29 26 25 27 24 23 25 22 21 23 20 19 21 18 17 19 16 15 17 14 13 15 12 11 13 10 9 11 26 25 27 24 23 25 22 21 23 20 19 21 18 17 19 16 15 17 14 13 15 12 11 13 28 27 29 26 25 27 24 23 25 22 21 23 20 19 21 18 17 19 16 15 17 14 13 15 20 19 21 18 17 19 16 15 17 18 17 19 22 21 23 20 19 21 30 29 31 28 27 29 26 25 27 24 23 25 22 21 23 32 31 33 30 29 31 28 27 29 26 25 27 24 23 25 34 33 35 32 31 33 30 29 31 28 27 29 26 25 27 24 23 25 22 21 23 20 19 21 18 17 19 16 15 17 18 17 19 22 21 23 20 19 21 24 23 25 36 35 37 34 33 35 32 31 33 30 29 31 28 27 29 26 25 27
[2.334431s] A=259 K=481 i=4.93888407e+08) 37 35 33 31 29 27 25 23 21 19 17 15 13 11 9 7 5 3 1 36 35 37 34 33 35 32 31 33 30 29 31 28 27 29 26 25 27 24 23 25 22 21 23 20 19 21 18 17 19 16 15 17 14 13 15 12 11 13 10 9 11 8 7 9 6 5 7 4 3 5 2 1 3 0 1 34 33 35 32 31 33 30 29 31 28 27 29 26 25 27 24 23 25 22 21 23 20 19 21 18 17 19 16 15 17 14 13 15 12 11 13 10 9 11 8 7 9 6 5 7 4 3 5 2 1 3 36 35 37 34 33 35 32 31 33 30 29 31 28 27 29 26 25 27 24 23 25 22 21 23 20 19 21 18 17 19 16 15 17 14 13 15 12 11 13 10 9 11 8 7 9 6 5 7 4 3 5 2 1 3 32 31 33 30 29 31 28 27 29 26 25 27 24 23 25 22 21 23 20 19 21 18 17 19 16 15 17 14 13 15 12 11 13 10 9 11 8 7 9 6 5 7 4 3 5 36 35 37 34 33 35 32 31 33 30 29 31 28 27 29 26 25 27 24 23 25 22 21 23 20 19 21 18 17 19 16 15 17 14 13 15 12 11 13 10 9 11 8 7 9 6 5 7 4 3 5 30 29 31 28 27 29 26 25 27 24 23 25 22 21 23 20 19 21 18 17 19 16 15 17 14 13 15 12 11 13 10 9 11 8 7 9 6 5 7 34 33 35 32 31 33 30 29 31 28 27 29 26 25 27 24 23 25 22 21 23 20 19 21 18 17 19 16 15 17 14 13 15 12 11 13 10 9 11 8 7 9 6 5 7 28 27 29 26 25 27 24 23 25 22 21 23 20 19 21 18 17 19 16 15 17 14 13 15 12 11 13 10 9 11 8 7 9 24 23 25 22 21 23 20 19 21 18 17 19 16 15 17 14 13 15 12 11 13 26 25 27 24 23 25 22 21 23 20 19 21 18 17 19 16 15 17 14 13 15 12 11 13 10 9 11 22 21 23 20 19 21 18 17 19 16 15 17 14 13 15 24 23 25 26 25 27 24 23 25 28 27 29 26 25 27 30 29 31 28 27 29 32 31 33 30 29 31 36 35 37 34 33 35 32 31 33 30 29 31 28 27 29 26 25 27 24 23 25 22 21 23 20 19 21 18 17 19 16 15 17 14 13 15 12 11 13 10 9 11 8 7 9 36 35 37 34 33 35 32 31 33 30 29 31 28 27 29 26 25 27 24 23 25 22 21 23 20 19 21 18 17 19 16 15 17 14 13 15 12 11 13 10 9 11 26 25 27 24 23 25 28 27 29 26 25 27 24 23 25 22 21 23 20 19 21 18 17 19 16 15 17 14 13 15 12 11 13 30 29 31 28 27 29 32 31 33 30 29 31 34 33 35 32 31 33 30 29 31 28 27 29 26 25 27 24 23 25 22 21 23 20 19 21 18 17 19 16 15 17 14 13 15 20 19 21 18 17 19 16 15 17 18 17 19 22 21 23 20 19 21 26 25 27 24 23 25 22 21 23 28 27 29 26 25 27 24 23 25 36 35 37 34 33 35 32 31 33 30 29 31 28 27 29 26 25 27 24 23 25 22 21 23 20 19 21 18 17 19 16 15 17 18 17 19 22 21 23 20 19 21 24 23 25 32 31 33 30 29 31 28 27 29 26 25 27
[2.346722s] A=259 K=481 i=4.96424811e+08) 37 35 33 31 29 27 25 23 21 19 17 15 13 11 9 7 5 3 1 36 35 37 34 33 35 32 31 33 30 29 31 28 27 29 26 25 27 24 23 25 22 21 23 20 19 21 18 17 19 16 15 17 14 13 15 12 11 13 10 9 11 8 7 9 6 5 7 4 3 5 2 1 3 0 1 34 33 35 32 31 33 30 29 31 28 27 29 26 25 27 24 23 25 22 21 23 20 19 21 18 17 19 16 15 17 14 13 15 12 11 13 10 9 11 8 7 9 6 5 7 4 3 5 2 1 3 36 35 37 34 33 35 32 31 33 30 29 31 28 27 29 26 25 27 24 23 25 22 21 23 20 19 21 18 17 19 16 15 17 14 13 15 12 11 13 10 9 11 8 7 9 6 5 7 4 3 5 2 1 3 32 31 33 30 29 31 28 27 29 26 25 27 24 23 25 22 21 23 20 19 21 18 17 19 16 15 17 14 13 15 12 11 13 10 9 11 8 7 9 6 5 7 4 3 5 36 35 37 34 33 35 32 31 33 30 29 31 28 27 29 26 25 27 24 23 25 22 21 23 20 19 21 18 17 19 16 15 17 14 13 15 12 11 13 10 9 11 8 7 9 6 5 7 4 3 5 30 29 31 28 27 29 26 25 27 24 23 25 22 21 23 20 19 21 18 17 19 16 15 17 14 13 15 12 11 13 10 9 11 8 7 9 6 5 7 34 33 35 32 31 33 30 29 31 28 27 29 26 25 27 24 23 25 22 21 23 20 19 21 18 17 19 16 15 17 14 13 15 12 11 13 10 9 11 8 7 9 6 5 7 28 27 29 26 25 27 24 23 25 22 21 23 20 19 21 18 17 19 16 15 17 14 13 15 12 11 13 10 9 11 8 7 9 24 23 25 22 21 23 20 19 21 18 17 19 16 15 17 14 13 15 12 11 13 26 25 27 24 23 25 22 21 23 20 19 21 18 17 19 16 15 17 14 13 15 12 11 13 10 9 11 22 21 23 20 19 21 18 17 19 16 15 17 32 31 33 30 29 31 28 27 29 26 25 27 24 23 25 22 21 23 20 19 21 18 17 19 26 25 27 24 23 25 28 27 29 26 25 27 24 23 25 30 29 31 28 27 29 26 25 27 32 31 33 34 33 35 32 31 33 30 29 31 28 27 29 36 35 37 34 33 35 32 31 33 30 29 31 28 27 29 26 25 27 24 23 25 22 21 23 20 19 21 18 17 19 16 15 17 14 13 15 12 11 13 10 9 11 8 7 9 16 15 17 14 13 15 18 17 19 34 33 35 32 31 33 30 29 31 36 35 37 34 33 35 32 31 33 30 29 31 28 27 29 26 25 27 24 23 25 22 21 23 20 19 21 18 17 19 16 15 17 14 13 15 12 11 13 10 9 11 12 11 13 14 13 15 26 25 27 24 23 25 22 21 23 20 19 21 18 17 19 16 15 17 14 13 15 20 19 21 18 17 19 16 15 17 28 27 29 26 25 27 24 23 25 22 21 23 20 19 21 18 17 19 16 15 17 24 23 25 22 21 23 20 19 21 18 17 19 30 29 31 28 27 29 26 25 27 24 23 25 22 21 23 20 19 21 32 31 33 30 29 31 28 27 29 26 25 27 24 23 25 22 21 23 34 33 35 32 31 33 30 29 31 28 27 29 26 25 27
[2.347320s] A=259 K=481 i=4.96499555e+08) 37 35 33 31 29 27 25 23 21 19 17 15 13 11 9 7 5 3 1 36 35 37 34 33 35 32 31 33 30 29 31 28 27 29 26 25 27 24 23 25 22 21 23 20 19 21 18 17 19 16 15 17 14 13 15 12 11 13 10 9 11 8 7 9 6 5 7 4 3 5 2 1 3 0 1 34 33 35 32 31 33 30 29 31 28 27 29 26 25 27 24 23 25 22 21 23 20 19 21 18 17 19 16 15 17 14 13 15 12 11 13 10 9 11 8 7 9 6 5 7 4 3 5 2 1 3 36 35 37 34 33 35 32 31 33 30 29 31 28 27 29 26 25 27 24 23 25 22 21 23 20 19 21 18 17 19 16 15 17 14 13 15 12 11 13 10 9 11 8 7 9 6 5 7 4 3 5 2 1 3 32 31 33 30 29 31 28 27 29 26 25 27 24 23 25 22 21 23 20 19 21 18 17 19 16 15 17 14 13 15 12 11 13 10 9 11 8 7 9 6 5 7 4 3 5 36 35 37 34 33 35 32 31 33 30 29 31 28 27 29 26 25 27 24 23 25 22 21 23 20 19 21 18 17 19 16 15 17 14 13 15 12 11 13 10 9 11 8 7 9 6 5 7 4 3 5 30 29 31 28 27 29 26 25 27 24 23 25 22 21 23 20 19 21 18 17 19 16 15 17 14 13 15 12 11 13 10 9 11 8 7 9 6 5 7 34 33 35 32 31 33 30 29 31 28 27 29 26 25 27 24 23 25 22 21 23 20 19 21 18 17 19 16 15 17 14 13 15 12 11 13 10 9 11 8 7 9 6 5 7 28 27 29 26 25 27 24 23 25 22 21 23 20 19 21 18 17 19 16 15 17 14 13 15 12 11 13 10 9 11 8 7 9 24 23 25 22 21 23 20 19 21 18 17 19 16 15 17 14 13 15 12 11 13 26 25 27 24 23 25 22 21 23 20 19 21 18 17 19 16 15 17 14 13 15 12 11 13 10 9 11 22 21 23 20 19 21 18 17 19 16 15 17 32 31 33 30 29 31 28 27 29 26 25 27 24 23 25 22 21 23 20 19 21 18 17 19 26 25 27 24 23 25 28 27 29 30 29 31 36 35 37 34 33 35 32 31 33 30 29 31 28 27 29 26 25 27 24 23 25 22 21 23 20 19 21 18 17 19 16 15 17 14 13 15 12 11 13 10 9 11 8 7 9 14 13 15 16 15 17 18 17 19 28 27 29 26 25 27 24 23 25 30 29 31 34 33 35 32 31 33 30 29 31 28 27 29 26 25 27 36 35 37 34 33 35 32 31 33 30 29 31 28 27 29 26 25 27 24 23 25 22 21 23 20 19 21 18 17 19 16 15 17 14 13 15 12 11 13 10 9 11 14 13 15 12 11 13 24 23 25 22 21 23 20 19 21 18 17 19 16 15 17 14 13 15 20 19 21 18 17 19 16 15 17 26 25 27 32 31 33 30 29 31 28 27 29 36 35 37 34 33 35 32 31 33 30 29 31 28 27 29 26 25 27 24 23 25 22 21 23 20 19 21 18 17 19 16 15 17 22 21 23 20 19 21 18 17 19 26 25 27 24 23 25 22 21 23 20 19 21 24 23 25 28 27 29 26 25 27 34 33 35 32 31 33 30 29 31 28 27 29 26 25 27 24 23 25 22 21 23
[2.359926s] A=259 K=481 i=4.99219138e+08) 37 35 33 31 29 27 25 23 21 19 17 15 13 11 9 7 5 3 1 36 35 37 34 33 35 32 31 33 30 29 31 28 27 29 26 25 27 24 23 25 22 21 23 20 19 21 18 17 19 16 15 17 14 13 15 12 11 13 10 9 11 8 7 9 6 5 7 4 3 5 2 1 3 0 1 34 33 35 32 31 33 30 29 31 28 27 29 26 25 27 24 23 25 22 21 23 20 19 21 18 17 19 16 15 17 14 13 15 12 11 13 10 9 11 8 7 9 6 5 7 4 3 5 2 1 3 36 35 37 34 33 35 32 31 33 30 29 31 28 27 29 26 25 27 24 23 25 22 21 23 20 19 21 18 17 19 16 15 17 14 13 15 12 11 13 10 9 11 8 7 9 6 5 7 4 3 5 2 1 3 32 31 33 30 29 31 28 27 29 26 25 27 24 23 25 22 21 23 20 19 21 18 17 19 16 15 17 14 13 15 12 11 13 10 9 11 8 7 9 6 5 7 4 3 5 36 35 37 34 33 35 32 31 33 30 29 31 28 27 29 26 25 27 24 23 25 22 21 23 20 19 21 18 17 19 16 15 17 14 13 15 12 11 13 10 9 11 8 7 9 6 5 7 4 3 5 30 29 31 28 27 29 26 25 27 24 23 25 22 21 23 20 19 21 18 17 19 16 15 17 14 13 15 12 11 13 10 9 11 8 7 9 6 5 7 34 33 35 32 31 33 30 29 31 28 27 29 26 25 27 24 23 25 22 21 23 20 19 21 18 17 19 16 15 17 14 13 15 12 11 13 10 9 11 8 7 9 6 5 7 28 27 29 26 25 27 24 23 25 22 21 23 20 19 21 18 17 19 16 15 17 14 13 15 12 11 13 10 9 11 8 7 9 24 23 25 22 21 23 20 19 21 18 17 19 16 15 17 14 13 15 12 11 13 26 25 27 24 23 25 22 21 23 20 19 21 18 17 19 16 15 17 14 13 15 12 11 13 10 9 11 22 21 23 20 19 21 18 17 19 16 15 17 28 27 29 26 25 27 24 23 25 32 31 33 34 33 35 36 35 37 34 33 35 32 31 33 30 29 31 28 27 29 26 25 27 24 23 25 22 21 23 20 19 21 18 17 19 16 15 17 14 13 15 12 11 13 10 9 11 8 7 9 14 13 15 30 29 31 28 27 29 26 25 27 24 23 25 22 21 23 20 19 21 18 17 19 16 15 17 18 17 19 32 31 33 30 29 31 28 27 29 26 25 27 24 23 25 22 21 23 20 19 21 32 31 33 30 29 31 28 27 29 26 25 27 24 23 25 34 33 35 32 31 33 30 29 31 28 27 29 26 25 27 36 35 37 34 33 35 32 31 33 30 29 31 28 27 29 26 25 27 24 23 25 22 21 23 20 19 21 18 17 19 16 15 17 14 13 15 12 11 13 10 9 11 14 13 15 12 11 13 18 17 19 16 15 17 14 13 15 20 19 21 18 17 19 16 15 17 24 23 25 22 21 23 20 19 21 18 17 19 16 15 17 22 21 23 20 19 21 18 17 19 34 33 35 32 31 33 30 29 31 28 27 29 26 25 27 24 23 25 22 21 23 20 19 21 24 23 25 28 27 29 26 25 27 36 35 37 34 33 35 32 31 33 30 29 31 28 27 29 26 25 27 24 23 25 22 21 23
[2.374585s] A=259 K=481 i=5.02113834e+08) 37 35 33 31 29 27 25 23 21 19 17 15 13 11 9 7 5 3 1 36 35 37 34 33 35 32 31 33 30 29 31 28 27 29 26 25 27 24 23 25 22 21 23 20 19 21 18 17 19 16 15 17 14 13 15 12 11 13 10 9 11 8 7 9 6 5 7 4 3 5 2 1 3 0 1 34 33 35 32 31 33 30 29 31 28 27 29 26 25 27 24 23 25 22 21 23 20 19 21 18 17 19 16 15 17 14 13 15 12 11 13 10 9 11 8 7 9 6 5 7 4 3 5 2 1 3 36 35 37 34 33 35 32 31 33 30 29 31 28 27 29 26 25 27 24 23 25 22 21 23 20 19 21 18 17 19 16 15 17 14 13 15 12 11 13 10 9 11 8 7 9 6 5 7 4 3 5 2 1 3 32 31 33 30 29 31 28 27 29 26 25 27 24 23 25 22 21 23 20 19 21 18 17 19 16 15 17 14 13 15 12 11 13 10 9 11 8 7 9 6 5 7 4 3 5 36 35 37 34 33 35 32 31 33 30 29 31 28 27 29 26 25 27 24 23 25 22 21 23 20 19 21 18 17 19 16 15 17 14 13 15 12 11 13 10 9 11 8 7 9 6 5 7 4 3 5 30 29 31 28 27 29 26 25 27 24 23 25 22 21 23 20 19 21 18 17 19 16 15 17 14 13 15 12 11 13 10 9 11 8 7 9 6 5 7 34 33 35 32 31 33 30 29 31 28 27 29 26 25 27 24 23 25 22 21 23 20 19 21 18 17 19 16 15 17 14 13 15 12 11 13 10 9 11 8 7 9 6 5 7 28 27 29 26 25 27 24 23 25 22 21 23 20 19 21 18 17 19 16 15 17 14 13 15 12 11 13 10 9 11 8 7 9 24 23 25 22 21 23 20 19 21 18 17 19 16 15 17 14 13 15 12 11 13 26 25 27 24 23 25 22 21 23 20 19 21 18 17 19 16 15 17 14 13 15 12 11 13 10 9 11 22 21 23 20 19 21 18 17 19 16 15 17 26 25 27 24 23 25 32 31 33 30 29 31 28 27 29 26 25 27 24 23 25 22 21 23 20 19 21 18 17 19 28 27 29 30 29 31 36 35 37 34 33 35 32 31 33 30 29 31 28 27 29 26 25 27 24 23 25 22 21 23 20 19 21 18 17 19 16 15 17 14 13 15 12 11 13 10 9 11 8 7 9 14 13 15 16 15 17 18 17 19 28 27 29 26 25 27 24 23 25 34 33 35 32 31 33 30 29 31 28 27 29 26 25 27 30 29 31 32 31 33 36 35 37 34 33 35 32 31 33 30 29 31 28 27 29 26 25 27 24 23 25 22 21 23 20 19 21 18 17 19 16 15 17 14 13 15 12 11 13 10 9 11 14 13 15 12 11 13 24 23 25 22 21 23 20 19 21 18 17 19 16 15 17 14 13 15 20 19 21 18 17 19 16 15 17 26 25 27 30 29 31 28 27 29 36 35 37 34 33 35 32 31 33 30 29 31 28 27 29 26 25 27 24 23 25 22 21 23 20 19 21 18 17 19 16 15 17 22 21 23 20 19 21 18 17 19 26 25 27 24 23 25 22 21 23 20 19 21 24 23 25 28 27 29 26 25 27 34 33 35 32 31 33 30 29 31 28 27 29 26 25 27 24 23 25 22 21 23
[2.374632s] A=259 K=481 i=5.02116361e+08) 37 35 33 31 29 27 25 23 21 19 17 15 13 11 9 7 5 3 1 36 35 37 34 33 35 32 31 33 30 29 31 28 27 29 26 25 27 24 23 25 22 21 23 20 19 21 18 17 19 16 15 17 14 13 15 12 11 13 10 9 11 8 7 9 6 5 7 4 3 5 2 1 3 0 1 34 33 35 32 31 33 30 29 31 28 27 29 26 25 27 24 23 25 22 21 23 20 19 21 18 17 19 16 15 17 14 13 15 12 11 13 10 9 11 8 7 9 6 5 7 4 3 5 2 1 3 36 35 37 34 33 35 32 31 33 30 29 31 28 27 29 26 25 27 24 23 25 22 21 23 20 19 21 18 17 19 16 15 17 14 13 15 12 11 13 10 9 11 8 7 9 6 5 7 4 3 5 2 1 3 32 31 33 30 29 31 28 27 29 26 25 27 24 23 25 22 21 23 20 19 21 18 17 19 16 15 17 14 13 15 12 11 13 10 9 11 8 7 9 6 5 7 4 3 5 36 35 37 34 33 35 32 31 33 30 29 31 28 27 29 26 25 27 24 23 25 22 21 23 20 19 21 18 17 19 16 15 17 14 13 15 12 11 13 10 9 11 8 7 9 6 5 7 4 3 5 30 29 31 28 27 29 26 25 27 24 23 25 22 21 23 20 19 21 18 17 19 16 15 17 14 13 15 12 11 13 10 9 11 8 7 9 6 5 7 34 33 35 32 31 33 30 29 31 28 27 29 26 25 27 24 23 25 22 21 23 20 19 21 18 17 19 16 15 17 14 13 15 12 11 13 10 9 11 8 7 9 6 5 7 28 27 29 26 25 27 24 23 25 22 21 23 20 19 21 18 17 19 16 15 17 14 13 15 12 11 13 10 9 11 8 7 9 24 23 25 22 21 23 20 19 21 18 17 19 16 15 17 14 13 15 12 11 13 26 25 27 24 23 25 22 21 23 20 19 21 18 17 19 16 15 17 14 13 15 12 11 13 10 9 11 22 21 23 20 19 21 18 17 19 16 15 17 26 25 27 24 23 25 32 31 33 30 29 31 28 27 29 26 25 27 24 23 25 22 21 23 20 19 21 18 17 19 28 27 29 30 29 31 36 35 37 34 33 35 32 31 33 30 29 31 28 27 29 26 25 27 24 23 25 22 21 23 20 19 21 18 17 19 16 15 17 14 13 15 12 11 13 10 9 11 8 7 9 14 13 15 16 15 17 18 17 19 26 25 27 28 27 29 30 29 31 34 33 35 32 31 33 36 35 37 34 33 35 32 31 33 30 29 31 28 27 29 26 25 27 24 23 25 22 21 23 20 19 21 18 17 19 16 15 17 14 13 15 12 11 13 10 9 11 14 13 15 12 11 13 26 25 27 24 23 25 30 29 31 28 27 29 26 25 27 24 23 25 22 21 23 20 19 21 18 17 19 16 15 17 14 13 15 20 19 21 18 17 19 16 15 17 32 31 33 30 29 31 28 27 29 36 35 37 34 33 35 32 31 33 30 29 31 28 27 29 26 25 27 24 23 25 22 21 23 20 19 21 18 17 19 16 15 17 22 21 23 20 19 21 18 17 19 26 25 27 24 23 25 22 21 23 20 19 21 24 23 25 28 27 29 26 25 27 34 33 35 32 31 33 30 29 31 28 27 29 26 25 27 24 23 25 22 21 23
[2.396654s] A=259 K=481 i=5.07221873e+08) 37 35 33 31 29 27 25 23 21 19 17 15 13 11 9 7 5 3 1 36 35 37 34 33 35 32 31 33 30 29 31 28 27 29 26 25 27 24 23 25 22 21 23 20 19 21 18 17 19 16 15 17 14 13 15 12 11 13 10 9 11 8 7 9 6 5 7 4 3 5 2 1 3 0 1 34 33 35 32 31 33 30 29 31 28 27 29 26 25 27 24 23 25 22 21 23 20 19 21 18 17 19 16 15 17 14 13 15 12 11 13 10 9 11 8 7 9 6 5 7 4 3 5 2 1 3 36 35 37 34 33 35 32 31 33 30 29 31 28 27 29 26 25 27 24 23 25 22 21 23 20 19 21 18 17 19 16 15 17 14 13 15 12 11 13 10 9 11 8 7 9 6 5 7 4 3 5 2 1 3 32 31 33 30 29 31 28 27 29 26 25 27 24 23 25 22 21 23 20 19 21 18 17 19 16 15 17 14 13 15 12 11 13 10 9 11 8 7 9 6 5 7 4 3 5 36 35 37 34 33 35 32 31 33 30 29 31 28 27 29 26 25 27 24 23 25 22 21 23 20 19 21 18 17 19 16 15 17 14 13 15 12 11 13 10 9 11 8 7 9 6 5 7 4 3 5 30 29 31 28 27 29 26 25 27 24 23 25 22 21 23 20 19 21 18 17 19 16 15 17 14 13 15 12 11 13 10 9 11 8 7 9 6 5 7 34 33 35 32 31 33 30 29 31 28 27 29 26 25 27 24 23 25 22 21 23 20 19 21 18 17 19 16 15 17 14 13 15 12 11 13 10 9 11 8 7 9 6 5 7 28 27 29 26 25 27 24 23 25 22 21 23 20 19 21 18 17 19 16 15 17 14 13 15 12 11 13 10 9 11 8 7 9 24 23 25 22 21 23 20 19 21 18 17 19 16 15 17 14 13 15 12 11 13 26 25 27 24 23 25 22 21 23 20 19 21 18 17 19 16 15 17 14 13 15 12 11 13 10 9 11 22 21 23 20 19 21 18 17 19 16 15 17 24 23 25 26 25 27 24 23 25 28 27 29 32 31 33 30 29 31 28 27 29 26 25 27 36 35 37 34 33 35 32 31 33 30 29 31 28 27 29 26 25 27 24 23 25 22 21 23 20 19 21 18 17 19 16 15 17 14 13 15 12 11 13 10 9 11 8 7 9 14 13 15 24 23 25 22 21 23 20 19 21 18 17 19 16 15 17 18 17 19 26 25 27 28 27 29 30 29 31 34 33 35 32 31 33 30 29 31 28 27 29 26 25 27 24 23 25 22 21 23 20 19 21 36 35 37 34 33 35 32 31 33 30 29 31 28 27 29 26 25 27 24 23 25 22 21 23 20 19 21 18 17 19 16 15 17 14 13 15 12 11 13 10 9 11 14 13 15 12 11 13 18 17 19 16 15 17 14 13 15 20 19 21 18 17 19 16 15 17 28 27 29 26 25 27 24 23 25 36 35 37 34 33 35 32 31 33 30 29 31 28 27 29 26 25 27 24 23 25 22 21 23 20 19 21 18 17 19 16 15 17 22 21 23 20 19 21 18 17 19 32 31 33 30 29 31 28 27 29 26 25 27 24 23 25 22 21 23 20 19 21 24 23 25 26 25 27 34 33 35 32 31 33 30 29 31 28 27 29 26 25 27 24 23 25 22 21 23
[2.397546s] A=259 K=481 i=5.07482032e+08) 37 35 33 31 29 27 25 23 21 19 17 15 13 11 9 7 5 3 1 36 35 37 34 33 35 32 31 33 30 29 31 28 27 29 26 25 27 24 23 25 22 21 23 20 19 21 18 17 19 16 15 17 14 13 15 12 11 13 10 9 11 8 7 9 6 5 7 4 3 5 2 1 3 0 1 34 33 35 32 31 33 30 29 31 28 27 29 26 25 27 24 23 25 22 21 23 20 19 21 18 17 19 16 15 17 14 13 15 12 11 13 10 9 11 8 7 9 6 5 7 4 3 5 2 1 3 36 35 37 34 33 35 32 31 33 30 29 31 28 27 29 26 25 27 24 23 25 22 21 23 20 19 21 18 17 19 16 15 17 14 13 15 12 11 13 10 9 11 8 7 9 6 5 7 4 3 5 2 1 3 32 31 33 30 29 31 28 27 29 26 25 27 24 23 25 22 21 23 20 19 21 18 17 19 16 15 17 14 13 15 12 11 13 10 9 11 8 7 9 6 5 7 4 3 5 36 35 37 34 33 35 32 31 33 30 29 31 28 27 29 26 25 27 24 23 25 22 21 23 20 19 21 18 17 19 16 15 17 14 13 15 12 11 13 10 9 11 8 7 9 6 5 7 4 3 5 30 29 31 28 27 29 26 25 27 24 23 25 22 21 23 20 19 21 18 17 19 16 15 17 14 13 15 12 11 13 10 9 11 8 7 9 6 5 7 34 33 35 32 31 33 30 29 31 28 27 29 26 25 27 24 23 25 22 21 23 20 19 21 18 17 19 16 15 17 14 13 15 12 11 13 10 9 11 8 7 9 6 5 7 28 27 29 26 25 27 24 23 25 22 21 23 20 19 21 18 17 19 16 15 17 14 13 15 12 11 13 10 9 11 8 7 9 24 23 25 22 21 23 20 19 21 18 17 19 16 15 17 14 13 15 12 11 13 26 25 27 24 23 25 22 21 23 20 19 21 18 17 19 16 15 17 14 13 15 12 11 13 10 9 11 22 21 23 20 19 21 18 17 19 16 15 17 24 23 25 26 25 27 32 31 33 30 29 31 28 27 29 26 25 27 24 23 25 22 21 23 20 19 21 18 17 19 30 29 31 28 27 29 36 35 37 34 33 35 32 31 33 30 29 31 28 27 29 26 25 27 24 23 25 22 21 23 20 19 21 18 17 19 16 15 17 14 13 15 12 11 13 10 9 11 8 7 9 14 13 15 16 15 17 18 17 19 26 25 27 24 23 25 28 27 29 30 29 31 34 33 35 32 31 33 36 35 37 34 33 35 32 31 33 30 29 31 28 27 29 26 25 27 24 23 25 22 21 23 20 19 21 18 17 19 16 15 17 14 13 15 12 11 13 10 9 11 14 13 15 12 11 13 30 29 31 28 27 29 26 25 27 24 23 25 22 21 23 20 19 21 18 17 19 16 15 17 14 13 15 20 19 21 18 17 19 16 15 17 26 25 27 32 31 33 30 29 31 28 27 29 36 35 37 34 33 35 32 31 33 30 29 31 28 27 29 26 25 27 24 23 25 22 21 23 20 19 21 18 17 19 16 15 17 22 21 23 20 19 21 18 17 19 26 25 27 24 23 25 22 21 23 20 19 21 24 23 25 28 27 29 26 25 27 34 33 35 32 31 33 30 29 31 28 27 29 26 25 27 24 23 25 22 21 23
[2.399313s] A=259 K=481 i=5.08020842e+08) 37 35 33 31 29 27 25 23 21 19 17 15 13 11 9 7 5 3 1 36 35 37 34 33 35 32 31 33 30 29 31 28 27 29 26 25 27 24 23 25 22 21 23 20 19 21 18 17 19 16 15 17 14 13 15 12 11 13 10 9 11 8 7 9 6 5 7 4 3 5 2 1 3 0 1 34 33 35 32 31 33 30 29 31 28 27 29 26 25 27 24 23 25 22 21 23 20 19 21 18 17 19 16 15 17 14 13 15 12 11 13 10 9 11 8 7 9 6 5 7 4 3 5 2 1 3 36 35 37 34 33 35 32 31 33 30 29 31 28 27 29 26 25 27 24 23 25 22 21 23 20 19 21 18 17 19 16 15 17 14 13 15 12 11 13 10 9 11 8 7 9 6 5 7 4 3 5 2 1 3 32 31 33 30 29 31 28 27 29 26 25 27 24 23 25 22 21 23 20 19 21 18 17 19 16 15 17 14 13 15 12 11 13 10 9 11 8 7 9 6 5 7 4 3 5 36 35 37 34 33 35 32 31 33 30 29 31 28 27 29 26 25 27 24 23 25 22 21 23 20 19 21 18 17 19 16 15 17 14 13 15 12 11 13 10 9 11 8 7 9 6 5 7 4 3 5 30 29 31 28 27 29 26 25 27 24 23 25 22 21 23 20 19 21 18 17 19 16 15 17 14 13 15 12 11 13 10 9 11 8 7 9 6 5 7 34 33 35 32 31 33 30 29 31 28 27 29 26 25 27 24 23 25 22 21 23 20 19 21 18 17 19 16 15 17 14 13 15 12 11 13 10 9 11 8 7 9 6 5 7 28 27 29 26 25 27 24 23 25 22 21 23 20 19 21 18 17 19 16 15 17 14 13 15 12 11 13 10 9 11 8 7 9 24 23 25 22 21 23 20 19 21 18 17 19 16 15 17 14 13 15 12 11 13 26 25 27 24 23 25 22 21 23 20 19 21 18 17 19 16 15 17 14 13 15 12 11 13 10 9 11 22 21 23 20 19 21 18 17 19 16 15 17 24 23 25 26 25 27 28 27 29 26 25 27 24 23 25 32 31 33 30 29 31 28 27 29 26 25 27 24 23 25 22 21 23 20 19 21 18 17 19 28 27 29 34 33 35 32 31 33 30 29 31 36 35 37 34 33 35 32 31 33 30 29 31 28 27 29 26 25 27 24 23 25 22 21 23 20 19 21 18 17 19 16 15 17 14 13 15 12 11 13 10 9 11 8 7 9 14 13 15 16 15 17 18 17 19 36 35 37 34 33 35 32 31 33 30 29 31 28 27 29 26 25 27 24 23 25 22 21 23 20 19 21 18 17 19 16 15 17 14 13 15 12 11 13 10 9 11 14 13 15 12 11 13 28 27 29 26 25 27 24 23 25 22 21 23 20 19 21 18 17 19 16 15 17 14 13 15 20 19 21 18 17 19 16 15 17 30 29 31 28 27 29 26 25 27 24 23 25 32 31 33 30 29 31 28 27 29 26 25 27 34 33 35 32 31 33 30 29 31 28 27 29 26 25 27 24 23 25 22 21 23 20 19 21 18 17 19 16 15 17 22 21 23 20 19 21 18 17 19 24 23 25 22 21 23 20 19 21 24 23 25 26 25 27 36 35 37 34 33 35 32 31 33 30 29 31 28 27 29 26 25 27 24 23 25 22 21 23
[2.403232s] A=259 K=481 i=5.09031577e+08) 37 35 33 31 29 27 25 23 21 19 17 15 13 11 9 7 5 3 1 36 35 37 34 33 35 32 31 33 30 29 31 28 27 29 26 25 27 24 23 25 22 21 23 20 19 21 18 17 19 16 15 17 14 13 15 12 11 13 10 9 11 8 7 9 6 5 7 4 3 5 2 1 3 0 1 34 33 35 32 31 33 30 29 31 28 27 29 26 25 27 24 23 25 22 21 23 20 19 21 18 17 19 16 15 17 14 13 15 12 11 13 10 9 11 8 7 9 6 5 7 4 3 5 2 1 3 36 35 37 34 33 35 32 31 33 30 29 31 28 27 29 26 25 27 24 23 25 22 21 23 20 19 21 18 17 19 16 15 17 14 13 15 12 11 13 10 9 11 8 7 9 6 5 7 4 3 5 2 1 3 32 31 33 30 29 31 28 27 29 26 25 27 24 23 25 22 21 23 20 19 21 18 17 19 16 15 17 14 13 15 12 11 13 10 9 11 8 7 9 6 5 7 4 3 5 36 35 37 34 33 35 32 31 33 30 29 31 28 27 29 26 25 27 24 23 25 22 21 23 20 19 21 18 17 19 16 15 17 14 13 15 12 11 13 10 9 11 8 7 9 6 5 7 4 3 5 30 29 31 28 27 29 26 25 27 24 23 25 22 21 23 20 19 21 18 17 19 16 15 17 14 13 15 12 11 13 10 9 11 8 7 9 6 5 7 34 33 35 32 31 33 30 29 31 28 27 29 26 25 27 24 23 25 22 21 23 20 19 21 18 17 19 16 15 17 14 13 15 12 11 13 10 9 11 8 7 9 6 5 7 28 27 29 26 25 27 24 23 25 22 21 23 20 19 21 18 17 19 16 15 17 14 13 15 12 11 13 10 9 11 8 7 9 24 23 25 22 21 23 20 19 21 18 17 19 16 15 17 14 13 15 12 11 13 26 25 27 24 23 25 22 21 23 20 19 21 18 17 19 16 15 17 14 13 15 12 11 13 10 9 11 22 21 23 20 19 21 18 17 19 16 15 17 24 23 25 26 25 27 28 27 29 32 31 33 30 29 31 28 27 29 26 25 27 24 23 25 22 21 23 20 19 21 18 17 19 36 35 37 34 33 35 32 31 33 30 29 31 28 27 29 26 25 27 24 23 25 22 21 23 20 19 21 18 17 19 16 15 17 14 13 15 12 11 13 10 9 11 8 7 9 14 13 15 16 15 17 18 17 19 26 25 27 28 27 29 30 29 31 28 27 29 34 33 35 32 31 33 30 29 31 36 35 37 34 33 35 32 31 33 30 29 31 28 27 29 26 25 27 24 23 25 22 21 23 20 19 21 18 17 19 16 15 17 14 13 15 12 11 13 10 9 11 14 13 15 12 11 13 26 25 27 24 23 25 28 27 29 26 25 27 24 23 25 22 21 23 20 19 21 18 17 19 16 15 17 14 13 15 20 19 21 18 17 19 16 15 17 36 35 37 34 33 35 32 31 33 30 29 31 28 27 29 26 25 27 24 23 25 22 21 23 20 19 21 18 17 19 16 15 17 22 21 23 20 19 21 18 17 19 32 31 33 30 29 31 28 27 29 26 25 27 24 23 25 22 21 23 20 19 21 24 23 25 28 27 29 26 25 27 34 33 35 32 31 33 30 29 31 28 27 29 26 25 27 24 23 25 22 21 23
[2.404753s] A=259 K=481 i=5.09256903e+08) 37 35 33 31 29 27 25 23 21 19 17 15 13 11 9 7 5 3 1 36 35 37 34 33 35 32 31 33 30 29 31 28 27 29 26 25 27 24 23 25 22 21 23 20 19 21 18 17 19 16 15 17 14 13 15 12 11 13 10 9 11 8 7 9 6 5 7 4 3 5 2 1 3 0 1 34 33 35 32 31 33 30 29 31 28 27 29 26 25 27 24 23 25 22 21 23 20 19 21 18 17 19 16 15 17 14 13 15 12 11 13 10 9 11 8 7 9 6 5 7 4 3 5 2 1 3 36 35 37 34 33 35 32 31 33 30 29 31 28 27 29 26 25 27 24 23 25 22 21 23 20 19 21 18 17 19 16 15 17 14 13 15 12 11 13 10 9 11 8 7 9 6 5 7 4 3 5 2 1 3 32 31 33 30 29 31 28 27 29 26 25 27 24 23 25 22 21 23 20 19 21 18 17 19 16 15 17 14 13 15 12 11 13 10 9 11 8 7 9 6 5 7 4 3 5 36 35 37 34 33 35 32 31 33 30 29 31 28 27 29 26 25 27 24 23 25 22 21 23 20 19 21 18 17 19 16 15 17 14 13 15 12 11 13 10 9 11 8 7 9 6 5 7 4 3 5 30 29 31 28 27 29 26 25 27 24 23 25 22 21 23 20 19 21 18 17 19 16 15 17 14 13 15 12 11 13 10 9 11 8 7 9 6 5 7 34 33 35 32 31 33 30 29 31 28 27 29 26 25 27 24 23 25 22 21 23 20 19 21 18 17 19 16 15 17 14 13 15 12 11 13 10 9 11 8 7 9 6 5 7 28 27 29 26 25 27 24 23 25 22 21 23 20 19 21 18 17 19 16 15 17 14 13 15 12 11 13 10 9 11 8 7 9 24 23 25 22 21 23 20 19 21 18 17 19 16 15 17 14 13 15 12 11 13 26 25 27 24 23 25 22 21 23 20 19 21 18 17 19 16 15 17 14 13 15 12 11 13 10 9 11 22 21 23 20 19 21 18 17 19 16 15 17 24 23 25 26 25 27 28 27 29 32 31 33 30 29 31 36 35 37 34 33 35 32 31 33 30 29 31 28 27 29 26 25 27 24 23 25 22 21 23 20 19 21 18 17 19 16 15 17 14 13 15 12 11 13 10 9 11 8 7 9 14 13 15 28 27 29 26 25 27 24 23 25 22 21 23 20 19 21 18 17 19 16 15 17 18 17 19 30 29 31 28 27 29 26 25 27 24 23 25 34 33 35 32 31 33 30 29 31 28 27 29 26 25 27 24 23 25 22 21 23 20 19 21 30 29 31 32 31 33 36 35 37 34 33 35 32 31 33 30 29 31 28 27 29 26 25 27 24 23 25 22 21 23 20 19 21 18 17 19 16 15 17 14 13 15 12 11 13 10 9 11 14 13 15 12 11 13 18 17 19 16 15 17 14 13 15 20 19 21 18 17 19 16 15 17 26 25 27 30 29 31 28 27 29 36 35 37 34 33 35 32 31 33 30 29 31 28 27 29 26 25 27 24 23 25 22 21 23 20 19 21 18 17 19 16 15 17 22 21 23 20 19 21 18 17 19 26 25 27 24 23 25 22 21 23 20 19 21 24 23 25 28 27 29 26 25 27 34 33 35 32 31 33 30 29 31 28 27 29 26 25 27 24 23 25 22 21 23
[2.409186s] A=259 K=481 i=5.09987185e+08) 37 35 33 31 29 27 25 23 21 19 17 15 13 11 9 7 5 3 1 36 35 37 34 33 35 32 31 33 30 29 31 28 27 29 26 25 27 24 23 25 22 21 23 20 19 21 18 17 19 16 15 17 14 13 15 12 11 13 10 9 11 8 7 9 6 5 7 4 3 5 2 1 3 0 1 34 33 35 32 31 33 30 29 31 28 27 29 26 25 27 24 23 25 22 21 23 20 19 21 18 17 19 16 15 17 14 13 15 12 11 13 10 9 11 8 7 9 6 5 7 4 3 5 2 1 3 36 35 37 34 33 35 32 31 33 30 29 31 28 27 29 26 25 27 24 23 25 22 21 23 20 19 21 18 17 19 16 15 17 14 13 15 12 11 13 10 9 11 8 7 9 6 5 7 4 3 5 2 1 3 32 31 33 30 29 31 28 27 29 26 25 27 24 23 25 22 21 23 20 19 21 18 17 19 16 15 17 14 13 15 12 11 13 10 9 11 8 7 9 6 5 7 4 3 5 36 35 37 34 33 35 32 31 33 30 29 31 28 27 29 26 25 27 24 23 25 22 21 23 20 19 21 18 17 19 16 15 17 14 13 15 12 11 13 10 9 11 8 7 9 6 5 7 4 3 5 30 29 31 28 27 29 26 25 27 24 23 25 22 21 23 20 19 21 18 17 19 16 15 17 14 13 15 12 11 13 10 9 11 8 7 9 6 5 7 34 33 35 32 31 33 30 29 31 28 27 29 26 25 27 24 23 25 22 21 23 20 19 21 18 17 19 16 15 17 14 13 15 12 11 13 10 9 11 8 7 9 6 5 7 28 27 29 26 25 27 24 23 25 22 21 23 20 19 21 18 17 19 16 15 17 14 13 15 12 11 13 10 9 11 8 7 9 24 23 25 22 21 23 20 19 21 18 17 19 16 15 17 14 13 15 12 11 13 26 25 27 24 23 25 22 21 23 20 19 21 18 17 19 16 15 17 14 13 15 12 11 13 10 9 11 22 21 23 20 19 21 18 17 19 16 15 17 24 23 25 26 25 27 28 27 29 30 29 31 32 31 33 30 29 31 28 27 29 26 25 27 24 23 25 22 21 23 20 19 21 18 17 19 36 35 37 34 33 35 32 31 33 30 29 31 28 27 29 26 25 27 24 23 25 22 21 23 20 19 21 18 17 19 16 15 17 14 13 15 12 11 13 10 9 11 8 7 9 16 15 17 14 13 15 18 17 19 26 25 27 24 23 25 28 27 29 30 29 31 36 35 37 34 33 35 32 31 33 30 29 31 28 27 29 26 25 27 24 23 25 22 21 23 20 19 21 18 17 19 16 15 17 14 13 15 12 11 13 10 9 11 12 11 13 14 13 15 34 33 35 32 31 33 30 29 31 28 27 29 26 25 27 24 23 25 22 21 23 20 19 21 18 17 19 16 15 17 14 13 15 20 19 21 18 17 19 16 15 17 26 25 27 32 31 33 30 29 31 28 27 29 36 35 37 34 33 35 32 31 33 30 29 31 28 27 29 26 25 27 24 23 25 22 21 23 20 19 21 18 17 19 16 15 17 24 23 25 22 21 23 20 19 21 18 17 19 26 25 27 24 23 25 22 21 23 20 19 21 28 27 29 26 25 27 24 23 25 22 21 23 34 33 35 32 31 33 30 29 31 28 27 29 26 25 27
[2.409671s] A=259 K=481 i=5.10054295e+08) 37 35 33 31 29 27 25 23 21 19 17 15 13 11 9 7 5 3 1 36 35 37 34 33 35 32 31 33 30 29 31 28 27 29 26 25 27 24 23 25 22 21 23 20 19 21 18 17 19 16 15 17 14 13 15 12 11 13 10 9 11 8 7 9 6 5 7 4 3 5 2 1 3 0 1 34 33 35 32 31 33 30 29 31 28 27 29 26 25 27 24 23 25 22 21 23 20 19 21 18 17 19 16 15 17 14 13 15 12 11 13 10 9 11 8 7 9 6 5 7 4 3 5 2 1 3 36 35 37 34 33 35 32 31 33 30 29 31 28 27 29 26 25 27 24 23 25 22 21 23 20 19 21 18 17 19 16 15 17 14 13 15 12 11 13 10 9 11 8 7 9 6 5 7 4 3 5 2 1 3 32 31 33 30 29 31 28 27 29 26 25 27 24 23 25 22 21 23 20 19 21 18 17 19 16 15 17 14 13 15 12 11 13 10 9 11 8 7 9 6 5 7 4 3 5 36 35 37 34 33 35 32 31 33 30 29 31 28 27 29 26 25 27 24 23 25 22 21 23 20 19 21 18 17 19 16 15 17 14 13 15 12 11 13 10 9 11 8 7 9 6 5 7 4 3 5 30 29 31 28 27 29 26 25 27 24 23 25 22 21 23 20 19 21 18 17 19 16 15 17 14 13 15 12 11 13 10 9 11 8 7 9 6 5 7 34 33 35 32 31 33 30 29 31 28 27 29 26 25 27 24 23 25 22 21 23 20 19 21 18 17 19 16 15 17 14 13 15 12 11 13 10 9 11 8 7 9 6 5 7 28 27 29 26 25 27 24 23 25 22 21 23 20 19 21 18 17 19 16 15 17 14 13 15 12 11 13 10 9 11 8 7 9 24 23 25 22 21 23 20 19 21 18 17 19 16 15 17 14 13 15 12 11 13 26 25 27 24 23 25 22 21 23 20 19 21 18 17 19 16 15 17 14 13 15 12 11 13 10 9 11 22 21 23 20 19 21 18 17 19 16 15 17 24 23 25 26 25 27 28 27 29 30 29 31 32 31 33 30 29 31 28 27 29 26 25 27 24 23 25 22 21 23 20 19 21 18 17 19 34 33 35 36 35 37 34 33 35 32 31 33 30 29 31 28 27 29 26 25 27 24 23 25 22 21 23 20 19 21 18 17 19 16 15 17 14 13 15 12 11 13 10 9 11 8 7 9 16 15 17 14 13 15 18 17 19 26 25 27 24 23 25 28 27 29 30 29 31 32 31 33 30 29 31 28 27 29 26 25 27 34 33 35 36 35 37 34 33 35 32 31 33 30 29 31 28 27 29 26 25 27 24 23 25 22 21 23 20 19 21 18 17 19 16 15 17 14 13 15 12 11 13 10 9 11 12 11 13 14 13 15 24 23 25 22 21 23 20 19 21 18 17 19 16 15 17 14 13 15 20 19 21 18 17 19 16 15 17 26 25 27 32 31 33 30 29 31 28 27 29 26 25 27 24 23 25 22 21 23 20 19 21 18 17 19 16 15 17 24 23 25 22 21 23 20 19 21 18 17 19 34 33 35 32 31 33 30 29 31 28 27 29 26 25 27 24 23 25 22 21 23 20 19 21 28 27 29 26 25 27 24 23 25 22 21 23 34 33 35 32 31 33 30 29 31 28 27 29 26 25 27
[2.412226s] A=259 K=481 i=5.10517273e+08) 37 35 33 31 29 27 25 23 21 19 17 15 13 11 9 7 5 3 1 36 35 37 34 33 35 32 31 33 30 29 31 28 27 29 26 25 27 24 23 25 22 21 23 20 19 21 18 17 19 16 15 17 14 13 15 12 11 13 10 9 11 8 7 9 6 5 7 4 3 5 2 1 3 0 1 34 33 35 32 31 33 30 29 31 28 27 29 26 25 27 24 23 25 22 21 23 20 19 21 18 17 19 16 15 17 14 13 15 12 11 13 10 9 11 8 7 9 6 5 7 4 3 5 2 1 3 36 35 37 34 33 35 32 31 33 30 29 31 28 27 29 26 25 27 24 23 25 22 21 23 20 19 21 18 17 19 16 15 17 14 13 15 12 11 13 10 9 11 8 7 9 6 5 7 4 3 5 2 1 3 32 31 33 30 29 31 28 27 29 26 25 27 24 23 25 22 21 23 20 19 21 18 17 19 16 15 17 14 13 15 12 11 13 10 9 11 8 7 9 6 5 7 4 3 5 36 35 37 34 33 35 32 31 33 30 29 31 28 27 29 26 25 27 24 23 25 22 21 23 20 19 21 18 17 19 16 15 17 14 13 15 12 11 13 10 9 11 8 7 9 6 5 7 4 3 5 30 29 31 28 27 29 26 25 27 24 23 25 22 21 23 20 19 21 18 17 19 16 15 17 14 13 15 12 11 13 10 9 11 8 7 9 6 5 7 34 33 35 32 31 33 30 29 31 28 27 29 26 25 27 24 23 25 22 21 23 20 19 21 18 17 19 16 15 17 14 13 15 12 11 13 10 9 11 8 7 9 6 5 7 28 27 29 26 25 27 24 23 25 22 21 23 20 19 21 18 17 19 16 15 17 14 13 15 12 11 13 10 9 11 8 7 9 24 23 25 22 21 23 20 19 21 18 17 19 16 15 17 14 13 15 12 11 13 26 25 27 24 23 25 22 21 23 20 19 21 18 17 19 16 15 17 14 13 15 12 11 13 10 9 11 22 21 23 20 19 21 18 17 19 16 15 17 24 23 25 26 25 27 28 27 29 30 29 31 32 31 33 30 29 31 28 27 29 26 25 27 24 23 25 22 21 23 20 19 21 18 17 19 24 23 25 26 25 27 28 27 29 30 29 31 34 33 35 32 31 33 36 35 37 34 33 35 32 31 33 30 29 31 28 27 29 26 25 27 24 23 25 22 21 23 20 19 21 18 17 19 16 15 17 14 13 15 12 11 13 10 9 11 8 7 9 16 15 17 14 13 15 18 17 19 24 23 25 30 29 31 28 27 29 26 25 27 36 35 37 34 33 35 32 31 33 30 29 31 28 27 29 26 25 27 24 23 25 22 21 23 20 19 21 18 17 19 16 15 17 14 13 15 12 11 13 10 9 11 12 11 13 14 13 15 24 23 25 22 21 23 20 19 21 18 17 19 16 15 17 14 13 15 20 19 21 18 17 19 16 15 17 26 25 27 32 31 33 30 29 31 28 27 29 34 33 35 32 31 33 30 29 31 28 27 29 26 25 27 24 23 25 22 21 23 20 19 21 18 17 19 16 15 17 24 23 25 22 21 23 20 19 21 18 17 19 26 25 27 24 23 25 22 21 23 20 19 21 28 27 29 26 25 27 24 23 25 22 21 23 34 33 35 32 31 33 30 29 31 28 27 29 26 25 27
[2.413596s] A=259 K=481 i=5.10921063e+08) 37 35 33 31 29 27 25 23 21 19 17 15 13 11 9 7 5 3 1 36 35 37 34 33 35 32 31 33 30 29 31 28 27 29 26 25 27 24 23 25 22 21 23 20 19 21 18 17 19 16 15 17 14 13 15 12 11 13 10 9 11 8 7 9 6 5 7 4 3 5 2 1 3 0 1 34 33 35 32 31 33 30 29 31 28 27 29 26 25 27 24 23 25 22 21 23 20 19 21 18 17 19 16 15 17 14 13 15 12 11 13 10 9 11 8 7 9 6 5 7 4 3 5 2 1 3 36 35 37 34 33 35 32 31 33 30 29 31 28 27 29 26 25 27 24 23 25 22 21 23 20 19 21 18 17 19 16 15 17 14 13 15 12 11 13 10 9 11 8 7 9 6 5 7 4 3 5 2 1 3 32 31 33 30 29 31 28 27 29 26 25 27 24 23 25 22 21 23 20 19 21 18 17 19 16 15 17 14 13 15 12 11 13 10 9 11 8 7 9 6 5 7 4 3 5 36 35 37 34 33 35 32 31 33 30 29 31 28 27 29 26 25 27 24 23 25 22 21 23 20 19 21 18 17 19 16 15 17 14 13 15 12 11 13 10 9 11 8 7 9 6 5 7 4 3 5 30 29 31 28 27 29 26 25 27 24 23 25 22 21 23 20 19 21 18 17 19 16 15 17 14 13 15 12 11 13 10 9 11 8 7 9 6 5 7 34 33 35 32 31 33 30 29 31 28 27 29 26 25 27 24 23 25 22 21 23 20 19 21 18 17 19 16 15 17 14 13 15 12 11 13 10 9 11 8 7 9 6 5 7 28 27 29 26 25 27 24 23 25 22 21 23 20 19 21 18 17 19 16 15 17 14 13 15 12 11 13 10 9 11 8 7 9 24 23 25 22 21 23 20 19 21 18 17 19 16 15 17 14 13 15 12 11 13 26 25 27 24 23 25 22 21 23 20 19 21 18 17 19 16 15 17 14 13 15 12 11 13 10 9 11 22 21 23 20 19 21 18 17 19 16 15 17 24 23 25 26 25 27 28 27 29 30 29 31 32 31 33 34 33 35 36 35 37 34 33 35 32 31 33 30 29 31 28 27 29 26 25 27 24 23 25 22 21 23 20 19 21 18 17 19 16 15 17 14 13 15 12 11 13 10 9 11 8 7 9 14 13 15 30 29 31 28 27 29 26 25 27 24 23 25 22 21 23 20 19 21 18 17 19 16 15 17 18 17 19 26 25 27 28 27 29 30 29 31 32 31 33 30 29 31 28 27 29 26 25 27 24 23 25 22 21 23 20 19 21 26 25 27 24 23 25 34 33 35 36 35 37 34 33 35 32 31 33 30 29 31 28 27 29 26 25 27 24 23 25 22 21 23 20 19 21 18 17 19 16 15 17 14 13 15 12 11 13 10 9 11 14 13 15 12 11 13 18 17 19 16 15 17 14 13 15 20 19 21 18 17 19 16 15 17 32 31 33 30 29 31 28 27 29 26 25 27 24 23 25 22 21 23 20 19 21 18 17 19 16 15 17 22 21 23 20 19 21 18 17 19 34 33 35 32 31 33 30 29 31 28 27 29 26 25 27 24 23 25 22 21 23 20 19 21 24 23 25 28 27 29 26 25 27 34 33 35 32 31 33 30 29 31 28 27 29 26 25 27 24 23 25 22 21 23
[2.606781s] A=259 K=481 i=5.5399449e+08) 37 35 33 31 29 27 25 23 21 19 17 15 13 11 9 7 5 3 1 36 35 37 34 33 35 32 31 33 30 29 31 28 27 29 26 25 27 24 23 25 22 21 23 20 19 21 18 17 19 16 15 17 14 13 15 12 11 13 10 9 11 8 7 9 6 5 7 4 3 5 2 1 3 0 1 34 33 35 32 31 33 30 29 31 28 27 29 26 25 27 24 23 25 22 21 23 20 19 21 18 17 19 16 15 17 14 13 15 12 11 13 10 9 11 8 7 9 6 5 7 4 3 5 2 1 3 36 35 37 34 33 35 32 31 33 30 29 31 28 27 29 26 25 27 24 23 25 22 21 23 20 19 21 18 17 19 16 15 17 14 13 15 12 11 13 10 9 11 8 7 9 6 5 7 4 3 5 2 1 3 32 31 33 30 29 31 28 27 29 26 25 27 24 23 25 22 21 23 20 19 21 18 17 19 16 15 17 14 13 15 12 11 13 10 9 11 8 7 9 6 5 7 4 3 5 36 35 37 34 33 35 32 31 33 30 29 31 28 27 29 26 25 27 24 23 25 22 21 23 20 19 21 18 17 19 16 15 17 14 13 15 12 11 13 10 9 11 8 7 9 6 5 7 4 3 5 30 29 31 28 27 29 26 25 27 24 23 25 22 21 23 20 19 21 18 17 19 16 15 17 14 13 15 12 11 13 10 9 11 8 7 9 6 5 7 34 33 35 32 31 33 30 29 31 28 27 29 26 25 27 24 23 25 22 21 23 20 19 21 18 17 19 16 15 17 14 13 15 12 11 13 10 9 11 8 7 9 6 5 7 28 27 29 26 25 27 24 23 25 22 21 23 20 19 21 18 17 19 16 15 17 14 13 15 12 11 13 10 9 11 8 7 9 24 23 25 22 21 23 20 19 21 18 17 19 16 15 17 14 13 15 12 11 13 26 25 27 24 23 25 22 21 23 20 19 21 18 17 19 16 15 17 14 13 15 22 21 23 20 19 21 18 17 19 16 15 17 24 23 25 26 25 27 28 27 29 36 35 37 34 33 35 32 31 33 30 29 31 28 27 29 26 25 27 24 23 25 22 21 23 20 19 21 18 17 19 16 15 17 14 13 15 12 11 13 10 9 11 8 7 9 12 11 13 10 9 11 14 13 15 26 25 27 24 23 25 32 31 33 30 29 31 28 27 29 26 25 27 24 23 25 22 21 23 20 19 21 18 17 19 16 15 17 18 17 19 28 27 29 30 29 31 34 33 35 32 31 33 30 29 31 28 27 29 26 25 27 24 23 25 22 21 23 20 19 21 36 35 37 34 33 35 32 31 33 30 29 31 28 27 29 26 25 27 24 23 25 22 21 23 20 19 21 18 17 19 16 15 17 14 13 15 12 11 13 10 9 11 14 13 15 12 11 13 16 15 17 18 17 19 16 15 17 14 13 15 20 19 21 18 17 19 16 15 17 28 27 29 26 25 27 24 23 25 22 21 23 20 19 21 18 17 19 36 35 37 34 33 35 32 31 33 30 29 31 28 27 29 26 25 27 24 23 25 22 21 23 20 19 21 18 17 19 16 15 17 32 31 33 30 29 31 28 27 29 26 25 27 34 33 35 32 31 33 30 29 31 28 27 29 26 25 27 24 23 25 22 21 23 20 19 21 24 23 25 22 21 23 26 25 27
[2.761029s] A=259 K=481 i=5.8847673e+08) 37 35 33 31 29 27 25 23 21 19 17 15 13 11 9 7 5 3 1 36 35 37 34 33 35 32 31 33 30 29 31 28 27 29 26 25 27 24 23 25 22 21 23 20 19 21 18 17 19 16 15 17 14 13 15 12 11 13 10 9 11 8 7 9 6 5 7 4 3 5 2 1 3 0 1 34 33 35 32 31 33 30 29 31 28 27 29 26 25 27 24 23 25 22 21 23 20 19 21 18 17 19 16 15 17 14 13 15 12 11 13 10 9 11 8 7 9 6 5 7 4 3 5 2 1 3 36 35 37 34 33 35 32 31 33 30 29 31 28 27 29 26 25 27 24 23 25 22 21 23 20 19 21 18 17 19 16 15 17 14 13 15 12 11 13 10 9 11 8 7 9 6 5 7 4 3 5 2 1 3 32 31 33 30 29 31 28 27 29 26 25 27 24 23 25 22 21 23 20 19 21 18 17 19 16 15 17 14 13 15 12 11 13 10 9 11 8 7 9 6 5 7 4 3 5 36 35 37 34 33 35 32 31 33 30 29 31 28 27 29 26 25 27 24 23 25 22 21 23 20 19 21 18 17 19 16 15 17 14 13 15 12 11 13 10 9 11 8 7 9 6 5 7 4 3 5 30 29 31 28 27 29 26 25 27 24 23 25 22 21 23 20 19 21 18 17 19 16 15 17 14 13 15 12 11 13 10 9 11 8 7 9 6 5 7 34 33 35 32 31 33 30 29 31 28 27 29 26 25 27 24 23 25 22 21 23 20 19 21 18 17 19 16 15 17 14 13 15 12 11 13 10 9 11 8 7 9 6 5 7 28 27 29 26 25 27 24 23 25 22 21 23 20 19 21 18 17 19 16 15 17 14 13 15 12 11 13 10 9 11 8 7 9 24 23 25 22 21 23 20 19 21 18 17 19 16 15 17 14 13 15 12 11 13 22 21 23 20 19 21 18 17 19 16 15 17 14 13 15 26 25 27 24 23 25 22 21 23 20 19 21 18 17 19 16 15 17 14 13 15 12 11 13 10 9 11 26 25 27 24 23 25 36 35 37 34 33 35 32 31 33 30 29 31 28 27 29 26 25 27 24 23 25 22 21 23 20 19 21 18 17 19 16 15 17 14 13 15 12 11 13 10 9 11 8 7 9 28 27 29 26 25 27 24 23 25 30 29 31 32 31 33 30 29 31 28 27 29 26 25 27 34 33 35 32 31 33 30 29 31 28 27 29 36 35 37 34 33 35 32 31 33 30 29 31 28 27 29 26 25 27 24 23 25 22 21 23 20 19 21 18 17 19 16 15 17 14 13 15 12 11 13 10 9 11 24 23 25 22 21 23 20 19 21 18 17 19 16 15 17 14 13 15 12 11 13 20 19 21 18 17 19 26 25 27 24 23 25 22 21 23 20 19 21 18 17 19 16 15 17 14 13 15 16 15 17 18 17 19 28 27 29 26 25 27 32 31 33 30 29 31 28 27 29 34 33 35 32 31 33 30 29 31 36 35 37 34 33 35 32 31 33 30 29 31 28 27 29 26 25 27 24 23 25 22 21 23 20 19 21 18 17 19 16 15 17 24 23 25 22 21 23 20 19 21 18 17 19 26 25 27 24 23 25 22 21 23 28 27 29 26 25 27 24 23 25 22 21 23 20 19 21 30 29 31 28 27 29 26 25 27
[2.771280s] A=259 K=481 i=5.90275382e+08) 37 35 33 31 29 27 25 23 21 19 17 15 13 11 9 7 5 3 1 36 35 37 34 33 35 32 31 33 30 29 31 28 27 29 26 25 27 24 23 25 22 21 23 20 19 21 18 17 19 16 15 17 14 13 15 12 11 13 10 9 11 8 7 9 6 5 7 4 3 5 2 1 3 0 1 34 33 35 32 31 33 30 29 31 28 27 29 26 25 27 24 23 25 22 21 23 20 19 21 18 17 19 16 15 17 14 13 15 12 11 13 10 9 11 8 7 9 6 5 7 4 3 5 2 1 3 36 35 37 34 33 35 32 31 33 30 29 31 28 27 29 26 25 27 24 23 25 22 21 23 20 19 21 18 17 19 16 15 17 14 13 15 12 11 13 10 9 11 8 7 9 6 5 7 4 3 5 2 1 3 32 31 33 30 29 31 28 27 29 26 25 27 24 23 25 22 21 23 20 19 21 18 17 19 16 15 17 14 13 15 12 11 13 10 9 11 8 7 9 6 5 7 4 3 5 36 35 37 34 33 35 32 31 33 30 29 31 28 27 29 26 25 27 24 23 25 22 21 23 20 19 21 18 17 19 16 15 17 14 13 15 12 11 13 10 9 11 8 7 9 6 5 7 4 3 5 30 29 31 28 27 29 26 25 27 24 23 25 22 21 23 20 19 21 18 17 19 16 15 17 14 13 15 12 11 13 10 9 11 8 7 9 6 5 7 34 33 35 32 31 33 30 29 31 28 27 29 26 25 27 24 23 25 22 21 23 20 19 21 18 17 19 16 15 17 14 13 15 12 11 13 10 9 11 8 7 9 6 5 7 28 27 29 26 25 27 24 23 25 22 21 23 20 19 21 18 17 19 16 15 17 14 13 15 12 11 13 10 9 11 8 7 9 24 23 25 22 21 23 20 19 21 18 17 19 16 15 17 14 13 15 12 11 13 22 21 23 20 19 21 18 17 19 16 15 17 14 13 15 26 25 27 24 23 25 22 21 23 20 19 21 18 17 19 16 15 17 14 13 15 12 11 13 10 9 11 26 25 27 30 29 31 28 27 29 36 35 37 34 33 35 32 31 33 30 29 31 28 27 29 26 25 27 24 23 25 22 21 23 20 19 21 18 17 19 16 15 17 14 13 15 12 11 13 10 9 11 8 7 9 26 25 27 24 23 25 28 27 29 32 31 33 30 29 31 36 35 37 34 33 35 32 31 33 30 29 31 28 27 29 26 25 27 24 23 25 22 21 23 20 19 21 18 17 19 16 15 17 14 13 15 12 11 13 10 9 11 28 27 29 26 25 27 24 23 25 22 21 23 20 19 21 18 17 19 16 15 17 14 13 15 12 11 13 26 25 27 30 29 31 28 27 29 34 33 35 32 31 33 30 29 31 28 27 29 26 25 27 24 23 25 22 21 23 20 19 21 18 17 19 16 15 17 14 13 15 20 19 21 18 17 19 16 15 17 18 17 19 22 21 23 20 19 21 26 25 27 24 23 25 22 21 23 36 35 37 34 33 35 32 31 33 30 29 31 28 27 29 26 25 27 24 23 25 22 21 23 20 19 21 18 17 19 16 15 17 18 17 19 36 35 37 34 33 35 32 31 33 30 29 31 28 27 29 26 25 27 24 23 25 22 21 23 20 19 21 24 23 25 32 31 33 30 29 31 28 27 29 26 25 27
[2.786605s] A=259 K=481 i=5.92390781e+08) 37 35 33 31 29 27 25 23 21 19 17 15 13 11 9 7 5 3 1 36 35 37 34 33 35 32 31 33 30 29 31 28 27 29 26 25 27 24 23 25 22 21 23 20 19 21 18 17 19 16 15 17 14 13 15 12 11 13 10 9 11 8 7 9 6 5 7 4 3 5 2 1 3 0 1 34 33 35 32 31 33 30 29 31 28 27 29 26 25 27 24 23 25 22 21 23 20 19 21 18 17 19 16 15 17 14 13 15 12 11 13 10 9 11 8 7 9 6 5 7 4 3 5 2 1 3 36 35 37 34 33 35 32 31 33 30 29 31 28 27 29 26 25 27 24 23 25 22 21 23 20 19 21 18 17 19 16 15 17 14 13 15 12 11 13 10 9 11 8 7 9 6 5 7 4 3 5 2 1 3 32 31 33 30 29 31 28 27 29 26 25 27 24 23 25 22 21 23 20 19 21 18 17 19 16 15 17 14 13 15 12 11 13 10 9 11 8 7 9 6 5 7 4 3 5 36 35 37 34 33 35 32 31 33 30 29 31 28 27 29 26 25 27 24 23 25 22 21 23 20 19 21 18 17 19 16 15 17 14 13 15 12 11 13 10 9 11 8 7 9 6 5 7 4 3 5 30 29 31 28 27 29 26 25 27 24 23 25 22 21 23 20 19 21 18 17 19 16 15 17 14 13 15 12 11 13 10 9 11 8 7 9 6 5 7 34 33 35 32 31 33 30 29 31 28 27 29 26 25 27 24 23 25 22 21 23 20 19 21 18 17 19 16 15 17 14 13 15 12 11 13 10 9 11 8 7 9 6 5 7 28 27 29 26 25 27 24 23 25 22 21 23 20 19 21 18 17 19 16 15 17 14 13 15 12 11 13 10 9 11 8 7 9 24 23 25 22 21 23 20 19 21 18 17 19 16 15 17 14 13 15 12 11 13 22 21 23 20 19 21 18 17 19 16 15 17 14 13 15 26 25 27 24 23 25 22 21 23 20 19 21 18 17 19 16 15 17 14 13 15 12 11 13 10 9 11 24 23 25 26 25 27 36 35 37 34 33 35 32 31 33 30 29 31 28 27 29 26 25 27 24 23 25 22 21 23 20 19 21 18 17 19 16 15 17 14 13 15 12 11 13 10 9 11 8 7 9 30 29 31 28 27 29 26 25 27 24 23 25 32 31 33 30 29 31 28 27 29 26 25 27 34 33 35 32 31 33 30 29 31 28 27 29 36 35 37 34 33 35 32 31 33 30 29 31 28 27 29 26 25 27 24 23 25 22 21 23 20 19 21 18 17 19 16 15 17 14 13 15 12 11 13 10 9 11 24 23 25 22 21 23 20 19 21 18 17 19 16 15 17 14 13 15 12 11 13 26 25 27 24 23 25 22 21 23 20 19 21 18 17 19 16 15 17 14 13 15 20 19 21 18 17 19 16 15 17 18 17 19 22 21 23 20 19 21 28 27 29 26 25 27 32 31 33 30 29 31 28 27 29 26 25 27 24 23 25 22 21 23 34 33 35 32 31 33 30 29 31 36 35 37 34 33 35 32 31 33 30 29 31 28 27 29 26 25 27 24 23 25 22 21 23 20 19 21 18 17 19 16 15 17 18 17 19 28 27 29 26 25 27 24 23 25 22 21 23 20 19 21 24 23 25 30 29 31 28 27 29 26 25 27
[2.789478s] A=259 K=481 i=5.92803009e+08) 37 35 33 31 29 27 25 23 21 19 17 15 13 11 9 7 5 3 1 36 35 37 34 33 35 32 31 33 30 29 31 28 27 29 26 25 27 24 23 25 22 21 23 20 19 21 18 17 19 16 15 17 14 13 15 12 11 13 10 9 11 8 7 9 6 5 7 4 3 5 2 1 3 0 1 34 33 35 32 31 33 30 29 31 28 27 29 26 25 27 24 23 25 22 21 23 20 19 21 18 17 19 16 15 17 14 13 15 12 11 13 10 9 11 8 7 9 6 5 7 4 3 5 2 1 3 36 35 37 34 33 35 32 31 33 30 29 31 28 27 29 26 25 27 24 23 25 22 21 23 20 19 21 18 17 19 16 15 17 14 13 15 12 11 13 10 9 11 8 7 9 6 5 7 4 3 5 2 1 3 32 31 33 30 29 31 28 27 29 26 25 27 24 23 25 22 21 23 20 19 21 18 17 19 16 15 17 14 13 15 12 11 13 10 9 11 8 7 9 6 5 7 4 3 5 36 35 37 34 33 35 32 31 33 30 29 31 28 27 29 26 25 27 24 23 25 22 21 23 20 19 21 18 17 19 16 15 17 14 13 15 12 11 13 10 9 11 8 7 9 6 5 7 4 3 5 30 29 31 28 27 29 26 25 27 24 23 25 22 21 23 20 19 21 18 17 19 16 15 17 14 13 15 12 11 13 10 9 11 8 7 9 6 5 7 34 33 35 32 31 33 30 29 31 28 27 29 26 25 27 24 23 25 22 21 23 20 19 21 18 17 19 16 15 17 14 13 15 12 11 13 10 9 11 8 7 9 6 5 7 28 27 29 26 25 27 24 23 25 22 21 23 20 19 21 18 17 19 16 15 17 14 13 15 12 11 13 10 9 11 8 7 9 24 23 25 22 21 23 20 19 21 18 17 19 16 15 17 14 13 15 12 11 13 22 21 23 20 19 21 18 17 19 16 15 17 14 13 15 26 25 27 24 23 25 22 21 23 20 19 21 18 17 19 16 15 17 14 13 15 12 11 13 10 9 11 24 23 25 26 25 27 28 27 29 26 25 27 24 23 25 36 35 37 34 33 35 32 31 33 30 29 31 28 27 29 26 25 27 24 23 25 22 21 23 20 19 21 18 17 19 16 15 17 14 13 15 12 11 13 10 9 11 8 7 9 32 31 33 30 29 31 28 27 29 34 33 35 32 31 33 30 29 31 36 35 37 34 33 35 32 31 33 30 29 31 28 27 29 26 25 27 24 23 25 22 21 23 20 19 21 18 17 19 16 15 17 14 13 15 12 11 13 10 9 11 26 25 27 24 23 25 22 21 23 20 19 21 18 17 19 16 15 17 14 13 15 12 11 13 20 19 21 18 17 19 28 27 29 26 25 27 24 23 25 22 21 23 20 19 21 18 17 19 16 15 17 14 13 15 16 15 17 18 17 19 30 29 31 28 27 29 26 25 27 32 31 33 30 29 31 28 27 29 34 33 35 32 31 33 30 29 31 36 35 37 34 33 35 32 31 33 30 29 31 28 27 29 26 25 27 24 23 25 22 21 23 20 19 21 18 17 19 16 15 17 24 23 25 22 21 23 20 19 21 18 17 19 26 25 27 24 23 25 22 21 23 28 27 29 26 25 27 24 23 25 22 21 23 20 19 21 30 29 31 28 27 29 26 25 27
[2.827678s] A=259 K=481 i=5.99742583e+08) 37 35 33 31 29 27 25 23 21 19 17 15 13 11 9 7 5 3 1 36 35 37 34 33 35 32 31 33 30 29 31 28 27 29 26 25 27 24 23 25 22 21 23 20 19 21 18 17 19 16 15 17 14 13 15 12 11 13 10 9 11 8 7 9 6 5 7 4 3 5 2 1 3 0 1 34 33 35 32 31 33 30 29 31 28 27 29 26 25 27 24 23 25 22 21 23 20 19 21 18 17 19 16 15 17 14 13 15 12 11 13 10 9 11 8 7 9 6 5 7 4 3 5 2 1 3 36 35 37 34 33 35 32 31 33 30 29 31 28 27 29 26 25 27 24 23 25 22 21 23 20 19 21 18 17 19 16 15 17 14 13 15 12 11 13 10 9 11 8 7 9 6 5 7 4 3 5 2 1 3 32 31 33 30 29 31 28 27 29 26 25 27 24 23 25 22 21 23 20 19 21 18 17 19 16 15 17 14 13 15 12 11 13 10 9 11 8 7 9 6 5 7 4 3 5 36 35 37 34 33 35 32 31 33 30 29 31 28 27 29 26 25 27 24 23 25 22 21 23 20 19 21 18 17 19 16 15 17 14 13 15 12 11 13 10 9 11 8 7 9 6 5 7 4 3 5 30 29 31 28 27 29 26 25 27 24 23 25 22 21 23 20 19 21 18 17 19 16 15 17 14 13 15 12 11 13 10 9 11 8 7 9 6 5 7 34 33 35 32 31 33 30 29 31 28 27 29 26 25 27 24 23 25 22 21 23 20 19 21 18 17 19 16 15 17 14 13 15 12 11 13 10 9 11 8 7 9 6 5 7 28 27 29 26 25 27 24 23 25 22 21 23 20 19 21 18 17 19 16 15 17 14 13 15 12 11 13 10 9 11 8 7 9 24 23 25 22 21 23 20 19 21 18 17 19 16 15 17 14 13 15 12 11 13 22 21 23 20 19 21 18 17 19 16 15 17 14 13 15 26 25 27 24 23 25 22 21 23 20 19 21 18 17 19 16 15 17 36 35 37 34 33 35 32 31 33 30 29 31 28 27 29 26 25 27 24 23 25 22 21 23 20 19 21 18 17 19 16 15 17 14 13 15 12 11 13 10 9 11 8 7 9 14 13 15 12 11 13 10 9 11 32 31 33 30 29 31 28 27 29 26 25 27 24 23 25 22 21 23 20 19 21 18 17 19 28 27 29 26 25 27 24 23 25 30 29 31 28 27 29 26 25 27 24 23 25 32 31 33 30 29 31 34 33 35 32 31 33 30 29 31 28 27 29 26 25 27 36 35 37 34 33 35 32 31 33 30 29 31 28 27 29 26 25 27 24 23 25 22 21 23 20 19 21 18 17 19 16 15 17 14 13 15 12 11 13 10 9 11 16 15 17 14 13 15 12 11 13 18 17 19 20 19 21 18 17 19 16 15 17 24 23 25 22 21 23 20 19 21 18 17 19 16 15 17 14 13 15 36 35 37 34 33 35 32 31 33 30 29 31 28 27 29 26 25 27 24 23 25 22 21 23 20 19 21 18 17 19 16 15 17 22 21 23 20 19 21 18 17 19 28 27 29 26 25 27 24 23 25 34 33 35 32 31 33 30 29 31 28 27 29 26 25 27 24 23 25 22 21 23 20 19 21 22 21 23 24 23 25 32 31 33 30 29 31 28 27 29 26 25 27
[2.828155s] A=259 K=481 i=5.99793695e+08) 37 35 33 31 29 27 25 23 21 19 17 15 13 11 9 7 5 3 1 36 35 37 34 33 35 32 31 33 30 29 31 28 27 29 26 25 27 24 23 25 22 21 23 20 19 21 18 17 19 16 15 17 14 13 15 12 11 13 10 9 11 8 7 9 6 5 7 4 3 5 2 1 3 0 1 34 33 35 32 31 33 30 29 31 28 27 29 26 25 27 24 23 25 22 21 23 20 19 21 18 17 19 16 15 17 14 13 15 12 11 13 10 9 11 8 7 9 6 5 7 4 3 5 2 1 3 36 35 37 34 33 35 32 31 33 30 29 31 28 27 29 26 25 27 24 23 25 22 21 23 20 19 21 18 17 19 16 15 17 14 13 15 12 11 13 10 9 11 8 7 9 6 5 7 4 3 5 2 1 3 32 31 33 30 29 31 28 27 29 26 25 27 24 23 25 22 21 23 20 19 21 18 17 19 16 15 17 14 13 15 12 11 13 10 9 11 8 7 9 6 5 7 4 3 5 36 35 37 34 33 35 32 31 33 30 29 31 28 27 29 26 25 27 24 23 25 22 21 23 20 19 21 18 17 19 16 15 17 14 13 15 12 11 13 10 9 11 8 7 9 6 5 7 4 3 5 30 29 31 28 27 29 26 25 27 24 23 25 22 21 23 20 19 21 18 17 19 16 15 17 14 13 15 12 11 13 10 9 11 8 7 9 6 5 7 34 33 35 32 31 33 30 29 31 28 27 29 26 25 27 24 23 25 22 21 23 20 19 21 18 17 19 16 15 17 14 13 15 12 11 13 10 9 11 8 7 9 6 5 7 28 27 29 26 25 27 24 23 25 22 21 23 20 19 21 18 17 19 16 15 17 14 13 15 12 11 13 10 9 11 8 7 9 24 23 25 22 21 23 20 19 21 18 17 19 16 15 17 14 13 15 12 11 13 22 21 23 20 19 21 18 17 19 16 15 17 14 13 15 26 25 27 24 23 25 22 21 23 20 19 21 18 17 19 16 15 17 36 35 37 34 33 35 32 31 33 30 29 31 28 27 29 26 25 27 24 23 25 22 21 23 20 19 21 18 17 19 16 15 17 14 13 15 12 11 13 10 9 11 8 7 9 14 13 15 12 11 13 10 9 11 28 27 29 26 25 27 24 23 25 32 31 33 30 29 31 28 27 29 26 25 27 24 23 25 22 21 23 20 19 21 18 17 19 30 29 31 28 27 29 26 25 27 24 23 25 32 31 33 34 33 35 32 31 33 30 29 31 28 27 29 26 25 27 36 35 37 34 33 35 32 31 33 30 29 31 28 27 29 26 25 27 24 23 25 22 21 23 20 19 21 18 17 19 16 15 17 14 13 15 12 11 13 10 9 11 16 15 17 14 13 15 12 11 13 18 17 19 20 19 21 18 17 19 16 15 17 24 23 25 22 21 23 20 19 21 18 17 19 16 15 17 14 13 15 30 29 31 34 33 35 32 31 33 36 35 37 34 33 35 32 31 33 30 29 31 28 27 29 26 25 27 24 23 25 22 21 23 20 19 21 18 17 19 16 15 17 22 21 23 20 19 21 18 17 19 28 27 29 26 25 27 24 23 25 30 29 31 28 27 29 26 25 27 24 23 25 22 21 23 20 19 21 22 21 23 24 23 25 32 31 33 30 29 31 28 27 29 26 25 27
[2.947057s] A=259 K=481 i=6.14609592e+08) 37 35 33 31 29 27 25 23 21 19 17 15 13 11 9 7 5 3 1 36 35 37 34 33 35 32 31 33 30 29 31 28 27 29 26 25 27 24 23 25 22 21 23 20 19 21 18 17 19 16 15 17 14 13 15 12 11 13 10 9 11 8 7 9 6 5 7 4 3 5 2 1 3 0 1 34 33 35 32 31 33 30 29 31 28 27 29 26 25 27 24 23 25 22 21 23 20 19 21 18 17 19 16 15 17 14 13 15 12 11 13 10 9 11 8 7 9 6 5 7 4 3 5 2 1 3 36 35 37 34 33 35 32 31 33 30 29 31 28 27 29 26 25 27 24 23 25 22 21 23 20 19 21 18 17 19 16 15 17 14 13 15 12 11 13 10 9 11 8 7 9 6 5 7 4 3 5 2 1 3 32 31 33 30 29 31 28 27 29 26 25 27 24 23 25 22 21 23 20 19 21 18 17 19 16 15 17 14 13 15 12 11 13 10 9 11 8 7 9 6 5 7 4 3 5 36 35 37 34 33 35 32 31 33 30 29 31 28 27 29 26 25 27 24 23 25 22 21 23 20 19 21 18 17 19 16 15 17 14 13 15 12 11 13 10 9 11 8 7 9 6 5 7 4 3 5 30 29 31 28 27 29 26 25 27 24 23 25 22 21 23 20 19 21 18 17 19 16 15 17 14 13 15 12 11 13 10 9 11 8 7 9 6 5 7 34 33 35 32 31 33 30 29 31 28 27 29 26 25 27 24 23 25 22 21 23 20 19 21 18 17 19 16 15 17 14 13 15 12 11 13 10 9 11 8 7 9 6 5 7 28 27 29 26 25 27 24 23 25 22 21 23 20 19 21 18 17 19 16 15 17 14 13 15 12 11 13 10 9 11 8 7 9 24 23 25 22 21 23 20 19 21 18 17 19 16 15 17 14 13 15 12 11 13 22 21 23 20 19 21 18 17 19 16 15 17 14 13 15 26 25 27 24 23 25 22 21 23 20 19 21 18 17 19 16 15 17 26 25 27 24 23 25 36 35 37 34 33 35 32 31 33 30 29 31 28 27 29 26 25 27 24 23 25 22 21 23 20 19 21 18 17 19 16 15 17 14 13 15 12 11 13 10 9 11 8 7 9 14 13 15 12 11 13 10 9 11 28 27 29 30 29 31 32 31 33 30 29 31 28 27 29 26 25 27 24 23 25 22 21 23 20 19 21 18 17 19 28 27 29 26 25 27 24 23 25 34 33 35 32 31 33 30 29 31 28 27 29 26 25 27 36 35 37 34 33 35 32 31 33 30 29 31 28 27 29 26 25 27 24 23 25 22 21 23 20 19 21 18 17 19 16 15 17 14 13 15 12 11 13 10 9 11 16 15 17 14 13 15 12 11 13 18 17 19 20 19 21 18 17 19 16 15 17 24 23 25 22 21 23 20 19 21 18 17 19 16 15 17 14 13 15 26 25 27 32 31 33 30 29 31 28 27 29 34 33 35 32 31 33 30 29 31 36 35 37 34 33 35 32 31 33 30 29 31 28 27 29 26 25 27 24 23 25 22 21 23 20 19 21 18 17 19 16 15 17 22 21 23 20 19 21 18 17 19 26 25 27 24 23 25 28 27 29 26 25 27 24 23 25 22 21 23 20 19 21 22 21 23 24 23 25 30 29 31 28 27 29 26 25 27
[2.972552s] A=259 K=481 i=6.18395752e+08) 37 35 33 31 29 27 25 23 21 19 17 15 13 11 9 7 5 3 1 36 35 37 34 33 35 32 31 33 30 29 31 28 27 29 26 25 27 24 23 25 22 21 23 20 19 21 18 17 19 16 15 17 14 13 15 12 11 13 10 9 11 8 7 9 6 5 7 4 3 5 2 1 3 0 1 34 33 35 32 31 33 30 29 31 28 27 29 26 25 27 24 23 25 22 21 23 20 19 21 18 17 19 16 15 17 14 13 15 12 11 13 10 9 11 8 7 9 6 5 7 4 3 5 2 1 3 36 35 37 34 33 35 32 31 33 30 29 31 28 27 29 26 25 27 24 23 25 22 21 23 20 19 21 18 17 19 16 15 17 14 13 15 12 11 13 10 9 11 8 7 9 6 5 7 4 3 5 2 1 3 32 31 33 30 29 31 28 27 29 26 25 27 24 23 25 22 21 23 20 19 21 18 17 19 16 15 17 14 13 15 12 11 13 10 9 11 8 7 9 6 5 7 4 3 5 36 35 37 34 33 35 32 31 33 30 29 31 28 27 29 26 25 27 24 23 25 22 21 23 20 19 21 18 17 19 16 15 17 14 13 15 12 11 13 10 9 11 8 7 9 6 5 7 4 3 5 30 29 31 28 27 29 26 25 27 24 23 25 22 21 23 20 19 21 18 17 19 16 15 17 14 13 15 12 11 13 10 9 11 8 7 9 6 5 7 34 33 35 32 31 33 30 29 31 28 27 29 26 25 27 24 23 25 22 21 23 20 19 21 18 17 19 16 15 17 14 13 15 12 11 13 10 9 11 8 7 9 6 5 7 28 27 29 26 25 27 24 23 25 22 21 23 20 19 21 18 17 19 16 15 17 14 13 15 12 11 13 10 9 11 8 7 9 24 23 25 22 21 23 20 19 21 18 17 19 16 15 17 14 13 15 12 11 13 22 21 23 20 19 21 18 17 19 16 15 17 14 13 15 26 25 27 24 23 25 22 21 23 20 19 21 18 17 19 16 15 17 26 25 27 28 27 29 36 35 37 34 33 35 32 31 33 30 29 31 28 27 29 26 25 27 24 23 25 22 21 23 20 19 21 18 17 19 16 15 17 14 13 15 12 11 13 10 9 11 8 7 9 14 13 15 12 11 13 10 9 11 26 25 27 24 23 25 28 27 29 32 31 33 30 29 31 36 35 37 34 33 35 32 31 33 30 29 31 28 27 29 26 25 27 24 23 25 22 21 23 20 19 21 18 17 19 16 15 17 14 13 15 12 11 13 10 9 11 28 27 29 26 25 27 24 23 25 22 21 23 20 19 21 18 17 19 16 15 17 14 13 15 12 11 13 18 17 19 16 15 17 20 19 21 18 17 19 30 29 31 28 27 29 26 25 27 24 23 25 22 21 23 20 19 21 34 33 35 32 31 33 30 29 31 28 27 29 26 25 27 24 23 25 22 21 23 20 19 21 18 17 19 16 15 17 14 13 15 16 15 17 18 17 19 36 35 37 34 33 35 32 31 33 30 29 31 28 27 29 26 25 27 24 23 25 22 21 23 20 19 21 18 17 19 16 15 17 32 31 33 30 29 31 28 27 29 26 25 27 36 35 37 34 33 35 32 31 33 30 29 31 28 27 29 26 25 27 24 23 25 22 21 23 20 19 21 24 23 25 22 21 23 26 25 27
[2.997850s] A=259 K=481 i=6.21757113e+08) 37 35 33 31 29 27 25 23 21 19 17 15 13 11 9 7 5 3 1 36 35 37 34 33 35 32 31 33 30 29 31 28 27 29 26 25 27 24 23 25 22 21 23 20 19 21 18 17 19 16 15 17 14 13 15 12 11 13 10 9 11 8 7 9 6 5 7 4 3 5 2 1 3 0 1 34 33 35 32 31 33 30 29 31 28 27 29 26 25 27 24 23 25 22 21 23 20 19 21 18 17 19 16 15 17 14 13 15 12 11 13 10 9 11 8 7 9 6 5 7 4 3 5 2 1 3 36 35 37 34 33 35 32 31 33 30 29 31 28 27 29 26 25 27 24 23 25 22 21 23 20 19 21 18 17 19 16 15 17 14 13 15 12 11 13 10 9 11 8 7 9 6 5 7 4 3 5 2 1 3 32 31 33 30 29 31 28 27 29 26 25 27 24 23 25 22 21 23 20 19 21 18 17 19 16 15 17 14 13 15 12 11 13 10 9 11 8 7 9 6 5 7 4 3 5 36 35 37 34 33 35 32 31 33 30 29 31 28 27 29 26 25 27 24 23 25 22 21 23 20 19 21 18 17 19 16 15 17 14 13 15 12 11 13 10 9 11 8 7 9 6 5 7 4 3 5 30 29 31 28 27 29 26 25 27 24 23 25 22 21 23 20 19 21 18 17 19 16 15 17 14 13 15 12 11 13 10 9 11 8 7 9 6 5 7 34 33 35 32 31 33 30 29 31 28 27 29 26 25 27 24 23 25 22 21 23 20 19 21 18 17 19 16 15 17 14 13 15 12 11 13 10 9 11 8 7 9 6 5 7 28 27 29 26 25 27 24 23 25 22 21 23 20 19 21 18 17 19 16 15 17 14 13 15 12 11 13 10 9 11 8 7 9 24 23 25 22 21 23 20 19 21 18 17 19 16 15 17 14 13 15 12 11 13 22 21 23 20 19 21 18 17 19 16 15 17 14 13 15 26 25 27 24 23 25 22 21 23 20 19 21 18 17 19 16 15 17 24 23 25 26 25 27 36 35 37 34 33 35 32 31 33 30 29 31 28 27 29 26 25 27 24 23 25 22 21 23 20 19 21 18 17 19 16 15 17 14 13 15 12 11 13 10 9 11 8 7 9 14 13 15 12 11 13 10 9 11 30 29 31 28 27 29 26 25 27 24 23 25 32 31 33 30 29 31 28 27 29 26 25 27 24 23 25 22 21 23 20 19 21 18 17 19 34 33 35 32 31 33 30 29 31 28 27 29 36 35 37 34 33 35 32 31 33 30 29 31 28 27 29 26 25 27 24 23 25 22 21 23 20 19 21 18 17 19 16 15 17 14 13 15 12 11 13 10 9 11 16 15 17 14 13 15 12 11 13 18 17 19 20 19 21 18 17 19 16 15 17 26 25 27 24 23 25 22 21 23 20 19 21 18 17 19 16 15 17 14 13 15 28 27 29 26 25 27 32 31 33 30 29 31 28 27 29 34 33 35 32 31 33 30 29 31 36 35 37 34 33 35 32 31 33 30 29 31 28 27 29 26 25 27 24 23 25 22 21 23 20 19 21 18 17 19 16 15 17 22 21 23 20 19 21 18 17 19 26 25 27 24 23 25 28 27 29 26 25 27 24 23 25 22 21 23 20 19 21 22 21 23 24 23 25 30 29 31 28 27 29 26 25 27
[3.001472s] A=259 K=481 i=6.22293509e+08) 37 35 33 31 29 27 25 23 21 19 17 15 13 11 9 7 5 3 1 36 35 37 34 33 35 32 31 33 30 29 31 28 27 29 26 25 27 24 23 25 22 21 23 20 19 21 18 17 19 16 15 17 14 13 15 12 11 13 10 9 11 8 7 9 6 5 7 4 3 5 2 1 3 0 1 34 33 35 32 31 33 30 29 31 28 27 29 26 25 27 24 23 25 22 21 23 20 19 21 18 17 19 16 15 17 14 13 15 12 11 13 10 9 11 8 7 9 6 5 7 4 3 5 2 1 3 36 35 37 34 33 35 32 31 33 30 29 31 28 27 29 26 25 27 24 23 25 22 21 23 20 19 21 18 17 19 16 15 17 14 13 15 12 11 13 10 9 11 8 7 9 6 5 7 4 3 5 2 1 3 32 31 33 30 29 31 28 27 29 26 25 27 24 23 25 22 21 23 20 19 21 18 17 19 16 15 17 14 13 15 12 11 13 10 9 11 8 7 9 6 5 7 4 3 5 36 35 37 34 33 35 32 31 33 30 29 31 28 27 29 26 25 27 24 23 25 22 21 23 20 19 21 18 17 19 16 15 17 14 13 15 12 11 13 10 9 11 8 7 9 6 5 7 4 3 5 30 29 31 28 27 29 26 25 27 24 23 25 22 21 23 20 19 21 18 17 19 16 15 17 14 13 15 12 11 13 10 9 11 8 7 9 6 5 7 34 33 35 32 31 33 30 29 31 28 27 29 26 25 27 24 23 25 22 21 23 20 19 21 18 17 19 16 15 17 14 13 15 12 11 13 10 9 11 8 7 9 6 5 7 28 27 29 26 25 27 24 23 25 22 21 23 20 19 21 18 17 19 16 15 17 14 13 15 12 11 13 10 9 11 8 7 9 24 23 25 22 21 23 20 19 21 18 17 19 16 15 17 14 13 15 12 11 13 22 21 23 20 19 21 18 17 19 16 15 17 14 13 15 26 25 27 24 23 25 22 21 23 20 19 21 18 17 19 16 15 17 24 23 25 26 25 27 30 29 31 28 27 29 36 35 37 34 33 35 32 31 33 30 29 31 28 27 29 26 25 27 24 23 25 22 21 23 20 19 21 18 17 19 16 15 17 14 13 15 12 11 13 10 9 11 8 7 9 14 13 15 12 11 13 10 9 11 32 31 33 30 29 31 28 27 29 26 25 27 24 23 25 22 21 23 20 19 21 18 17 19 26 25 27 24 23 25 28 27 29 26 25 27 30 29 31 34 33 35 32 31 33 30 29 31 28 27 29 36 35 37 34 33 35 32 31 33 30 29 31 28 27 29 26 25 27 24 23 25 22 21 23 20 19 21 18 17 19 16 15 17 14 13 15 12 11 13 10 9 11 16 15 17 14 13 15 12 11 13 18 17 19 20 19 21 18 17 19 16 15 17 26 25 27 24 23 25 22 21 23 20 19 21 18 17 19 16 15 17 14 13 15 36 35 37 34 33 35 32 31 33 30 29 31 28 27 29 26 25 27 24 23 25 22 21 23 20 19 21 18 17 19 16 15 17 22 21 23 20 19 21 18 17 19 28 27 29 26 25 27 24 23 25 34 33 35 32 31 33 30 29 31 28 27 29 26 25 27 24 23 25 22 21 23 20 19 21 22 21 23 24 23 25 32 31 33 30 29 31 28 27 29 26 25 27
[3.005645s] A=259 K=481 i=6.23640291e+08) 37 35 33 31 29 27 25 23 21 19 17 15 13 11 9 7 5 3 1 36 35 37 34 33 35 32 31 33 30 29 31 28 27 29 26 25 27 24 23 25 22 21 23 20 19 21 18 17 19 16 15 17 14 13 15 12 11 13 10 9 11 8 7 9 6 5 7 4 3 5 2 1 3 0 1 34 33 35 32 31 33 30 29 31 28 27 29 26 25 27 24 23 25 22 21 23 20 19 21 18 17 19 16 15 17 14 13 15 12 11 13 10 9 11 8 7 9 6 5 7 4 3 5 2 1 3 36 35 37 34 33 35 32 31 33 30 29 31 28 27 29 26 25 27 24 23 25 22 21 23 20 19 21 18 17 19 16 15 17 14 13 15 12 11 13 10 9 11 8 7 9 6 5 7 4 3 5 2 1 3 32 31 33 30 29 31 28 27 29 26 25 27 24 23 25 22 21 23 20 19 21 18 17 19 16 15 17 14 13 15 12 11 13 10 9 11 8 7 9 6 5 7 4 3 5 36 35 37 34 33 35 32 31 33 30 29 31 28 27 29 26 25 27 24 23 25 22 21 23 20 19 21 18 17 19 16 15 17 14 13 15 12 11 13 10 9 11 8 7 9 6 5 7 4 3 5 30 29 31 28 27 29 26 25 27 24 23 25 22 21 23 20 19 21 18 17 19 16 15 17 14 13 15 12 11 13 10 9 11 8 7 9 6 5 7 34 33 35 32 31 33 30 29 31 28 27 29 26 25 27 24 23 25 22 21 23 20 19 21 18 17 19 16 15 17 14 13 15 12 11 13 10 9 11 8 7 9 6 5 7 28 27 29 26 25 27 24 23 25 22 21 23 20 19 21 18 17 19 16 15 17 14 13 15 12 11 13 10 9 11 8 7 9 24 23 25 22 21 23 20 19 21 18 17 19 16 15 17 14 13 15 12 11 13 22 21 23 20 19 21 18 17 19 16 15 17 14 13 15 26 25 27 24 23 25 22 21 23 20 19 21 18 17 19 16 15 17 24 23 25 26 25 27 28 27 29 36 35 37 34 33 35 32 31 33 30 29 31 28 27 29 26 25 27 24 23 25 22 21 23 20 19 21 18 17 19 16 15 17 14 13 15 12 11 13 10 9 11 8 7 9 14 13 15 12 11 13 10 9 11 32 31 33 30 29 31 28 27 29 26 25 27 24 23 25 22 21 23 20 19 21 18 17 19 26 25 27 28 27 29 30 29 31 34 33 35 32 31 33 30 29 31 28 27 29 36 35 37 34 33 35 32 31 33 30 29 31 28 27 29 26 25 27 24 23 25 22 21 23 20 19 21 18 17 19 16 15 17 14 13 15 12 11 13 10 9 11 16 15 17 14 13 15 12 11 13 18 17 19 20 19 21 18 17 19 16 15 17 26 25 27 24 23 25 22 21 23 20 19 21 18 17 19 16 15 17 14 13 15 28 27 29 26 25 27 24 23 25 36 35 37 34 33 35 32 31 33 30 29 31 28 27 29 26 25 27 24 23 25 22 21 23 20 19 21 18 17 19 16 15 17 22 21 23 20 19 21 18 17 19 32 31 33 30 29 31 28 27 29 26 25 27 24 23 25 34 33 35 32 31 33 30 29 31 28 27 29 26 25 27 24 23 25 22 21 23 20 19 21 22 21 23 24 23 25 28 27 29 26 25 27
[3.010374s] A=259 K=481 i=6.25186047e+08) 37 35 33 31 29 27 25 23 21 19 17 15 13 11 9 7 5 3 1 36 35 37 34 33 35 32 31 33 30 29 31 28 27 29 26 25 27 24 23 25 22 21 23 20 19 21 18 17 19 16 15 17 14 13 15 12 11 13 10 9 11 8 7 9 6 5 7 4 3 5 2 1 3 0 1 34 33 35 32 31 33 30 29 31 28 27 29 26 25 27 24 23 25 22 21 23 20 19 21 18 17 19 16 15 17 14 13 15 12 11 13 10 9 11 8 7 9 6 5 7 4 3 5 2 1 3 36 35 37 34 33 35 32 31 33 30 29 31 28 27 29 26 25 27 24 23 25 22 21 23 20 19 21 18 17 19 16 15 17 14 13 15 12 11 13 10 9 11 8 7 9 6 5 7 4 3 5 2 1 3 32 31 33 30 29 31 28 27 29 26 25 27 24 23 25 22 21 23 20 19 21 18 17 19 16 15 17 14 13 15 12 11 13 10 9 11 8 7 9 6 5 7 4 3 5 36 35 37 34 33 35 32 31 33 30 29 31 28 27 29 26 25 27 24 23 25 22 21 23 20 19 21 18 17 19 16 15 17 14 13 15 12 11 13 10 9 11 8 7 9 6 5 7 4 3 5 30 29 31 28 27 29 26 25 27 24 23 25 22 21 23 20 19 21 18 17 19 16 15 17 14 13 15 12 11 13 10 9 11 8 7 9 6 5 7 34 33 35 32 31 33 30 29 31 28 27 29 26 25 27 24 23 25 22 21 23 20 19 21 18 17 19 16 15 17 14 13 15 12 11 13 10 9 11 8 7 9 6 5 7 28 27 29 26 25 27 24 23 25 22 21 23 20 19 21 18 17 19 16 15 17 14 13 15 12 11 13 10 9 11 8 7 9 24 23 25 22 21 23 20 19 21 18 17 19 16 15 17 14 13 15 12 11 13 22 21 23 20 19 21 18 17 19 16 15 17 14 13 15 26 25 27 24 23 25 22 21 23 20 19 21 18 17 19 16 15 17 24 23 25 26 25 27 28 27 29 30 29 31 32 31 33 30 29 31 28 27 29 26 25 27 36 35 37 34 33 35 32 31 33 30 29 31 28 27 29 26 25 27 24 23 25 22 21 23 20 19 21 18 17 19 16 15 17 14 13 15 12 11 13 10 9 11 8 7 9 14 13 15 12 11 13 10 9 11 24 23 25 22 21 23 20 19 21 18 17 19 26 25 27 28 27 29 26 25 27 24 23 25 30 29 31 36 35 37 34 33 35 32 31 33 30 29 31 28 27 29 26 25 27 24 23 25 22 21 23 20 19 21 18 17 19 16 15 17 14 13 15 12 11 13 10 9 11 16 15 17 14 13 15 12 11 13 18 17 19 20 19 21 18 17 19 16 15 17 34 33 35 32 31 33 30 29 31 28 27 29 26 25 27 24 23 25 22 21 23 20 19 21 18 17 19 16 15 17 14 13 15 36 35 37 34 33 35 32 31 33 30 29 31 28 27 29 26 25 27 24 23 25 22 21 23 20 19 21 18 17 19 16 15 17 22 21 23 20 19 21 18 17 19 28 27 29 26 25 27 24 23 25 32 31 33 30 29 31 28 27 29 26 25 27 24 23 25 22 21 23 20 19 21 22 21 23 24 23 25 34 33 35 32 31 33 30 29 31 28 27 29 26 25 27
[3.043874s] A=259 K=481 i=6.30715638e+08) 37 35 33 31 29 27 25 23 21 19 17 15 13 11 9 7 5 3 1 36 35 37 34 33 35 32 31 33 30 29 31 28 27 29 26 25 27 24 23 25 22 21 23 20 19 21 18 17 19 16 15 17 14 13 15 12 11 13 10 9 11 8 7 9 6 5 7 4 3 5 2 1 3 0 1 34 33 35 32 31 33 30 29 31 28 27 29 26 25 27 24 23 25 22 21 23 20 19 21 18 17 19 16 15 17 14 13 15 12 11 13 10 9 11 8 7 9 6 5 7 4 3 5 2 1 3 36 35 37 34 33 35 32 31 33 30 29 31 28 27 29 26 25 27 24 23 25 22 21 23 20 19 21 18 17 19 16 15 17 14 13 15 12 11 13 10 9 11 8 7 9 6 5 7 4 3 5 2 1 3 32 31 33 30 29 31 28 27 29 26 25 27 24 23 25 22 21 23 20 19 21 18 17 19 16 15 17 14 13 15 12 11 13 10 9 11 8 7 9 6 5 7 4 3 5 36 35 37 34 33 35 32 31 33 30 29 31 28 27 29 26 25 27 24 23 25 22 21 23 20 19 21 18 17 19 16 15 17 14 13 15 12 11 13 10 9 11 8 7 9 6 5 7 4 3 5 30 29 31 28 27 29 26 25 27 24 23 25 22 21 23 20 19 21 18 17 19 16 15 17 14 13 15 12 11 13 10 9 11 8 7 9 6 5 7 34 33 35 32 31 33 30 29 31 28 27 29 26 25 27 24 23 25 22 21 23 20 19 21 18 17 19 16 15 17 14 13 15 12 11 13 10 9 11 8 7 9 6 5 7 28 27 29 26 25 27 24 23 25 22 21 23 20 19 21 18 17 19 16 15 17 14 13 15 12 11 13 10 9 11 8 7 9 24 23 25 22 21 23 20 19 21 18 17 19 16 15 17 14 13 15 12 11 13 22 21 23 20 19 21 18 17 19 16 15 17 14 13 15 24 23 25 26 25 27 24 23 25 22 21 23 20 19 21 18 17 19 16 15 17 36 35 37 34 33 35 32 31 33 30 29 31 28 27 29 26 25 27 24 23 25 22 21 23 20 19 21 18 17 19 16 15 17 14 13 15 12 11 13 10 9 11 8 7 9 14 13 15 12 11 13 10 9 11 32 31 33 30 29 31 28 27 29 26 25 27 24 23 25 22 21 23 20 19 21 18 17 19 28 27 29 26 25 27 30 29 31 28 27 29 26 25 27 24 23 25 32 31 33 34 33 35 32 31 33 30 29 31 36 35 37 34 33 35 32 31 33 30 29 31 28 27 29 26 25 27 24 23 25 22 21 23 20 19 21 18 17 19 16 15 17 14 13 15 12 11 13 10 9 11 16 15 17 14 13 15 12 11 13 18 17 19 20 19 21 18 17 19 16 15 17 28 27 29 26 25 27 24 23 25 22 21 23 20 19 21 18 17 19 16 15 17 14 13 15 30 29 31 34 33 35 32 31 33 36 35 37 34 33 35 32 31 33 30 29 31 28 27 29 26 25 27 24 23 25 22 21 23 20 19 21 18 17 19 16 15 17 22 21 23 20 19 21 18 17 19 28 27 29 26 25 27 24 23 25 30 29 31 28 27 29 26 25 27 24 23 25 22 21 23 20 19 21 22 21 23 24 23 25 32 31 33 30 29 31 28 27 29 26 25 27
[3.116069s] A=259 K=481 i=6.45379617e+08) 37 35 33 31 29 27 25 23 21 19 17 15 13 11 9 7 5 3 1 36 35 37 34 33 35 32 31 33 30 29 31 28 27 29 26 25 27 24 23 25 22 21 23 20 19 21 18 17 19 16 15 17 14 13 15 12 11 13 10 9 11 8 7 9 6 5 7 4 3 5 2 1 3 0 1 34 33 35 32 31 33 30 29 31 28 27 29 26 25 27 24 23 25 22 21 23 20 19 21 18 17 19 16 15 17 14 13 15 12 11 13 10 9 11 8 7 9 6 5 7 4 3 5 2 1 3 36 35 37 34 33 35 32 31 33 30 29 31 28 27 29 26 25 27 24 23 25 22 21 23 20 19 21 18 17 19 16 15 17 14 13 15 12 11 13 10 9 11 8 7 9 6 5 7 4 3 5 2 1 3 32 31 33 30 29 31 28 27 29 26 25 27 24 23 25 22 21 23 20 19 21 18 17 19 16 15 17 14 13 15 12 11 13 10 9 11 8 7 9 6 5 7 4 3 5 36 35 37 34 33 35 32 31 33 30 29 31 28 27 29 26 25 27 24 23 25 22 21 23 20 19 21 18 17 19 16 15 17 14 13 15 12 11 13 10 9 11 8 7 9 6 5 7 4 3 5 30 29 31 28 27 29 26 25 27 24 23 25 22 21 23 20 19 21 18 17 19 16 15 17 14 13 15 12 11 13 10 9 11 8 7 9 6 5 7 34 33 35 32 31 33 30 29 31 28 27 29 26 25 27 24 23 25 22 21 23 20 19 21 18 17 19 16 15 17 14 13 15 12 11 13 10 9 11 8 7 9 6 5 7 28 27 29 26 25 27 24 23 25 22 21 23 20 19 21 18 17 19 16 15 17 14 13 15 12 11 13 10 9 11 8 7 9 24 23 25 22 21 23 20 19 21 18 17 19 16 15 17 14 13 15 12 11 13 22 21 23 20 19 21 18 17 19 16 15 17 26 25 27 24 23 25 22 21 23 20 19 21 18 17 19 16 15 17 14 13 15 12 11 13 10 9 11 26 25 27 24 23 25 36 35 37 34 33 35 32 31 33 30 29 31 28 27 29 26 25 27 24 23 25 22 21 23 20 19 21 18 17 19 16 15 17 14 13 15 12 11 13 10 9 11 8 7 9 18 17 19 28 27 29 30 29 31 32 31 33 30 29 31 28 27 29 26 25 27 24 23 25 22 21 23 20 19 21 26 25 27 24 23 25 28 27 29 34 33 35 32 31 33 30 29 31 28 27 29 26 25 27 36 35 37 34 33 35 32 31 33 30 29 31 28 27 29 26 25 27 24 23 25 22 21 23 20 19 21 18 17 19 16 15 17 14 13 15 12 11 13 10 9 11 18 17 19 16 15 17 14 13 15 12 11 13 14 13 15 20 19 21 18 17 19 16 15 17 24 23 25 22 21 23 20 19 21 18 17 19 16 15 17 14 13 15 26 25 27 34 33 35 32 31 33 30 29 31 28 27 29 32 31 33 30 29 31 36 35 37 34 33 35 32 31 33 30 29 31 28 27 29 26 25 27 24 23 25 22 21 23 20 19 21 18 17 19 16 15 17 24 23 25 22 21 23 20 19 21 18 17 19 26 25 27 24 23 25 22 21 23 20 19 21 28 27 29 26 25 27 24 23 25 22 21 23 30 29 31 28 27 29 26 25 27
[3.172670s] A=259 K=481 i=6.5548267e+08) 37 35 33 31 29 27 25 23 21 19 17 15 13 11 9 7 5 3 1 36 35 37 34 33 35 32 31 33 30 29 31 28 27 29 26 25 27 24 23 25 22 21 23 20 19 21 18 17 19 16 15 17 14 13 15 12 11 13 10 9 11 8 7 9 6 5 7 4 3 5 2 1 3 0 1 34 33 35 32 31 33 30 29 31 28 27 29 26 25 27 24 23 25 22 21 23 20 19 21 18 17 19 16 15 17 14 13 15 12 11 13 10 9 11 8 7 9 6 5 7 4 3 5 2 1 3 36 35 37 34 33 35 32 31 33 30 29 31 28 27 29 26 25 27 24 23 25 22 21 23 20 19 21 18 17 19 16 15 17 14 13 15 12 11 13 10 9 11 8 7 9 6 5 7 4 3 5 2 1 3 32 31 33 30 29 31 28 27 29 26 25 27 24 23 25 22 21 23 20 19 21 18 17 19 16 15 17 14 13 15 12 11 13 10 9 11 8 7 9 6 5 7 4 3 5 36 35 37 34 33 35 32 31 33 30 29 31 28 27 29 26 25 27 24 23 25 22 21 23 20 19 21 18 17 19 16 15 17 14 13 15 12 11 13 10 9 11 8 7 9 6 5 7 4 3 5 30 29 31 28 27 29 26 25 27 24 23 25 22 21 23 20 19 21 18 17 19 16 15 17 14 13 15 12 11 13 10 9 11 8 7 9 6 5 7 34 33 35 32 31 33 30 29 31 28 27 29 26 25 27 24 23 25 22 21 23 20 19 21 18 17 19 16 15 17 14 13 15 12 11 13 10 9 11 8 7 9 6 5 7 28 27 29 26 25 27 24 23 25 22 21 23 20 19 21 18 17 19 16 15 17 14 13 15 12 11 13 10 9 11 8 7 9 24 23 25 22 21 23 20 19 21 18 17 19 16 15 17 14 13 15 12 11 13 22 21 23 20 19 21 18 17 19 16 15 17 26 25 27 24 23 25 22 21 23 20 19 21 18 17 19 16 15 17 14 13 15 36 35 37 34 33 35 32 31 33 30 29 31 28 27 29 26 25 27 24 23 25 22 21 23 20 19 21 18 17 19 16 15 17 14 13 15 12 11 13 10 9 11 8 7 9 12 11 13 10 9 11 14 13 15 18 17 19 32 31 33 30 29 31 28 27 29 26 25 27 24 23 25 22 21 23 20 19 21 28 27 29 26 25 27 24 23 25 30 29 31 28 27 29 26 25 27 24 23 25 32 31 33 30 29 31 34 33 35 32 31 33 30 29 31 28 27 29 26 25 27 36 35 37 34 33 35 32 31 33 30 29 31 28 27 29 26 25 27 24 23 25 22 21 23 20 19 21 18 17 19 16 15 17 14 13 15 12 11 13 10 9 11 18 17 19 16 15 17 14 13 15 12 11 13 20 19 21 18 17 19 16 15 17 24 23 25 22 21 23 20 19 21 18 17 19 16 15 17 14 13 15 36 35 37 34 33 35 32 31 33 30 29 31 28 27 29 26 25 27 24 23 25 22 21 23 20 19 21 18 17 19 16 15 17 22 21 23 20 19 21 18 17 19 28 27 29 26 25 27 24 23 25 34 33 35 32 31 33 30 29 31 28 27 29 26 25 27 24 23 25 22 21 23 20 19 21 22 21 23 24 23 25 32 31 33 30 29 31 28 27 29 26 25 27
[3.172947s] A=259 K=481 i=6.55496989e+08) 37 35 33 31 29 27 25 23 21 19 17 15 13 11 9 7 5 3 1 36 35 37 34 33 35 32 31 33 30 29 31 28 27 29 26 25 27 24 23 25 22 21 23 20 19 21 18 17 19 16 15 17 14 13 15 12 11 13 10 9 11 8 7 9 6 5 7 4 3 5 2 1 3 0 1 34 33 35 32 31 33 30 29 31 28 27 29 26 25 27 24 23 25 22 21 23 20 19 21 18 17 19 16 15 17 14 13 15 12 11 13 10 9 11 8 7 9 6 5 7 4 3 5 2 1 3 36 35 37 34 33 35 32 31 33 30 29 31 28 27 29 26 25 27 24 23 25 22 21 23 20 19 21 18 17 19 16 15 17 14 13 15 12 11 13 10 9 11 8 7 9 6 5 7 4 3 5 2 1 3 32 31 33 30 29 31 28 27 29 26 25 27 24 23 25 22 21 23 20 19 21 18 17 19 16 15 17 14 13 15 12 11 13 10 9 11 8 7 9 6 5 7 4 3 5 36 35 37 34 33 35 32 31 33 30 29 31 28 27 29 26 25 27 24 23 25 22 21 23 20 19 21 18 17 19 16 15 17 14 13 15 12 11 13 10 9 11 8 7 9 6 5 7 4 3 5 30 29 31 28 27 29 26 25 27 24 23 25 22 21 23 20 19 21 18 17 19 16 15 17 14 13 15 12 11 13 10 9 11 8 7 9 6 5 7 34 33 35 32 31 33 30 29 31 28 27 29 26 25 27 24 23 25 22 21 23 20 19 21 18 17 19 16 15 17 14 13 15 12 11 13 10 9 11 8 7 9 6 5 7 28 27 29 26 25 27 24 23 25 22 21 23 20 19 21 18 17 19 16 15 17 14 13 15 12 11 13 10 9 11 8 7 9 24 23 25 22 21 23 20 19 21 18 17 19 16 15 17 14 13 15 12 11 13 22 21 23 20 19 21 18 17 19 16 15 17 26 25 27 24 23 25 22 21 23 20 19 21 18 17 19 16 15 17 14 13 15 36 35 37 34 33 35 32 31 33 30 29 31 28 27 29 26 25 27 24 23 25 22 21 23 20 19 21 18 17 19 16 15 17 14 13 15 12 11 13 10 9 11 8 7 9 12 11 13 10 9 11 14 13 15 18 17 19 28 27 29 26 25 27 24 23 25 32 31 33 30 29 31 28 27 29 26 25 27 24 23 25 22 21 23 20 19 21 30 29 31 28 27 29 26 25 27 24 23 25 32 31 33 34 33 35 32 31 33 30 29 31 28 27 29 26 25 27 36 35 37 34 33 35 32 31 33 30 29 31 28 27 29 26 25 27 24 23 25 22 21 23 20 19 21 18 17 19 16 15 17 14 13 15 12 11 13 10 9 11 18 17 19 16 15 17 14 13 15 12 11 13 20 19 21 18 17 19 16 15 17 24 23 25 22 21 23 20 19 21 18 17 19 16 15 17 14 13 15 30 29 31 34 33 35 32 31 33 36 35 37 34 33 35 32 31 33 30 29 31 28 27 29 26 25 27 24 23 25 22 21 23 20 19 21 18 17 19 16 15 17 22 21 23 20 19 21 18 17 19 28 27 29 26 25 27 24 23 25 30 29 31 28 27 29 26 25 27 24 23 25 22 21 23 20 19 21 22 21 23 24 23 25 32 31 33 30 29 31 28 27 29 26 25 27
[3.291312s] A=259 K=481 i=6.74567139e+08) 37 35 33 31 29 27 25 23 21 19 17 15 13 11 9 7 5 3 1 36 35 37 34 33 35 32 31 33 30 29 31 28 27 29 26 25 27 24 23 25 22 21 23 20 19 21 18 17 19 16 15 17 14 13 15 12 11 13 10 9 11 8 7 9 6 5 7 4 3 5 2 1 3 0 1 34 33 35 32 31 33 30 29 31 28 27 29 26 25 27 24 23 25 22 21 23 20 19 21 18 17 19 16 15 17 14 13 15 12 11 13 10 9 11 8 7 9 6 5 7 4 3 5 2 1 3 36 35 37 34 33 35 32 31 33 30 29 31 28 27 29 26 25 27 24 23 25 22 21 23 20 19 21 18 17 19 16 15 17 14 13 15 12 11 13 10 9 11 8 7 9 6 5 7 4 3 5 2 1 3 32 31 33 30 29 31 28 27 29 26 25 27 24 23 25 22 21 23 20 19 21 18 17 19 16 15 17 14 13 15 12 11 13 10 9 11 8 7 9 6 5 7 4 3 5 36 35 37 34 33 35 32 31 33 30 29 31 28 27 29 26 25 27 24 23 25 22 21 23 20 19 21 18 17 19 16 15 17 14 13 15 12 11 13 10 9 11 8 7 9 6 5 7 4 3 5 30 29 31 28 27 29 26 25 27 24 23 25 22 21 23 20 19 21 18 17 19 16 15 17 14 13 15 12 11 13 10 9 11 8 7 9 6 5 7 34 33 35 32 31 33 30 29 31 28 27 29 26 25 27 24 23 25 22 21 23 20 19 21 18 17 19 16 15 17 14 13 15 12 11 13 10 9 11 8 7 9 6 5 7 28 27 29 26 25 27 24 23 25 22 21 23 20 19 21 18 17 19 16 15 17 14 13 15 12 11 13 10 9 11 8 7 9 24 23 25 22 21 23 20 19 21 18 17 19 16 15 17 14 13 15 12 11 13 22 21 23 20 19 21 18 17 19 16 15 17 26 25 27 24 23 25 22 21 23 20 19 21 18 17 19 16 15 17 14 13 15 26 25 27 24 23 25 36 35 37 34 33 35 32 31 33 30 29 31 28 27 29 26 25 27 24 23 25 22 21 23 20 19 21 18 17 19 16 15 17 14 13 15 12 11 13 10 9 11 8 7 9 12 11 13 10 9 11 14 13 15 18 17 19 28 27 29 30 29 31 32 31 33 30 29 31 28 27 29 26 25 27 24 23 25 22 21 23 20 19 21 28 27 29 26 25 27 24 23 25 34 33 35 32 31 33 30 29 31 28 27 29 26 25 27 36 35 37 34 33 35 32 31 33 30 29 31 28 27 29 26 25 27 24 23 25 22 21 23 20 19 21 18 17 19 16 15 17 14 13 15 12 11 13 10 9 11 18 17 19 16 15 17 14 13 15 12 11 13 20 19 21 18 17 19 16 15 17 24 23 25 22 21 23 20 19 21 18 17 19 16 15 17 14 13 15 26 25 27 32 31 33 30 29 31 28 27 29 34 33 35 32 31 33 30 29 31 36 35 37 34 33 35 32 31 33 30 29 31 28 27 29 26 25 27 24 23 25 22 21 23 20 19 21 18 17 19 16 15 17 22 21 23 20 19 21 18 17 19 26 25 27 24 23 25 28 27 29 26 25 27 24 23 25 22 21 23 20 19 21 22 21 23 24 23 25 30 29 31 28 27 29 26 25 27
[3.340996s] A=259 K=481 i=6.84349544e+08) 37 35 33 31 29 27 25 23 21 19 17 15 13 11 9 7 5 3 1 36 35 37 34 33 35 32 31 33 30 29 31 28 27 29 26 25 27 24 23 25 22 21 23 20 19 21 18 17 19 16 15 17 14 13 15 12 11 13 10 9 11 8 7 9 6 5 7 4 3 5 2 1 3 0 1 34 33 35 32 31 33 30 29 31 28 27 29 26 25 27 24 23 25 22 21 23 20 19 21 18 17 19 16 15 17 14 13 15 12 11 13 10 9 11 8 7 9 6 5 7 4 3 5 2 1 3 36 35 37 34 33 35 32 31 33 30 29 31 28 27 29 26 25 27 24 23 25 22 21 23 20 19 21 18 17 19 16 15 17 14 13 15 12 11 13 10 9 11 8 7 9 6 5 7 4 3 5 2 1 3 32 31 33 30 29 31 28 27 29 26 25 27 24 23 25 22 21 23 20 19 21 18 17 19 16 15 17 14 13 15 12 11 13 10 9 11 8 7 9 6 5 7 4 3 5 36 35 37 34 33 35 32 31 33 30 29 31 28 27 29 26 25 27 24 23 25 22 21 23 20 19 21 18 17 19 16 15 17 14 13 15 12 11 13 10 9 11 8 7 9 6 5 7 4 3 5 30 29 31 28 27 29 26 25 27 24 23 25 22 21 23 20 19 21 18 17 19 16 15 17 14 13 15 12 11 13 10 9 11 8 7 9 6 5 7 34 33 35 32 31 33 30 29 31 28 27 29 26 25 27 24 23 25 22 21 23 20 19 21 18 17 19 16 15 17 14 13 15 12 11 13 10 9 11 8 7 9 6 5 7 28 27 29 26 25 27 24 23 25 22 21 23 20 19 21 18 17 19 16 15 17 14 13 15 12 11 13 10 9 11 8 7 9 24 23 25 22 21 23 20 19 21 18 17 19 16 15 17 14 13 15 12 11 13 22 21 23 20 19 21 18 17 19 16 15 17 26 25 27 24 23 25 22 21 23 20 19 21 18 17 19 16 15 17 14 13 15 24 23 25 26 25 27 36 35 37 34 33 35 32 31 33 30 29 31 28 27 29 26 25 27 24 23 25 22 21 23 20 19 21 18 17 19 16 15 17 14 13 15 12 11 13 10 9 11 8 7 9 12 11 13 10 9 11 14 13 15 18 17 19 30 29 31 28 27 29 26 25 27 24 23 25 32 31 33 30 29 31 28 27 29 26 25 27 24 23 25 22 21 23 20 19 21 34 33 35 32 31 33 30 29 31 28 27 29 36 35 37 34 33 35 32 31 33 30 29 31 28 27 29 26 25 27 24 23 25 22 21 23 20 19 21 18 17 19 16 15 17 14 13 15 12 11 13 10 9 11 18 17 19 16 15 17 14 13 15 12 11 13 20 19 21 18 17 19 16 15 17 26 25 27 24 23 25 22 21 23 20 19 21 18 17 19 16 15 17 14 13 15 28 27 29 26 25 27 32 31 33 30 29 31 28 27 29 34 33 35 32 31 33 30 29 31 36 35 37 34 33 35 32 31 33 30 29 31 28 27 29 26 25 27 24 23 25 22 21 23 20 19 21 18 17 19 16 15 17 22 21 23 20 19 21 18 17 19 26 25 27 24 23 25 28 27 29 26 25 27 24 23 25 22 21 23 20 19 21 22 21 23 24 23 25 30 29 31 28 27 29 26 25 27
[3.343098s] A=259 K=481 i=6.85028396e+08) 37 35 33 31 29 27 25 23 21 19 17 15 13 11 9 7 5 3 1 36 35 37 34 33 35 32 31 33 30 29 31 28 27 29 26 25 27 24 23 25 22 21 23 20 19 21 18 17 19 16 15 17 14 13 15 12 11 13 10 9 11 8 7 9 6 5 7 4 3 5 2 1 3 0 1 34 33 35 32 31 33 30 29 31 28 27 29 26 25 27 24 23 25 22 21 23 20 19 21 18 17 19 16 15 17 14 13 15 12 11 13 10 9 11 8 7 9 6 5 7 4 3 5 2 1 3 36 35 37 34 33 35 32 31 33 30 29 31 28 27 29 26 25 27 24 23 25 22 21 23 20 19 21 18 17 19 16 15 17 14 13 15 12 11 13 10 9 11 8 7 9 6 5 7 4 3 5 2 1 3 32 31 33 30 29 31 28 27 29 26 25 27 24 23 25 22 21 23 20 19 21 18 17 19 16 15 17 14 13 15 12 11 13 10 9 11 8 7 9 6 5 7 4 3 5 36 35 37 34 33 35 32 31 33 30 29 31 28 27 29 26 25 27 24 23 25 22 21 23 20 19 21 18 17 19 16 15 17 14 13 15 12 11 13 10 9 11 8 7 9 6 5 7 4 3 5 30 29 31 28 27 29 26 25 27 24 23 25 22 21 23 20 19 21 18 17 19 16 15 17 14 13 15 12 11 13 10 9 11 8 7 9 6 5 7 34 33 35 32 31 33 30 29 31 28 27 29 26 25 27 24 23 25 22 21 23 20 19 21 18 17 19 16 15 17 14 13 15 12 11 13 10 9 11 8 7 9 6 5 7 28 27 29 26 25 27 24 23 25 22 21 23 20 19 21 18 17 19 16 15 17 14 13 15 12 11 13 10 9 11 8 7 9 24 23 25 22 21 23 20 19 21 18 17 19 16 15 17 14 13 15 12 11 13 22 21 23 20 19 21 18 17 19 16 15 17 26 25 27 24 23 25 22 21 23 20 19 21 18 17 19 16 15 17 14 13 15 24 23 25 26 25 27 30 29 31 28 27 29 36 35 37 34 33 35 32 31 33 30 29 31 28 27 29 26 25 27 24 23 25 22 21 23 20 19 21 18 17 19 16 15 17 14 13 15 12 11 13 10 9 11 8 7 9 12 11 13 10 9 11 14 13 15 18 17 19 32 31 33 30 29 31 28 27 29 26 25 27 24 23 25 22 21 23 20 19 21 26 25 27 24 23 25 28 27 29 26 25 27 30 29 31 34 33 35 32 31 33 30 29 31 28 27 29 36 35 37 34 33 35 32 31 33 30 29 31 28 27 29 26 25 27 24 23 25 22 21 23 20 19 21 18 17 19 16 15 17 14 13 15 12 11 13 10 9 11 18 17 19 16 15 17 14 13 15 12 11 13 20 19 21 18 17 19 16 15 17 26 25 27 24 23 25 22 21 23 20 19 21 18 17 19 16 15 17 14 13 15 36 35 37 34 33 35 32 31 33 30 29 31 28 27 29 26 25 27 24 23 25 22 21 23 20 19 21 18 17 19 16 15 17 22 21 23 20 19 21 18 17 19 28 27 29 26 25 27 24 23 25 34 33 35 32 31 33 30 29 31 28 27 29 26 25 27 24 23 25 22 21 23 20 19 21 22 21 23 24 23 25 32 31 33 30 29 31 28 27 29 26 25 27
[3.344012s] A=259 K=481 i=6.85307796e+08) 37 35 33 31 29 27 25 23 21 19 17 15 13 11 9 7 5 3 1 36 35 37 34 33 35 32 31 33 30 29 31 28 27 29 26 25 27 24 23 25 22 21 23 20 19 21 18 17 19 16 15 17 14 13 15 12 11 13 10 9 11 8 7 9 6 5 7 4 3 5 2 1 3 0 1 34 33 35 32 31 33 30 29 31 28 27 29 26 25 27 24 23 25 22 21 23 20 19 21 18 17 19 16 15 17 14 13 15 12 11 13 10 9 11 8 7 9 6 5 7 4 3 5 2 1 3 36 35 37 34 33 35 32 31 33 30 29 31 28 27 29 26 25 27 24 23 25 22 21 23 20 19 21 18 17 19 16 15 17 14 13 15 12 11 13 10 9 11 8 7 9 6 5 7 4 3 5 2 1 3 32 31 33 30 29 31 28 27 29 26 25 27 24 23 25 22 21 23 20 19 21 18 17 19 16 15 17 14 13 15 12 11 13 10 9 11 8 7 9 6 5 7 4 3 5 36 35 37 34 33 35 32 31 33 30 29 31 28 27 29 26 25 27 24 23 25 22 21 23 20 19 21 18 17 19 16 15 17 14 13 15 12 11 13 10 9 11 8 7 9 6 5 7 4 3 5 30 29 31 28 27 29 26 25 27 24 23 25 22 21 23 20 19 21 18 17 19 16 15 17 14 13 15 12 11 13 10 9 11 8 7 9 6 5 7 34 33 35 32 31 33 30 29 31 28 27 29 26 25 27 24 23 25 22 21 23 20 19 21 18 17 19 16 15 17 14 13 15 12 11 13 10 9 11 8 7 9 6 5 7 28 27 29 26 25 27 24 23 25 22 21 23 20 19 21 18 17 19 16 15 17 14 13 15 12 11 13 10 9 11 8 7 9 24 23 25 22 21 23 20 19 21 18 17 19 16 15 17 14 13 15 12 11 13 22 21 23 20 19 21 18 17 19 16 15 17 26 25 27 24 23 25 22 21 23 20 19 21 18 17 19 16 15 17 14 13 15 24 23 25 26 25 27 28 27 29 26 25 27 24 23 25 32 31 33 30 29 31 28 27 29 26 25 27 34 33 35 32 31 33 30 29 31 28 27 29 36 35 37 34 33 35 32 31 33 30 29 31 28 27 29 26 25 27 24 23 25 22 21 23 20 19 21 18 17 19 16 15 17 14 13 15 12 11 13 10 9 11 8 7 9 12 11 13 10 9 11 14 13 15 18 17 19 16 15 17 24 23 25 22 21 23 20 19 21 18 17 19 26 25 27 24 23 25 22 21 23 20 19 21 36 35 37 34 33 35 32 31 33 30 29 31 28 27 29 26 25 27 24 23 25 22 21 23 20 19 21 18 17 19 16 15 17 14 13 15 12 11 13 10 9 11 16 15 17 14 13 15 12 11 13 18 17 19 16 15 17 14 13 15 20 19 21 18 17 19 16 15 17 30 29 31 28 27 29 26 25 27 24 23 25 22 21 23 20 19 21 18 17 19 32 31 33 30 29 31 28 27 29 26 25 27 34 33 35 32 31 33 30 29 31 28 27 29 26 25 27 24 23 25 22 21 23 20 19 21 18 17 19 16 15 17 24 23 25 22 21 23 20 19 21 36 35 37 34 33 35 32 31 33 30 29 31 28 27 29 26 25 27 24 23 25 22 21 23 28 27 29 26 25 27
[3.351813s] A=259 K=481 i=6.86900978e+08) 37 35 33 31 29 27 25 23 21 19 17 15 13 11 9 7 5 3 1 36 35 37 34 33 35 32 31 33 30 29 31 28 27 29 26 25 27 24 23 25 22 21 23 20 19 21 18 17 19 16 15 17 14 13 15 12 11 13 10 9 11 8 7 9 6 5 7 4 3 5 2 1 3 0 1 34 33 35 32 31 33 30 29 31 28 27 29 26 25 27 24 23 25 22 21 23 20 19 21 18 17 19 16 15 17 14 13 15 12 11 13 10 9 11 8 7 9 6 5 7 4 3 5 2 1 3 36 35 37 34 33 35 32 31 33 30 29 31 28 27 29 26 25 27 24 23 25 22 21 23 20 19 21 18 17 19 16 15 17 14 13 15 12 11 13 10 9 11 8 7 9 6 5 7 4 3 5 2 1 3 32 31 33 30 29 31 28 27 29 26 25 27 24 23 25 22 21 23 20 19 21 18 17 19 16 15 17 14 13 15 12 11 13 10 9 11 8 7 9 6 5 7 4 3 5 36 35 37 34 33 35 32 31 33 30 29 31 28 27 29 26 25 27 24 23 25 22 21 23 20 19 21 18 17 19 16 15 17 14 13 15 12 11 13 10 9 11 8 7 9 6 5 7 4 3 5 30 29 31 28 27 29 26 25 27 24 23 25 22 21 23 20 19 21 18 17 19 16 15 17 14 13 15 12 11 13 10 9 11 8 7 9 6 5 7 34 33 35 32 31 33 30 29 31 28 27 29 26 25 27 24 23 25 22 21 23 20 19 21 18 17 19 16 15 17 14 13 15 12 11 13 10 9 11 8 7 9 6 5 7 28 27 29 26 25 27 24 23 25 22 21 23 20 19 21 18 17 19 16 15 17 14 13 15 12 11 13 10 9 11 8 7 9 24 23 25 22 21 23 20 19 21 18 17 19 16 15 17 14 13 15 12 11 13 22 21 23 20 19 21 18 17 19 16 15 17 26 25 27 24 23 25 22 21 23 20 19 21 18 17 19 16 15 17 14 13 15 24 23 25 26 25 27 28 27 29 36 35 37 34 33 35 32 31 33 30 29 31 28 27 29 26 25 27 24 23 25 22 21 23 20 19 21 18 17 19 16 15 17 14 13 15 12 11 13 10 9 11 8 7 9 12 11 13 10 9 11 14 13 15 18 17 19 16 15 17 32 31 33 30 29 31 28 27 29 26 25 27 24 23 25 22 21 23 20 19 21 18 17 19 26 25 27 24 23 25 30 29 31 28 27 29 34 33 35 32 31 33 30 29 31 28 27 29 26 25 27 24 23 25 22 21 23 20 19 21 36 35 37 34 33 35 32 31 33 30 29 31 28 27 29 26 25 27 24 23 25 22 21 23 20 19 21 18 17 19 16 15 17 14 13 15 12 11 13 10 9 11 16 15 17 14 13 15 12 11 13 18 17 19 16 15 17 14 13 15 20 19 21 18 17 19 16 15 17 26 25 27 24 23 25 22 21 23 20 19 21 18 17 19 34 33 35 32 31 33 30 29 31 28 27 29 26 25 27 32 31 33 30 29 31 28 27 29 36 35 37 34 33 35 32 31 33 30 29 31 28 27 29 26 25 27 24 23 25 22 21 23 20 19 21 18 17 19 16 15 17 24 23 25 22 21 23 20 19 21 26 25 27 24 23 25 22 21 23 28 27 29 26 25 27
[3.352021s] A=259 K=481 i=6.8691857e+08) 37 35 33 31 29 27 25 23 21 19 17 15 13 11 9 7 5 3 1 36 35 37 34 33 35 32 31 33 30 29 31 28 27 29 26 25 27 24 23 25 22 21 23 20 19 21 18 17 19 16 15 17 14 13 15 12 11 13 10 9 11 8 7 9 6 5 7 4 3 5 2 1 3 0 1 34 33 35 32 31 33 30 29 31 28 27 29 26 25 27 24 23 25 22 21 23 20 19 21 18 17 19 16 15 17 14 13 15 12 11 13 10 9 11 8 7 9 6 5 7 4 3 5 2 1 3 36 35 37 34 33 35 32 31 33 30 29 31 28 27 29 26 25 27 24 23 25 22 21 23 20 19 21 18 17 19 16 15 17 14 13 15 12 11 13 10 9 11 8 7 9 6 5 7 4 3 5 2 1 3 32 31 33 30 29 31 28 27 29 26 25 27 24 23 25 22 21 23 20 19 21 18 17 19 16 15 17 14 13 15 12 11 13 10 9 11 8 7 9 6 5 7 4 3 5 36 35 37 34 33 35 32 31 33 30 29 31 28 27 29 26 25 27 24 23 25 22 21 23 20 19 21 18 17 19 16 15 17 14 13 15 12 11 13 10 9 11 8 7 9 6 5 7 4 3 5 30 29 31 28 27 29 26 25 27 24 23 25 22 21 23 20 19 21 18 17 19 16 15 17 14 13 15 12 11 13 10 9 11 8 7 9 6 5 7 34 33 35 32 31 33 30 29 31 28 27 29 26 25 27 24 23 25 22 21 23 20 19 21 18 17 19 16 15 17 14 13 15 12 11 13 10 9 11 8 7 9 6 5 7 28 27 29 26 25 27 24 23 25 22 21 23 20 19 21 18 17 19 16 15 17 14 13 15 12 11 13 10 9 11 8 7 9 24 23 25 22 21 23 20 19 21 18 17 19 16 15 17 14 13 15 12 11 13 22 21 23 20 19 21 18 17 19 16 15 17 26 25 27 24 23 25 22 21 23 20 19 21 18 17 19 16 15 17 14 13 15 24 23 25 26 25 27 28 27 29 36 35 37 34 33 35 32 31 33 30 29 31 28 27 29 26 25 27 24 23 25 22 21 23 20 19 21 18 17 19 16 15 17 14 13 15 12 11 13 10 9 11 8 7 9 12 11 13 10 9 11 14 13 15 18 17 19 32 31 33 30 29 31 28 27 29 26 25 27 24 23 25 22 21 23 20 19 21 26 25 27 28 27 29 30 29 31 34 33 35 32 31 33 30 29 31 28 27 29 36 35 37 34 33 35 32 31 33 30 29 31 28 27 29 26 25 27 24 23 25 22 21 23 20 19 21 18 17 19 16 15 17 14 13 15 12 11 13 10 9 11 18 17 19 16 15 17 14 13 15 12 11 13 20 19 21 18 17 19 16 15 17 26 25 27 24 23 25 22 21 23 20 19 21 18 17 19 16 15 17 14 13 15 28 27 29 26 25 27 24 23 25 36 35 37 34 33 35 32 31 33 30 29 31 28 27 29 26 25 27 24 23 25 22 21 23 20 19 21 18 17 19 16 15 17 22 21 23 20 19 21 18 17 19 32 31 33 30 29 31 28 27 29 26 25 27 24 23 25 34 33 35 32 31 33 30 29 31 28 27 29 26 25 27 24 23 25 22 21 23 20 19 21 22 21 23 24 23 25 28 27 29 26 25 27
[3.362392s] A=259 K=481 i=6.88752068e+08) 37 35 33 31 29 27 25 23 21 19 17 15 13 11 9 7 5 3 1 36 35 37 34 33 35 32 31 33 30 29 31 28 27 29 26 25 27 24 23 25 22 21 23 20 19 21 18 17 19 16 15 17 14 13 15 12 11 13 10 9 11 8 7 9 6 5 7 4 3 5 2 1 3 0 1 34 33 35 32 31 33 30 29 31 28 27 29 26 25 27 24 23 25 22 21 23 20 19 21 18 17 19 16 15 17 14 13 15 12 11 13 10 9 11 8 7 9 6 5 7 4 3 5 2 1 3 36 35 37 34 33 35 32 31 33 30 29 31 28 27 29 26 25 27 24 23 25 22 21 23 20 19 21 18 17 19 16 15 17 14 13 15 12 11 13 10 9 11 8 7 9 6 5 7 4 3 5 2 1 3 32 31 33 30 29 31 28 27 29 26 25 27 24 23 25 22 21 23 20 19 21 18 17 19 16 15 17 14 13 15 12 11 13 10 9 11 8 7 9 6 5 7 4 3 5 36 35 37 34 33 35 32 31 33 30 29 31 28 27 29 26 25 27 24 23 25 22 21 23 20 19 21 18 17 19 16 15 17 14 13 15 12 11 13 10 9 11 8 7 9 6 5 7 4 3 5 30 29 31 28 27 29 26 25 27 24 23 25 22 21 23 20 19 21 18 17 19 16 15 17 14 13 15 12 11 13 10 9 11 8 7 9 6 5 7 34 33 35 32 31 33 30 29 31 28 27 29 26 25 27 24 23 25 22 21 23 20 19 21 18 17 19 16 15 17 14 13 15 12 11 13 10 9 11 8 7 9 6 5 7 28 27 29 26 25 27 24 23 25 22 21 23 20 19 21 18 17 19 16 15 17 14 13 15 12 11 13 10 9 11 8 7 9 24 23 25 22 21 23 20 19 21 18 17 19 16 15 17 14 13 15 12 11 13 22 21 23 20 19 21 18 17 19 16 15 17 26 25 27 24 23 25 22 21 23 20 19 21 18 17 19 16 15 17 14 13 15 24 23 25 26 25 27 28 27 29 30 29 31 32 31 33 30 29 31 28 27 29 26 25 27 36 35 37 34 33 35 32 31 33 30 29 31 28 27 29 26 25 27 24 23 25 22 21 23 20 19 21 18 17 19 16 15 17 14 13 15 12 11 13 10 9 11 8 7 9 12 11 13 10 9 11 14 13 15 18 17 19 24 23 25 22 21 23 20 19 21 26 25 27 28 27 29 26 25 27 24 23 25 30 29 31 36 35 37 34 33 35 32 31 33 30 29 31 28 27 29 26 25 27 24 23 25 22 21 23 20 19 21 18 17 19 16 15 17 14 13 15 12 11 13 10 9 11 18 17 19 16 15 17 14 13 15 12 11 13 20 19 21 18 17 19 16 15 17 34 33 35 32 31 33 30 29 31 28 27 29 26 25 27 24 23 25 22 21 23 20 19 21 18 17 19 16 15 17 14 13 15 36 35 37 34 33 35 32 31 33 30 29 31 28 27 29 26 25 27 24 23 25 22 21 23 20 19 21 18 17 19 16 15 17 22 21 23 20 19 21 18 17 19 28 27 29 26 25 27 24 23 25 32 31 33 30 29 31 28 27 29 26 25 27 24 23 25 22 21 23 20 19 21 22 21 23 24 23 25 34 33 35 32 31 33 30 29 31 28 27 29 26 25 27
[3.370536s] A=259 K=481 i=6.90712805e+08) 37 35 33 31 29 27 25 23 21 19 17 15 13 11 9 7 5 3 1 36 35 37 34 33 35 32 31 33 30 29 31 28 27 29 26 25 27 24 23 25 22 21 23 20 19 21 18 17 19 16 15 17 14 13 15 12 11 13 10 9 11 8 7 9 6 5 7 4 3 5 2 1 3 0 1 34 33 35 32 31 33 30 29 31 28 27 29 26 25 27 24 23 25 22 21 23 20 19 21 18 17 19 16 15 17 14 13 15 12 11 13 10 9 11 8 7 9 6 5 7 4 3 5 2 1 3 36 35 37 34 33 35 32 31 33 30 29 31 28 27 29 26 25 27 24 23 25 22 21 23 20 19 21 18 17 19 16 15 17 14 13 15 12 11 13 10 9 11 8 7 9 6 5 7 4 3 5 2 1 3 32 31 33 30 29 31 28 27 29 26 25 27 24 23 25 22 21 23 20 19 21 18 17 19 16 15 17 14 13 15 12 11 13 10 9 11 8 7 9 6 5 7 4 3 5 36 35 37 34 33 35 32 31 33 30 29 31 28 27 29 26 25 27 24 23 25 22 21 23 20 19 21 18 17 19 16 15 17 14 13 15 12 11 13 10 9 11 8 7 9 6 5 7 4 3 5 30 29 31 28 27 29 26 25 27 24 23 25 22 21 23 20 19 21 18 17 19 16 15 17 14 13 15 12 11 13 10 9 11 8 7 9 6 5 7 34 33 35 32 31 33 30 29 31 28 27 29 26 25 27 24 23 25 22 21 23 20 19 21 18 17 19 16 15 17 14 13 15 12 11 13 10 9 11 8 7 9 6 5 7 28 27 29 26 25 27 24 23 25 22 21 23 20 19 21 18 17 19 16 15 17 14 13 15 12 11 13 10 9 11 8 7 9 24 23 25 22 21 23 20 19 21 18 17 19 16 15 17 14 13 15 12 11 13 22 21 23 20 19 21 18 17 19 16 15 17 26 25 27 24 23 25 22 21 23 20 19 21 18 17 19 36 35 37 34 33 35 32 31 33 30 29 31 28 27 29 26 25 27 24 23 25 22 21 23 20 19 21 18 17 19 16 15 17 14 13 15 12 11 13 10 9 11 8 7 9 16 15 17 14 13 15 12 11 13 10 9 11 14 13 15 18 17 19 32 31 33 30 29 31 28 27 29 26 25 27 24 23 25 22 21 23 20 19 21 18 17 19 16 15 17 28 27 29 26 25 27 24 23 25 30 29 31 28 27 29 26 25 27 24 23 25 32 31 33 30 29 31 34 33 35 32 31 33 30 29 31 28 27 29 26 25 27 36 35 37 34 33 35 32 31 33 30 29 31 28 27 29 26 25 27 24 23 25 22 21 23 20 19 21 18 17 19 16 15 17 14 13 15 12 11 13 10 9 11 14 13 15 12 11 13 20 19 21 18 17 19 16 15 17 24 23 25 22 21 23 20 19 21 18 17 19 16 15 17 14 13 15 36 35 37 34 33 35 32 31 33 30 29 31 28 27 29 26 25 27 24 23 25 22 21 23 20 19 21 18 17 19 16 15 17 22 21 23 20 19 21 18 17 19 28 27 29 26 25 27 24 23 25 34 33 35 32 31 33 30 29 31 28 27 29 26 25 27 24 23 25 22 21 23 20 19 21 22 21 23 24 23 25 32 31 33 30 29 31 28 27 29 26 25 27
[3.370878s] A=259 K=481 i=6.90740854e+08) 37 35 33 31 29 27 25 23 21 19 17 15 13 11 9 7 5 3 1 36 35 37 34 33 35 32 31 33 30 29 31 28 27 29 26 25 27 24 23 25 22 21 23 20 19 21 18 17 19 16 15 17 14 13 15 12 11 13 10 9 11 8 7 9 6 5 7 4 3 5 2 1 3 0 1 34 33 35 32 31 33 30 29 31 28 27 29 26 25 27 24 23 25 22 21 23 20 19 21 18 17 19 16 15 17 14 13 15 12 11 13 10 9 11 8 7 9 6 5 7 4 3 5 2 1 3 36 35 37 34 33 35 32 31 33 30 29 31 28 27 29 26 25 27 24 23 25 22 21 23 20 19 21 18 17 19 16 15 17 14 13 15 12 11 13 10 9 11 8 7 9 6 5 7 4 3 5 2 1 3 32 31 33 30 29 31 28 27 29 26 25 27 24 23 25 22 21 23 20 19 21 18 17 19 16 15 17 14 13 15 12 11 13 10 9 11 8 7 9 6 5 7 4 3 5 36 35 37 34 33 35 32 31 33 30 29 31 28 27 29 26 25 27 24 23 25 22 21 23 20 19 21 18 17 19 16 15 17 14 13 15 12 11 13 10 9 11 8 7 9 6 5 7 4 3 5 30 29 31 28 27 29 26 25 27 24 23 25 22 21 23 20 19 21 18 17 19 16 15 17 14 13 15 12 11 13 10 9 11 8 7 9 6 5 7 34 33 35 32 31 33 30 29 31 28 27 29 26 25 27 24 23 25 22 21 23 20 19 21 18 17 19 16 15 17 14 13 15 12 11 13 10 9 11 8 7 9 6 5 7 28 27 29 26 25 27 24 23 25 22 21 23 20 19 21 18 17 19 16 15 17 14 13 15 12 11 13 10 9 11 8 7 9 24 23 25 22 21 23 20 19 21 18 17 19 16 15 17 14 13 15 12 11 13 22 21 23 20 19 21 18 17 19 16 15 17 26 25 27 24 23 25 22 21 23 20 19 21 18 17 19 36 35 37 34 33 35 32 31 33 30 29 31 28 27 29 26 25 27 24 23 25 22 21 23 20 19 21 18 17 19 16 15 17 14 13 15 12 11 13 10 9 11 8 7 9 16 15 17 14 13 15 12 11 13 10 9 11 14 13 15 18 17 19 28 27 29 26 25 27 24 23 25 32 31 33 30 29 31 28 27 29 26 25 27 24 23 25 22 21 23 20 19 21 18 17 19 16 15 17 30 29 31 28 27 29 26 25 27 24 23 25 32 31 33 34 33 35 32 31 33 30 29 31 28 27 29 26 25 27 36 35 37 34 33 35 32 31 33 30 29 31 28 27 29 26 25 27 24 23 25 22 21 23 20 19 21 18 17 19 16 15 17 14 13 15 12 11 13 10 9 11 14 13 15 12 11 13 20 19 21 18 17 19 16 15 17 24 23 25 22 21 23 20 19 21 18 17 19 16 15 17 14 13 15 30 29 31 34 33 35 32 31 33 36 35 37 34 33 35 32 31 33 30 29 31 28 27 29 26 25 27 24 23 25 22 21 23 20 19 21 18 17 19 16 15 17 22 21 23 20 19 21 18 17 19 28 27 29 26 25 27 24 23 25 30 29 31 28 27 29 26 25 27 24 23 25 22 21 23 20 19 21 22 21 23 24 23 25 32 31 33 30 29 31 28 27 29 26 25 27
[3.438417s] A=259 K=481 i=7.06253037e+08) 37 35 33 31 29 27 25 23 21 19 17 15 13 11 9 7 5 3 1 36 35 37 34 33 35 32 31 33 30 29 31 28 27 29 26 25 27 24 23 25 22 21 23 20 19 21 18 17 19 16 15 17 14 13 15 12 11 13 10 9 11 8 7 9 6 5 7 4 3 5 2 1 3 0 1 34 33 35 32 31 33 30 29 31 28 27 29 26 25 27 24 23 25 22 21 23 20 19 21 18 17 19 16 15 17 14 13 15 12 11 13 10 9 11 8 7 9 6 5 7 4 3 5 2 1 3 36 35 37 34 33 35 32 31 33 30 29 31 28 27 29 26 25 27 24 23 25 22 21 23 20 19 21 18 17 19 16 15 17 14 13 15 12 11 13 10 9 11 8 7 9 6 5 7 4 3 5 2 1 3 32 31 33 30 29 31 28 27 29 26 25 27 24 23 25 22 21 23 20 19 21 18 17 19 16 15 17 14 13 15 12 11 13 10 9 11 8 7 9 6 5 7 4 3 5 36 35 37 34 33 35 32 31 33 30 29 31 28 27 29 26 25 27 24 23 25 22 21 23 20 19 21 18 17 19 16 15 17 14 13 15 12 11 13 10 9 11 8 7 9 6 5 7 4 3 5 30 29 31 28 27 29 26 25 27 24 23 25 22 21 23 20 19 21 18 17 19 16 15 17 14 13 15 12 11 13 10 9 11 8 7 9 6 5 7 34 33 35 32 31 33 30 29 31 28 27 29 26 25 27 24 23 25 22 21 23 20 19 21 18 17 19 16 15 17 14 13 15 12 11 13 10 9 11 8 7 9 6 5 7 28 27 29 26 25 27 24 23 25 22 21 23 20 19 21 18 17 19 16 15 17 14 13 15 12 11 13 10 9 11 8 7 9 24 23 25 22 21 23 20 19 21 18 17 19 16 15 17 14 13 15 12 11 13 22 21 23 20 19 21 18 17 19 16 15 17 26 25 27 24 23 25 22 21 23 20 19 21 18 17 19 26 25 27 24 23 25 36 35 37 34 33 35 32 31 33 30 29 31 28 27 29 26 25 27 24 23 25 22 21 23 20 19 21 18 17 19 16 15 17 14 13 15 12 11 13 10 9 11 8 7 9 16 15 17 14 13 15 12 11 13 10 9 11 14 13 15 18 17 19 28 27 29 30 29 31 32 31 33 30 29 31 28 27 29 26 25 27 24 23 25 22 21 23 20 19 21 18 17 19 16 15 17 28 27 29 26 25 27 24 23 25 34 33 35 32 31 33 30 29 31 28 27 29 26 25 27 36 35 37 34 33 35 32 31 33 30 29 31 28 27 29 26 25 27 24 23 25 22 21 23 20 19 21 18 17 19 16 15 17 14 13 15 12 11 13 10 9 11 14 13 15 12 11 13 20 19 21 18 17 19 16 15 17 24 23 25 22 21 23 20 19 21 18 17 19 16 15 17 14 13 15 26 25 27 32 31 33 30 29 31 28 27 29 34 33 35 32 31 33 30 29 31 36 35 37 34 33 35 32 31 33 30 29 31 28 27 29 26 25 27 24 23 25 22 21 23 20 19 21 18 17 19 16 15 17 22 21 23 20 19 21 18 17 19 26 25 27 24 23 25 28 27 29 26 25 27 24 23 25 22 21 23 20 19 21 22 21 23 24 23 25 30 29 31 28 27 29 26 25 27
[3.477569s] A=259 K=481 i=7.14111847e+08) 37 35 33 31 29 27 25 23 21 19 17 15 13 11 9 7 5 3 1 36 35 37 34 33 35 32 31 33 30 29 31 28 27 29 26 25 27 24 23 25 22 21 23 20 19 21 18 17 19 16 15 17 14 13 15 12 11 13 10 9 11 8 7 9 6 5 7 4 3 5 2 1 3 0 1 34 33 35 32 31 33 30 29 31 28 27 29 26 25 27 24 23 25 22 21 23 20 19 21 18 17 19 16 15 17 14 13 15 12 11 13 10 9 11 8 7 9 6 5 7 4 3 5 2 1 3 36 35 37 34 33 35 32 31 33 30 29 31 28 27 29 26 25 27 24 23 25 22 21 23 20 19 21 18 17 19 16 15 17 14 13 15 12 11 13 10 9 11 8 7 9 6 5 7 4 3 5 2 1 3 32 31 33 30 29 31 28 27 29 26 25 27 24 23 25 22 21 23 20 19 21 18 17 19 16 15 17 14 13 15 12 11 13 10 9 11 8 7 9 6 5 7 4 3 5 36 35 37 34 33 35 32 31 33 30 29 31 28 27 29 26 25 27 24 23 25 22 21 23 20 19 21 18 17 19 16 15 17 14 13 15 12 11 13 10 9 11 8 7 9 6 5 7 4 3 5 30 29 31 28 27 29 26 25 27 24 23 25 22 21 23 20 19 21 18 17 19 16 15 17 14 13 15 12 11 13 10 9 11 8 7 9 6 5 7 34 33 35 32 31 33 30 29 31 28 27 29 26 25 27 24 23 25 22 21 23 20 19 21 18 17 19 16 15 17 14 13 15 12 11 13 10 9 11 8 7 9 6 5 7 28 27 29 26 25 27 24 23 25 22 21 23 20 19 21 18 17 19 16 15 17 14 13 15 12 11 13 10 9 11 8 7 9 24 23 25 22 21 23 20 19 21 18 17 19 16 15 17 14 13 15 12 11 13 22 21 23 20 19 21 18 17 19 16 15 17 26 25 27 24 23 25 22 21 23 20 19 21 18 17 19 24 23 25 26 25 27 36 35 37 34 33 35 32 31 33 30 29 31 28 27 29 26 25 27 24 23 25 22 21 23 20 19 21 18 17 19 16 15 17 14 13 15 12 11 13 10 9 11 8 7 9 16 15 17 14 13 15 12 11 13 10 9 11 14 13 15 18 17 19 30 29 31 28 27 29 26 25 27 24 23 25 32 31 33 30 29 31 28 27 29 26 25 27 24 23 25 22 21 23 20 19 21 18 17 19 16 15 17 34 33 35 32 31 33 30 29 31 28 27 29 36 35 37 34 33 35 32 31 33 30 29 31 28 27 29 26 25 27 24 23 25 22 21 23 20 19 21 18 17 19 16 15 17 14 13 15 12 11 13 10 9 11 14 13 15 12 11 13 20 19 21 18 17 19 16 15 17 26 25 27 24 23 25 22 21 23 20 19 21 18 17 19 16 15 17 14 13 15 28 27 29 26 25 27 32 31 33 30 29 31 28 27 29 34 33 35 32 31 33 30 29 31 36 35 37 34 33 35 32 31 33 30 29 31 28 27 29 26 25 27 24 23 25 22 21 23 20 19 21 18 17 19 16 15 17 22 21 23 20 19 21 18 17 19 26 25 27 24 23 25 28 27 29 26 25 27 24 23 25 22 21 23 20 19 21 22 21 23 24 23 25 30 29 31 28 27 29 26 25 27
[3.478979s] A=259 K=481 i=7.14568739e+08) 37 35 33 31 29 27 25 23 21 19 17 15 13 11 9 7 5 3 1 36 35 37 34 33 35 32 31 33 30 29 31 28 27 29 26 25 27 24 23 25 22 21 23 20 19 21 18 17 19 16 15 17 14 13 15 12 11 13 10 9 11 8 7 9 6 5 7 4 3 5 2 1 3 0 1 34 33 35 32 31 33 30 29 31 28 27 29 26 25 27 24 23 25 22 21 23 20 19 21 18 17 19 16 15 17 14 13 15 12 11 13 10 9 11 8 7 9 6 5 7 4 3 5 2 1 3 36 35 37 34 33 35 32 31 33 30 29 31 28 27 29 26 25 27 24 23 25 22 21 23 20 19 21 18 17 19 16 15 17 14 13 15 12 11 13 10 9 11 8 7 9 6 5 7 4 3 5 2 1 3 32 31 33 30 29 31 28 27 29 26 25 27 24 23 25 22 21 23 20 19 21 18 17 19 16 15 17 14 13 15 12 11 13 10 9 11 8 7 9 6 5 7 4 3 5 36 35 37 34 33 35 32 31 33 30 29 31 28 27 29 26 25 27 24 23 25 22 21 23 20 19 21 18 17 19 16 15 17 14 13 15 12 11 13 10 9 11 8 7 9 6 5 7 4 3 5 30 29 31 28 27 29 26 25 27 24 23 25 22 21 23 20 19 21 18 17 19 16 15 17 14 13 15 12 11 13 10 9 11 8 7 9 6 5 7 34 33 35 32 31 33 30 29 31 28 27 29 26 25 27 24 23 25 22 21 23 20 19 21 18 17 19 16 15 17 14 13 15 12 11 13 10 9 11 8 7 9 6 5 7 28 27 29 26 25 27 24 23 25 22 21 23 20 19 21 18 17 19 16 15 17 14 13 15 12 11 13 10 9 11 8 7 9 24 23 25 22 21 23 20 19 21 18 17 19 16 15 17 14 13 15 12 11 13 22 21 23 20 19 21 18 17 19 16 15 17 26 25 27 24 23 25 22 21 23 20 19 21 18 17 19 24 23 25 26 25 27 30 29 31 28 27 29 36 35 37 34 33 35 32 31 33 30 29 31 28 27 29 26 25 27 24 23 25 22 21 23 20 19 21 18 17 19 16 15 17 14 13 15 12 11 13 10 9 11 8 7 9 16 15 17 14 13 15 12 11 13 10 9 11 14 13 15 18 17 19 32 31 33 30 29 31 28 27 29 26 25 27 24 23 25 22 21 23 20 19 21 18 17 19 16 15 17 26 25 27 24 23 25 28 27 29 26 25 27 30 29 31 34 33 35 32 31 33 30 29 31 28 27 29 36 35 37 34 33 35 32 31 33 30 29 31 28 27 29 26 25 27 24 23 25 22 21 23 20 19 21 18 17 19 16 15 17 14 13 15 12 11 13 10 9 11 14 13 15 12 11 13 20 19 21 18 17 19 16 15 17 26 25 27 24 23 25 22 21 23 20 19 21 18 17 19 16 15 17 14 13 15 36 35 37 34 33 35 32 31 33 30 29 31 28 27 29 26 25 27 24 23 25 22 21 23 20 19 21 18 17 19 16 15 17 22 21 23 20 19 21 18 17 19 28 27 29 26 25 27 24 23 25 34 33 35 32 31 33 30 29 31 28 27 29 26 25 27 24 23 25 22 21 23 20 19 21 22 21 23 24 23 25 32 31 33 30 29 31 28 27 29 26 25 27
[3.484955s] A=259 K=481 i=7.16207118e+08) 37 35 33 31 29 27 25 23 21 19 17 15 13 11 9 7 5 3 1 36 35 37 34 33 35 32 31 33 30 29 31 28 27 29 26 25 27 24 23 25 22 21 23 20 19 21 18 17 19 16 15 17 14 13 15 12 11 13 10 9 11 8 7 9 6 5 7 4 3 5 2 1 3 0 1 34 33 35 32 31 33 30 29 31 28 27 29 26 25 27 24 23 25 22 21 23 20 19 21 18 17 19 16 15 17 14 13 15 12 11 13 10 9 11 8 7 9 6 5 7 4 3 5 2 1 3 36 35 37 34 33 35 32 31 33 30 29 31 28 27 29 26 25 27 24 23 25 22 21 23 20 19 21 18 17 19 16 15 17 14 13 15 12 11 13 10 9 11 8 7 9 6 5 7 4 3 5 2 1 3 32 31 33 30 29 31 28 27 29 26 25 27 24 23 25 22 21 23 20 19 21 18 17 19 16 15 17 14 13 15 12 11 13 10 9 11 8 7 9 6 5 7 4 3 5 36 35 37 34 33 35 32 31 33 30 29 31 28 27 29 26 25 27 24 23 25 22 21 23 20 19 21 18 17 19 16 15 17 14 13 15 12 11 13 10 9 11 8 7 9 6 5 7 4 3 5 30 29 31 28 27 29 26 25 27 24 23 25 22 21 23 20 19 21 18 17 19 16 15 17 14 13 15 12 11 13 10 9 11 8 7 9 6 5 7 34 33 35 32 31 33 30 29 31 28 27 29 26 25 27 24 23 25 22 21 23 20 19 21 18 17 19 16 15 17 14 13 15 12 11 13 10 9 11 8 7 9 6 5 7 28 27 29 26 25 27 24 23 25 22 21 23 20 19 21 18 17 19 16 15 17 14 13 15 12 11 13 10 9 11 8 7 9 24 23 25 22 21 23 20 19 21 18 17 19 16 15 17 14 13 15 12 11 13 22 21 23 20 19 21 18 17 19 16 15 17 26 25 27 24 23 25 22 21 23 20 19 21 18 17 19 24 23 25 26 25 27 28 27 29 36 35 37 34 33 35 32 31 33 30 29 31 28 27 29 26 25 27 24 23 25 22 21 23 20 19 21 18 17 19 16 15 17 14 13 15 12 11 13 10 9 11 8 7 9 16 15 17 14 13 15 12 11 13 10 9 11 14 13 15 18 17 19 32 31 33 30 29 31 28 27 29 26 25 27 24 23 25 22 21 23 20 19 21 18 17 19 16 15 17 26 25 27 28 27 29 30 29 31 34 33 35 32 31 33 30 29 31 28 27 29 36 35 37 34 33 35 32 31 33 30 29 31 28 27 29 26 25 27 24 23 25 22 21 23 20 19 21 18 17 19 16 15 17 14 13 15 12 11 13 10 9 11 14 13 15 12 11 13 20 19 21 18 17 19 16 15 17 26 25 27 24 23 25 22 21 23 20 19 21 18 17 19 16 15 17 14 13 15 28 27 29 26 25 27 24 23 25 36 35 37 34 33 35 32 31 33 30 29 31 28 27 29 26 25 27 24 23 25 22 21 23 20 19 21 18 17 19 16 15 17 22 21 23 20 19 21 18 17 19 32 31 33 30 29 31 28 27 29 26 25 27 24 23 25 34 33 35 32 31 33 30 29 31 28 27 29 26 25 27 24 23 25 22 21 23 20 19 21 22 21 23 24 23 25 28 27 29 26 25 27
[3.489819s] A=259 K=481 i=7.17639667e+08) 37 35 33 31 29 27 25 23 21 19 17 15 13 11 9 7 5 3 1 36 35 37 34 33 35 32 31 33 30 29 31 28 27 29 26 25 27 24 23 25 22 21 23 20 19 21 18 17 19 16 15 17 14 13 15 12 11 13 10 9 11 8 7 9 6 5 7 4 3 5 2 1 3 0 1 34 33 35 32 31 33 30 29 31 28 27 29 26 25 27 24 23 25 22 21 23 20 19 21 18 17 19 16 15 17 14 13 15 12 11 13 10 9 11 8 7 9 6 5 7 4 3 5 2 1 3 36 35 37 34 33 35 32 31 33 30 29 31 28 27 29 26 25 27 24 23 25 22 21 23 20 19 21 18 17 19 16 15 17 14 13 15 12 11 13 10 9 11 8 7 9 6 5 7 4 3 5 2 1 3 32 31 33 30 29 31 28 27 29 26 25 27 24 23 25 22 21 23 20 19 21 18 17 19 16 15 17 14 13 15 12 11 13 10 9 11 8 7 9 6 5 7 4 3 5 36 35 37 34 33 35 32 31 33 30 29 31 28 27 29 26 25 27 24 23 25 22 21 23 20 19 21 18 17 19 16 15 17 14 13 15 12 11 13 10 9 11 8 7 9 6 5 7 4 3 5 30 29 31 28 27 29 26 25 27 24 23 25 22 21 23 20 19 21 18 17 19 16 15 17 14 13 15 12 11 13 10 9 11 8 7 9 6 5 7 34 33 35 32 31 33 30 29 31 28 27 29 26 25 27 24 23 25 22 21 23 20 19 21 18 17 19 16 15 17 14 13 15 12 11 13 10 9 11 8 7 9 6 5 7 28 27 29 26 25 27 24 23 25 22 21 23 20 19 21 18 17 19 16 15 17 14 13 15 12 11 13 10 9 11 8 7 9 24 23 25 22 21 23 20 19 21 18 17 19 16 15 17 14 13 15 12 11 13 22 21 23 20 19 21 18 17 19 16 15 17 26 25 27 24 23 25 22 21 23 20 19 21 18 17 19 24 23 25 26 25 27 28 27 29 30 29 31 32 31 33 30 29 31 28 27 29 26 25 27 36 35 37 34 33 35 32 31 33 30 29 31 28 27 29 26 25 27 24 23 25 22 21 23 20 19 21 18 17 19 16 15 17 14 13 15 12 11 13 10 9 11 8 7 9 16 15 17 14 13 15 12 11 13 10 9 11 14 13 15 18 17 19 24 23 25 22 21 23 20 19 21 18 17 19 16 15 17 26 25 27 28 27 29 26 25 27 24 23 25 30 29 31 36 35 37 34 33 35 32 31 33 30 29 31 28 27 29 26 25 27 24 23 25 22 21 23 20 19 21 18 17 19 16 15 17 14 13 15 12 11 13 10 9 11 14 13 15 12 11 13 20 19 21 18 17 19 16 15 17 34 33 35 32 31 33 30 29 31 28 27 29 26 25 27 24 23 25 22 21 23 20 19 21 18 17 19 16 15 17 14 13 15 36 35 37 34 33 35 32 31 33 30 29 31 28 27 29 26 25 27 24 23 25 22 21 23 20 19 21 18 17 19 16 15 17 22 21 23 20 19 21 18 17 19 28 27 29 26 25 27 24 23 25 32 31 33 30 29 31 28 27 29 26 25 27 24 23 25 22 21 23 20 19 21 22 21 23 24 23 25 34 33 35 32 31 33 30 29 31 28 27 29 26 25 27
[3.499945s] A=259 K=481 i=7.19448817e+08) 37 35 33 31 29 27 25 23 21 19 17 15 13 11 9 7 5 3 1 36 35 37 34 33 35 32 31 33 30 29 31 28 27 29 26 25 27 24 23 25 22 21 23 20 19 21 18 17 19 16 15 17 14 13 15 12 11 13 10 9 11 8 7 9 6 5 7 4 3 5 2 1 3 0 1 34 33 35 32 31 33 30 29 31 28 27 29 26 25 27 24 23 25 22 21 23 20 19 21 18 17 19 16 15 17 14 13 15 12 11 13 10 9 11 8 7 9 6 5 7 4 3 5 2 1 3 36 35 37 34 33 35 32 31 33 30 29 31 28 27 29 26 25 27 24 23 25 22 21 23 20 19 21 18 17 19 16 15 17 14 13 15 12 11 13 10 9 11 8 7 9 6 5 7 4 3 5 2 1 3 32 31 33 30 29 31 28 27 29 26 25 27 24 23 25 22 21 23 20 19 21 18 17 19 16 15 17 14 13 15 12 11 13 10 9 11 8 7 9 6 5 7 4 3 5 36 35 37 34 33 35 32 31 33 30 29 31 28 27 29 26 25 27 24 23 25 22 21 23 20 19 21 18 17 19 16 15 17 14 13 15 12 11 13 10 9 11 8 7 9 6 5 7 4 3 5 30 29 31 28 27 29 26 25 27 24 23 25 22 21 23 20 19 21 18 17 19 16 15 17 14 13 15 12 11 13 10 9 11 8 7 9 6 5 7 34 33 35 32 31 33 30 29 31 28 27 29 26 25 27 24 23 25 22 21 23 20 19 21 18 17 19 16 15 17 14 13 15 12 11 13 10 9 11 8 7 9 6 5 7 28 27 29 26 25 27 24 23 25 22 21 23 20 19 21 18 17 19 16 15 17 14 13 15 12 11 13 10 9 11 8 7 9 24 23 25 22 21 23 20 19 21 18 17 19 16 15 17 14 13 15 12 11 13 22 21 23 20 19 21 18 17 19 16 15 17 24 23 25 26 25 27 24 23 25 22 21 23 20 19 21 18 17 19 16 15 17 14 13 15 12 11 13 10 9 11 36 35 37 34 33 35 32 31 33 30 29 31 28 27 29 26 25 27 24 23 25 22 21 23 20 19 21 18 17 19 16 15 17 14 13 15 12 11 13 10 9 11 8 7 9 18 17 19 26 25 27 28 27 29 30 29 31 32 31 33 30 29 31 28 27 29 26 25 27 24 23 25 22 21 23 20 19 21 26 25 27 24 23 25 28 27 29 34 33 35 32 31 33 30 29 31 36 35 37 34 33 35 32 31 33 30 29 31 28 27 29 26 25 27 24 23 25 22 21 23 20 19 21 18 17 19 16 15 17 14 13 15 12 11 13 10 9 11 18 17 19 16 15 17 14 13 15 12 11 13 14 13 15 20 19 21 18 17 19 16 15 17 28 27 29 26 25 27 24 23 25 22 21 23 20 19 21 18 17 19 16 15 17 14 13 15 26 25 27 34 33 35 32 31 33 30 29 31 28 27 29 32 31 33 30 29 31 36 35 37 34 33 35 32 31 33 30 29 31 28 27 29 26 25 27 24 23 25 22 21 23 20 19 21 18 17 19 16 15 17 24 23 25 22 21 23 20 19 21 18 17 19 26 25 27 24 23 25 22 21 23 20 19 21 28 27 29 26 25 27 24 23 25 22 21 23 30 29 31 28 27 29 26 25 27
[3.513312s] A=259 K=481 i=7.22605951e+08) 37 35 33 31 29 27 25 23 21 19 17 15 13 11 9 7 5 3 1 36 35 37 34 33 35 32 31 33 30 29 31 28 27 29 26 25 27 24 23 25 22 21 23 20 19 21 18 17 19 16 15 17 14 13 15 12 11 13 10 9 11 8 7 9 6 5 7 4 3 5 2 1 3 0 1 34 33 35 32 31 33 30 29 31 28 27 29 26 25 27 24 23 25 22 21 23 20 19 21 18 17 19 16 15 17 14 13 15 12 11 13 10 9 11 8 7 9 6 5 7 4 3 5 2 1 3 36 35 37 34 33 35 32 31 33 30 29 31 28 27 29 26 25 27 24 23 25 22 21 23 20 19 21 18 17 19 16 15 17 14 13 15 12 11 13 10 9 11 8 7 9 6 5 7 4 3 5 2 1 3 32 31 33 30 29 31 28 27 29 26 25 27 24 23 25 22 21 23 20 19 21 18 17 19 16 15 17 14 13 15 12 11 13 10 9 11 8 7 9 6 5 7 4 3 5 36 35 37 34 33 35 32 31 33 30 29 31 28 27 29 26 25 27 24 23 25 22 21 23 20 19 21 18 17 19 16 15 17 14 13 15 12 11 13 10 9 11 8 7 9 6 5 7 4 3 5 30 29 31 28 27 29 26 25 27 24 23 25 22 21 23 20 19 21 18 17 19 16 15 17 14 13 15 12 11 13 10 9 11 8 7 9 6 5 7 34 33 35 32 31 33 30 29 31 28 27 29 26 25 27 24 23 25 22 21 23 20 19 21 18 17 19 16 15 17 14 13 15 12 11 13 10 9 11 8 7 9 6 5 7 28 27 29 26 25 27 24 23 25 22 21 23 20 19 21 18 17 19 16 15 17 14 13 15 12 11 13 10 9 11 8 7 9 24 23 25 22 21 23 20 19 21 18 17 19 16 15 17 14 13 15 12 11 13 22 21 23 20 19 21 18 17 19 16 15 17 24 23 25 26 25 27 24 23 25 22 21 23 20 19 21 18 17 19 16 15 17 14 13 15 36 35 37 34 33 35 32 31 33 30 29 31 28 27 29 26 25 27 24 23 25 22 21 23 20 19 21 18 17 19 16 15 17 14 13 15 12 11 13 10 9 11 8 7 9 12 11 13 10 9 11 14 13 15 18 17 19 32 31 33 30 29 31 28 27 29 26 25 27 24 23 25 22 21 23 20 19 21 28 27 29 26 25 27 30 29 31 28 27 29 26 25 27 24 23 25 32 31 33 34 33 35 32 31 33 30 29 31 36 35 37 34 33 35 32 31 33 30 29 31 28 27 29 26 25 27 24 23 25 22 21 23 20 19 21 18 17 19 16 15 17 14 13 15 12 11 13 10 9 11 18 17 19 16 15 17 14 13 15 12 11 13 20 19 21 18 17 19 16 15 17 28 27 29 26 25 27 24 23 25 22 21 23 20 19 21 18 17 19 16 15 17 14 13 15 30 29 31 34 33 35 32 31 33 36 35 37 34 33 35 32 31 33 30 29 31 28 27 29 26 25 27 24 23 25 22 21 23 20 19 21 18 17 19 16 15 17 22 21 23 20 19 21 18 17 19 28 27 29 26 25 27 24 23 25 30 29 31 28 27 29 26 25 27 24 23 25 22 21 23 20 19 21 22 21 23 24 23 25 32 31 33 30 29 31 28 27 29 26 25 27
[3.537149s] A=259 K=481 i=7.27878201e+08) 37 35 33 31 29 27 25 23 21 19 17 15 13 11 9 7 5 3 1 36 35 37 34 33 35 32 31 33 30 29 31 28 27 29 26 25 27 24 23 25 22 21 23 20 19 21 18 17 19 16 15 17 14 13 15 12 11 13 10 9 11 8 7 9 6 5 7 4 3 5 2 1 3 0 1 34 33 35 32 31 33 30 29 31 28 27 29 26 25 27 24 23 25 22 21 23 20 19 21 18 17 19 16 15 17 14 13 15 12 11 13 10 9 11 8 7 9 6 5 7 4 3 5 2 1 3 36 35 37 34 33 35 32 31 33 30 29 31 28 27 29 26 25 27 24 23 25 22 21 23 20 19 21 18 17 19 16 15 17 14 13 15 12 11 13 10 9 11 8 7 9 6 5 7 4 3 5 2 1 3 32 31 33 30 29 31 28 27 29 26 25 27 24 23 25 22 21 23 20 19 21 18 17 19 16 15 17 14 13 15 12 11 13 10 9 11 8 7 9 6 5 7 4 3 5 36 35 37 34 33 35 32 31 33 30 29 31 28 27 29 26 25 27 24 23 25 22 21 23 20 19 21 18 17 19 16 15 17 14 13 15 12 11 13 10 9 11 8 7 9 6 5 7 4 3 5 30 29 31 28 27 29 26 25 27 24 23 25 22 21 23 20 19 21 18 17 19 16 15 17 14 13 15 12 11 13 10 9 11 8 7 9 6 5 7 34 33 35 32 31 33 30 29 31 28 27 29 26 25 27 24 23 25 22 21 23 20 19 21 18 17 19 16 15 17 14 13 15 12 11 13 10 9 11 8 7 9 6 5 7 28 27 29 26 25 27 24 23 25 22 21 23 20 19 21 18 17 19 16 15 17 14 13 15 12 11 13 10 9 11 8 7 9 24 23 25 22 21 23 20 19 21 18 17 19 16 15 17 14 13 15 12 11 13 22 21 23 20 19 21 18 17 19 16 15 17 24 23 25 26 25 27 24 23 25 22 21 23 20 19 21 18 17 19 36 35 37 34 33 35 32 31 33 30 29 31 28 27 29 26 25 27 24 23 25 22 21 23 20 19 21 18 17 19 16 15 17 14 13 15 12 11 13 10 9 11 8 7 9 16 15 17 14 13 15 12 11 13 10 9 11 14 13 15 18 17 19 32 31 33 30 29 31 28 27 29 26 25 27 24 23 25 22 21 23 20 19 21 18 17 19 16 15 17 28 27 29 26 25 27 30 29 31 28 27 29 26 25 27 24 23 25 32 31 33 34 33 35 32 31 33 30 29 31 36 35 37 34 33 35 32 31 33 30 29 31 28 27 29 26 25 27 24 23 25 22 21 23 20 19 21 18 17 19 16 15 17 14 13 15 12 11 13 10 9 11 14 13 15 12 11 13 20 19 21 18 17 19 16 15 17 28 27 29 26 25 27 24 23 25 22 21 23 20 19 21 18 17 19 16 15 17 14 13 15 30 29 31 34 33 35 32 31 33 36 35 37 34 33 35 32 31 33 30 29 31 28 27 29 26 25 27 24 23 25 22 21 23 20 19 21 18 17 19 16 15 17 22 21 23 20 19 21 18 17 19 28 27 29 26 25 27 24 23 25 30 29 31 28 27 29 26 25 27 24 23 25 22 21 23 20 19 21 22 21 23 24 23 25 32 31 33 30 29 31 28 27 29 26 25 27
[3.651168s] A=259 K=481 i=7.49502988e+08) 37 35 33 31 29 27 25 23 21 19 17 15 13 11 9 7 5 3 1 36 35 37 34 33 35 32 31 33 30 29 31 28 27 29 26 25 27 24 23 25 22 21 23 20 19 21 18 17 19 16 15 17 14 13 15 12 11 13 10 9 11 8 7 9 6 5 7 4 3 5 2 1 3 0 1 34 33 35 32 31 33 30 29 31 28 27 29 26 25 27 24 23 25 22 21 23 20 19 21 18 17 19 16 15 17 14 13 15 12 11 13 10 9 11 8 7 9 6 5 7 4 3 5 2 1 3 36 35 37 34 33 35 32 31 33 30 29 31 28 27 29 26 25 27 24 23 25 22 21 23 20 19 21 18 17 19 16 15 17 14 13 15 12 11 13 10 9 11 8 7 9 6 5 7 4 3 5 2 1 3 32 31 33 30 29 31 28 27 29 26 25 27 24 23 25 22 21 23 20 19 21 18 17 19 16 15 17 14 13 15 12 11 13 10 9 11 8 7 9 6 5 7 4 3 5 36 35 37 34 33 35 32 31 33 30 29 31 28 27 29 26 25 27 24 23 25 22 21 23 20 19 21 18 17 19 16 15 17 14 13 15 12 11 13 10 9 11 8 7 9 6 5 7 4 3 5 30 29 31 28 27 29 26 25 27 24 23 25 22 21 23 20 19 21 18 17 19 16 15 17 14 13 15 12 11 13 10 9 11 8 7 9 6 5 7 34 33 35 32 31 33 30 29 31 28 27 29 26 25 27 24 23 25 22 21 23 20 19 21 18 17 19 16 15 17 14 13 15 12 11 13 10 9 11 8 7 9 6 5 7 28 27 29 26 25 27 24 23 25 22 21 23 20 19 21 18 17 19 16 15 17 14 13 15 12 11 13 10 9 11 8 7 9 24 23 25 22 21 23 20 19 21 18 17 19 16 15 17 14 13 15 12 11 13 20 19 21 18 17 19 16 15 17 14 13 15 22 21 23 20 19 21 18 17 19 16 15 17 24 23 25 22 21 23 26 25 27 24 23 25 22 21 23 20 19 21 18 17 19 16 15 17 14 13 15 28 27 29 26 25 27 24 23 25 30 29 31 28 27 29 26 25 27 24 23 25 32 31 33 30 29 31 28 27 29 26 25 27 34 33 35 32 31 33 30 29 31 36 35 37 34 33 35 32 31 33 30 29 31 28 27 29 26 25 27 24 23 25 22 21 23 20 19 21 18 17 19 16 15 17 14 13 15 12 11 13 10 9 11 8 7 9 12 11 13 10 9 11 14 13 15 24 23 25 22 21 23 36 35 37 34 33 35 32 31 33 30 29 31 28 27 29 26 25 27 24 23 25 22 21 23 20 19 21 18 17 19 16 15 17 14 13 15 12 11 13 10 9 11 20 19 21 18 17 19 16 15 17 14 13 15 12 11 13 28 27 29 26 25 27 24 23 25 22 21 23 20 19 21 18 17 19 16 15 17 14 13 15 18 17 19 22 21 23 20 19 21 30 29 31 32 31 33 34 33 35 32 31 33 30 29 31 28 27 29 26 25 27 24 23 25 22 21 23 20 19 21 18 17 19 16 15 17 18 17 19 30 29 31 28 27 29 26 25 27 24 23 25 22 21 23 20 19 21 28 27 29 26 25 27 24 23 25 22 21 23 24 23 25 32 31 33 30 29 31 28 27 29 26 25 27
[3.657610s] A=259 K=481 i=7.50492649e+08) 37 35 33 31 29 27 25 23 21 19 17 15 13 11 9 7 5 3 1 36 35 37 34 33 35 32 31 33 30 29 31 28 27 29 26 25 27 24 23 25 22 21 23 20 19 21 18 17 19 16 15 17 14 13 15 12 11 13 10 9 11 8 7 9 6 5 7 4 3 5 2 1 3 0 1 34 33 35 32 31 33 30 29 31 28 27 29 26 25 27 24 23 25 22 21 23 20 19 21 18 17 19 16 15 17 14 13 15 12 11 13 10 9 11 8 7 9 6 5 7 4 3 5 2 1 3 36 35 37 34 33 35 32 31 33 30 29 31 28 27 29 26 25 27 24 23 25 22 21 23 20 19 21 18 17 19 16 15 17 14 13 15 12 11 13 10 9 11 8 7 9 6 5 7 4 3 5 2 1 3 32 31 33 30 29 31 28 27 29 26 25 27 24 23 25 22 21 23 20 19 21 18 17 19 16 15 17 14 13 15 12 11 13 10 9 11 8 7 9 6 5 7 4 3 5 36 35 37 34 33 35 32 31 33 30 29 31 28 27 29 26 25 27 24 23 25 22 21 23 20 19 21 18 17 19 16 15 17 14 13 15 12 11 13 10 9 11 8 7 9 6 5 7 4 3 5 30 29 31 28 27 29 26 25 27 24 23 25 22 21 23 20 19 21 18 17 19 16 15 17 14 13 15 12 11 13 10 9 11 8 7 9 6 5 7 34 33 35 32 31 33 30 29 31 28 27 29 26 25 27 24 23 25 22 21 23 20 19 21 18 17 19 16 15 17 14 13 15 12 11 13 10 9 11 8 7 9 6 5 7 28 27 29 26 25 27 24 23 25 22 21 23 20 19 21 18 17 19 16 15 17 14 13 15 12 11 13 10 9 11 8 7 9 24 23 25 22 21 23 20 19 21 18 17 19 16 15 17 14 13 15 12 11 13 20 19 21 18 17 19 16 15 17 14 13 15 22 21 23 20 19 21 18 17 19 24 23 25 22 21 23 26 25 27 24 23 25 22 21 23 20 19 21 18 17 19 16 15 17 14 13 15 12 11 13 10 9 11 28 27 29 26 25 27 24 23 25 30 29 31 28 27 29 26 25 27 32 31 33 30 29 31 28 27 29 26 25 27 24 23 25 22 21 23 34 33 35 32 31 33 30 29 31 28 27 29 26 25 27 24 23 25 36 35 37 34 33 35 32 31 33 30 29 31 28 27 29 26 25 27 24 23 25 22 21 23 20 19 21 18 17 19 16 15 17 14 13 15 12 11 13 10 9 11 8 7 9 16 15 17 14 13 15 20 19 21 18 17 19 16 15 17 22 21 23 20 19 21 18 17 19 24 23 25 28 27 29 30 29 31 36 35 37 34 33 35 32 31 33 30 29 31 28 27 29 26 25 27 24 23 25 22 21 23 20 19 21 18 17 19 16 15 17 14 13 15 12 11 13 10 9 11 14 13 15 12 11 13 16 15 17 14 13 15 18 17 19 22 21 23 20 19 21 24 23 25 28 27 29 26 25 27 34 33 35 32 31 33 30 29 31 28 27 29 26 25 27 24 23 25 22 21 23 20 19 21 18 17 19 16 15 17 18 17 19 20 19 21 24 23 25 22 21 23 32 31 33 30 29 31 28 27 29 26 25 27 24 23 25 22 21 23 20 19 21 26 25 27 28 27 29
[3.657778s] A=259 K=481 i=7.5050794e+08) 37 35 33 31 29 27 25 23 21 19 17 15 13 11 9 7 5 3 1 36 35 37 34 33 35 32 31 33 30 29 31 28 27 29 26 25 27 24 23 25 22 21 23 20 19 21 18 17 19 16 15 17 14 13 15 12 11 13 10 9 11 8 7 9 6 5 7 4 3 5 2 1 3 0 1 34 33 35 32 31 33 30 29 31 28 27 29 26 25 27 24 23 25 22 21 23 20 19 21 18 17 19 16 15 17 14 13 15 12 11 13 10 9 11 8 7 9 6 5 7 4 3 5 2 1 3 36 35 37 34 33 35 32 31 33 30 29 31 28 27 29 26 25 27 24 23 25 22 21 23 20 19 21 18 17 19 16 15 17 14 13 15 12 11 13 10 9 11 8 7 9 6 5 7 4 3 5 2 1 3 32 31 33 30 29 31 28 27 29 26 25 27 24 23 25 22 21 23 20 19 21 18 17 19 16 15 17 14 13 15 12 11 13 10 9 11 8 7 9 6 5 7 4 3 5 36 35 37 34 33 35 32 31 33 30 29 31 28 27 29 26 25 27 24 23 25 22 21 23 20 19 21 18 17 19 16 15 17 14 13 15 12 11 13 10 9 11 8 7 9 6 5 7 4 3 5 30 29 31 28 27 29 26 25 27 24 23 25 22 21 23 20 19 21 18 17 19 16 15 17 14 13 15 12 11 13 10 9 11 8 7 9 6 5 7 34 33 35 32 31 33 30 29 31 28 27 29 26 25 27 24 23 25 22 21 23 20 19 21 18 17 19 16 15 17 14 13 15 12 11 13 10 9 11 8 7 9 6 5 7 28 27 29 26 25 27 24 23 25 22 21 23 20 19 21 18 17 19 16 15 17 14 13 15 12 11 13 10 9 11 8 7 9 24 23 25 22 21 23 20 19 21 18 17 19 16 15 17 14 13 15 12 11 13 20 19 21 18 17 19 16 15 17 14 13 15 22 21 23 20 19 21 18 17 19 24 23 25 22 21 23 26 25 27 24 23 25 22 21 23 20 19 21 18 17 19 16 15 17 14 13 15 12 11 13 10 9 11 28 27 29 26 25 27 24 23 25 30 29 31 28 27 29 26 25 27 32 31 33 30 29 31 28 27 29 26 25 27 24 23 25 22 21 23 34 33 35 32 31 33 30 29 31 36 35 37 34 33 35 32 31 33 30 29 31 28 27 29 26 25 27 24 23 25 22 21 23 20 19 21 18 17 19 16 15 17 14 13 15 12 11 13 10 9 11 8 7 9 16 15 17 14 13 15 20 19 21 18 17 19 16 15 17 28 27 29 26 25 27 24 23 25 22 21 23 20 19 21 18 17 19 36 35 37 34 33 35 32 31 33 30 29 31 28 27 29 26 25 27 24 23 25 22 21 23 20 19 21 18 17 19 16 15 17 14 13 15 12 11 13 10 9 11 14 13 15 12 11 13 16 15 17 14 13 15 30 29 31 32 31 33 34 33 35 32 31 33 30 29 31 28 27 29 26 25 27 24 23 25 22 21 23 20 19 21 18 17 19 16 15 17 18 17 19 20 19 21 24 23 25 22 21 23 20 19 21 18 17 19 28 27 29 26 25 27 24 23 25 22 21 23 30 29 31 28 27 29 26 25 27 24 23 25 22 21 23 20 19 21 32 31 33 30 29 31 28 27 29 26 25 27
[3.657850s] A=259 K=481 i=7.50508711e+08) 37 35 33 31 29 27 25 23 21 19 17 15 13 11 9 7 5 3 1 36 35 37 34 33 35 32 31 33 30 29 31 28 27 29 26 25 27 24 23 25 22 21 23 20 19 21 18 17 19 16 15 17 14 13 15 12 11 13 10 9 11 8 7 9 6 5 7 4 3 5 2 1 3 0 1 34 33 35 32 31 33 30 29 31 28 27 29 26 25 27 24 23 25 22 21 23 20 19 21 18 17 19 16 15 17 14 13 15 12 11 13 10 9 11 8 7 9 6 5 7 4 3 5 2 1 3 36 35 37 34 33 35 32 31 33 30 29 31 28 27 29 26 25 27 24 23 25 22 21 23 20 19 21 18 17 19 16 15 17 14 13 15 12 11 13 10 9 11 8 7 9 6 5 7 4 3 5 2 1 3 32 31 33 30 29 31 28 27 29 26 25 27 24 23 25 22 21 23 20 19 21 18 17 19 16 15 17 14 13 15 12 11 13 10 9 11 8 7 9 6 5 7 4 3 5 36 35 37 34 33 35 32 31 33 30 29 31 28 27 29 26 25 27 24 23 25 22 21 23 20 19 21 18 17 19 16 15 17 14 13 15 12 11 13 10 9 11 8 7 9 6 5 7 4 3 5 30 29 31 28 27 29 26 25 27 24 23 25 22 21 23 20 19 21 18 17 19 16 15 17 14 13 15 12 11 13 10 9 11 8 7 9 6 5 7 34 33 35 32 31 33 30 29 31 28 27 29 26 25 27 24 23 25 22 21 23 20 19 21 18 17 19 16 15 17 14 13 15 12 11 13 10 9 11 8 7 9 6 5 7 28 27 29 26 25 27 24 23 25 22 21 23 20 19 21 18 17 19 16 15 17 14 13 15 12 11 13 10 9 11 8 7 9 24 23 25 22 21 23 20 19 21 18 17 19 16 15 17 14 13 15 12 11 13 20 19 21 18 17 19 16 15 17 14 13 15 22 21 23 20 19 21 18 17 19 24 23 25 22 21 23 26 25 27 24 23 25 22 21 23 20 19 21 18 17 19 16 15 17 14 13 15 12 11 13 10 9 11 28 27 29 26 25 27 24 23 25 30 29 31 28 27 29 26 25 27 32 31 33 30 29 31 28 27 29 26 25 27 24 23 25 22 21 23 34 33 35 32 31 33 30 29 31 36 35 37 34 33 35 32 31 33 30 29 31 28 27 29 26 25 27 24 23 25 22 21 23 20 19 21 18 17 19 16 15 17 14 13 15 12 11 13 10 9 11 8 7 9 16 15 17 14 13 15 20 19 21 18 17 19 16 15 17 28 27 29 26 25 27 24 23 25 22 21 23 20 19 21 18 17 19 24 23 25 30 29 31 28 27 29 26 25 27 36 35 37 34 33 35 32 31 33 30 29 31 28 27 29 26 25 27 24 23 25 22 21 23 20 19 21 18 17 19 16 15 17 14 13 15 12 11 13 10 9 11 14 13 15 12 11 13 16 15 17 14 13 15 18 17 19 22 21 23 20 19 21 24 23 25 32 31 33 30 29 31 34 33 35 32 31 33 30 29 31 28 27 29 26 25 27 24 23 25 22 21 23 20 19 21 18 17 19 16 15 17 18 17 19 20 19 21 22 21 23 24 23 25 28 27 29 26 25 27 24 23 25 22 21 23 20 19 21 30 29 31 28 27 29 26 25 27
[3.659193s] A=259 K=481 i=7.50711137e+08) 37 35 33 31 29 27 25 23 21 19 17 15 13 11 9 7 5 3 1 36 35 37 34 33 35 32 31 33 30 29 31 28 27 29 26 25 27 24 23 25 22 21 23 20 19 21 18 17 19 16 15 17 14 13 15 12 11 13 10 9 11 8 7 9 6 5 7 4 3 5 2 1 3 0 1 34 33 35 32 31 33 30 29 31 28 27 29 26 25 27 24 23 25 22 21 23 20 19 21 18 17 19 16 15 17 14 13 15 12 11 13 10 9 11 8 7 9 6 5 7 4 3 5 2 1 3 36 35 37 34 33 35 32 31 33 30 29 31 28 27 29 26 25 27 24 23 25 22 21 23 20 19 21 18 17 19 16 15 17 14 13 15 12 11 13 10 9 11 8 7 9 6 5 7 4 3 5 2 1 3 32 31 33 30 29 31 28 27 29 26 25 27 24 23 25 22 21 23 20 19 21 18 17 19 16 15 17 14 13 15 12 11 13 10 9 11 8 7 9 6 5 7 4 3 5 36 35 37 34 33 35 32 31 33 30 29 31 28 27 29 26 25 27 24 23 25 22 21 23 20 19 21 18 17 19 16 15 17 14 13 15 12 11 13 10 9 11 8 7 9 6 5 7 4 3 5 30 29 31 28 27 29 26 25 27 24 23 25 22 21 23 20 19 21 18 17 19 16 15 17 14 13 15 12 11 13 10 9 11 8 7 9 6 5 7 34 33 35 32 31 33 30 29 31 28 27 29 26 25 27 24 23 25 22 21 23 20 19 21 18 17 19 16 15 17 14 13 15 12 11 13 10 9 11 8 7 9 6 5 7 28 27 29 26 25 27 24 23 25 22 21 23 20 19 21 18 17 19 16 15 17 14 13 15 12 11 13 10 9 11 8 7 9 24 23 25 22 21 23 20 19 21 18 17 19 16 15 17 14 13 15 12 11 13 20 19 21 18 17 19 16 15 17 14 13 15 22 21 23 20 19 21 18 17 19 24 23 25 22 21 23 26 25 27 24 23 25 22 21 23 20 19 21 18 17 19 16 15 17 28 27 29 26 25 27 24 23 25 30 29 31 28 27 29 26 25 27 32 31 33 30 29 31 28 27 29 26 25 27 24 23 25 22 21 23 34 33 35 32 31 33 30 29 31 36 35 37 34 33 35 32 31 33 30 29 31 28 27 29 26 25 27 24 23 25 22 21 23 20 19 21 18 17 19 16 15 17 14 13 15 12 11 13 10 9 11 8 7 9 14 13 15 12 11 13 10 9 11 16 15 17 14 13 15 20 19 21 18 17 19 16 15 17 28 27 29 26 25 27 24 23 25 22 21 23 20 19 21 18 17 19 36 35 37 34 33 35 32 31 33 30 29 31 28 27 29 26 25 27 24 23 25 22 21 23 20 19 21 18 17 19 16 15 17 14 13 15 12 11 13 10 9 11 14 13 15 12 11 13 16 15 17 14 13 15 18 17 19 30 29 31 32 31 33 34 33 35 32 31 33 30 29 31 28 27 29 26 25 27 24 23 25 22 21 23 20 19 21 18 17 19 16 15 17 24 23 25 22 21 23 20 19 21 18 17 19 20 19 21 28 27 29 26 25 27 24 23 25 22 21 23 30 29 31 28 27 29 26 25 27 24 23 25 22 21 23 20 19 21 32 31 33 30 29 31 28 27 29 26 25 27
[3.660799s] A=259 K=481 i=7.50962629e+08) 37 35 33 31 29 27 25 23 21 19 17 15 13 11 9 7 5 3 1 36 35 37 34 33 35 32 31 33 30 29 31 28 27 29 26 25 27 24 23 25 22 21 23 20 19 21 18 17 19 16 15 17 14 13 15 12 11 13 10 9 11 8 7 9 6 5 7 4 3 5 2 1 3 0 1 34 33 35 32 31 33 30 29 31 28 27 29 26 25 27 24 23 25 22 21 23 20 19 21 18 17 19 16 15 17 14 13 15 12 11 13 10 9 11 8 7 9 6 5 7 4 3 5 2 1 3 36 35 37 34 33 35 32 31 33 30 29 31 28 27 29 26 25 27 24 23 25 22 21 23 20 19 21 18 17 19 16 15 17 14 13 15 12 11 13 10 9 11 8 7 9 6 5 7 4 3 5 2 1 3 32 31 33 30 29 31 28 27 29 26 25 27 24 23 25 22 21 23 20 19 21 18 17 19 16 15 17 14 13 15 12 11 13 10 9 11 8 7 9 6 5 7 4 3 5 36 35 37 34 33 35 32 31 33 30 29 31 28 27 29 26 25 27 24 23 25 22 21 23 20 19 21 18 17 19 16 15 17 14 13 15 12 11 13 10 9 11 8 7 9 6 5 7 4 3 5 30 29 31 28 27 29 26 25 27 24 23 25 22 21 23 20 19 21 18 17 19 16 15 17 14 13 15 12 11 13 10 9 11 8 7 9 6 5 7 34 33 35 32 31 33 30 29 31 28 27 29 26 25 27 24 23 25 22 21 23 20 19 21 18 17 19 16 15 17 14 13 15 12 11 13 10 9 11 8 7 9 6 5 7 28 27 29 26 25 27 24 23 25 22 21 23 20 19 21 18 17 19 16 15 17 14 13 15 12 11 13 10 9 11 8 7 9 24 23 25 22 21 23 20 19 21 18 17 19 16 15 17 14 13 15 12 11 13 20 19 21 18 17 19 16 15 17 14 13 15 22 21 23 20 19 21 18 17 19 24 23 25 22 21 23 26 25 27 24 23 25 22 21 23 20 19 21 28 27 29 26 25 27 24 23 25 30 29 31 28 27 29 26 25 27 32 31 33 30 29 31 28 27 29 26 25 27 24 23 25 22 21 23 34 33 35 32 31 33 30 29 31 36 35 37 34 33 35 32 31 33 30 29 31 28 27 29 26 25 27 24 23 25 22 21 23 20 19 21 18 17 19 16 15 17 14 13 15 12 11 13 10 9 11 8 7 9 18 17 19 16 15 17 14 13 15 12 11 13 10 9 11 16 15 17 14 13 15 20 19 21 18 17 19 16 15 17 28 27 29 26 25 27 24 23 25 22 21 23 20 19 21 18 17 19 36 35 37 34 33 35 32 31 33 30 29 31 28 27 29 26 25 27 24 23 25 22 21 23 20 19 21 18 17 19 16 15 17 14 13 15 12 11 13 10 9 11 14 13 15 12 11 13 16 15 17 14 13 15 30 29 31 32 31 33 34 33 35 32 31 33 30 29 31 28 27 29 26 25 27 24 23 25 22 21 23 20 19 21 18 17 19 16 15 17 20 19 21 18 17 19 24 23 25 22 21 23 20 19 21 18 17 19 28 27 29 26 25 27 24 23 25 22 21 23 30 29 31 28 27 29 26 25 27 24 23 25 22 21 23 20 19 21 32 31 33 30 29 31 28 27 29 26 25 27
[3.660872s] A=259 K=481 i=7.50963449e+08) 37 35 33 31 29 27 25 23 21 19 17 15 13 11 9 7 5 3 1 36 35 37 34 33 35 32 31 33 30 29 31 28 27 29 26 25 27 24 23 25 22 21 23 20 19 21 18 17 19 16 15 17 14 13 15 12 11 13 10 9 11 8 7 9 6 5 7 4 3 5 2 1 3 0 1 34 33 35 32 31 33 30 29 31 28 27 29 26 25 27 24 23 25 22 21 23 20 19 21 18 17 19 16 15 17 14 13 15 12 11 13 10 9 11 8 7 9 6 5 7 4 3 5 2 1 3 36 35 37 34 33 35 32 31 33 30 29 31 28 27 29 26 25 27 24 23 25 22 21 23 20 19 21 18 17 19 16 15 17 14 13 15 12 11 13 10 9 11 8 7 9 6 5 7 4 3 5 2 1 3 32 31 33 30 29 31 28 27 29 26 25 27 24 23 25 22 21 23 20 19 21 18 17 19 16 15 17 14 13 15 12 11 13 10 9 11 8 7 9 6 5 7 4 3 5 36 35 37 34 33 35 32 31 33 30 29 31 28 27 29 26 25 27 24 23 25 22 21 23 20 19 21 18 17 19 16 15 17 14 13 15 12 11 13 10 9 11 8 7 9 6 5 7 4 3 5 30 29 31 28 27 29 26 25 27 24 23 25 22 21 23 20 19 21 18 17 19 16 15 17 14 13 15 12 11 13 10 9 11 8 7 9 6 5 7 34 33 35 32 31 33 30 29 31 28 27 29 26 25 27 24 23 25 22 21 23 20 19 21 18 17 19 16 15 17 14 13 15 12 11 13 10 9 11 8 7 9 6 5 7 28 27 29 26 25 27 24 23 25 22 21 23 20 19 21 18 17 19 16 15 17 14 13 15 12 11 13 10 9 11 8 7 9 24 23 25 22 21 23 20 19 21 18 17 19 16 15 17 14 13 15 12 11 13 20 19 21 18 17 19 16 15 17 14 13 15 22 21 23 20 19 21 18 17 19 24 23 25 22 21 23 26 25 27 24 23 25 22 21 23 20 19 21 28 27 29 26 25 27 24 23 25 30 29 31 28 27 29 26 25 27 32 31 33 30 29 31 28 27 29 26 25 27 24 23 25 22 21 23 34 33 35 32 31 33 30 29 31 36 35 37 34 33 35 32 31 33 30 29 31 28 27 29 26 25 27 24 23 25 22 21 23 20 19 21 18 17 19 16 15 17 14 13 15 12 11 13 10 9 11 8 7 9 18 17 19 16 15 17 14 13 15 12 11 13 10 9 11 16 15 17 14 13 15 20 19 21 18 17 19 16 15 17 28 27 29 26 25 27 24 23 25 22 21 23 20 19 21 18 17 19 20 19 21 24 23 25 22 21 23 30 29 31 28 27 29 26 25 27 36 35 37 34 33 35 32 31 33 30 29 31 28 27 29 26 25 27 24 23 25 22 21 23 20 19 21 18 17 19 16 15 17 14 13 15 12 11 13 10 9 11 14 13 15 12 11 13 16 15 17 14 13 15 18 17 19 20 19 21 32 31 33 30 29 31 34 33 35 32 31 33 30 29 31 28 27 29 26 25 27 24 23 25 22 21 23 20 19 21 18 17 19 16 15 17 18 17 19 20 19 21 24 23 25 22 21 23 28 27 29 26 25 27 24 23 25 22 21 23 20 19 21 30 29 31 28 27 29 26 25 27
[3.733470s] A=259 K=481 i=7.64295901e+08) 37 35 33 31 29 27 25 23 21 19 17 15 13 11 9 7 5 3 1 36 35 37 34 33 35 32 31 33 30 29 31 28 27 29 26 25 27 24 23 25 22 21 23 20 19 21 18 17 19 16 15 17 14 13 15 12 11 13 10 9 11 8 7 9 6 5 7 4 3 5 2 1 3 0 1 34 33 35 32 31 33 30 29 31 28 27 29 26 25 27 24 23 25 22 21 23 20 19 21 18 17 19 16 15 17 14 13 15 12 11 13 10 9 11 8 7 9 6 5 7 4 3 5 2 1 3 36 35 37 34 33 35 32 31 33 30 29 31 28 27 29 26 25 27 24 23 25 22 21 23 20 19 21 18 17 19 16 15 17 14 13 15 12 11 13 10 9 11 8 7 9 6 5 7 4 3 5 2 1 3 32 31 33 30 29 31 28 27 29 26 25 27 24 23 25 22 21 23 20 19 21 18 17 19 16 15 17 14 13 15 12 11 13 10 9 11 8 7 9 6 5 7 4 3 5 36 35 37 34 33 35 32 31 33 30 29 31 28 27 29 26 25 27 24 23 25 22 21 23 20 19 21 18 17 19 16 15 17 14 13 15 12 11 13 10 9 11 8 7 9 6 5 7 4 3 5 30 29 31 28 27 29 26 25 27 24 23 25 22 21 23 20 19 21 18 17 19 16 15 17 14 13 15 12 11 13 10 9 11 8 7 9 6 5 7 34 33 35 32 31 33 30 29 31 28 27 29 26 25 27 24 23 25 22 21 23 20 19 21 18 17 19 16 15 17 14 13 15 12 11 13 10 9 11 8 7 9 6 5 7 28 27 29 26 25 27 24 23 25 22 21 23 20 19 21 18 17 19 16 15 17 14 13 15 12 11 13 10 9 11 8 7 9 24 23 25 22 21 23 20 19 21 18 17 19 16 15 17 14 13 15 12 11 13 20 19 21 18 17 19 16 15 17 22 21 23 20 19 21 18 17 19 16 15 17 14 13 15 24 23 25 22 21 23 26 25 27 24 23 25 22 21 23 20 19 21 18 17 19 16 15 17 14 13 15 12 11 13 10 9 11 28 27 29 26 25 27 30 29 31 28 27 29 32 31 33 30 29 31 28 27 29 26 25 27 24 23 25 22 21 23 26 25 27 24 23 25 28 27 29 34 33 35 32 31 33 30 29 31 36 35 37 34 33 35 32 31 33 30 29 31 28 27 29 26 25 27 24 23 25 22 21 23 20 19 21 18 17 19 16 15 17 14 13 15 12 11 13 10 9 11 8 7 9 20 19 21 18 17 19 28 27 29 26 25 27 24 23 25 22 21 23 36 35 37 34 33 35 32 31 33 30 29 31 28 27 29 26 25 27 24 23 25 22 21 23 20 19 21 18 17 19 16 15 17 14 13 15 12 11 13 10 9 11 16 15 17 14 13 15 12 11 13 18 17 19 20 19 21 18 17 19 16 15 17 14 13 15 22 21 23 32 31 33 30 29 31 34 33 35 32 31 33 30 29 31 28 27 29 26 25 27 24 23 25 22 21 23 20 19 21 18 17 19 16 15 17 20 19 21 18 17 19 22 21 23 28 27 29 26 25 27 24 23 25 22 21 23 20 19 21 30 29 31 28 27 29 26 25 27 24 23 25 22 21 23 24 23 25 26 25 27 32 31 33 30 29 31 28 27 29
[3.749114s] A=259 K=481 i=7.66603214e+08) 37 35 33 31 29 27 25 23 21 19 17 15 13 11 9 7 5 3 1 36 35 37 34 33 35 32 31 33 30 29 31 28 27 29 26 25 27 24 23 25 22 21 23 20 19 21 18 17 19 16 15 17 14 13 15 12 11 13 10 9 11 8 7 9 6 5 7 4 3 5 2 1 3 0 1 34 33 35 32 31 33 30 29 31 28 27 29 26 25 27 24 23 25 22 21 23 20 19 21 18 17 19 16 15 17 14 13 15 12 11 13 10 9 11 8 7 9 6 5 7 4 3 5 2 1 3 36 35 37 34 33 35 32 31 33 30 29 31 28 27 29 26 25 27 24 23 25 22 21 23 20 19 21 18 17 19 16 15 17 14 13 15 12 11 13 10 9 11 8 7 9 6 5 7 4 3 5 2 1 3 32 31 33 30 29 31 28 27 29 26 25 27 24 23 25 22 21 23 20 19 21 18 17 19 16 15 17 14 13 15 12 11 13 10 9 11 8 7 9 6 5 7 4 3 5 36 35 37 34 33 35 32 31 33 30 29 31 28 27 29 26 25 27 24 23 25 22 21 23 20 19 21 18 17 19 16 15 17 14 13 15 12 11 13 10 9 11 8 7 9 6 5 7 4 3 5 30 29 31 28 27 29 26 25 27 24 23 25 22 21 23 20 19 21 18 17 19 16 15 17 14 13 15 12 11 13 10 9 11 8 7 9 6 5 7 34 33 35 32 31 33 30 29 31 28 27 29 26 25 27 24 23 25 22 21 23 20 19 21 18 17 19 16 15 17 14 13 15 12 11 13 10 9 11 8 7 9 6 5 7 28 27 29 26 25 27 24 23 25 22 21 23 20 19 21 18 17 19 16 15 17 14 13 15 12 11 13 10 9 11 8 7 9 24 23 25 22 21 23 20 19 21 18 17 19 16 15 17 14 13 15 12 11 13 20 19 21 18 17 19 16 15 17 22 21 23 20 19 21 18 17 19 24 23 25 22 21 23 26 25 27 24 23 25 22 21 23 20 19 21 28 27 29 26 25 27 24 23 25 30 29 31 28 27 29 26 25 27 32 31 33 30 29 31 28 27 29 26 25 27 24 23 25 22 21 23 34 33 35 32 31 33 30 29 31 36 35 37 34 33 35 32 31 33 30 29 31 28 27 29 26 25 27 24 23 25 22 21 23 20 19 21 18 17 19 16 15 17 14 13 15 12 11 13 10 9 11 8 7 9 16 15 17 14 13 15 18 17 19 16 15 17 14 13 15 12 11 13 10 9 11 20 19 21 18 17 19 28 27 29 26 25 27 24 23 25 22 21 23 20 19 21 36 35 37 34 33 35 32 31 33 30 29 31 28 27 29 26 25 27 24 23 25 22 21 23 20 19 21 18 17 19 16 15 17 14 13 15 12 11 13 10 9 11 16 15 17 14 13 15 12 11 13 18 17 19 16 15 17 14 13 15 20 19 21 18 17 19 30 29 31 32 31 33 34 33 35 32 31 33 30 29 31 28 27 29 26 25 27 24 23 25 22 21 23 20 19 21 18 17 19 16 15 17 24 23 25 22 21 23 20 19 21 18 17 19 20 19 21 28 27 29 26 25 27 24 23 25 22 21 23 30 29 31 28 27 29 26 25 27 24 23 25 22 21 23 20 19 21 32 31 33 30 29 31 28 27 29 26 25 27
[3.796718s] A=259 K=481 i=7.78365376e+08) 37 35 33 31 29 27 25 23 21 19 17 15 13 11 9 7 5 3 1 36 35 37 34 33 35 32 31 33 30 29 31 28 27 29 26 25 27 24 23 25 22 21 23 20 19 21 18 17 19 16 15 17 14 13 15 12 11 13 10 9 11 8 7 9 6 5 7 4 3 5 2 1 3 0 1 34 33 35 32 31 33 30 29 31 28 27 29 26 25 27 24 23 25 22 21 23 20 19 21 18 17 19 16 15 17 14 13 15 12 11 13 10 9 11 8 7 9 6 5 7 4 3 5 2 1 3 36 35 37 34 33 35 32 31 33 30 29 31 28 27 29 26 25 27 24 23 25 22 21 23 20 19 21 18 17 19 16 15 17 14 13 15 12 11 13 10 9 11 8 7 9 6 5 7 4 3 5 2 1 3 32 31 33 30 29 31 28 27 29 26 25 27 24 23 25 22 21 23 20 19 21 18 17 19 16 15 17 14 13 15 12 11 13 10 9 11 8 7 9 6 5 7 4 3 5 36 35 37 34 33 35 32 31 33 30 29 31 28 27 29 26 25 27 24 23 25 22 21 23 20 19 21 18 17 19 16 15 17 14 13 15 12 11 13 10 9 11 8 7 9 6 5 7 4 3 5 30 29 31 28 27 29 26 25 27 24 23 25 22 21 23 20 19 21 18 17 19 16 15 17 14 13 15 12 11 13 10 9 11 8 7 9 6 5 7 34 33 35 32 31 33 30 29 31 28 27 29 26 25 27 24 23 25 22 21 23 20 19 21 18 17 19 16 15 17 14 13 15 12 11 13 10 9 11 8 7 9 6 5 7 28 27 29 26 25 27 24 23 25 22 21 23 20 19 21 18 17 19 16 15 17 14 13 15 12 11 13 10 9 11 8 7 9 24 23 25 22 21 23 20 19 21 18 17 19 16 15 17 14 13 15 12 11 13 20 19 21 18 17 19 16 15 17 22 21 23 26 25 27 24 23 25 22 21 23 20 19 21 18 17 19 16 15 17 14 13 15 12 11 13 10 9 11 26 25 27 24 23 25 28 27 29 30 29 31 32 31 33 30 29 31 28 27 29 26 25 27 24 23 25 22 21 23 20 19 21 18 17 19 16 15 17 14 13 15 34 33 35 36 35 37 34 33 35 32 31 33 30 29 31 28 27 29 26 25 27 24 23 25 22 21 23 20 19 21 18 17 19 16 15 17 14 13 15 12 11 13 10 9 11 8 7 9 20 19 21 18 17 19 26 25 27 28 27 29 30 29 31 32 31 33 30 29 31 28 27 29 26 25 27 24 23 25 22 21 23 26 25 27 24 23 25 28 27 29 34 33 35 32 31 33 30 29 31 36 35 37 34 33 35 32 31 33 30 29 31 28 27 29 26 25 27 24 23 25 22 21 23 20 19 21 18 17 19 16 15 17 14 13 15 12 11 13 10 9 11 12 11 13 16 15 17 14 13 15 18 17 19 20 19 21 18 17 19 16 15 17 14 13 15 22 21 23 28 27 29 26 25 27 24 23 25 22 21 23 20 19 21 18 17 19 16 15 17 20 19 21 18 17 19 22 21 23 26 25 27 24 23 25 34 33 35 32 31 33 30 29 31 28 27 29 26 25 27 24 23 25 22 21 23 20 19 21 22 21 23 24 23 25 32 31 33 30 29 31 28 27 29 26 25 27
[3.800867s] A=259 K=481 i=7.79622046e+08) 37 35 33 31 29 27 25 23 21 19 17 15 13 11 9 7 5 3 1 36 35 37 34 33 35 32 31 33 30 29 31 28 27 29 26 25 27 24 23 25 22 21 23 20 19 21 18 17 19 16 15 17 14 13 15 12 11 13 10 9 11 8 7 9 6 5 7 4 3 5 2 1 3 0 1 34 33 35 32 31 33 30 29 31 28 27 29 26 25 27 24 23 25 22 21 23 20 19 21 18 17 19 16 15 17 14 13 15 12 11 13 10 9 11 8 7 9 6 5 7 4 3 5 2 1 3 36 35 37 34 33 35 32 31 33 30 29 31 28 27 29 26 25 27 24 23 25 22 21 23 20 19 21 18 17 19 16 15 17 14 13 15 12 11 13 10 9 11 8 7 9 6 5 7 4 3 5 2 1 3 32 31 33 30 29 31 28 27 29 26 25 27 24 23 25 22 21 23 20 19 21 18 17 19 16 15 17 14 13 15 12 11 13 10 9 11 8 7 9 6 5 7 4 3 5 36 35 37 34 33 35 32 31 33 30 29 31 28 27 29 26 25 27 24 23 25 22 21 23 20 19 21 18 17 19 16 15 17 14 13 15 12 11 13 10 9 11 8 7 9 6 5 7 4 3 5 30 29 31 28 27 29 26 25 27 24 23 25 22 21 23 20 19 21 18 17 19 16 15 17 14 13 15 12 11 13 10 9 11 8 7 9 6 5 7 34 33 35 32 31 33 30 29 31 28 27 29 26 25 27 24 23 25 22 21 23 20 19 21 18 17 19 16 15 17 14 13 15 12 11 13 10 9 11 8 7 9 6 5 7 28 27 29 26 25 27 24 23 25 22 21 23 20 19 21 18 17 19 16 15 17 14 13 15 12 11 13 10 9 11 8 7 9 24 23 25 22 21 23 20 19 21 18 17 19 16 15 17 14 13 15 12 11 13 20 19 21 18 17 19 16 15 17 22 21 23 26 25 27 24 23 25 22 21 23 20 19 21 18 17 19 16 15 17 14 13 15 12 11 13 10 9 11 26 25 27 28 27 29 30 29 31 32 31 33 30 29 31 28 27 29 26 25 27 24 23 25 22 21 23 20 19 21 18 17 19 16 15 17 14 13 15 26 25 27 24 23 25 34 33 35 36 35 37 34 33 35 32 31 33 30 29 31 28 27 29 26 25 27 24 23 25 22 21 23 20 19 21 18 17 19 16 15 17 14 13 15 12 11 13 10 9 11 8 7 9 20 19 21 18 17 19 28 27 29 30 29 31 32 31 33 30 29 31 28 27 29 26 25 27 24 23 25 22 21 23 26 25 27 24 23 25 28 27 29 34 33 35 32 31 33 30 29 31 28 27 29 26 25 27 36 35 37 34 33 35 32 31 33 30 29 31 28 27 29 26 25 27 24 23 25 22 21 23 20 19 21 18 17 19 16 15 17 14 13 15 12 11 13 10 9 11 12 11 13 16 15 17 14 13 15 18 17 19 20 19 21 18 17 19 16 15 17 14 13 15 22 21 23 24 23 25 22 21 23 20 19 21 18 17 19 16 15 17 20 19 21 18 17 19 22 21 23 26 25 27 24 23 25 34 33 35 32 31 33 30 29 31 28 27 29 26 25 27 24 23 25 22 21 23 20 19 21 22 21 23 24 23 25 32 31 33 30 29 31 28 27 29 26 25 27
[3.929426s] A=259 K=481 i=8.12937921e+08) 37 35 33 31 29 27 25 23 21 19 17 15 13 11 9 7 5 3 1 36 35 37 34 33 35 32 31 33 30 29 31 28 27 29 26 25 27 24 23 25 22 21 23 20 19 21 18 17 19 16 15 17 14 13 15 12 11 13 10 9 11 8 7 9 6 5 7 4 3 5 2 1 3 0 1 34 33 35 32 31 33 30 29 31 28 27 29 26 25 27 24 23 25 22 21 23 20 19 21 18 17 19 16 15 17 14 13 15 12 11 13 10 9 11 8 7 9 6 5 7 4 3 5 2 1 3 36 35 37 34 33 35 32 31 33 30 29 31 28 27 29 26 25 27 24 23 25 22 21 23 20 19 21 18 17 19 16 15 17 14 13 15 12 11 13 10 9 11 8 7 9 6 5 7 4 3 5 2 1 3 32 31 33 30 29 31 28 27 29 26 25 27 24 23 25 22 21 23 20 19 21 18 17 19 16 15 17 14 13 15 12 11 13 10 9 11 8 7 9 6 5 7 4 3 5 36 35 37 34 33 35 32 31 33 30 29 31 28 27 29 26 25 27 24 23 25 22 21 23 20 19 21 18 17 19 16 15 17 14 13 15 12 11 13 10 9 11 8 7 9 6 5 7 4 3 5 30 29 31 28 27 29 26 25 27 24 23 25 22 21 23 20 19 21 18 17 19 16 15 17 14 13 15 12 11 13 10 9 11 8 7 9 6 5 7 34 33 35 32 31 33 30 29 31 28 27 29 26 25 27 24 23 25 22 21 23 20 19 21 18 17 19 16 15 17 14 13 15 12 11 13 10 9 11 8 7 9 6 5 7 28 27 29 26 25 27 24 23 25 22 21 23 20 19 21 18 17 19 16 15 17 14 13 15 12 11 13 10 9 11 8 7 9 24 23 25 22 21 23 20 19 21 18 17 19 16 15 17 14 13 15 12 11 13 20 19 21 18 17 19 16 15 17 22 21 23 24 23 25 26 25 27 24 23 25 22 21 23 20 19 21 18 17 19 16 15 17 14 13 15 12 11 13 10 9 11 30 29 31 28 27 29 26 25 27 32 31 33 30 29 31 28 27 29 26 25 27 24 23 25 22 21 23 20 19 21 18 17 19 16 15 17 14 13 15 24 23 25 26 25 27 28 27 29 26 25 27 34 33 35 32 31 33 30 29 31 28 27 29 34 33 35 32 31 33 30 29 31 36 35 37 34 33 35 32 31 33 30 29 31 28 27 29 26 25 27 24 23 25 22 21 23 20 19 21 18 17 19 16 15 17 14 13 15 12 11 13 10 9 11 8 7 9 20 19 21 18 17 19 26 25 27 24 23 25 22 21 23 36 35 37 34 33 35 32 31 33 30 29 31 28 27 29 26 25 27 24 23 25 22 21 23 20 19 21 18 17 19 16 15 17 14 13 15 12 11 13 10 9 11 12 11 13 16 15 17 14 13 15 18 17 19 20 19 21 18 17 19 16 15 17 14 13 15 22 21 23 28 27 29 26 25 27 24 23 25 22 21 23 20 19 21 18 17 19 16 15 17 20 19 21 18 17 19 22 21 23 30 29 31 28 27 29 26 25 27 24 23 25 32 31 33 30 29 31 28 27 29 26 25 27 24 23 25 22 21 23 20 19 21 22 21 23 24 23 25 34 33 35 32 31 33 30 29 31 28 27 29 26 25 27
[3.976097s] A=259 K=481 i=8.22940677e+08) 37 35 33 31 29 27 25 23 21 19 17 15 13 11 9 7 5 3 1 36 35 37 34 33 35 32 31 33 30 29 31 28 27 29 26 25 27 24 23 25 22 21 23 20 19 21 18 17 19 16 15 17 14 13 15 12 11 13 10 9 11 8 7 9 6 5 7 4 3 5 2 1 3 0 1 34 33 35 32 31 33 30 29 31 28 27 29 26 25 27 24 23 25 22 21 23 20 19 21 18 17 19 16 15 17 14 13 15 12 11 13 10 9 11 8 7 9 6 5 7 4 3 5 2 1 3 36 35 37 34 33 35 32 31 33 30 29 31 28 27 29 26 25 27 24 23 25 22 21 23 20 19 21 18 17 19 16 15 17 14 13 15 12 11 13 10 9 11 8 7 9 6 5 7 4 3 5 2 1 3 32 31 33 30 29 31 28 27 29 26 25 27 24 23 25 22 21 23 20 19 21 18 17 19 16 15 17 14 13 15 12 11 13 10 9 11 8 7 9 6 5 7 4 3 5 36 35 37 34 33 35 32 31 33 30 29 31 28 27 29 26 25 27 24 23 25 22 21 23 20 19 21 18 17 19 16 15 17 14 13 15 12 11 13 10 9 11 8 7 9 6 5 7 4 3 5 30 29 31 28 27 29 26 25 27 24 23 25 22 21 23 20 19 21 18 17 19 16 15 17 14 13 15 12 11 13 10 9 11 8 7 9 6 5 7 34 33 35 32 31 33 30 29 31 28 27 29 26 25 27 24 23 25 22 21 23 20 19 21 18 17 19 16 15 17 14 13 15 12 11 13 10 9 11 8 7 9 6 5 7 28 27 29 26 25 27 24 23 25 22 21 23 20 19 21 18 17 19 16 15 17 14 13 15 12 11 13 10 9 11 8 7 9 24 23 25 22 21 23 20 19 21 18 17 19 16 15 17 14 13 15 12 11 13 20 19 21 18 17 19 16 15 17 22 21 23 24 23 25 26 25 27 24 23 25 22 21 23 20 19 21 18 17 19 28 27 29 26 25 27 24 23 25 26 25 27 32 31 33 30 29 31 28 27 29 36 35 37 34 33 35 32 31 33 30 29 31 28 27 29 26 25 27 24 23 25 22 21 23 20 19 21 18 17 19 16 15 17 14 13 15 12 11 13 10 9 11 8 7 9 16 15 17 14 13 15 12 11 13 10 9 11 18 17 19 34 33 35 32 31 33 30 29 31 36 35 37 34 33 35 32 31 33 30 29 31 28 27 29 26 25 27 24 23 25 22 21 23 20 19 21 18 17 19 16 15 17 14 13 15 12 11 13 10 9 11 26 25 27 24 23 25 22 21 23 20 19 21 18 17 19 16 15 17 14 13 15 12 11 13 20 19 21 18 17 19 16 15 17 14 13 15 28 27 29 26 25 27 24 23 25 22 21 23 20 19 21 18 17 19 16 15 17 14 13 15 30 29 31 28 27 29 26 25 27 32 31 33 30 29 31 28 27 29 34 33 35 32 31 33 30 29 31 36 35 37 34 33 35 32 31 33 30 29 31 28 27 29 26 25 27 24 23 25 22 21 23 20 19 21 18 17 19 16 15 17 24 23 25 22 21 23 20 19 21 18 17 19 26 25 27 24 23 25 22 21 23 20 19 21 28 27 29 26 25 27 24 23 25 22 21 23 30 29 31 28 27 29 26 25 27
[4.204839s] A=259 K=481 i=8.76920555e+08) 37 35 33 31 29 27 25 23 21 19 17 15 13 11 9 7 5 3 1 36 35 37 34 33 35 32 31 33 30 29 31 28 27 29 26 25 27 24 23 25 22 21 23 20 19 21 18 17 19 16 15 17 14 13 15 12 11 13 10 9 11 8 7 9 6 5 7 4 3 5 2 1 3 0 1 34 33 35 32 31 33 30 29 31 28 27 29 26 25 27 24 23 25 22 21 23 20 19 21 18 17 19 16 15 17 14 13 15 12 11 13 10 9 11 8 7 9 6 5 7 4 3 5 2 1 3 36 35 37 34 33 35 32 31 33 30 29 31 28 27 29 26 25 27 24 23 25 22 21 23 20 19 21 18 17 19 16 15 17 14 13 15 12 11 13 10 9 11 8 7 9 6 5 7 4 3 5 2 1 3 32 31 33 30 29 31 28 27 29 26 25 27 24 23 25 22 21 23 20 19 21 18 17 19 16 15 17 14 13 15 12 11 13 10 9 11 8 7 9 6 5 7 4 3 5 36 35 37 34 33 35 32 31 33 30 29 31 28 27 29 26 25 27 24 23 25 22 21 23 20 19 21 18 17 19 16 15 17 14 13 15 12 11 13 10 9 11 8 7 9 6 5 7 4 3 5 30 29 31 28 27 29 26 25 27 24 23 25 22 21 23 20 19 21 18 17 19 16 15 17 14 13 15 12 11 13 10 9 11 8 7 9 6 5 7 34 33 35 32 31 33 30 29 31 28 27 29 26 25 27 24 23 25 22 21 23 20 19 21 18 17 19 16 15 17 14 13 15 12 11 13 10 9 11 8 7 9 6 5 7 28 27 29 26 25 27 24 23 25 22 21 23 20 19 21 18 17 19 16 15 17 14 13 15 12 11 13 10 9 11 8 7 9 24 23 25 22 21 23 20 19 21 18 17 19 16 15 17 14 13 15 12 11 13 20 19 21 22 21 23 26 25 27 24 23 25 22 21 23 20 19 21 18 17 19 16 15 17 14 13 15 12 11 13 10 9 11 20 19 21 18 17 19 16 15 17 28 27 29 26 25 27 24 23 25 28 27 29 26 25 27 32 31 33 30 29 31 28 27 29 34 33 35 32 31 33 30 29 31 36 35 37 34 33 35 32 31 33 30 29 31 28 27 29 26 25 27 24 23 25 22 21 23 20 19 21 18 17 19 16 15 17 14 13 15 12 11 13 10 9 11 8 7 9 14 13 15 26 25 27 24 23 25 22 21 23 20 19 21 18 17 19 16 15 17 18 17 19 28 27 29 26 25 27 24 23 25 22 21 23 20 19 21 28 27 29 30 29 31 36 35 37 34 33 35 32 31 33 30 29 31 28 27 29 26 25 27 24 23 25 22 21 23 20 19 21 18 17 19 16 15 17 14 13 15 12 11 13 10 9 11 14 13 15 12 11 13 18 17 19 16 15 17 14 13 15 16 15 17 18 17 19 20 19 21 18 17 19 28 27 29 26 25 27 24 23 25 22 21 23 20 19 21 34 33 35 32 31 33 30 29 31 28 27 29 26 25 27 24 23 25 22 21 23 20 19 21 18 17 19 16 15 17 18 17 19 32 31 33 30 29 31 28 27 29 26 25 27 24 23 25 22 21 23 20 19 21 36 35 37 34 33 35 32 31 33 30 29 31 28 27 29 26 25 27 24 23 25 22 21 23
[4.205377s] A=259 K=481 i=8.77078199e+08) 37 35 33 31 29 27 25 23 21 19 17 15 13 11 9 7 5 3 1 36 35 37 34 33 35 32 31 33 30 29 31 28 27 29 26 25 27 24 23 25 22 21 23 20 19 21 18 17 19 16 15 17 14 13 15 12 11 13 10 9 11 8 7 9 6 5 7 4 3 5 2 1 3 0 1 34 33 35 32 31 33 30 29 31 28 27 29 26 25 27 24 23 25 22 21 23 20 19 21 18 17 19 16 15 17 14 13 15 12 11 13 10 9 11 8 7 9 6 5 7 4 3 5 2 1 3 36 35 37 34 33 35 32 31 33 30 29 31 28 27 29 26 25 27 24 23 25 22 21 23 20 19 21 18 17 19 16 15 17 14 13 15 12 11 13 10 9 11 8 7 9 6 5 7 4 3 5 2 1 3 32 31 33 30 29 31 28 27 29 26 25 27 24 23 25 22 21 23 20 19 21 18 17 19 16 15 17 14 13 15 12 11 13 10 9 11 8 7 9 6 5 7 4 3 5 36 35 37 34 33 35 32 31 33 30 29 31 28 27 29 26 25 27 24 23 25 22 21 23 20 19 21 18 17 19 16 15 17 14 13 15 12 11 13 10 9 11 8 7 9 6 5 7 4 3 5 30 29 31 28 27 29 26 25 27 24 23 25 22 21 23 20 19 21 18 17 19 16 15 17 14 13 15 12 11 13 10 9 11 8 7 9 6 5 7 34 33 35 32 31 33 30 29 31 28 27 29 26 25 27 24 23 25 22 21 23 20 19 21 18 17 19 16 15 17 14 13 15 12 11 13 10 9 11 8 7 9 6 5 7 28 27 29 26 25 27 24 23 25 22 21 23 20 19 21 18 17 19 16 15 17 14 13 15 12 11 13 10 9 11 8 7 9 24 23 25 22 21 23 20 19 21 18 17 19 16 15 17 14 13 15 12 11 13 20 19 21 22 21 23 26 25 27 24 23 25 22 21 23 20 19 21 18 17 19 16 15 17 14 13 15 12 11 13 10 9 11 20 19 21 18 17 19 16 15 17 28 27 29 26 25 27 24 23 25 28 27 29 32 31 33 30 29 31 36 35 37 34 33 35 32 31 33 30 29 31 28 27 29 26 25 27 24 23 25 22 21 23 20 19 21 18 17 19 16 15 17 14 13 15 12 11 13 10 9 11 8 7 9 14 13 15 28 27 29 26 25 27 24 23 25 22 21 23 20 19 21 18 17 19 16 15 17 18 17 19 26 25 27 28 27 29 30 29 31 34 33 35 32 31 33 30 29 31 28 27 29 26 25 27 24 23 25 22 21 23 20 19 21 36 35 37 34 33 35 32 31 33 30 29 31 28 27 29 26 25 27 24 23 25 22 21 23 20 19 21 18 17 19 16 15 17 14 13 15 12 11 13 10 9 11 14 13 15 12 11 13 18 17 19 16 15 17 14 13 15 16 15 17 18 17 19 20 19 21 18 17 19 28 27 29 26 25 27 24 23 25 22 21 23 20 19 21 36 35 37 34 33 35 32 31 33 30 29 31 28 27 29 26 25 27 24 23 25 22 21 23 20 19 21 18 17 19 16 15 17 18 17 19 32 31 33 30 29 31 28 27 29 26 25 27 24 23 25 22 21 23 20 19 21 34 33 35 32 31 33 30 29 31 28 27 29 26 25 27 24 23 25 22 21 23
[4.212261s] A=259 K=481 i=8.78171877e+08) 37 35 33 31 29 27 25 23 21 19 17 15 13 11 9 7 5 3 1 36 35 37 34 33 35 32 31 33 30 29 31 28 27 29 26 25 27 24 23 25 22 21 23 20 19 21 18 17 19 16 15 17 14 13 15 12 11 13 10 9 11 8 7 9 6 5 7 4 3 5 2 1 3 0 1 34 33 35 32 31 33 30 29 31 28 27 29 26 25 27 24 23 25 22 21 23 20 19 21 18 17 19 16 15 17 14 13 15 12 11 13 10 9 11 8 7 9 6 5 7 4 3 5 2 1 3 36 35 37 34 33 35 32 31 33 30 29 31 28 27 29 26 25 27 24 23 25 22 21 23 20 19 21 18 17 19 16 15 17 14 13 15 12 11 13 10 9 11 8 7 9 6 5 7 4 3 5 2 1 3 32 31 33 30 29 31 28 27 29 26 25 27 24 23 25 22 21 23 20 19 21 18 17 19 16 15 17 14 13 15 12 11 13 10 9 11 8 7 9 6 5 7 4 3 5 36 35 37 34 33 35 32 31 33 30 29 31 28 27 29 26 25 27 24 23 25 22 21 23 20 19 21 18 17 19 16 15 17 14 13 15 12 11 13 10 9 11 8 7 9 6 5 7 4 3 5 30 29 31 28 27 29 26 25 27 24 23 25 22 21 23 20 19 21 18 17 19 16 15 17 14 13 15 12 11 13 10 9 11 8 7 9 6 5 7 34 33 35 32 31 33 30 29 31 28 27 29 26 25 27 24 23 25 22 21 23 20 19 21 18 17 19 16 15 17 14 13 15 12 11 13 10 9 11 8 7 9 6 5 7 28 27 29 26 25 27 24 23 25 22 21 23 20 19 21 18 17 19 16 15 17 14 13 15 12 11 13 10 9 11 8 7 9 24 23 25 22 21 23 20 19 21 18 17 19 16 15 17 14 13 15 12 11 13 20 19 21 22 21 23 26 25 27 24 23 25 22 21 23 20 19 21 18 17 19 16 15 17 14 13 15 12 11 13 10 9 11 20 19 21 18 17 19 16 15 17 26 25 27 24 23 25 28 27 29 36 35 37 34 33 35 32 31 33 30 29 31 28 27 29 26 25 27 24 23 25 22 21 23 20 19 21 18 17 19 16 15 17 14 13 15 12 11 13 10 9 11 8 7 9 32 31 33 30 29 31 28 27 29 26 25 27 24 23 25 22 21 23 20 19 21 18 17 19 26 25 27 24 23 25 28 27 29 30 29 31 34 33 35 32 31 33 30 29 31 28 27 29 26 25 27 36 35 37 34 33 35 32 31 33 30 29 31 28 27 29 26 25 27 24 23 25 22 21 23 20 19 21 18 17 19 16 15 17 14 13 15 12 11 13 10 9 11 16 15 17 14 13 15 12 11 13 14 13 15 18 17 19 16 15 17 20 19 21 18 17 19 24 23 25 22 21 23 20 19 21 18 17 19 16 15 17 14 13 15 36 35 37 34 33 35 32 31 33 30 29 31 28 27 29 26 25 27 24 23 25 22 21 23 20 19 21 18 17 19 16 15 17 28 27 29 26 25 27 24 23 25 22 21 23 20 19 21 18 17 19 32 31 33 30 29 31 28 27 29 26 25 27 34 33 35 32 31 33 30 29 31 28 27 29 26 25 27 24 23 25 22 21 23 20 19 21 24 23 25 22 21 23 26 25 27
[4.212417s] A=259 K=481 i=8.78180714e+08) 37 35 33 31 29 27 25 23 21 19 17 15 13 11 9 7 5 3 1 36 35 37 34 33 35 32 31 33 30 29 31 28 27 29 26 25 27 24 23 25 22 21 23 20 19 21 18 17 19 16 15 17 14 13 15 12 11 13 10 9 11 8 7 9 6 5 7 4 3 5 2 1 3 0 1 34 33 35 32 31 33 30 29 31 28 27 29 26 25 27 24 23 25 22 21 23 20 19 21 18 17 19 16 15 17 14 13 15 12 11 13 10 9 11 8 7 9 6 5 7 4 3 5 2 1 3 36 35 37 34 33 35 32 31 33 30 29 31 28 27 29 26 25 27 24 23 25 22 21 23 20 19 21 18 17 19 16 15 17 14 13 15 12 11 13 10 9 11 8 7 9 6 5 7 4 3 5 2 1 3 32 31 33 30 29 31 28 27 29 26 25 27 24 23 25 22 21 23 20 19 21 18 17 19 16 15 17 14 13 15 12 11 13 10 9 11 8 7 9 6 5 7 4 3 5 36 35 37 34 33 35 32 31 33 30 29 31 28 27 29 26 25 27 24 23 25 22 21 23 20 19 21 18 17 19 16 15 17 14 13 15 12 11 13 10 9 11 8 7 9 6 5 7 4 3 5 30 29 31 28 27 29 26 25 27 24 23 25 22 21 23 20 19 21 18 17 19 16 15 17 14 13 15 12 11 13 10 9 11 8 7 9 6 5 7 34 33 35 32 31 33 30 29 31 28 27 29 26 25 27 24 23 25 22 21 23 20 19 21 18 17 19 16 15 17 14 13 15 12 11 13 10 9 11 8 7 9 6 5 7 28 27 29 26 25 27 24 23 25 22 21 23 20 19 21 18 17 19 16 15 17 14 13 15 12 11 13 10 9 11 8 7 9 24 23 25 22 21 23 20 19 21 18 17 19 16 15 17 14 13 15 12 11 13 20 19 21 22 21 23 26 25 27 24 23 25 22 21 23 20 19 21 18 17 19 16 15 17 14 13 15 12 11 13 10 9 11 20 19 21 18 17 19 16 15 17 26 25 27 24 23 25 28 27 29 36 35 37 34 33 35 32 31 33 30 29 31 28 27 29 26 25 27 24 23 25 22 21 23 20 19 21 18 17 19 16 15 17 14 13 15 12 11 13 10 9 11 8 7 9 14 13 15 32 31 33 30 29 31 28 27 29 26 25 27 24 23 25 22 21 23 20 19 21 18 17 19 16 15 17 18 17 19 26 25 27 28 27 29 30 29 31 34 33 35 32 31 33 30 29 31 28 27 29 26 25 27 24 23 25 22 21 23 20 19 21 36 35 37 34 33 35 32 31 33 30 29 31 28 27 29 26 25 27 24 23 25 22 21 23 20 19 21 18 17 19 16 15 17 14 13 15 12 11 13 10 9 11 14 13 15 12 11 13 18 17 19 16 15 17 14 13 15 16 15 17 20 19 21 18 17 19 28 27 29 26 25 27 24 23 25 36 35 37 34 33 35 32 31 33 30 29 31 28 27 29 26 25 27 24 23 25 22 21 23 20 19 21 18 17 19 16 15 17 22 21 23 20 19 21 18 17 19 24 23 25 32 31 33 30 29 31 28 27 29 26 25 27 34 33 35 32 31 33 30 29 31 28 27 29 26 25 27 24 23 25 22 21 23 20 19 21 24 23 25 22 21 23 26 25 27
[4.215353s] A=259 K=481 i=8.78641562e+08) 37 35 33 31 29 27 25 23 21 19 17 15 13 11 9 7 5 3 1 36 35 37 34 33 35 32 31 33 30 29 31 28 27 29 26 25 27 24 23 25 22 21 23 20 19 21 18 17 19 16 15 17 14 13 15 12 11 13 10 9 11 8 7 9 6 5 7 4 3 5 2 1 3 0 1 34 33 35 32 31 33 30 29 31 28 27 29 26 25 27 24 23 25 22 21 23 20 19 21 18 17 19 16 15 17 14 13 15 12 11 13 10 9 11 8 7 9 6 5 7 4 3 5 2 1 3 36 35 37 34 33 35 32 31 33 30 29 31 28 27 29 26 25 27 24 23 25 22 21 23 20 19 21 18 17 19 16 15 17 14 13 15 12 11 13 10 9 11 8 7 9 6 5 7 4 3 5 2 1 3 32 31 33 30 29 31 28 27 29 26 25 27 24 23 25 22 21 23 20 19 21 18 17 19 16 15 17 14 13 15 12 11 13 10 9 11 8 7 9 6 5 7 4 3 5 36 35 37 34 33 35 32 31 33 30 29 31 28 27 29 26 25 27 24 23 25 22 21 23 20 19 21 18 17 19 16 15 17 14 13 15 12 11 13 10 9 11 8 7 9 6 5 7 4 3 5 30 29 31 28 27 29 26 25 27 24 23 25 22 21 23 20 19 21 18 17 19 16 15 17 14 13 15 12 11 13 10 9 11 8 7 9 6 5 7 34 33 35 32 31 33 30 29 31 28 27 29 26 25 27 24 23 25 22 21 23 20 19 21 18 17 19 16 15 17 14 13 15 12 11 13 10 9 11 8 7 9 6 5 7 28 27 29 26 25 27 24 23 25 22 21 23 20 19 21 18 17 19 16 15 17 14 13 15 12 11 13 10 9 11 8 7 9 24 23 25 22 21 23 20 19 21 18 17 19 16 15 17 14 13 15 12 11 13 20 19 21 22 21 23 26 25 27 24 23 25 22 21 23 20 19 21 18 17 19 16 15 17 14 13 15 12 11 13 10 9 11 20 19 21 18 17 19 16 15 17 26 25 27 28 27 29 36 35 37 34 33 35 32 31 33 30 29 31 28 27 29 26 25 27 24 23 25 22 21 23 20 19 21 18 17 19 16 15 17 14 13 15 12 11 13 10 9 11 8 7 9 14 13 15 26 25 27 24 23 25 32 31 33 30 29 31 28 27 29 26 25 27 24 23 25 22 21 23 20 19 21 18 17 19 16 15 17 18 17 19 28 27 29 30 29 31 34 33 35 32 31 33 30 29 31 28 27 29 26 25 27 24 23 25 22 21 23 20 19 21 26 25 27 28 27 29 36 35 37 34 33 35 32 31 33 30 29 31 28 27 29 26 25 27 24 23 25 22 21 23 20 19 21 18 17 19 16 15 17 14 13 15 12 11 13 10 9 11 14 13 15 12 11 13 18 17 19 16 15 17 14 13 15 16 15 17 18 17 19 20 19 21 18 17 19 26 25 27 24 23 25 22 21 23 20 19 21 36 35 37 34 33 35 32 31 33 30 29 31 28 27 29 26 25 27 24 23 25 22 21 23 20 19 21 18 17 19 16 15 17 18 17 19 34 33 35 32 31 33 30 29 31 28 27 29 26 25 27 24 23 25 22 21 23 20 19 21 32 31 33 30 29 31 28 27 29 26 25 27 24 23 25 22 21 23
[4.216012s] A=259 K=481 i=8.78732145e+08) 37 35 33 31 29 27 25 23 21 19 17 15 13 11 9 7 5 3 1 36 35 37 34 33 35 32 31 33 30 29 31 28 27 29 26 25 27 24 23 25 22 21 23 20 19 21 18 17 19 16 15 17 14 13 15 12 11 13 10 9 11 8 7 9 6 5 7 4 3 5 2 1 3 0 1 34 33 35 32 31 33 30 29 31 28 27 29 26 25 27 24 23 25 22 21 23 20 19 21 18 17 19 16 15 17 14 13 15 12 11 13 10 9 11 8 7 9 6 5 7 4 3 5 2 1 3 36 35 37 34 33 35 32 31 33 30 29 31 28 27 29 26 25 27 24 23 25 22 21 23 20 19 21 18 17 19 16 15 17 14 13 15 12 11 13 10 9 11 8 7 9 6 5 7 4 3 5 2 1 3 32 31 33 30 29 31 28 27 29 26 25 27 24 23 25 22 21 23 20 19 21 18 17 19 16 15 17 14 13 15 12 11 13 10 9 11 8 7 9 6 5 7 4 3 5 36 35 37 34 33 35 32 31 33 30 29 31 28 27 29 26 25 27 24 23 25 22 21 23 20 19 21 18 17 19 16 15 17 14 13 15 12 11 13 10 9 11 8 7 9 6 5 7 4 3 5 30 29 31 28 27 29 26 25 27 24 23 25 22 21 23 20 19 21 18 17 19 16 15 17 14 13 15 12 11 13 10 9 11 8 7 9 6 5 7 34 33 35 32 31 33 30 29 31 28 27 29 26 25 27 24 23 25 22 21 23 20 19 21 18 17 19 16 15 17 14 13 15 12 11 13 10 9 11 8 7 9 6 5 7 28 27 29 26 25 27 24 23 25 22 21 23 20 19 21 18 17 19 16 15 17 14 13 15 12 11 13 10 9 11 8 7 9 24 23 25 22 21 23 20 19 21 18 17 19 16 15 17 14 13 15 12 11 13 20 19 21 22 21 23 26 25 27 24 23 25 22 21 23 20 19 21 18 17 19 16 15 17 14 13 15 12 11 13 10 9 11 20 19 21 18 17 19 16 15 17 26 25 27 28 27 29 32 31 33 30 29 31 28 27 29 26 25 27 24 23 25 22 21 23 20 19 21 18 17 19 26 25 27 24 23 25 36 35 37 34 33 35 32 31 33 30 29 31 28 27 29 26 25 27 24 23 25 22 21 23 20 19 21 18 17 19 16 15 17 14 13 15 12 11 13 10 9 11 8 7 9 14 13 15 16 15 17 18 17 19 28 27 29 26 25 27 30 29 31 34 33 35 32 31 33 30 29 31 28 27 29 36 35 37 34 33 35 32 31 33 30 29 31 28 27 29 26 25 27 24 23 25 22 21 23 20 19 21 18 17 19 16 15 17 14 13 15 12 11 13 10 9 11 14 13 15 12 11 13 26 25 27 24 23 25 22 21 23 20 19 21 18 17 19 16 15 17 14 13 15 16 15 17 18 17 19 20 19 21 18 17 19 28 27 29 26 25 27 24 23 25 22 21 23 20 19 21 36 35 37 34 33 35 32 31 33 30 29 31 28 27 29 26 25 27 24 23 25 22 21 23 20 19 21 18 17 19 16 15 17 18 17 19 32 31 33 30 29 31 28 27 29 26 25 27 24 23 25 22 21 23 20 19 21 34 33 35 32 31 33 30 29 31 28 27 29 26 25 27 24 23 25 22 21 23
[4.312714s] A=259 K=481 i=9.00653712e+08) 37 35 33 31 29 27 25 23 21 19 17 15 13 11 9 7 5 3 1 36 35 37 34 33 35 32 31 33 30 29 31 28 27 29 26 25 27 24 23 25 22 21 23 20 19 21 18 17 19 16 15 17 14 13 15 12 11 13 10 9 11 8 7 9 6 5 7 4 3 5 2 1 3 0 1 34 33 35 32 31 33 30 29 31 28 27 29 26 25 27 24 23 25 22 21 23 20 19 21 18 17 19 16 15 17 14 13 15 12 11 13 10 9 11 8 7 9 6 5 7 4 3 5 2 1 3 36 35 37 34 33 35 32 31 33 30 29 31 28 27 29 26 25 27 24 23 25 22 21 23 20 19 21 18 17 19 16 15 17 14 13 15 12 11 13 10 9 11 8 7 9 6 5 7 4 3 5 2 1 3 32 31 33 30 29 31 28 27 29 26 25 27 24 23 25 22 21 23 20 19 21 18 17 19 16 15 17 14 13 15 12 11 13 10 9 11 8 7 9 6 5 7 4 3 5 36 35 37 34 33 35 32 31 33 30 29 31 28 27 29 26 25 27 24 23 25 22 21 23 20 19 21 18 17 19 16 15 17 14 13 15 12 11 13 10 9 11 8 7 9 6 5 7 4 3 5 30 29 31 28 27 29 26 25 27 24 23 25 22 21 23 20 19 21 18 17 19 16 15 17 14 13 15 12 11 13 10 9 11 8 7 9 6 5 7 34 33 35 32 31 33 30 29 31 28 27 29 26 25 27 24 23 25 22 21 23 20 19 21 18 17 19 16 15 17 14 13 15 12 11 13 10 9 11 8 7 9 6 5 7 28 27 29 26 25 27 24 23 25 22 21 23 20 19 21 18 17 19 16 15 17 14 13 15 12 11 13 10 9 11 8 7 9 24 23 25 22 21 23 20 19 21 18 17 19 16 15 17 14 13 15 12 11 13 20 19 21 22 21 23 24 23 25 26 25 27 24 23 25 22 21 23 20 19 21 18 17 19 16 15 17 14 13 15 20 19 21 18 17 19 16 15 17 28 27 29 26 25 27 32 31 33 30 29 31 28 27 29 26 25 27 24 23 25 22 21 23 20 19 21 18 17 19 24 23 25 26 25 27 28 27 29 26 25 27 34 33 35 32 31 33 30 29 31 28 27 29 34 33 35 32 31 33 30 29 31 36 35 37 34 33 35 32 31 33 30 29 31 28 27 29 26 25 27 24 23 25 22 21 23 20 19 21 18 17 19 16 15 17 14 13 15 12 11 13 10 9 11 8 7 9 12 11 13 10 9 11 14 13 15 16 15 17 18 17 19 26 25 27 24 23 25 22 21 23 20 19 21 36 35 37 34 33 35 32 31 33 30 29 31 28 27 29 26 25 27 24 23 25 22 21 23 20 19 21 18 17 19 16 15 17 14 13 15 12 11 13 10 9 11 14 13 15 12 11 13 16 15 17 18 17 19 16 15 17 14 13 15 20 19 21 28 27 29 26 25 27 24 23 25 22 21 23 20 19 21 18 17 19 16 15 17 18 17 19 20 19 21 30 29 31 28 27 29 26 25 27 24 23 25 22 21 23 20 19 21 18 17 19 32 31 33 30 29 31 28 27 29 26 25 27 24 23 25 22 21 23 20 19 21 34 33 35 32 31 33 30 29 31 28 27 29 26 25 27 24 23 25 22 21 23
[5.534919s] A=259 K=481 i=1.150185816e+09) 37 35 33 31 29 27 25 23 21 19 17 15 13 11 9 7 5 3 1 36 35 37 34 33 35 32 31 33 30 29 31 28 27 29 26 25 27 24 23 25 22 21 23 20 19 21 18 17 19 16 15 17 14 13 15 12 11 13 10 9 11 8 7 9 6 5 7 4 3 5 2 1 3 0 1 34 33 35 32 31 33 30 29 31 28 27 29 26 25 27 24 23 25 22 21 23 20 19 21 18 17 19 16 15 17 14 13 15 12 11 13 10 9 11 8 7 9 6 5 7 4 3 5 2 1 3 36 35 37 34 33 35 32 31 33 30 29 31 28 27 29 26 25 27 24 23 25 22 21 23 20 19 21 18 17 19 16 15 17 14 13 15 12 11 13 10 9 11 8 7 9 6 5 7 4 3 5 2 1 3 32 31 33 30 29 31 28 27 29 26 25 27 24 23 25 22 21 23 20 19 21 18 17 19 16 15 17 14 13 15 12 11 13 10 9 11 8 7 9 6 5 7 4 3 5 36 35 37 34 33 35 32 31 33 30 29 31 28 27 29 26 25 27 24 23 25 22 21 23 20 19 21 18 17 19 16 15 17 14 13 15 12 11 13 10 9 11 8 7 9 6 5 7 4 3 5 30 29 31 28 27 29 26 25 27 24 23 25 22 21 23 20 19 21 18 17 19 16 15 17 14 13 15 12 11 13 10 9 11 8 7 9 6 5 7 34 33 35 32 31 33 30 29 31 28 27 29 26 25 27 24 23 25 22 21 23 20 19 21 18 17 19 16 15 17 14 13 15 12 11 13 10 9 11 8 7 9 6 5 7 28 27 29 26 25 27 24 23 25 22 21 23 20 19 21 18 17 19 16 15 17 14 13 15 12 11 13 10 9 11 8 7 9 22 21 23 20 19 21 18 17 19 16 15 17 14 13 15 12 11 13 10 9 11 24 23 25 22 21 23 20 19 21 18 17 19 16 15 17 14 13 15 12 11 13 26 25 27 24 23 25 22 21 23 20 19 21 18 17 19 16 15 17 14 13 15 12 11 13 10 9 11 28 27 29 26 25 27 24 23 25 26 25 27 28 27 29 32 31 33 30 29 31 28 27 29 26 25 27 24 23 25 22 21 23 20 19 21 18 17 19 16 15 17 34 33 35 32 31 33 30 29 31 36 35 37 34 33 35 32 31 33 30 29 31 28 27 29 26 25 27 24 23 25 22 21 23 20 19 21 18 17 19 16 15 17 14 13 15 12 11 13 10 9 11 8 7 9 14 13 15 28 27 29 26 25 27 24 23 25 22 21 23 20 19 21 18 17 19 16 15 17 36 35 37 34 33 35 32 31 33 30 29 31 28 27 29 26 25 27 24 23 25 22 21 23 20 19 21 18 17 19 16 15 17 14 13 15 12 11 13 10 9 11 12 11 13 14 13 15 20 19 21 18 17 19 16 15 17 18 17 19 30 29 31 28 27 29 26 25 27 24 23 25 22 21 23 20 19 21 32 31 33 30 29 31 28 27 29 26 25 27 34 33 35 32 31 33 30 29 31 28 27 29 26 25 27 24 23 25 22 21 23 20 19 21 18 17 19 16 15 17 18 17 19 24 23 25 22 21 23 20 19 21 26 25 27 36 35 37 34 33 35 32 31 33 30 29 31 28 27 29 26 25 27 24 23 25 22 21 23
[5.793999s] A=259 K=481 i=1.204052926e+09) 37 35 33 31 29 27 25 23 21 19 17 15 13 11 9 7 5 3 1 36 35 37 34 33 35 32 31 33 30 29 31 28 27 29 26 25 27 24 23 25 22 21 23 20 19 21 18 17 19 16 15 17 14 13 15 12 11 13 10 9 11 8 7 9 6 5 7 4 3 5 2 1 3 0 1 34 33 35 32 31 33 30 29 31 28 27 29 26 25 27 24 23 25 22 21 23 20 19 21 18 17 19 16 15 17 14 13 15 12 11 13 10 9 11 8 7 9 6 5 7 4 3 5 2 1 3 36 35 37 34 33 35 32 31 33 30 29 31 28 27 29 26 25 27 24 23 25 22 21 23 20 19 21 18 17 19 16 15 17 14 13 15 12 11 13 10 9 11 8 7 9 6 5 7 4 3 5 2 1 3 32 31 33 30 29 31 28 27 29 26 25 27 24 23 25 22 21 23 20 19 21 18 17 19 16 15 17 14 13 15 12 11 13 10 9 11 8 7 9 6 5 7 4 3 5 36 35 37 34 33 35 32 31 33 30 29 31 28 27 29 26 25 27 24 23 25 22 21 23 20 19 21 18 17 19 16 15 17 14 13 15 12 11 13 10 9 11 8 7 9 6 5 7 4 3 5 30 29 31 28 27 29 26 25 27 24 23 25 22 21 23 20 19 21 18 17 19 16 15 17 14 13 15 12 11 13 10 9 11 8 7 9 6 5 7 34 33 35 32 31 33 30 29 31 28 27 29 26 25 27 24 23 25 22 21 23 20 19 21 18 17 19 16 15 17 14 13 15 12 11 13 10 9 11 8 7 9 6 5 7 28 27 29 26 25 27 24 23 25 22 21 23 20 19 21 18 17 19 16 15 17 14 13 15 12 11 13 10 9 11 8 7 9 22 21 23 20 19 21 18 17 19 16 15 17 14 13 15 12 11 13 10 9 11 20 19 21 18 17 19 16 15 17 22 21 23 24 23 25 22 21 23 20 19 21 18 17 19 26 25 27 24 23 25 22 21 23 20 19 21 18 17 19 16 15 17 14 13 15 12 11 13 10 9 11 16 15 17 14 13 15 12 11 13 18 17 19 28 27 29 26 25 27 24 23 25 22 21 23 30 29 31 28 27 29 26 25 27 24 23 25 32 31 33 30 29 31 28 27 29 26 25 27 24 23 25 22 21 23 20 19 21 18 17 19 16 15 17 14 13 15 22 21 23 34 33 35 32 31 33 30 29 31 28 27 29 26 25 27 24 23 25 36 35 37 34 33 35 32 31 33 30 29 31 28 27 29 26 25 27 24 23 25 22 21 23 20 19 21 18 17 19 16 15 17 14 13 15 12 11 13 10 9 11 8 7 9 34 33 35 32 31 33 30 29 31 28 27 29 26 25 27 36 35 37 34 33 35 32 31 33 30 29 31 28 27 29 26 25 27 24 23 25 22 21 23 20 19 21 18 17 19 16 15 17 14 13 15 12 11 13 10 9 11 12 11 13 22 21 23 20 19 21 18 17 19 16 15 17 14 13 15 24 23 25 22 21 23 20 19 21 18 17 19 16 15 17 20 19 21 18 17 19 32 31 33 30 29 31 28 27 29 26 25 27 24 23 25 22 21 23 20 19 21 22 21 23 24 23 25 28 27 29 26 25 27 30 29 31 28 27 29 26 25 27 24 23 25 22 21 23
[5.794381s] A=259 K=481 i=1.20409452e+09) 37 35 33 31 29 27 25 23 21 19 17 15 13 11 9 7 5 3 1 36 35 37 34 33 35 32 31 33 30 29 31 28 27 29 26 25 27 24 23 25 22 21 23 20 19 21 18 17 19 16 15 17 14 13 15 12 11 13 10 9 11 8 7 9 6 5 7 4 3 5 2 1 3 0 1 34 33 35 32 31 33 30 29 31 28 27 29 26 25 27 24 23 25 22 21 23 20 19 21 18 17 19 16 15 17 14 13 15 12 11 13 10 9 11 8 7 9 6 5 7 4 3 5 2 1 3 36 35 37 34 33 35 32 31 33 30 29 31 28 27 29 26 25 27 24 23 25 22 21 23 20 19 21 18 17 19 16 15 17 14 13 15 12 11 13 10 9 11 8 7 9 6 5 7 4 3 5 2 1 3 32 31 33 30 29 31 28 27 29 26 25 27 24 23 25 22 21 23 20 19 21 18 17 19 16 15 17 14 13 15 12 11 13 10 9 11 8 7 9 6 5 7 4 3 5 36 35 37 34 33 35 32 31 33 30 29 31 28 27 29 26 25 27 24 23 25 22 21 23 20 19 21 18 17 19 16 15 17 14 13 15 12 11 13 10 9 11 8 7 9 6 5 7 4 3 5 30 29 31 28 27 29 26 25 27 24 23 25 22 21 23 20 19 21 18 17 19 16 15 17 14 13 15 12 11 13 10 9 11 8 7 9 6 5 7 34 33 35 32 31 33 30 29 31 28 27 29 26 25 27 24 23 25 22 21 23 20 19 21 18 17 19 16 15 17 14 13 15 12 11 13 10 9 11 8 7 9 6 5 7 28 27 29 26 25 27 24 23 25 22 21 23 20 19 21 18 17 19 16 15 17 14 13 15 12 11 13 10 9 11 8 7 9 22 21 23 20 19 21 18 17 19 16 15 17 14 13 15 12 11 13 10 9 11 20 19 21 18 17 19 16 15 17 22 21 23 24 23 25 22 21 23 20 19 21 18 17 19 26 25 27 24 23 25 22 21 23 20 19 21 18 17 19 16 15 17 14 13 15 12 11 13 10 9 11 16 15 17 14 13 15 12 11 13 18 17 19 28 27 29 26 25 27 24 23 25 30 29 31 28 27 29 26 25 27 24 23 25 22 21 23 32 31 33 30 29 31 28 27 29 26 25 27 24 23 25 22 21 23 20 19 21 18 17 19 16 15 17 14 13 15 34 33 35 32 31 33 30 29 31 28 27 29 26 25 27 36 35 37 34 33 35 32 31 33 30 29 31 28 27 29 26 25 27 24 23 25 22 21 23 20 19 21 18 17 19 16 15 17 14 13 15 12 11 13 10 9 11 8 7 9 24 23 25 26 25 27 34 33 35 32 31 33 30 29 31 28 27 29 26 25 27 32 31 33 30 29 31 28 27 29 36 35 37 34 33 35 32 31 33 30 29 31 28 27 29 26 25 27 24 23 25 22 21 23 20 19 21 18 17 19 16 15 17 14 13 15 12 11 13 10 9 11 12 11 13 22 21 23 20 19 21 18 17 19 16 15 17 14 13 15 24 23 25 22 21 23 20 19 21 18 17 19 16 15 17 20 19 21 18 17 19 26 25 27 24 23 25 22 21 23 20 19 21 22 21 23 24 23 25 28 27 29 26 25 27 30 29 31 28 27 29 26 25 27 24 23 25 22 21 23
[5.795826s] A=259 K=481 i=1.204294339e+09) 37 35 33 31 29 27 25 23 21 19 17 15 13 11 9 7 5 3 1 36 35 37 34 33 35 32 31 33 30 29 31 28 27 29 26 25 27 24 23 25 22 21 23 20 19 21 18 17 19 16 15 17 14 13 15 12 11 13 10 9 11 8 7 9 6 5 7 4 3 5 2 1 3 0 1 34 33 35 32 31 33 30 29 31 28 27 29 26 25 27 24 23 25 22 21 23 20 19 21 18 17 19 16 15 17 14 13 15 12 11 13 10 9 11 8 7 9 6 5 7 4 3 5 2 1 3 36 35 37 34 33 35 32 31 33 30 29 31 28 27 29 26 25 27 24 23 25 22 21 23 20 19 21 18 17 19 16 15 17 14 13 15 12 11 13 10 9 11 8 7 9 6 5 7 4 3 5 2 1 3 32 31 33 30 29 31 28 27 29 26 25 27 24 23 25 22 21 23 20 19 21 18 17 19 16 15 17 14 13 15 12 11 13 10 9 11 8 7 9 6 5 7 4 3 5 36 35 37 34 33 35 32 31 33 30 29 31 28 27 29 26 25 27 24 23 25 22 21 23 20 19 21 18 17 19 16 15 17 14 13 15 12 11 13 10 9 11 8 7 9 6 5 7 4 3 5 30 29 31 28 27 29 26 25 27 24 23 25 22 21 23 20 19 21 18 17 19 16 15 17 14 13 15 12 11 13 10 9 11 8 7 9 6 5 7 34 33 35 32 31 33 30 29 31 28 27 29 26 25 27 24 23 25 22 21 23 20 19 21 18 17 19 16 15 17 14 13 15 12 11 13 10 9 11 8 7 9 6 5 7 28 27 29 26 25 27 24 23 25 22 21 23 20 19 21 18 17 19 16 15 17 14 13 15 12 11 13 10 9 11 8 7 9 22 21 23 20 19 21 18 17 19 16 15 17 14 13 15 12 11 13 10 9 11 20 19 21 18 17 19 16 15 17 22 21 23 24 23 25 22 21 23 20 19 21 18 17 19 26 25 27 24 23 25 22 21 23 20 19 21 18 17 19 16 15 17 14 13 15 12 11 13 10 9 11 16 15 17 14 13 15 12 11 13 18 17 19 24 23 25 22 21 23 28 27 29 26 25 27 30 29 31 28 27 29 26 25 27 24 23 25 32 31 33 30 29 31 28 27 29 26 25 27 24 23 25 22 21 23 20 19 21 18 17 19 16 15 17 14 13 15 22 21 23 34 33 35 32 31 33 30 29 31 28 27 29 26 25 27 24 23 25 36 35 37 34 33 35 32 31 33 30 29 31 28 27 29 26 25 27 24 23 25 22 21 23 20 19 21 18 17 19 16 15 17 14 13 15 12 11 13 10 9 11 8 7 9 36 35 37 34 33 35 32 31 33 30 29 31 28 27 29 26 25 27 24 23 25 22 21 23 20 19 21 18 17 19 16 15 17 14 13 15 12 11 13 10 9 11 12 11 13 22 21 23 20 19 21 18 17 19 16 15 17 14 13 15 34 33 35 32 31 33 30 29 31 28 27 29 26 25 27 24 23 25 22 21 23 20 19 21 18 17 19 16 15 17 20 19 21 18 17 19 32 31 33 30 29 31 28 27 29 26 25 27 24 23 25 22 21 23 20 19 21 22 21 23 24 23 25 28 27 29 26 25 27 30 29 31 28 27 29 26 25 27 24 23 25 22 21 23
[5.883201s] A=259 K=481 i=1.223570946e+09) 37 35 33 31 29 27 25 23 21 19 17 15 13 11 9 7 5 3 1 36 35 37 34 33 35 32 31 33 30 29 31 28 27 29 26 25 27 24 23 25 22 21 23 20 19 21 18 17 19 16 15 17 14 13 15 12 11 13 10 9 11 8 7 9 6 5 7 4 3 5 2 1 3 0 1 34 33 35 32 31 33 30 29 31 28 27 29 26 25 27 24 23 25 22 21 23 20 19 21 18 17 19 16 15 17 14 13 15 12 11 13 10 9 11 8 7 9 6 5 7 4 3 5 2 1 3 36 35 37 34 33 35 32 31 33 30 29 31 28 27 29 26 25 27 24 23 25 22 21 23 20 19 21 18 17 19 16 15 17 14 13 15 12 11 13 10 9 11 8 7 9 6 5 7 4 3 5 2 1 3 32 31 33 30 29 31 28 27 29 26 25 27 24 23 25 22 21 23 20 19 21 18 17 19 16 15 17 14 13 15 12 11 13 10 9 11 8 7 9 6 5 7 4 3 5 36 35 37 34 33 35 32 31 33 30 29 31 28 27 29 26 25 27 24 23 25 22 21 23 20 19 21 18 17 19 16 15 17 14 13 15 12 11 13 10 9 11 8 7 9 6 5 7 4 3 5 30 29 31 28 27 29 26 25 27 24 23 25 22 21 23 20 19 21 18 17 19 16 15 17 14 13 15 12 11 13 10 9 11 8 7 9 6 5 7 34 33 35 32 31 33 30 29 31 28 27 29 26 25 27 24 23 25 22 21 23 20 19 21 18 17 19 16 15 17 14 13 15 12 11 13 10 9 11 8 7 9 6 5 7 28 27 29 26 25 27 24 23 25 22 21 23 20 19 21 18 17 19 16 15 17 14 13 15 12 11 13 10 9 11 8 7 9 22 21 23 20 19 21 18 17 19 16 15 17 14 13 15 12 11 13 26 25 27 24 23 25 22 21 23 20 19 21 18 17 19 16 15 17 14 13 15 12 11 13 10 9 11 24 23 25 22 21 23 20 19 21 18 17 19 16 15 17 28 27 29 26 25 27 24 23 25 28 27 29 26 25 27 32 31 33 30 29 31 28 27 29 26 25 27 24 23 25 22 21 23 20 19 21 18 17 19 34 33 35 36 35 37 34 33 35 32 31 33 30 29 31 28 27 29 26 25 27 24 23 25 22 21 23 20 19 21 18 17 19 16 15 17 14 13 15 12 11 13 10 9 11 8 7 9 14 13 15 12 11 13 16 15 17 14 13 15 32 31 33 30 29 31 28 27 29 26 25 27 24 23 25 22 21 23 20 19 21 18 17 19 16 15 17 20 19 21 18 17 19 34 33 35 36 35 37 34 33 35 32 31 33 30 29 31 28 27 29 26 25 27 24 23 25 22 21 23 20 19 21 18 17 19 16 15 17 14 13 15 12 11 13 10 9 11 12 11 13 14 13 15 16 15 17 18 17 19 20 19 21 30 29 31 28 27 29 26 25 27 24 23 25 22 21 23 32 31 33 30 29 31 28 27 29 26 25 27 24 23 25 22 21 23 20 19 21 18 17 19 16 15 17 20 19 21 18 17 19 34 33 35 32 31 33 30 29 31 28 27 29 26 25 27 24 23 25 22 21 23 20 19 21 36 35 37 34 33 35 32 31 33 30 29 31 28 27 29 26 25 27 24 23 25 22 21 23
[5.921457s] A=259 K=481 i=1.231448435e+09) 37 35 33 31 29 27 25 23 21 19 17 15 13 11 9 7 5 3 1 36 35 37 34 33 35 32 31 33 30 29 31 28 27 29 26 25 27 24 23 25 22 21 23 20 19 21 18 17 19 16 15 17 14 13 15 12 11 13 10 9 11 8 7 9 6 5 7 4 3 5 2 1 3 0 1 34 33 35 32 31 33 30 29 31 28 27 29 26 25 27 24 23 25 22 21 23 20 19 21 18 17 19 16 15 17 14 13 15 12 11 13 10 9 11 8 7 9 6 5 7 4 3 5 2 1 3 36 35 37 34 33 35 32 31 33 30 29 31 28 27 29 26 25 27 24 23 25 22 21 23 20 19 21 18 17 19 16 15 17 14 13 15 12 11 13 10 9 11 8 7 9 6 5 7 4 3 5 2 1 3 32 31 33 30 29 31 28 27 29 26 25 27 24 23 25 22 21 23 20 19 21 18 17 19 16 15 17 14 13 15 12 11 13 10 9 11 8 7 9 6 5 7 4 3 5 36 35 37 34 33 35 32 31 33 30 29 31 28 27 29 26 25 27 24 23 25 22 21 23 20 19 21 18 17 19 16 15 17 14 13 15 12 11 13 10 9 11 8 7 9 6 5 7 4 3 5 30 29 31 28 27 29 26 25 27 24 23 25 22 21 23 20 19 21 18 17 19 16 15 17 14 13 15 12 11 13 10 9 11 8 7 9 6 5 7 34 33 35 32 31 33 30 29 31 28 27 29 26 25 27 24 23 25 22 21 23 20 19 21 18 17 19 16 15 17 14 13 15 12 11 13 10 9 11 8 7 9 6 5 7 28 27 29 26 25 27 24 23 25 22 21 23 20 19 21 18 17 19 16 15 17 14 13 15 12 11 13 10 9 11 8 7 9 22 21 23 20 19 21 18 17 19 16 15 17 14 13 15 12 11 13 26 25 27 24 23 25 22 21 23 20 19 21 18 17 19 16 15 17 14 13 15 24 23 25 22 21 23 20 19 21 18 17 19 16 15 17 28 27 29 26 25 27 24 23 25 28 27 29 26 25 27 32 31 33 30 29 31 28 27 29 26 25 27 24 23 25 22 21 23 20 19 21 18 17 19 34 33 35 36 35 37 34 33 35 32 31 33 30 29 31 28 27 29 26 25 27 24 23 25 22 21 23 20 19 21 18 17 19 16 15 17 14 13 15 12 11 13 10 9 11 8 7 9 12 11 13 10 9 11 14 13 15 12 11 13 16 15 17 14 13 15 32 31 33 30 29 31 28 27 29 26 25 27 24 23 25 22 21 23 20 19 21 18 17 19 16 15 17 20 19 21 18 17 19 34 33 35 36 35 37 34 33 35 32 31 33 30 29 31 28 27 29 26 25 27 24 23 25 22 21 23 20 19 21 18 17 19 16 15 17 14 13 15 12 11 13 10 9 11 12 11 13 14 13 15 16 15 17 18 17 19 30 29 31 28 27 29 26 25 27 24 23 25 22 21 23 20 19 21 32 31 33 30 29 31 28 27 29 26 25 27 24 23 25 22 21 23 20 19 21 18 17 19 16 15 17 18 17 19 20 19 21 34 33 35 32 31 33 30 29 31 28 27 29 26 25 27 24 23 25 22 21 23 20 19 21 36 35 37 34 33 35 32 31 33 30 29 31 28 27 29 26 25 27 24 23 25 22 21 23
[5.921606s] A=259 K=481 i=1.231450055e+09) 37 35 33 31 29 27 25 23 21 19 17 15 13 11 9 7 5 3 1 36 35 37 34 33 35 32 31 33 30 29 31 28 27 29 26 25 27 24 23 25 22 21 23 20 19 21 18 17 19 16 15 17 14 13 15 12 11 13 10 9 11 8 7 9 6 5 7 4 3 5 2 1 3 0 1 34 33 35 32 31 33 30 29 31 28 27 29 26 25 27 24 23 25 22 21 23 20 19 21 18 17 19 16 15 17 14 13 15 12 11 13 10 9 11 8 7 9 6 5 7 4 3 5 2 1 3 36 35 37 34 33 35 32 31 33 30 29 31 28 27 29 26 25 27 24 23 25 22 21 23 20 19 21 18 17 19 16 15 17 14 13 15 12 11 13 10 9 11 8 7 9 6 5 7 4 3 5 2 1 3 32 31 33 30 29 31 28 27 29 26 25 27 24 23 25 22 21 23 20 19 21 18 17 19 16 15 17 14 13 15 12 11 13 10 9 11 8 7 9 6 5 7 4 3 5 36 35 37 34 33 35 32 31 33 30 29 31 28 27 29 26 25 27 24 23 25 22 21 23 20 19 21 18 17 19 16 15 17 14 13 15 12 11 13 10 9 11 8 7 9 6 5 7 4 3 5 30 29 31 28 27 29 26 25 27 24 23 25 22 21 23 20 19 21 18 17 19 16 15 17 14 13 15 12 11 13 10 9 11 8 7 9 6 5 7 34 33 35 32 31 33 30 29 31 28 27 29 26 25 27 24 23 25 22 21 23 20 19 21 18 17 19 16 15 17 14 13 15 12 11 13 10 9 11 8 7 9 6 5 7 28 27 29 26 25 27 24 23 25 22 21 23 20 19 21 18 17 19 16 15 17 14 13 15 12 11 13 10 9 11 8 7 9 22 21 23 20 19 21 18 17 19 16 15 17 14 13 15 12 11 13 26 25 27 24 23 25 22 21 23 20 19 21 18 17 19 16 15 17 14 13 15 24 23 25 22 21 23 20 19 21 18 17 19 16 15 17 28 27 29 26 25 27 24 23 25 28 27 29 26 25 27 32 31 33 30 29 31 28 27 29 26 25 27 24 23 25 22 21 23 20 19 21 18 17 19 34 33 35 36 35 37 34 33 35 32 31 33 30 29 31 28 27 29 26 25 27 24 23 25 22 21 23 20 19 21 18 17 19 16 15 17 14 13 15 12 11 13 10 9 11 8 7 9 12 11 13 10 9 11 14 13 15 12 11 13 16 15 17 14 13 15 18 17 19 32 31 33 30 29 31 28 27 29 26 25 27 24 23 25 22 21 23 20 19 21 18 17 19 16 15 17 34 33 35 36 35 37 34 33 35 32 31 33 30 29 31 28 27 29 26 25 27 24 23 25 22 21 23 20 19 21 18 17 19 16 15 17 14 13 15 12 11 13 10 9 11 12 11 13 14 13 15 16 15 17 20 19 21 18 17 19 16 15 17 30 29 31 28 27 29 26 25 27 24 23 25 22 21 23 20 19 21 18 17 19 32 31 33 30 29 31 28 27 29 26 25 27 24 23 25 22 21 23 20 19 21 18 17 19 16 15 17 34 33 35 32 31 33 30 29 31 28 27 29 26 25 27 24 23 25 22 21 23 20 19 21 36 35 37 34 33 35 32 31 33 30 29 31 28 27 29 26 25 27 24 23 25 22 21 23
[6.516476s] A=259 K=481 i=1.360655272e+09) 37 35 33 31 29 27 25 23 21 19 17 15 13 11 9 7 5 3 1 36 35 37 34 33 35 32 31 33 30 29 31 28 27 29 26 25 27 24 23 25 22 21 23 20 19 21 18 17 19 16 15 17 14 13 15 12 11 13 10 9 11 8 7 9 6 5 7 4 3 5 2 1 3 0 1 34 33 35 32 31 33 30 29 31 28 27 29 26 25 27 24 23 25 22 21 23 20 19 21 18 17 19 16 15 17 14 13 15 12 11 13 10 9 11 8 7 9 6 5 7 4 3 5 2 1 3 36 35 37 34 33 35 32 31 33 30 29 31 28 27 29 26 25 27 24 23 25 22 21 23 20 19 21 18 17 19 16 15 17 14 13 15 12 11 13 10 9 11 8 7 9 6 5 7 4 3 5 2 1 3 32 31 33 30 29 31 28 27 29 26 25 27 24 23 25 22 21 23 20 19 21 18 17 19 16 15 17 14 13 15 12 11 13 10 9 11 8 7 9 6 5 7 4 3 5 36 35 37 34 33 35 32 31 33 30 29 31 28 27 29 26 25 27 24 23 25 22 21 23 20 19 21 18 17 19 16 15 17 14 13 15 12 11 13 10 9 11 8 7 9 6 5 7 4 3 5 30 29 31 28 27 29 26 25 27 24 23 25 22 21 23 20 19 21 18 17 19 16 15 17 14 13 15 12 11 13 10 9 11 8 7 9 6 5 7 34 33 35 32 31 33 30 29 31 28 27 29 26 25 27 24 23 25 22 21 23 20 19 21 18 17 19 16 15 17 14 13 15 12 11 13 10 9 11 8 7 9 6 5 7 28 27 29 26 25 27 24 23 25 22 21 23 20 19 21 18 17 19 16 15 17 14 13 15 12 11 13 10 9 11 8 7 9 22 21 23 20 19 21 18 17 19 16 15 17 14 13 15 12 11 13 24 23 25 26 25 27 24 23 25 22 21 23 20 19 21 18 17 19 16 15 17 14 13 15 12 11 13 10 9 11 22 21 23 20 19 21 18 17 19 16 15 17 24 23 25 26 25 27 28 27 29 32 31 33 30 29 31 28 27 29 26 25 27 24 23 25 22 21 23 20 19 21 18 17 19 26 25 27 24 23 25 28 27 29 26 25 27 34 33 35 32 31 33 30 29 31 28 27 29 30 29 31 34 33 35 32 31 33 36 35 37 34 33 35 32 31 33 30 29 31 28 27 29 26 25 27 24 23 25 22 21 23 20 19 21 18 17 19 16 15 17 14 13 15 12 11 13 10 9 11 8 7 9 14 13 15 12 11 13 16 15 17 14 13 15 26 25 27 24 23 25 22 21 23 20 19 21 18 17 19 16 15 17 20 19 21 18 17 19 36 35 37 34 33 35 32 31 33 30 29 31 28 27 29 26 25 27 24 23 25 22 21 23 20 19 21 18 17 19 16 15 17 14 13 15 12 11 13 10 9 11 12 11 13 14 13 15 16 15 17 18 17 19 20 19 21 28 27 29 26 25 27 24 23 25 22 21 23 30 29 31 28 27 29 26 25 27 24 23 25 22 21 23 20 19 21 18 17 19 16 15 17 20 19 21 18 17 19 32 31 33 30 29 31 28 27 29 26 25 27 24 23 25 22 21 23 20 19 21 34 33 35 32 31 33 30 29 31 28 27 29 26 25 27 24 23 25 22 21 23
[6.536796s] A=259 K=481 i=1.365125969e+09) 37 35 33 31 29 27 25 23 21 19 17 15 13 11 9 7 5 3 1 36 35 37 34 33 35 32 31 33 30 29 31 28 27 29 26 25 27 24 23 25 22 21 23 20 19 21 18 17 19 16 15 17 14 13 15 12 11 13 10 9 11 8 7 9 6 5 7 4 3 5 2 1 3 0 1 34 33 35 32 31 33 30 29 31 28 27 29 26 25 27 24 23 25 22 21 23 20 19 21 18 17 19 16 15 17 14 13 15 12 11 13 10 9 11 8 7 9 6 5 7 4 3 5 2 1 3 36 35 37 34 33 35 32 31 33 30 29 31 28 27 29 26 25 27 24 23 25 22 21 23 20 19 21 18 17 19 16 15 17 14 13 15 12 11 13 10 9 11 8 7 9 6 5 7 4 3 5 2 1 3 32 31 33 30 29 31 28 27 29 26 25 27 24 23 25 22 21 23 20 19 21 18 17 19 16 15 17 14 13 15 12 11 13 10 9 11 8 7 9 6 5 7 4 3 5 36 35 37 34 33 35 32 31 33 30 29 31 28 27 29 26 25 27 24 23 25 22 21 23 20 19 21 18 17 19 16 15 17 14 13 15 12 11 13 10 9 11 8 7 9 6 5 7 4 3 5 30 29 31 28 27 29 26 25 27 24 23 25 22 21 23 20 19 21 18 17 19 16 15 17 14 13 15 12 11 13 10 9 11 8 7 9 6 5 7 34 33 35 32 31 33 30 29 31 28 27 29 26 25 27 24 23 25 22 21 23 20 19 21 18 17 19 16 15 17 14 13 15 12 11 13 10 9 11 8 7 9 6 5 7 28 27 29 26 25 27 24 23 25 22 21 23 20 19 21 18 17 19 16 15 17 14 13 15 12 11 13 10 9 11 8 7 9 22 21 23 20 19 21 18 17 19 16 15 17 14 13 15 12 11 13 24 23 25 26 25 27 24 23 25 22 21 23 20 19 21 18 17 19 16 15 17 14 13 15 22 21 23 20 19 21 18 17 19 16 15 17 28 27 29 26 25 27 24 23 25 32 31 33 34 33 35 36 35 37 34 33 35 32 31 33 30 29 31 28 27 29 26 25 27 24 23 25 22 21 23 20 19 21 18 17 19 16 15 17 14 13 15 12 11 13 10 9 11 8 7 9 12 11 13 10 9 11 14 13 15 12 11 13 28 27 29 26 25 27 30 29 31 28 27 29 26 25 27 24 23 25 22 21 23 20 19 21 18 17 19 16 15 17 14 13 15 32 31 33 30 29 31 34 33 35 32 31 33 36 35 37 34 33 35 32 31 33 30 29 31 28 27 29 26 25 27 24 23 25 22 21 23 20 19 21 18 17 19 16 15 17 14 13 15 12 11 13 10 9 11 12 11 13 20 19 21 18 17 19 28 27 29 26 25 27 24 23 25 22 21 23 20 19 21 18 17 19 16 15 17 14 13 15 16 15 17 18 17 19 30 29 31 28 27 29 26 25 27 24 23 25 22 21 23 20 19 21 18 17 19 16 15 17 32 31 33 30 29 31 28 27 29 26 25 27 24 23 25 22 21 23 20 19 21 18 17 19 34 33 35 32 31 33 30 29 31 28 27 29 26 25 27 24 23 25 22 21 23 20 19 21 36 35 37 34 33 35 32 31 33 30 29 31 28 27 29 26 25 27 24 23 25 22 21 23
[6.539157s] A=259 K=481 i=1.365506982e+09) 37 35 33 31 29 27 25 23 21 19 17 15 13 11 9 7 5 3 1 36 35 37 34 33 35 32 31 33 30 29 31 28 27 29 26 25 27 24 23 25 22 21 23 20 19 21 18 17 19 16 15 17 14 13 15 12 11 13 10 9 11 8 7 9 6 5 7 4 3 5 2 1 3 0 1 34 33 35 32 31 33 30 29 31 28 27 29 26 25 27 24 23 25 22 21 23 20 19 21 18 17 19 16 15 17 14 13 15 12 11 13 10 9 11 8 7 9 6 5 7 4 3 5 2 1 3 36 35 37 34 33 35 32 31 33 30 29 31 28 27 29 26 25 27 24 23 25 22 21 23 20 19 21 18 17 19 16 15 17 14 13 15 12 11 13 10 9 11 8 7 9 6 5 7 4 3 5 2 1 3 32 31 33 30 29 31 28 27 29 26 25 27 24 23 25 22 21 23 20 19 21 18 17 19 16 15 17 14 13 15 12 11 13 10 9 11 8 7 9 6 5 7 4 3 5 36 35 37 34 33 35 32 31 33 30 29 31 28 27 29 26 25 27 24 23 25 22 21 23 20 19 21 18 17 19 16 15 17 14 13 15 12 11 13 10 9 11 8 7 9 6 5 7 4 3 5 30 29 31 28 27 29 26 25 27 24 23 25 22 21 23 20 19 21 18 17 19 16 15 17 14 13 15 12 11 13 10 9 11 8 7 9 6 5 7 34 33 35 32 31 33 30 29 31 28 27 29 26 25 27 24 23 25 22 21 23 20 19 21 18 17 19 16 15 17 14 13 15 12 11 13 10 9 11 8 7 9 6 5 7 28 27 29 26 25 27 24 23 25 22 21 23 20 19 21 18 17 19 16 15 17 14 13 15 12 11 13 10 9 11 8 7 9 22 21 23 20 19 21 18 17 19 16 15 17 14 13 15 12 11 13 24 23 25 26 25 27 24 23 25 22 21 23 20 19 21 18 17 19 16 15 17 14 13 15 22 21 23 20 19 21 18 17 19 16 15 17 28 27 29 26 25 27 24 23 25 26 25 27 32 31 33 30 29 31 28 27 29 34 33 35 36 35 37 34 33 35 32 31 33 30 29 31 28 27 29 26 25 27 24 23 25 22 21 23 20 19 21 18 17 19 16 15 17 14 13 15 12 11 13 10 9 11 8 7 9 12 11 13 10 9 11 14 13 15 12 11 13 26 25 27 24 23 25 22 21 23 20 19 21 18 17 19 16 15 17 14 13 15 28 27 29 26 25 27 32 31 33 30 29 31 28 27 29 34 33 35 32 31 33 30 29 31 36 35 37 34 33 35 32 31 33 30 29 31 28 27 29 26 25 27 24 23 25 22 21 23 20 19 21 18 17 19 16 15 17 14 13 15 12 11 13 10 9 11 12 11 13 20 19 21 18 17 19 26 25 27 24 23 25 22 21 23 20 19 21 18 17 19 16 15 17 14 13 15 16 15 17 18 17 19 28 27 29 26 25 27 24 23 25 22 21 23 20 19 21 18 17 19 16 15 17 30 29 31 28 27 29 26 25 27 24 23 25 22 21 23 20 19 21 18 17 19 34 33 35 32 31 33 30 29 31 28 27 29 26 25 27 24 23 25 22 21 23 20 19 21 36 35 37 34 33 35 32 31 33 30 29 31 28 27 29 26 25 27 24 23 25 22 21 23
[6.560226s] A=259 K=481 i=1.369050223e+09) 37 35 33 31 29 27 25 23 21 19 17 15 13 11 9 7 5 3 1 36 35 37 34 33 35 32 31 33 30 29 31 28 27 29 26 25 27 24 23 25 22 21 23 20 19 21 18 17 19 16 15 17 14 13 15 12 11 13 10 9 11 8 7 9 6 5 7 4 3 5 2 1 3 0 1 34 33 35 32 31 33 30 29 31 28 27 29 26 25 27 24 23 25 22 21 23 20 19 21 18 17 19 16 15 17 14 13 15 12 11 13 10 9 11 8 7 9 6 5 7 4 3 5 2 1 3 36 35 37 34 33 35 32 31 33 30 29 31 28 27 29 26 25 27 24 23 25 22 21 23 20 19 21 18 17 19 16 15 17 14 13 15 12 11 13 10 9 11 8 7 9 6 5 7 4 3 5 2 1 3 32 31 33 30 29 31 28 27 29 26 25 27 24 23 25 22 21 23 20 19 21 18 17 19 16 15 17 14 13 15 12 11 13 10 9 11 8 7 9 6 5 7 4 3 5 36 35 37 34 33 35 32 31 33 30 29 31 28 27 29 26 25 27 24 23 25 22 21 23 20 19 21 18 17 19 16 15 17 14 13 15 12 11 13 10 9 11 8 7 9 6 5 7 4 3 5 30 29 31 28 27 29 26 25 27 24 23 25 22 21 23 20 19 21 18 17 19 16 15 17 14 13 15 12 11 13 10 9 11 8 7 9 6 5 7 34 33 35 32 31 33 30 29 31 28 27 29 26 25 27 24 23 25 22 21 23 20 19 21 18 17 19 16 15 17 14 13 15 12 11 13 10 9 11 8 7 9 6 5 7 28 27 29 26 25 27 24 23 25 22 21 23 20 19 21 18 17 19 16 15 17 14 13 15 12 11 13 10 9 11 8 7 9 22 21 23 20 19 21 18 17 19 16 15 17 14 13 15 12 11 13 24 23 25 26 25 27 24 23 25 22 21 23 20 19 21 18 17 19 16 15 17 14 13 15 22 21 23 20 19 21 18 17 19 16 15 17 24 23 25 26 25 27 28 27 29 32 31 33 30 29 31 28 27 29 26 25 27 24 23 25 22 21 23 20 19 21 18 17 19 26 25 27 24 23 25 28 27 29 26 25 27 34 33 35 32 31 33 30 29 31 28 27 29 30 29 31 34 33 35 32 31 33 36 35 37 34 33 35 32 31 33 30 29 31 28 27 29 26 25 27 24 23 25 22 21 23 20 19 21 18 17 19 16 15 17 14 13 15 12 11 13 10 9 11 8 7 9 12 11 13 10 9 11 14 13 15 12 11 13 16 15 17 14 13 15 26 25 27 24 23 25 22 21 23 20 19 21 18 17 19 16 15 17 20 19 21 18 17 19 36 35 37 34 33 35 32 31 33 30 29 31 28 27 29 26 25 27 24 23 25 22 21 23 20 19 21 18 17 19 16 15 17 14 13 15 12 11 13 10 9 11 12 11 13 14 13 15 16 15 17 18 17 19 28 27 29 26 25 27 24 23 25 22 21 23 20 19 21 30 29 31 28 27 29 26 25 27 24 23 25 22 21 23 20 19 21 18 17 19 16 15 17 18 17 19 20 19 21 32 31 33 30 29 31 28 27 29 26 25 27 24 23 25 22 21 23 20 19 21 34 33 35 32 31 33 30 29 31 28 27 29 26 25 27 24 23 25 22 21 23
[6.560325s] A=259 K=481 i=1.369051878e+09) 37 35 33 31 29 27 25 23 21 19 17 15 13 11 9 7 5 3 1 36 35 37 34 33 35 32 31 33 30 29 31 28 27 29 26 25 27 24 23 25 22 21 23 20 19 21 18 17 19 16 15 17 14 13 15 12 11 13 10 9 11 8 7 9 6 5 7 4 3 5 2 1 3 0 1 34 33 35 32 31 33 30 29 31 28 27 29 26 25 27 24 23 25 22 21 23 20 19 21 18 17 19 16 15 17 14 13 15 12 11 13 10 9 11 8 7 9 6 5 7 4 3 5 2 1 3 36 35 37 34 33 35 32 31 33 30 29 31 28 27 29 26 25 27 24 23 25 22 21 23 20 19 21 18 17 19 16 15 17 14 13 15 12 11 13 10 9 11 8 7 9 6 5 7 4 3 5 2 1 3 32 31 33 30 29 31 28 27 29 26 25 27 24 23 25 22 21 23 20 19 21 18 17 19 16 15 17 14 13 15 12 11 13 10 9 11 8 7 9 6 5 7 4 3 5 36 35 37 34 33 35 32 31 33 30 29 31 28 27 29 26 25 27 24 23 25 22 21 23 20 19 21 18 17 19 16 15 17 14 13 15 12 11 13 10 9 11 8 7 9 6 5 7 4 3 5 30 29 31 28 27 29 26 25 27 24 23 25 22 21 23 20 19 21 18 17 19 16 15 17 14 13 15 12 11 13 10 9 11 8 7 9 6 5 7 34 33 35 32 31 33 30 29 31 28 27 29 26 25 27 24 23 25 22 21 23 20 19 21 18 17 19 16 15 17 14 13 15 12 11 13 10 9 11 8 7 9 6 5 7 28 27 29 26 25 27 24 23 25 22 21 23 20 19 21 18 17 19 16 15 17 14 13 15 12 11 13 10 9 11 8 7 9 22 21 23 20 19 21 18 17 19 16 15 17 14 13 15 12 11 13 24 23 25 26 25 27 24 23 25 22 21 23 20 19 21 18 17 19 16 15 17 14 13 15 22 21 23 20 19 21 18 17 19 16 15 17 24 23 25 26 25 27 28 27 29 32 31 33 30 29 31 28 27 29 26 25 27 24 23 25 22 21 23 20 19 21 18 17 19 26 25 27 24 23 25 28 27 29 26 25 27 34 33 35 32 31 33 30 29 31 28 27 29 30 29 31 34 33 35 32 31 33 36 35 37 34 33 35 32 31 33 30 29 31 28 27 29 26 25 27 24 23 25 22 21 23 20 19 21 18 17 19 16 15 17 14 13 15 12 11 13 10 9 11 8 7 9 12 11 13 10 9 11 14 13 15 12 11 13 16 15 17 14 13 15 18 17 19 26 25 27 24 23 25 22 21 23 20 19 21 18 17 19 16 15 17 36 35 37 34 33 35 32 31 33 30 29 31 28 27 29 26 25 27 24 23 25 22 21 23 20 19 21 18 17 19 16 15 17 14 13 15 12 11 13 10 9 11 12 11 13 14 13 15 16 15 17 20 19 21 18 17 19 16 15 17 28 27 29 26 25 27 24 23 25 22 21 23 20 19 21 18 17 19 30 29 31 28 27 29 26 25 27 24 23 25 22 21 23 20 19 21 18 17 19 16 15 17 32 31 33 30 29 31 28 27 29 26 25 27 24 23 25 22 21 23 20 19 21 34 33 35 32 31 33 30 29 31 28 27 29 26 25 27 24 23 25 22 21 23
[6.582990s] A=259 K=481 i=1.373957205e+09) 37 35 33 31 29 27 25 23 21 19 17 15 13 11 9 7 5 3 1 36 35 37 34 33 35 32 31 33 30 29 31 28 27 29 26 25 27 24 23 25 22 21 23 20 19 21 18 17 19 16 15 17 14 13 15 12 11 13 10 9 11 8 7 9 6 5 7 4 3 5 2 1 3 0 1 34 33 35 32 31 33 30 29 31 28 27 29 26 25 27 24 23 25 22 21 23 20 19 21 18 17 19 16 15 17 14 13 15 12 11 13 10 9 11 8 7 9 6 5 7 4 3 5 2 1 3 36 35 37 34 33 35 32 31 33 30 29 31 28 27 29 26 25 27 24 23 25 22 21 23 20 19 21 18 17 19 16 15 17 14 13 15 12 11 13 10 9 11 8 7 9 6 5 7 4 3 5 2 1 3 32 31 33 30 29 31 28 27 29 26 25 27 24 23 25 22 21 23 20 19 21 18 17 19 16 15 17 14 13 15 12 11 13 10 9 11 8 7 9 6 5 7 4 3 5 36 35 37 34 33 35 32 31 33 30 29 31 28 27 29 26 25 27 24 23 25 22 21 23 20 19 21 18 17 19 16 15 17 14 13 15 12 11 13 10 9 11 8 7 9 6 5 7 4 3 5 30 29 31 28 27 29 26 25 27 24 23 25 22 21 23 20 19 21 18 17 19 16 15 17 14 13 15 12 11 13 10 9 11 8 7 9 6 5 7 34 33 35 32 31 33 30 29 31 28 27 29 26 25 27 24 23 25 22 21 23 20 19 21 18 17 19 16 15 17 14 13 15 12 11 13 10 9 11 8 7 9 6 5 7 28 27 29 26 25 27 24 23 25 22 21 23 20 19 21 18 17 19 16 15 17 14 13 15 12 11 13 10 9 11 8 7 9 22 21 23 20 19 21 18 17 19 16 15 17 14 13 15 12 11 13 20 19 21 18 17 19 16 15 17 14 13 15 24 23 25 22 21 23 20 19 21 18 17 19 16 15 17 24 23 25 22 21 23 26 25 27 24 23 25 22 21 23 20 19 21 18 17 19 28 27 29 26 25 27 24 23 25 30 29 31 28 27 29 26 25 27 32 31 33 30 29 31 28 27 29 26 25 27 24 23 25 22 21 23 20 19 21 34 33 35 32 31 33 30 29 31 28 27 29 26 25 27 24 23 25 22 21 23 36 35 37 34 33 35 32 31 33 30 29 31 28 27 29 26 25 27 24 23 25 22 21 23 20 19 21 18 17 19 16 15 17 14 13 15 12 11 13 10 9 11 8 7 9 16 15 17 14 13 15 12 11 13 10 9 11 14 13 15 12 11 13 18 17 19 16 15 17 14 13 15 20 19 21 18 17 19 16 15 17 20 19 21 18 17 19 36 35 37 34 33 35 32 31 33 30 29 31 28 27 29 26 25 27 24 23 25 22 21 23 20 19 21 18 17 19 16 15 17 14 13 15 12 11 13 10 9 11 12 11 13 14 13 15 24 23 25 22 21 23 30 29 31 28 27 29 26 25 27 32 31 33 30 29 31 28 27 29 26 25 27 24 23 25 34 33 35 32 31 33 30 29 31 28 27 29 26 25 27 24 23 25 22 21 23 20 19 21 18 17 19 16 15 17 20 19 21 18 17 19 22 21 23 20 19 21 24 23 25 22 21 23 24 23 25 28 27 29 26 25 27
[7.072462s] A=259 K=481 i=1.482221779e+09) 37 35 33 31 29 27 25 23 21 19 17 15 13 11 9 7 5 3 1 36 35 37 34 33 35 32 31 33 30 29 31 28 27 29 26 25 27 24 23 25 22 21 23 20 19 21 18 17 19 16 15 17 14 13 15 12 11 13 10 9 11 8 7 9 6 5 7 4 3 5 2 1 3 0 1 34 33 35 32 31 33 30 29 31 28 27 29 26 25 27 24 23 25 22 21 23 20 19 21 18 17 19 16 15 17 14 13 15 12 11 13 10 9 11 8 7 9 6 5 7 4 3 5 2 1 3 36 35 37 34 33 35 32 31 33 30 29 31 28 27 29 26 25 27 24 23 25 22 21 23 20 19 21 18 17 19 16 15 17 14 13 15 12 11 13 10 9 11 8 7 9 6 5 7 4 3 5 2 1 3 32 31 33 30 29 31 28 27 29 26 25 27 24 23 25 22 21 23 20 19 21 18 17 19 16 15 17 14 13 15 12 11 13 10 9 11 8 7 9 6 5 7 4 3 5 36 35 37 34 33 35 32 31 33 30 29 31 28 27 29 26 25 27 24 23 25 22 21 23 20 19 21 18 17 19 16 15 17 14 13 15 12 11 13 10 9 11 8 7 9 6 5 7 4 3 5 30 29 31 28 27 29 26 25 27 24 23 25 22 21 23 20 19 21 18 17 19 16 15 17 14 13 15 12 11 13 10 9 11 8 7 9 6 5 7 34 33 35 32 31 33 30 29 31 28 27 29 26 25 27 24 23 25 22 21 23 20 19 21 18 17 19 16 15 17 14 13 15 12 11 13 10 9 11 8 7 9 6 5 7 28 27 29 26 25 27 24 23 25 22 21 23 20 19 21 18 17 19 16 15 17 14 13 15 12 11 13 10 9 11 8 7 9 22 21 23 20 19 21 18 17 19 16 15 17 14 13 15 26 25 27 24 23 25 22 21 23 20 19 21 18 17 19 16 15 17 14 13 15 12 11 13 10 9 11 24 23 25 22 21 23 20 19 21 18 17 19 26 25 27 28 27 29 36 35 37 34 33 35 32 31 33 30 29 31 28 27 29 26 25 27 24 23 25 22 21 23 20 19 21 18 17 19 16 15 17 14 13 15 12 11 13 10 9 11 8 7 9 16 15 17 14 13 15 12 11 13 26 25 27 24 23 25 28 27 29 26 25 27 32 31 33 30 29 31 28 27 29 36 35 37 34 33 35 32 31 33 30 29 31 28 27 29 26 25 27 24 23 25 22 21 23 20 19 21 18 17 19 16 15 17 14 13 15 12 11 13 10 9 11 20 19 21 18 17 19 26 25 27 24 23 25 22 21 23 20 19 21 18 17 19 16 15 17 14 13 15 12 11 13 34 33 35 32 31 33 30 29 31 28 27 29 26 25 27 24 23 25 22 21 23 20 19 21 18 17 19 16 15 17 14 13 15 16 15 17 18 17 19 20 19 21 36 35 37 34 33 35 32 31 33 30 29 31 28 27 29 26 25 27 24 23 25 22 21 23 20 19 21 18 17 19 16 15 17 30 29 31 28 27 29 26 25 27 24 23 25 22 21 23 20 19 21 18 17 19 32 31 33 30 29 31 28 27 29 26 25 27 24 23 25 22 21 23 36 35 37 34 33 35 32 31 33 30 29 31 28 27 29 26 25 27 24 23 25 22 21 23 20 19 21
[7.183968s] A=259 K=481 i=1.508533943e+09) 37 35 33 31 29 27 25 23 21 19 17 15 13 11 9 7 5 3 1 36 35 37 34 33 35 32 31 33 30 29 31 28 27 29 26 25 27 24 23 25 22 21 23 20 19 21 18 17 19 16 15 17 14 13 15 12 11 13 10 9 11 8 7 9 6 5 7 4 3 5 2 1 3 0 1 34 33 35 32 31 33 30 29 31 28 27 29 26 25 27 24 23 25 22 21 23 20 19 21 18 17 19 16 15 17 14 13 15 12 11 13 10 9 11 8 7 9 6 5 7 4 3 5 2 1 3 36 35 37 34 33 35 32 31 33 30 29 31 28 27 29 26 25 27 24 23 25 22 21 23 20 19 21 18 17 19 16 15 17 14 13 15 12 11 13 10 9 11 8 7 9 6 5 7 4 3 5 2 1 3 32 31 33 30 29 31 28 27 29 26 25 27 24 23 25 22 21 23 20 19 21 18 17 19 16 15 17 14 13 15 12 11 13 10 9 11 8 7 9 6 5 7 4 3 5 36 35 37 34 33 35 32 31 33 30 29 31 28 27 29 26 25 27 24 23 25 22 21 23 20 19 21 18 17 19 16 15 17 14 13 15 12 11 13 10 9 11 8 7 9 6 5 7 4 3 5 30 29 31 28 27 29 26 25 27 24 23 25 22 21 23 20 19 21 18 17 19 16 15 17 14 13 15 12 11 13 10 9 11 8 7 9 6 5 7 34 33 35 32 31 33 30 29 31 28 27 29 26 25 27 24 23 25 22 21 23 20 19 21 18 17 19 16 15 17 14 13 15 12 11 13 10 9 11 8 7 9 6 5 7 28 27 29 26 25 27 24 23 25 22 21 23 20 19 21 18 17 19 16 15 17 14 13 15 12 11 13 10 9 11 8 7 9 22 21 23 20 19 21 18 17 19 16 15 17 14 13 15 26 25 27 24 23 25 22 21 23 20 19 21 18 17 19 16 15 17 24 23 25 22 21 23 20 19 21 18 17 19 26 25 27 28 27 29 36 35 37 34 33 35 32 31 33 30 29 31 28 27 29 26 25 27 24 23 25 22 21 23 20 19 21 18 17 19 16 15 17 14 13 15 12 11 13 10 9 11 8 7 9 14 13 15 12 11 13 10 9 11 16 15 17 14 13 15 12 11 13 26 25 27 24 23 25 28 27 29 26 25 27 32 31 33 30 29 31 28 27 29 36 35 37 34 33 35 32 31 33 30 29 31 28 27 29 26 25 27 24 23 25 22 21 23 20 19 21 18 17 19 16 15 17 14 13 15 12 11 13 10 9 11 20 19 21 18 17 19 16 15 17 26 25 27 24 23 25 22 21 23 20 19 21 18 17 19 16 15 17 14 13 15 12 11 13 34 33 35 32 31 33 30 29 31 28 27 29 26 25 27 24 23 25 22 21 23 20 19 21 18 17 19 16 15 17 14 13 15 36 35 37 34 33 35 32 31 33 30 29 31 28 27 29 26 25 27 24 23 25 22 21 23 20 19 21 18 17 19 16 15 17 18 17 19 20 19 21 30 29 31 28 27 29 26 25 27 24 23 25 22 21 23 20 19 21 18 17 19 32 31 33 30 29 31 28 27 29 26 25 27 24 23 25 22 21 23 36 35 37 34 33 35 32 31 33 30 29 31 28 27 29 26 25 27 24 23 25 22 21 23 20 19 21
[7.298926s] A=259 K=481 i=1.532403912e+09) 37 35 33 31 29 27 25 23 21 19 17 15 13 11 9 7 5 3 1 36 35 37 34 33 35 32 31 33 30 29 31 28 27 29 26 25 27 24 23 25 22 21 23 20 19 21 18 17 19 16 15 17 14 13 15 12 11 13 10 9 11 8 7 9 6 5 7 4 3 5 2 1 3 0 1 34 33 35 32 31 33 30 29 31 28 27 29 26 25 27 24 23 25 22 21 23 20 19 21 18 17 19 16 15 17 14 13 15 12 11 13 10 9 11 8 7 9 6 5 7 4 3 5 2 1 3 36 35 37 34 33 35 32 31 33 30 29 31 28 27 29 26 25 27 24 23 25 22 21 23 20 19 21 18 17 19 16 15 17 14 13 15 12 11 13 10 9 11 8 7 9 6 5 7 4 3 5 2 1 3 32 31 33 30 29 31 28 27 29 26 25 27 24 23 25 22 21 23 20 19 21 18 17 19 16 15 17 14 13 15 12 11 13 10 9 11 8 7 9 6 5 7 4 3 5 36 35 37 34 33 35 32 31 33 30 29 31 28 27 29 26 25 27 24 23 25 22 21 23 20 19 21 18 17 19 16 15 17 14 13 15 12 11 13 10 9 11 8 7 9 6 5 7 4 3 5 30 29 31 28 27 29 26 25 27 24 23 25 22 21 23 20 19 21 18 17 19 16 15 17 14 13 15 12 11 13 10 9 11 8 7 9 6 5 7 34 33 35 32 31 33 30 29 31 28 27 29 26 25 27 24 23 25 22 21 23 20 19 21 18 17 19 16 15 17 14 13 15 12 11 13 10 9 11 8 7 9 6 5 7 28 27 29 26 25 27 24 23 25 22 21 23 20 19 21 18 17 19 16 15 17 14 13 15 12 11 13 10 9 11 8 7 9 22 21 23 20 19 21 18 17 19 16 15 17 14 13 15 24 23 25 22 21 23 20 19 21 18 17 19 16 15 17 14 13 15 12 11 13 10 9 11 26 25 27 24 23 25 22 21 23 20 19 21 18 17 19 16 15 17 14 13 15 12 11 13 26 25 27 24 23 25 28 27 29 26 25 27 30 29 31 28 27 29 32 31 33 30 29 31 32 31 33 34 33 35 36 35 37 34 33 35 32 31 33 30 29 31 28 27 29 26 25 27 24 23 25 22 21 23 20 19 21 18 17 19 16 15 17 14 13 15 12 11 13 10 9 11 8 7 9 10 9 11 24 23 25 26 25 27 28 27 29 26 25 27 24 23 25 22 21 23 20 19 21 18 17 19 16 15 17 14 13 15 12 11 13 20 19 21 18 17 19 16 15 17 24 23 25 22 21 23 30 29 31 32 31 33 30 29 31 28 27 29 26 25 27 24 23 25 28 27 29 26 25 27 34 33 35 32 31 33 30 29 31 28 27 29 32 31 33 30 29 31 36 35 37 34 33 35 32 31 33 30 29 31 28 27 29 26 25 27 24 23 25 22 21 23 20 19 21 18 17 19 16 15 17 14 13 15 12 11 13 10 9 11 22 21 23 20 19 21 18 17 19 16 15 17 14 13 15 18 17 19 20 19 21 24 23 25 22 21 23 26 25 27 24 23 25 22 21 23 20 19 21 18 17 19 16 15 17 18 17 19 20 19 21 28 27 29 26 25 27 24 23 25 22 21 23 24 23 25 30 29 31 28 27 29 26 25 27
[7.438773s] A=259 K=481 i=1.562575026e+09) 37 35 33 31 29 27 25 23 21 19 17 15 13 11 9 7 5 3 1 36 35 37 34 33 35 32 31 33 30 29 31 28 27 29 26 25 27 24 23 25 22 21 23 20 19 21 18 17 19 16 15 17 14 13 15 12 11 13 10 9 11 8 7 9 6 5 7 4 3 5 2 1 3 0 1 34 33 35 32 31 33 30 29 31 28 27 29 26 25 27 24 23 25 22 21 23 20 19 21 18 17 19 16 15 17 14 13 15 12 11 13 10 9 11 8 7 9 6 5 7 4 3 5 2 1 3 36 35 37 34 33 35 32 31 33 30 29 31 28 27 29 26 25 27 24 23 25 22 21 23 20 19 21 18 17 19 16 15 17 14 13 15 12 11 13 10 9 11 8 7 9 6 5 7 4 3 5 2 1 3 32 31 33 30 29 31 28 27 29 26 25 27 24 23 25 22 21 23 20 19 21 18 17 19 16 15 17 14 13 15 12 11 13 10 9 11 8 7 9 6 5 7 4 3 5 36 35 37 34 33 35 32 31 33 30 29 31 28 27 29 26 25 27 24 23 25 22 21 23 20 19 21 18 17 19 16 15 17 14 13 15 12 11 13 10 9 11 8 7 9 6 5 7 4 3 5 30 29 31 28 27 29 26 25 27 24 23 25 22 21 23 20 19 21 18 17 19 16 15 17 14 13 15 12 11 13 10 9 11 8 7 9 6 5 7 34 33 35 32 31 33 30 29 31 28 27 29 26 25 27 24 23 25 22 21 23 20 19 21 18 17 19 16 15 17 14 13 15 12 11 13 10 9 11 8 7 9 6 5 7 28 27 29 26 25 27 24 23 25 22 21 23 20 19 21 18 17 19 16 15 17 14 13 15 12 11 13 10 9 11 8 7 9 22 21 23 20 19 21 18 17 19 16 15 17 14 13 15 24 23 25 22 21 23 20 19 21 18 17 19 16 15 17 14 13 15 12 11 13 36 35 37 34 33 35 32 31 33 30 29 31 28 27 29 26 25 27 24 23 25 22 21 23 20 19 21 18 17 19 16 15 17 14 13 15 12 11 13 10 9 11 8 7 9 26 25 27 24 23 25 22 21 23 20 19 21 18 17 19 16 15 17 14 13 15 12 11 13 10 9 11 18 17 19 16 15 17 28 27 29 26 25 27 28 27 29 30 29 31 32 31 33 30 29 31 28 27 29 26 25 27 24 23 25 22 21 23 20 19 21 18 17 19 34 33 35 32 31 33 30 29 31 28 27 29 26 25 27 24 23 25 22 21 23 20 19 21 28 27 29 26 25 27 24 23 25 36 35 37 34 33 35 32 31 33 30 29 31 28 27 29 26 25 27 24 23 25 22 21 23 20 19 21 18 17 19 16 15 17 14 13 15 12 11 13 10 9 11 16 15 17 14 13 15 12 11 13 18 17 19 16 15 17 14 13 15 20 19 21 18 17 19 16 15 17 22 21 23 20 19 21 18 17 19 32 31 33 30 29 31 28 27 29 26 25 27 24 23 25 22 21 23 34 33 35 32 31 33 30 29 31 28 27 29 26 25 27 24 23 25 36 35 37 34 33 35 32 31 33 30 29 31 28 27 29 26 25 27 24 23 25 22 21 23 20 19 21 18 17 19 16 15 17 22 21 23 20 19 21 24 23 25 30 29 31 28 27 29 26 25 27
[7.466262s] A=259 K=481 i=1.568804685e+09) 37 35 33 31 29 27 25 23 21 19 17 15 13 11 9 7 5 3 1 36 35 37 34 33 35 32 31 33 30 29 31 28 27 29 26 25 27 24 23 25 22 21 23 20 19 21 18 17 19 16 15 17 14 13 15 12 11 13 10 9 11 8 7 9 6 5 7 4 3 5 2 1 3 0 1 34 33 35 32 31 33 30 29 31 28 27 29 26 25 27 24 23 25 22 21 23 20 19 21 18 17 19 16 15 17 14 13 15 12 11 13 10 9 11 8 7 9 6 5 7 4 3 5 2 1 3 36 35 37 34 33 35 32 31 33 30 29 31 28 27 29 26 25 27 24 23 25 22 21 23 20 19 21 18 17 19 16 15 17 14 13 15 12 11 13 10 9 11 8 7 9 6 5 7 4 3 5 2 1 3 32 31 33 30 29 31 28 27 29 26 25 27 24 23 25 22 21 23 20 19 21 18 17 19 16 15 17 14 13 15 12 11 13 10 9 11 8 7 9 6 5 7 4 3 5 36 35 37 34 33 35 32 31 33 30 29 31 28 27 29 26 25 27 24 23 25 22 21 23 20 19 21 18 17 19 16 15 17 14 13 15 12 11 13 10 9 11 8 7 9 6 5 7 4 3 5 30 29 31 28 27 29 26 25 27 24 23 25 22 21 23 20 19 21 18 17 19 16 15 17 14 13 15 12 11 13 10 9 11 8 7 9 6 5 7 34 33 35 32 31 33 30 29 31 28 27 29 26 25 27 24 23 25 22 21 23 20 19 21 18 17 19 16 15 17 14 13 15 12 11 13 10 9 11 8 7 9 6 5 7 28 27 29 26 25 27 24 23 25 22 21 23 20 19 21 18 17 19 16 15 17 14 13 15 12 11 13 10 9 11 8 7 9 22 21 23 20 19 21 18 17 19 16 15 17 14 13 15 24 23 25 22 21 23 20 19 21 18 17 19 16 15 17 14 13 15 12 11 13 26 25 27 24 23 25 22 21 23 20 19 21 18 17 19 16 15 17 14 13 15 12 11 13 10 9 11 30 29 31 28 27 29 26 25 27 24 23 25 28 27 29 26 25 27 32 31 33 30 29 31 28 27 29 34 33 35 32 31 33 30 29 31 36 35 37 34 33 35 32 31 33 30 29 31 28 27 29 26 25 27 24 23 25 22 21 23 20 19 21 18 17 19 16 15 17 14 13 15 12 11 13 10 9 11 8 7 9 18 17 19 16 15 17 26 25 27 24 23 25 22 21 23 20 19 21 18 17 19 28 27 29 26 25 27 24 23 25 22 21 23 20 19 21 28 27 29 30 29 31 34 33 35 32 31 33 36 35 37 34 33 35 32 31 33 30 29 31 28 27 29 26 25 27 24 23 25 22 21 23 20 19 21 18 17 19 16 15 17 14 13 15 12 11 13 10 9 11 16 15 17 14 13 15 12 11 13 18 17 19 16 15 17 14 13 15 20 19 21 18 17 19 16 15 17 22 21 23 20 19 21 18 17 19 28 27 29 26 25 27 24 23 25 30 29 31 28 27 29 26 25 27 24 23 25 22 21 23 20 19 21 18 17 19 16 15 17 22 21 23 24 23 25 32 31 33 30 29 31 28 27 29 26 25 27 24 23 25 22 21 23 20 19 21 36 35 37 34 33 35 32 31 33 30 29 31 28 27 29 26 25 27
[7.478617s] A=259 K=481 i=1.570816619e+09) 37 35 33 31 29 27 25 23 21 19 17 15 13 11 9 7 5 3 1 36 35 37 34 33 35 32 31 33 30 29 31 28 27 29 26 25 27 24 23 25 22 21 23 20 19 21 18 17 19 16 15 17 14 13 15 12 11 13 10 9 11 8 7 9 6 5 7 4 3 5 2 1 3 0 1 34 33 35 32 31 33 30 29 31 28 27 29 26 25 27 24 23 25 22 21 23 20 19 21 18 17 19 16 15 17 14 13 15 12 11 13 10 9 11 8 7 9 6 5 7 4 3 5 2 1 3 36 35 37 34 33 35 32 31 33 30 29 31 28 27 29 26 25 27 24 23 25 22 21 23 20 19 21 18 17 19 16 15 17 14 13 15 12 11 13 10 9 11 8 7 9 6 5 7 4 3 5 2 1 3 32 31 33 30 29 31 28 27 29 26 25 27 24 23 25 22 21 23 20 19 21 18 17 19 16 15 17 14 13 15 12 11 13 10 9 11 8 7 9 6 5 7 4 3 5 36 35 37 34 33 35 32 31 33 30 29 31 28 27 29 26 25 27 24 23 25 22 21 23 20 19 21 18 17 19 16 15 17 14 13 15 12 11 13 10 9 11 8 7 9 6 5 7 4 3 5 30 29 31 28 27 29 26 25 27 24 23 25 22 21 23 20 19 21 18 17 19 16 15 17 14 13 15 12 11 13 10 9 11 8 7 9 6 5 7 34 33 35 32 31 33 30 29 31 28 27 29 26 25 27 24 23 25 22 21 23 20 19 21 18 17 19 16 15 17 14 13 15 12 11 13 10 9 11 8 7 9 6 5 7 28 27 29 26 25 27 24 23 25 22 21 23 20 19 21 18 17 19 16 15 17 14 13 15 12 11 13 10 9 11 8 7 9 22 21 23 20 19 21 18 17 19 16 15 17 14 13 15 24 23 25 22 21 23 20 19 21 18 17 19 16 15 17 14 13 15 12 11 13 26 25 27 24 23 25 22 21 23 20 19 21 18 17 19 16 15 17 14 13 15 12 11 13 10 9 11 28 27 29 26 25 27 24 23 25 36 35 37 34 33 35 32 31 33 30 29 31 28 27 29 26 25 27 24 23 25 22 21 23 20 19 21 18 17 19 16 15 17 14 13 15 12 11 13 10 9 11 8 7 9 18 17 19 16 15 17 32 31 33 30 29 31 28 27 29 26 25 27 24 23 25 22 21 23 20 19 21 18 17 19 30 29 31 32 31 33 34 33 35 32 31 33 30 29 31 28 27 29 26 25 27 24 23 25 22 21 23 20 19 21 28 27 29 26 25 27 24 23 25 30 29 31 28 27 29 26 25 27 36 35 37 34 33 35 32 31 33 30 29 31 28 27 29 26 25 27 24 23 25 22 21 23 20 19 21 18 17 19 16 15 17 14 13 15 12 11 13 10 9 11 16 15 17 14 13 15 12 11 13 18 17 19 16 15 17 14 13 15 20 19 21 18 17 19 16 15 17 22 21 23 20 19 21 18 17 19 24 23 25 34 33 35 32 31 33 30 29 31 36 35 37 34 33 35 32 31 33 30 29 31 28 27 29 26 25 27 24 23 25 22 21 23 20 19 21 18 17 19 16 15 17 22 21 23 24 23 25 28 27 29 26 25 27 24 23 25 22 21 23 20 19 21 30 29 31 28 27 29 26 25 27
[7.507857s] A=259 K=481 i=1.574399374e+09) 37 35 33 31 29 27 25 23 21 19 17 15 13 11 9 7 5 3 1 36 35 37 34 33 35 32 31 33 30 29 31 28 27 29 26 25 27 24 23 25 22 21 23 20 19 21 18 17 19 16 15 17 14 13 15 12 11 13 10 9 11 8 7 9 6 5 7 4 3 5 2 1 3 0 1 34 33 35 32 31 33 30 29 31 28 27 29 26 25 27 24 23 25 22 21 23 20 19 21 18 17 19 16 15 17 14 13 15 12 11 13 10 9 11 8 7 9 6 5 7 4 3 5 2 1 3 36 35 37 34 33 35 32 31 33 30 29 31 28 27 29 26 25 27 24 23 25 22 21 23 20 19 21 18 17 19 16 15 17 14 13 15 12 11 13 10 9 11 8 7 9 6 5 7 4 3 5 2 1 3 32 31 33 30 29 31 28 27 29 26 25 27 24 23 25 22 21 23 20 19 21 18 17 19 16 15 17 14 13 15 12 11 13 10 9 11 8 7 9 6 5 7 4 3 5 36 35 37 34 33 35 32 31 33 30 29 31 28 27 29 26 25 27 24 23 25 22 21 23 20 19 21 18 17 19 16 15 17 14 13 15 12 11 13 10 9 11 8 7 9 6 5 7 4 3 5 30 29 31 28 27 29 26 25 27 24 23 25 22 21 23 20 19 21 18 17 19 16 15 17 14 13 15 12 11 13 10 9 11 8 7 9 6 5 7 34 33 35 32 31 33 30 29 31 28 27 29 26 25 27 24 23 25 22 21 23 20 19 21 18 17 19 16 15 17 14 13 15 12 11 13 10 9 11 8 7 9 6 5 7 28 27 29 26 25 27 24 23 25 22 21 23 20 19 21 18 17 19 16 15 17 14 13 15 12 11 13 10 9 11 8 7 9 22 21 23 20 19 21 18 17 19 16 15 17 14 13 15 24 23 25 22 21 23 20 19 21 18 17 19 16 15 17 14 13 15 12 11 13 26 25 27 24 23 25 22 21 23 20 19 21 18 17 19 16 15 17 14 13 15 12 11 13 10 9 11 28 27 29 26 25 27 24 23 25 28 27 29 26 25 27 32 31 33 30 29 31 28 27 29 30 29 31 32 31 33 36 35 37 34 33 35 32 31 33 30 29 31 28 27 29 26 25 27 24 23 25 22 21 23 20 19 21 18 17 19 16 15 17 14 13 15 12 11 13 10 9 11 8 7 9 36 35 37 34 33 35 32 31 33 30 29 31 28 27 29 26 25 27 24 23 25 22 21 23 20 19 21 18 17 19 16 15 17 14 13 15 12 11 13 10 9 11 20 19 21 18 17 19 16 15 17 26 25 27 24 23 25 22 21 23 20 19 21 18 17 19 16 15 17 14 13 15 12 11 13 28 27 29 26 25 27 24 23 25 30 29 31 28 27 29 26 25 27 32 31 33 30 29 31 28 27 29 34 33 35 32 31 33 30 29 31 28 27 29 26 25 27 24 23 25 22 21 23 20 19 21 18 17 19 16 15 17 14 13 15 18 17 19 22 21 23 20 19 21 24 23 25 22 21 23 26 25 27 24 23 25 36 35 37 34 33 35 32 31 33 30 29 31 28 27 29 26 25 27 24 23 25 22 21 23 20 19 21 18 17 19 16 15 17 18 17 19 20 19 21 22 21 23 24 23 25 26 25 27 30 29 31 28 27 29
[7.512719s] A=259 K=481 i=1.575889914e+09) 37 35 33 31 29 27 25 23 21 19 17 15 13 11 9 7 5 3 1 36 35 37 34 33 35 32 31 33 30 29 31 28 27 29 26 25 27 24 23 25 22 21 23 20 19 21 18 17 19 16 15 17 14 13 15 12 11 13 10 9 11 8 7 9 6 5 7 4 3 5 2 1 3 0 1 34 33 35 32 31 33 30 29 31 28 27 29 26 25 27 24 23 25 22 21 23 20 19 21 18 17 19 16 15 17 14 13 15 12 11 13 10 9 11 8 7 9 6 5 7 4 3 5 2 1 3 36 35 37 34 33 35 32 31 33 30 29 31 28 27 29 26 25 27 24 23 25 22 21 23 20 19 21 18 17 19 16 15 17 14 13 15 12 11 13 10 9 11 8 7 9 6 5 7 4 3 5 2 1 3 32 31 33 30 29 31 28 27 29 26 25 27 24 23 25 22 21 23 20 19 21 18 17 19 16 15 17 14 13 15 12 11 13 10 9 11 8 7 9 6 5 7 4 3 5 36 35 37 34 33 35 32 31 33 30 29 31 28 27 29 26 25 27 24 23 25 22 21 23 20 19 21 18 17 19 16 15 17 14 13 15 12 11 13 10 9 11 8 7 9 6 5 7 4 3 5 30 29 31 28 27 29 26 25 27 24 23 25 22 21 23 20 19 21 18 17 19 16 15 17 14 13 15 12 11 13 10 9 11 8 7 9 6 5 7 34 33 35 32 31 33 30 29 31 28 27 29 26 25 27 24 23 25 22 21 23 20 19 21 18 17 19 16 15 17 14 13 15 12 11 13 10 9 11 8 7 9 6 5 7 28 27 29 26 25 27 24 23 25 22 21 23 20 19 21 18 17 19 16 15 17 14 13 15 12 11 13 10 9 11 8 7 9 22 21 23 20 19 21 18 17 19 16 15 17 14 13 15 24 23 25 22 21 23 20 19 21 18 17 19 16 15 17 14 13 15 12 11 13 26 25 27 24 23 25 22 21 23 20 19 21 18 17 19 16 15 17 14 13 15 12 11 13 10 9 11 28 27 29 26 25 27 24 23 25 26 25 27 28 27 29 30 29 31 32 31 33 30 29 31 28 27 29 34 33 35 36 35 37 34 33 35 32 31 33 30 29 31 28 27 29 26 25 27 24 23 25 22 21 23 20 19 21 18 17 19 16 15 17 14 13 15 12 11 13 10 9 11 8 7 9 18 17 19 16 15 17 26 25 27 24 23 25 22 21 23 20 19 21 18 17 19 32 31 33 30 29 31 28 27 29 26 25 27 24 23 25 22 21 23 20 19 21 28 27 29 26 25 27 24 23 25 30 29 31 28 27 29 26 25 27 34 33 35 32 31 33 30 29 31 28 27 29 34 33 35 32 31 33 30 29 31 36 35 37 34 33 35 32 31 33 30 29 31 28 27 29 26 25 27 24 23 25 22 21 23 20 19 21 18 17 19 16 15 17 14 13 15 12 11 13 10 9 11 16 15 17 14 13 15 12 11 13 18 17 19 16 15 17 14 13 15 20 19 21 18 17 19 16 15 17 22 21 23 20 19 21 18 17 19 24 23 25 26 25 27 24 23 25 22 21 23 20 19 21 18 17 19 16 15 17 22 21 23 24 23 25 28 27 29 26 25 27 24 23 25 22 21 23 20 19 21 30 29 31 28 27 29 26 25 27
[7.520137s] A=259 K=481 i=1.577801085e+09) 37 35 33 31 29 27 25 23 21 19 17 15 13 11 9 7 5 3 1 36 35 37 34 33 35 32 31 33 30 29 31 28 27 29 26 25 27 24 23 25 22 21 23 20 19 21 18 17 19 16 15 17 14 13 15 12 11 13 10 9 11 8 7 9 6 5 7 4 3 5 2 1 3 0 1 34 33 35 32 31 33 30 29 31 28 27 29 26 25 27 24 23 25 22 21 23 20 19 21 18 17 19 16 15 17 14 13 15 12 11 13 10 9 11 8 7 9 6 5 7 4 3 5 2 1 3 36 35 37 34 33 35 32 31 33 30 29 31 28 27 29 26 25 27 24 23 25 22 21 23 20 19 21 18 17 19 16 15 17 14 13 15 12 11 13 10 9 11 8 7 9 6 5 7 4 3 5 2 1 3 32 31 33 30 29 31 28 27 29 26 25 27 24 23 25 22 21 23 20 19 21 18 17 19 16 15 17 14 13 15 12 11 13 10 9 11 8 7 9 6 5 7 4 3 5 36 35 37 34 33 35 32 31 33 30 29 31 28 27 29 26 25 27 24 23 25 22 21 23 20 19 21 18 17 19 16 15 17 14 13 15 12 11 13 10 9 11 8 7 9 6 5 7 4 3 5 30 29 31 28 27 29 26 25 27 24 23 25 22 21 23 20 19 21 18 17 19 16 15 17 14 13 15 12 11 13 10 9 11 8 7 9 6 5 7 34 33 35 32 31 33 30 29 31 28 27 29 26 25 27 24 23 25 22 21 23 20 19 21 18 17 19 16 15 17 14 13 15 12 11 13 10 9 11 8 7 9 6 5 7 28 27 29 26 25 27 24 23 25 22 21 23 20 19 21 18 17 19 16 15 17 14 13 15 12 11 13 10 9 11 8 7 9 22 21 23 20 19 21 18 17 19 16 15 17 14 13 15 24 23 25 22 21 23 20 19 21 18 17 19 16 15 17 14 13 15 12 11 13 26 25 27 24 23 25 22 21 23 20 19 21 18 17 19 16 15 17 14 13 15 12 11 13 10 9 11 28 27 29 36 35 37 34 33 35 32 31 33 30 29 31 28 27 29 26 25 27 24 23 25 22 21 23 20 19 21 18 17 19 16 15 17 14 13 15 12 11 13 10 9 11 8 7 9 26 25 27 28 27 29 30 29 31 32 31 33 34 33 35 36 35 37 34 33 35 32 31 33 30 29 31 28 27 29 26 25 27 24 23 25 22 21 23 20 19 21 18 17 19 16 15 17 14 13 15 12 11 13 10 9 11 20 19 21 18 17 19 16 15 17 30 29 31 28 27 29 26 25 27 24 23 25 22 21 23 20 19 21 18 17 19 16 15 17 14 13 15 12 11 13 28 27 29 26 25 27 24 23 25 32 31 33 30 29 31 28 27 29 26 25 27 24 23 25 22 21 23 20 19 21 18 17 19 16 15 17 14 13 15 18 17 19 22 21 23 20 19 21 34 33 35 32 31 33 30 29 31 28 27 29 26 25 27 24 23 25 22 21 23 34 33 35 32 31 33 30 29 31 28 27 29 26 25 27 24 23 25 36 35 37 34 33 35 32 31 33 30 29 31 28 27 29 26 25 27 24 23 25 22 21 23 20 19 21 18 17 19 16 15 17 18 17 19 20 19 21 22 21 23 24 23 25 26 25 27 30 29 31 28 27 29
[7.566829s] A=259 K=481 i=1.587884736e+09) 37 35 33 31 29 27 25 23 21 19 17 15 13 11 9 7 5 3 1 36 35 37 34 33 35 32 31 33 30 29 31 28 27 29 26 25 27 24 23 25 22 21 23 20 19 21 18 17 19 16 15 17 14 13 15 12 11 13 10 9 11 8 7 9 6 5 7 4 3 5 2 1 3 0 1 34 33 35 32 31 33 30 29 31 28 27 29 26 25 27 24 23 25 22 21 23 20 19 21 18 17 19 16 15 17 14 13 15 12 11 13 10 9 11 8 7 9 6 5 7 4 3 5 2 1 3 36 35 37 34 33 35 32 31 33 30 29 31 28 27 29 26 25 27 24 23 25 22 21 23 20 19 21 18 17 19 16 15 17 14 13 15 12 11 13 10 9 11 8 7 9 6 5 7 4 3 5 2 1 3 32 31 33 30 29 31 28 27 29 26 25 27 24 23 25 22 21 23 20 19 21 18 17 19 16 15 17 14 13 15 12 11 13 10 9 11 8 7 9 6 5 7 4 3 5 36 35 37 34 33 35 32 31 33 30 29 31 28 27 29 26 25 27 24 23 25 22 21 23 20 19 21 18 17 19 16 15 17 14 13 15 12 11 13 10 9 11 8 7 9 6 5 7 4 3 5 30 29 31 28 27 29 26 25 27 24 23 25 22 21 23 20 19 21 18 17 19 16 15 17 14 13 15 12 11 13 10 9 11 8 7 9 6 5 7 34 33 35 32 31 33 30 29 31 28 27 29 26 25 27 24 23 25 22 21 23 20 19 21 18 17 19 16 15 17 14 13 15 12 11 13 10 9 11 8 7 9 6 5 7 28 27 29 26 25 27 24 23 25 22 21 23 20 19 21 18 17 19 16 15 17 14 13 15 12 11 13 10 9 11 8 7 9 22 21 23 20 19 21 18 17 19 16 15 17 14 13 15 24 23 25 22 21 23 20 19 21 18 17 19 16 15 17 14 13 15 12 11 13 26 25 27 24 23 25 22 21 23 20 19 21 18 17 19 16 15 17 14 13 15 12 11 13 10 9 11 24 23 25 26 25 27 28 27 29 30 29 31 32 31 33 30 29 31 28 27 29 26 25 27 34 33 35 36 35 37 34 33 35 32 31 33 30 29 31 28 27 29 26 25 27 24 23 25 22 21 23 20 19 21 18 17 19 16 15 17 14 13 15 12 11 13 10 9 11 8 7 9 18 17 19 16 15 17 24 23 25 22 21 23 20 19 21 18 17 19 26 25 27 28 27 29 26 25 27 24 23 25 30 29 31 32 31 33 30 29 31 28 27 29 26 25 27 24 23 25 22 21 23 20 19 21 34 33 35 32 31 33 36 35 37 34 33 35 32 31 33 30 29 31 28 27 29 26 25 27 24 23 25 22 21 23 20 19 21 18 17 19 16 15 17 14 13 15 12 11 13 10 9 11 16 15 17 14 13 15 12 11 13 18 17 19 16 15 17 14 13 15 20 19 21 18 17 19 16 15 17 22 21 23 20 19 21 18 17 19 30 29 31 28 27 29 26 25 27 24 23 25 22 21 23 20 19 21 18 17 19 16 15 17 28 27 29 26 25 27 24 23 25 22 21 23 24 23 25 32 31 33 30 29 31 28 27 29 26 25 27 34 33 35 32 31 33 30 29 31 28 27 29 26 25 27 24 23 25 22 21 23 20 19 21
[7.567930s] A=259 K=481 i=1.588049125e+09) 37 35 33 31 29 27 25 23 21 19 17 15 13 11 9 7 5 3 1 36 35 37 34 33 35 32 31 33 30 29 31 28 27 29 26 25 27 24 23 25 22 21 23 20 19 21 18 17 19 16 15 17 14 13 15 12 11 13 10 9 11 8 7 9 6 5 7 4 3 5 2 1 3 0 1 34 33 35 32 31 33 30 29 31 28 27 29 26 25 27 24 23 25 22 21 23 20 19 21 18 17 19 16 15 17 14 13 15 12 11 13 10 9 11 8 7 9 6 5 7 4 3 5 2 1 3 36 35 37 34 33 35 32 31 33 30 29 31 28 27 29 26 25 27 24 23 25 22 21 23 20 19 21 18 17 19 16 15 17 14 13 15 12 11 13 10 9 11 8 7 9 6 5 7 4 3 5 2 1 3 32 31 33 30 29 31 28 27 29 26 25 27 24 23 25 22 21 23 20 19 21 18 17 19 16 15 17 14 13 15 12 11 13 10 9 11 8 7 9 6 5 7 4 3 5 36 35 37 34 33 35 32 31 33 30 29 31 28 27 29 26 25 27 24 23 25 22 21 23 20 19 21 18 17 19 16 15 17 14 13 15 12 11 13 10 9 11 8 7 9 6 5 7 4 3 5 30 29 31 28 27 29 26 25 27 24 23 25 22 21 23 20 19 21 18 17 19 16 15 17 14 13 15 12 11 13 10 9 11 8 7 9 6 5 7 34 33 35 32 31 33 30 29 31 28 27 29 26 25 27 24 23 25 22 21 23 20 19 21 18 17 19 16 15 17 14 13 15 12 11 13 10 9 11 8 7 9 6 5 7 28 27 29 26 25 27 24 23 25 22 21 23 20 19 21 18 17 19 16 15 17 14 13 15 12 11 13 10 9 11 8 7 9 22 21 23 20 19 21 18 17 19 16 15 17 14 13 15 24 23 25 22 21 23 20 19 21 18 17 19 16 15 17 14 13 15 12 11 13 26 25 27 24 23 25 22 21 23 20 19 21 18 17 19 16 15 17 14 13 15 12 11 13 10 9 11 24 23 25 26 25 27 28 27 29 30 29 31 32 31 33 34 33 35 36 35 37 34 33 35 32 31 33 30 29 31 28 27 29 26 25 27 24 23 25 22 21 23 20 19 21 18 17 19 16 15 17 14 13 15 12 11 13 10 9 11 8 7 9 18 17 19 16 15 17 30 29 31 28 27 29 26 25 27 24 23 25 22 21 23 20 19 21 18 17 19 26 25 27 28 27 29 30 29 31 32 31 33 30 29 31 28 27 29 26 25 27 24 23 25 22 21 23 20 19 21 26 25 27 24 23 25 34 33 35 32 31 33 36 35 37 34 33 35 32 31 33 30 29 31 28 27 29 26 25 27 24 23 25 22 21 23 20 19 21 18 17 19 16 15 17 14 13 15 12 11 13 10 9 11 16 15 17 14 13 15 12 11 13 18 17 19 16 15 17 14 13 15 20 19 21 18 17 19 16 15 17 22 21 23 20 19 21 18 17 19 30 29 31 28 27 29 26 25 27 24 23 25 22 21 23 20 19 21 18 17 19 16 15 17 32 31 33 30 29 31 28 27 29 26 25 27 24 23 25 22 21 23 24 23 25 28 27 29 26 25 27 34 33 35 32 31 33 30 29 31 28 27 29 26 25 27 24 23 25 22 21 23 20 19 21
[7.752839s] A=259 K=481 i=1.628343413e+09) 37 35 33 31 29 27 25 23 21 19 17 15 13 11 9 7 5 3 1 36 35 37 34 33 35 32 31 33 30 29 31 28 27 29 26 25 27 24 23 25 22 21 23 20 19 21 18 17 19 16 15 17 14 13 15 12 11 13 10 9 11 8 7 9 6 5 7 4 3 5 2 1 3 0 1 34 33 35 32 31 33 30 29 31 28 27 29 26 25 27 24 23 25 22 21 23 20 19 21 18 17 19 16 15 17 14 13 15 12 11 13 10 9 11 8 7 9 6 5 7 4 3 5 2 1 3 36 35 37 34 33 35 32 31 33 30 29 31 28 27 29 26 25 27 24 23 25 22 21 23 20 19 21 18 17 19 16 15 17 14 13 15 12 11 13 10 9 11 8 7 9 6 5 7 4 3 5 2 1 3 32 31 33 30 29 31 28 27 29 26 25 27 24 23 25 22 21 23 20 19 21 18 17 19 16 15 17 14 13 15 12 11 13 10 9 11 8 7 9 6 5 7 4 3 5 36 35 37 34 33 35 32 31 33 30 29 31 28 27 29 26 25 27 24 23 25 22 21 23 20 19 21 18 17 19 16 15 17 14 13 15 12 11 13 10 9 11 8 7 9 6 5 7 4 3 5 30 29 31 28 27 29 26 25 27 24 23 25 22 21 23 20 19 21 18 17 19 16 15 17 14 13 15 12 11 13 10 9 11 8 7 9 6 5 7 34 33 35 32 31 33 30 29 31 28 27 29 26 25 27 24 23 25 22 21 23 20 19 21 18 17 19 16 15 17 14 13 15 12 11 13 10 9 11 8 7 9 6 5 7 28 27 29 26 25 27 24 23 25 22 21 23 20 19 21 18 17 19 16 15 17 14 13 15 12 11 13 10 9 11 8 7 9 22 21 23 20 19 21 18 17 19 16 15 17 14 13 15 24 23 25 22 21 23 20 19 21 18 17 19 16 15 17 14 13 15 12 11 13 26 25 27 24 23 25 22 21 23 20 19 21 18 17 19 26 25 27 24 23 25 28 27 29 36 35 37 34 33 35 32 31 33 30 29 31 28 27 29 26 25 27 24 23 25 22 21 23 20 19 21 18 17 19 16 15 17 14 13 15 12 11 13 10 9 11 8 7 9 16 15 17 14 13 15 12 11 13 10 9 11 18 17 19 16 15 17 32 31 33 30 29 31 28 27 29 26 25 27 24 23 25 22 21 23 20 19 21 18 17 19 26 25 27 30 29 31 28 27 29 32 31 33 34 33 35 36 35 37 34 33 35 32 31 33 30 29 31 28 27 29 26 25 27 24 23 25 22 21 23 20 19 21 18 17 19 16 15 17 14 13 15 12 11 13 10 9 11 16 15 17 14 13 15 12 11 13 26 25 27 24 23 25 32 31 33 30 29 31 28 27 29 26 25 27 24 23 25 22 21 23 20 19 21 18 17 19 16 15 17 14 13 15 20 19 21 18 17 19 16 15 17 22 21 23 20 19 21 18 17 19 24 23 25 30 29 31 28 27 29 26 25 27 34 33 35 32 31 33 30 29 31 28 27 29 36 35 37 34 33 35 32 31 33 30 29 31 28 27 29 26 25 27 24 23 25 22 21 23 20 19 21 18 17 19 16 15 17 24 23 25 22 21 23 26 25 27 24 23 25 22 21 23 20 19 21 28 27 29 26 25 27
[7.752952s] A=259 K=481 i=1.628361301e+09) 37 35 33 31 29 27 25 23 21 19 17 15 13 11 9 7 5 3 1 36 35 37 34 33 35 32 31 33 30 29 31 28 27 29 26 25 27 24 23 25 22 21 23 20 19 21 18 17 19 16 15 17 14 13 15 12 11 13 10 9 11 8 7 9 6 5 7 4 3 5 2 1 3 0 1 34 33 35 32 31 33 30 29 31 28 27 29 26 25 27 24 23 25 22 21 23 20 19 21 18 17 19 16 15 17 14 13 15 12 11 13 10 9 11 8 7 9 6 5 7 4 3 5 2 1 3 36 35 37 34 33 35 32 31 33 30 29 31 28 27 29 26 25 27 24 23 25 22 21 23 20 19 21 18 17 19 16 15 17 14 13 15 12 11 13 10 9 11 8 7 9 6 5 7 4 3 5 2 1 3 32 31 33 30 29 31 28 27 29 26 25 27 24 23 25 22 21 23 20 19 21 18 17 19 16 15 17 14 13 15 12 11 13 10 9 11 8 7 9 6 5 7 4 3 5 36 35 37 34 33 35 32 31 33 30 29 31 28 27 29 26 25 27 24 23 25 22 21 23 20 19 21 18 17 19 16 15 17 14 13 15 12 11 13 10 9 11 8 7 9 6 5 7 4 3 5 30 29 31 28 27 29 26 25 27 24 23 25 22 21 23 20 19 21 18 17 19 16 15 17 14 13 15 12 11 13 10 9 11 8 7 9 6 5 7 34 33 35 32 31 33 30 29 31 28 27 29 26 25 27 24 23 25 22 21 23 20 19 21 18 17 19 16 15 17 14 13 15 12 11 13 10 9 11 8 7 9 6 5 7 28 27 29 26 25 27 24 23 25 22 21 23 20 19 21 18 17 19 16 15 17 14 13 15 12 11 13 10 9 11 8 7 9 22 21 23 20 19 21 18 17 19 16 15 17 14 13 15 24 23 25 22 21 23 20 19 21 18 17 19 16 15 17 14 13 15 12 11 13 26 25 27 24 23 25 22 21 23 20 19 21 18 17 19 26 25 27 24 23 25 28 27 29 36 35 37 34 33 35 32 31 33 30 29 31 28 27 29 26 25 27 24 23 25 22 21 23 20 19 21 18 17 19 16 15 17 14 13 15 12 11 13 10 9 11 8 7 9 16 15 17 14 13 15 12 11 13 10 9 11 18 17 19 32 31 33 30 29 31 28 27 29 26 25 27 24 23 25 22 21 23 20 19 21 26 25 27 30 29 31 28 27 29 32 31 33 34 33 35 36 35 37 34 33 35 32 31 33 30 29 31 28 27 29 26 25 27 24 23 25 22 21 23 20 19 21 18 17 19 16 15 17 14 13 15 12 11 13 10 9 11 18 17 19 16 15 17 14 13 15 12 11 13 20 19 21 18 17 19 16 15 17 26 25 27 24 23 25 32 31 33 30 29 31 28 27 29 26 25 27 24 23 25 22 21 23 20 19 21 18 17 19 16 15 17 14 13 15 22 21 23 20 19 21 24 23 25 30 29 31 28 27 29 26 25 27 34 33 35 32 31 33 30 29 31 28 27 29 36 35 37 34 33 35 32 31 33 30 29 31 28 27 29 26 25 27 24 23 25 22 21 23 20 19 21 18 17 19 16 15 17 18 17 19 20 19 21 24 23 25 22 21 23 26 25 27 24 23 25 22 21 23 20 19 21 28 27 29 26 25 27
[7.789696s] A=259 K=481 i=1.634729663e+09) 37 35 33 31 29 27 25 23 21 19 17 15 13 11 9 7 5 3 1 36 35 37 34 33 35 32 31 33 30 29 31 28 27 29 26 25 27 24 23 25 22 21 23 20 19 21 18 17 19 16 15 17 14 13 15 12 11 13 10 9 11 8 7 9 6 5 7 4 3 5 2 1 3 0 1 34 33 35 32 31 33 30 29 31 28 27 29 26 25 27 24 23 25 22 21 23 20 19 21 18 17 19 16 15 17 14 13 15 12 11 13 10 9 11 8 7 9 6 5 7 4 3 5 2 1 3 36 35 37 34 33 35 32 31 33 30 29 31 28 27 29 26 25 27 24 23 25 22 21 23 20 19 21 18 17 19 16 15 17 14 13 15 12 11 13 10 9 11 8 7 9 6 5 7 4 3 5 2 1 3 32 31 33 30 29 31 28 27 29 26 25 27 24 23 25 22 21 23 20 19 21 18 17 19 16 15 17 14 13 15 12 11 13 10 9 11 8 7 9 6 5 7 4 3 5 36 35 37 34 33 35 32 31 33 30 29 31 28 27 29 26 25 27 24 23 25 22 21 23 20 19 21 18 17 19 16 15 17 14 13 15 12 11 13 10 9 11 8 7 9 6 5 7 4 3 5 30 29 31 28 27 29 26 25 27 24 23 25 22 21 23 20 19 21 18 17 19 16 15 17 14 13 15 12 11 13 10 9 11 8 7 9 6 5 7 34 33 35 32 31 33 30 29 31 28 27 29 26 25 27 24 23 25 22 21 23 20 19 21 18 17 19 16 15 17 14 13 15 12 11 13 10 9 11 8 7 9 6 5 7 28 27 29 26 25 27 24 23 25 22 21 23 20 19 21 18 17 19 16 15 17 14 13 15 12 11 13 10 9 11 8 7 9 22 21 23 20 19 21 18 17 19 16 15 17 14 13 15 24 23 25 22 21 23 20 19 21 18 17 19 16 15 17 14 13 15 12 11 13 26 25 27 24 23 25 22 21 23 20 19 21 18 17 19 24 23 25 26 25 27 28 27 29 36 35 37 34 33 35 32 31 33 30 29 31 28 27 29 26 25 27 24 23 25 22 21 23 20 19 21 18 17 19 16 15 17 14 13 15 12 11 13 10 9 11 8 7 9 16 15 17 14 13 15 12 11 13 10 9 11 18 17 19 16 15 17 32 31 33 30 29 31 28 27 29 26 25 27 24 23 25 22 21 23 20 19 21 18 17 19 30 29 31 28 27 29 26 25 27 24 23 25 34 33 35 32 31 33 36 35 37 34 33 35 32 31 33 30 29 31 28 27 29 26 25 27 24 23 25 22 21 23 20 19 21 18 17 19 16 15 17 14 13 15 12 11 13 10 9 11 16 15 17 14 13 15 12 11 13 30 29 31 28 27 29 26 25 27 24 23 25 22 21 23 20 19 21 18 17 19 16 15 17 14 13 15 20 19 21 18 17 19 16 15 17 22 21 23 20 19 21 18 17 19 26 25 27 24 23 25 32 31 33 30 29 31 28 27 29 26 25 27 34 33 35 32 31 33 30 29 31 28 27 29 36 35 37 34 33 35 32 31 33 30 29 31 28 27 29 26 25 27 24 23 25 22 21 23 20 19 21 18 17 19 16 15 17 24 23 25 22 21 23 26 25 27 24 23 25 22 21 23 20 19 21 28 27 29 26 25 27
[7.789840s] A=259 K=481 i=1.634753448e+09) 37 35 33 31 29 27 25 23 21 19 17 15 13 11 9 7 5 3 1 36 35 37 34 33 35 32 31 33 30 29 31 28 27 29 26 25 27 24 23 25 22 21 23 20 19 21 18 17 19 16 15 17 14 13 15 12 11 13 10 9 11 8 7 9 6 5 7 4 3 5 2 1 3 0 1 34 33 35 32 31 33 30 29 31 28 27 29 26 25 27 24 23 25 22 21 23 20 19 21 18 17 19 16 15 17 14 13 15 12 11 13 10 9 11 8 7 9 6 5 7 4 3 5 2 1 3 36 35 37 34 33 35 32 31 33 30 29 31 28 27 29 26 25 27 24 23 25 22 21 23 20 19 21 18 17 19 16 15 17 14 13 15 12 11 13 10 9 11 8 7 9 6 5 7 4 3 5 2 1 3 32 31 33 30 29 31 28 27 29 26 25 27 24 23 25 22 21 23 20 19 21 18 17 19 16 15 17 14 13 15 12 11 13 10 9 11 8 7 9 6 5 7 4 3 5 36 35 37 34 33 35 32 31 33 30 29 31 28 27 29 26 25 27 24 23 25 22 21 23 20 19 21 18 17 19 16 15 17 14 13 15 12 11 13 10 9 11 8 7 9 6 5 7 4 3 5 30 29 31 28 27 29 26 25 27 24 23 25 22 21 23 20 19 21 18 17 19 16 15 17 14 13 15 12 11 13 10 9 11 8 7 9 6 5 7 34 33 35 32 31 33 30 29 31 28 27 29 26 25 27 24 23 25 22 21 23 20 19 21 18 17 19 16 15 17 14 13 15 12 11 13 10 9 11 8 7 9 6 5 7 28 27 29 26 25 27 24 23 25 22 21 23 20 19 21 18 17 19 16 15 17 14 13 15 12 11 13 10 9 11 8 7 9 22 21 23 20 19 21 18 17 19 16 15 17 14 13 15 24 23 25 22 21 23 20 19 21 18 17 19 16 15 17 14 13 15 12 11 13 26 25 27 24 23 25 22 21 23 20 19 21 18 17 19 24 23 25 26 25 27 28 27 29 36 35 37 34 33 35 32 31 33 30 29 31 28 27 29 26 25 27 24 23 25 22 21 23 20 19 21 18 17 19 16 15 17 14 13 15 12 11 13 10 9 11 8 7 9 16 15 17 14 13 15 12 11 13 10 9 11 18 17 19 32 31 33 30 29 31 28 27 29 26 25 27 24 23 25 22 21 23 20 19 21 30 29 31 28 27 29 26 25 27 24 23 25 34 33 35 32 31 33 36 35 37 34 33 35 32 31 33 30 29 31 28 27 29 26 25 27 24 23 25 22 21 23 20 19 21 18 17 19 16 15 17 14 13 15 12 11 13 10 9 11 18 17 19 16 15 17 14 13 15 12 11 13 20 19 21 18 17 19 16 15 17 30 29 31 28 27 29 26 25 27 24 23 25 22 21 23 20 19 21 18 17 19 16 15 17 14 13 15 22 21 23 20 19 21 26 25 27 24 23 25 32 31 33 30 29 31 28 27 29 26 25 27 34 33 35 32 31 33 30 29 31 28 27 29 36 35 37 34 33 35 32 31 33 30 29 31 28 27 29 26 25 27 24 23 25 22 21 23 20 19 21 18 17 19 16 15 17 18 17 19 20 19 21 24 23 25 22 21 23 26 25 27 24 23 25 22 21 23 20 19 21 28 27 29 26 25 27
[7.798432s] A=259 K=481 i=1.637229964e+09) 37 35 33 31 29 27 25 23 21 19 17 15 13 11 9 7 5 3 1 36 35 37 34 33 35 32 31 33 30 29 31 28 27 29 26 25 27 24 23 25 22 21 23 20 19 21 18 17 19 16 15 17 14 13 15 12 11 13 10 9 11 8 7 9 6 5 7 4 3 5 2 1 3 0 1 34 33 35 32 31 33 30 29 31 28 27 29 26 25 27 24 23 25 22 21 23 20 19 21 18 17 19 16 15 17 14 13 15 12 11 13 10 9 11 8 7 9 6 5 7 4 3 5 2 1 3 36 35 37 34 33 35 32 31 33 30 29 31 28 27 29 26 25 27 24 23 25 22 21 23 20 19 21 18 17 19 16 15 17 14 13 15 12 11 13 10 9 11 8 7 9 6 5 7 4 3 5 2 1 3 32 31 33 30 29 31 28 27 29 26 25 27 24 23 25 22 21 23 20 19 21 18 17 19 16 15 17 14 13 15 12 11 13 10 9 11 8 7 9 6 5 7 4 3 5 36 35 37 34 33 35 32 31 33 30 29 31 28 27 29 26 25 27 24 23 25 22 21 23 20 19 21 18 17 19 16 15 17 14 13 15 12 11 13 10 9 11 8 7 9 6 5 7 4 3 5 30 29 31 28 27 29 26 25 27 24 23 25 22 21 23 20 19 21 18 17 19 16 15 17 14 13 15 12 11 13 10 9 11 8 7 9 6 5 7 34 33 35 32 31 33 30 29 31 28 27 29 26 25 27 24 23 25 22 21 23 20 19 21 18 17 19 16 15 17 14 13 15 12 11 13 10 9 11 8 7 9 6 5 7 28 27 29 26 25 27 24 23 25 22 21 23 20 19 21 18 17 19 16 15 17 14 13 15 12 11 13 10 9 11 8 7 9 22 21 23 20 19 21 18 17 19 16 15 17 14 13 15 24 23 25 22 21 23 20 19 21 18 17 19 16 15 17 14 13 15 12 11 13 26 25 27 36 35 37 34 33 35 32 31 33 30 29 31 28 27 29 26 25 27 24 23 25 22 21 23 20 19 21 18 17 19 16 15 17 14 13 15 12 11 13 10 9 11 8 7 9 24 23 25 22 21 23 20 19 21 18 17 19 16 15 17 14 13 15 12 11 13 10 9 11 26 25 27 28 27 29 26 25 27 30 29 31 32 31 33 30 29 31 28 27 29 34 33 35 36 35 37 34 33 35 32 31 33 30 29 31 28 27 29 26 25 27 24 23 25 22 21 23 20 19 21 18 17 19 16 15 17 14 13 15 12 11 13 10 9 11 20 19 21 18 17 19 16 15 17 26 25 27 24 23 25 22 21 23 20 19 21 18 17 19 16 15 17 14 13 15 12 11 13 28 27 29 26 25 27 24 23 25 32 31 33 30 29 31 28 27 29 26 25 27 24 23 25 22 21 23 20 19 21 18 17 19 16 15 17 14 13 15 18 17 19 22 21 23 20 19 21 34 33 35 32 31 33 30 29 31 28 27 29 26 25 27 24 23 25 22 21 23 34 33 35 32 31 33 30 29 31 28 27 29 26 25 27 24 23 25 36 35 37 34 33 35 32 31 33 30 29 31 28 27 29 26 25 27 24 23 25 22 21 23 20 19 21 18 17 19 16 15 17 18 17 19 20 19 21 22 21 23 24 23 25 30 29 31 28 27 29 26 25 27
[7.902960s] A=259 K=481 i=1.660363321e+09) 37 35 33 31 29 27 25 23 21 19 17 15 13 11 9 7 5 3 1 36 35 37 34 33 35 32 31 33 30 29 31 28 27 29 26 25 27 24 23 25 22 21 23 20 19 21 18 17 19 16 15 17 14 13 15 12 11 13 10 9 11 8 7 9 6 5 7 4 3 5 2 1 3 0 1 34 33 35 32 31 33 30 29 31 28 27 29 26 25 27 24 23 25 22 21 23 20 19 21 18 17 19 16 15 17 14 13 15 12 11 13 10 9 11 8 7 9 6 5 7 4 3 5 2 1 3 36 35 37 34 33 35 32 31 33 30 29 31 28 27 29 26 25 27 24 23 25 22 21 23 20 19 21 18 17 19 16 15 17 14 13 15 12 11 13 10 9 11 8 7 9 6 5 7 4 3 5 2 1 3 32 31 33 30 29 31 28 27 29 26 25 27 24 23 25 22 21 23 20 19 21 18 17 19 16 15 17 14 13 15 12 11 13 10 9 11 8 7 9 6 5 7 4 3 5 36 35 37 34 33 35 32 31 33 30 29 31 28 27 29 26 25 27 24 23 25 22 21 23 20 19 21 18 17 19 16 15 17 14 13 15 12 11 13 10 9 11 8 7 9 6 5 7 4 3 5 30 29 31 28 27 29 26 25 27 24 23 25 22 21 23 20 19 21 18 17 19 16 15 17 14 13 15 12 11 13 10 9 11 8 7 9 6 5 7 34 33 35 32 31 33 30 29 31 28 27 29 26 25 27 24 23 25 22 21 23 20 19 21 18 17 19 16 15 17 14 13 15 12 11 13 10 9 11 8 7 9 6 5 7 28 27 29 26 25 27 24 23 25 22 21 23 20 19 21 18 17 19 16 15 17 14 13 15 12 11 13 10 9 11 8 7 9 22 21 23 20 19 21 18 17 19 16 15 17 14 13 15 24 23 25 22 21 23 20 19 21 18 17 19 16 15 17 26 25 27 24 23 25 22 21 23 20 19 21 18 17 19 16 15 17 14 13 15 12 11 13 10 9 11 14 13 15 12 11 13 28 27 29 26 25 27 24 23 25 36 35 37 34 33 35 32 31 33 30 29 31 28 27 29 26 25 27 24 23 25 22 21 23 20 19 21 18 17 19 16 15 17 14 13 15 12 11 13 10 9 11 8 7 9 18 17 19 16 15 17 28 27 29 30 29 31 32 31 33 30 29 31 34 33 35 32 31 33 36 35 37 34 33 35 32 31 33 30 29 31 28 27 29 26 25 27 24 23 25 22 21 23 20 19 21 18 17 19 16 15 17 14 13 15 12 11 13 10 9 11 28 27 29 26 25 27 24 23 25 22 21 23 20 19 21 18 17 19 16 15 17 14 13 15 12 11 13 30 29 31 28 27 29 26 25 27 24 23 25 22 21 23 20 19 21 18 17 19 16 15 17 14 13 15 20 19 21 18 17 19 16 15 17 30 29 31 28 27 29 26 25 27 24 23 25 22 21 23 20 19 21 18 17 19 32 31 33 30 29 31 28 27 29 26 25 27 34 33 35 32 31 33 30 29 31 28 27 29 26 25 27 24 23 25 22 21 23 20 19 21 24 23 25 22 21 23 36 35 37 34 33 35 32 31 33 30 29 31 28 27 29 26 25 27 24 23 25 22 21 23 20 19 21 18 17 19 16 15 17 26 25 27 28 27 29
[8.127651s] A=259 K=481 i=1.708130155e+09) 37 35 33 31 29 27 25 23 21 19 17 15 13 11 9 7 5 3 1 36 35 37 34 33 35 32 31 33 30 29 31 28 27 29 26 25 27 24 23 25 22 21 23 20 19 21 18 17 19 16 15 17 14 13 15 12 11 13 10 9 11 8 7 9 6 5 7 4 3 5 2 1 3 0 1 34 33 35 32 31 33 30 29 31 28 27 29 26 25 27 24 23 25 22 21 23 20 19 21 18 17 19 16 15 17 14 13 15 12 11 13 10 9 11 8 7 9 6 5 7 4 3 5 2 1 3 36 35 37 34 33 35 32 31 33 30 29 31 28 27 29 26 25 27 24 23 25 22 21 23 20 19 21 18 17 19 16 15 17 14 13 15 12 11 13 10 9 11 8 7 9 6 5 7 4 3 5 2 1 3 32 31 33 30 29 31 28 27 29 26 25 27 24 23 25 22 21 23 20 19 21 18 17 19 16 15 17 14 13 15 12 11 13 10 9 11 8 7 9 6 5 7 4 3 5 36 35 37 34 33 35 32 31 33 30 29 31 28 27 29 26 25 27 24 23 25 22 21 23 20 19 21 18 17 19 16 15 17 14 13 15 12 11 13 10 9 11 8 7 9 6 5 7 4 3 5 30 29 31 28 27 29 26 25 27 24 23 25 22 21 23 20 19 21 18 17 19 16 15 17 14 13 15 12 11 13 10 9 11 8 7 9 6 5 7 34 33 35 32 31 33 30 29 31 28 27 29 26 25 27 24 23 25 22 21 23 20 19 21 18 17 19 16 15 17 14 13 15 12 11 13 10 9 11 8 7 9 6 5 7 28 27 29 26 25 27 24 23 25 22 21 23 20 19 21 18 17 19 16 15 17 14 13 15 12 11 13 10 9 11 8 7 9 22 21 23 20 19 21 18 17 19 16 15 17 14 13 15 24 23 25 22 21 23 20 19 21 18 17 19 16 15 17 26 25 27 24 23 25 22 21 23 20 19 21 18 17 19 28 27 29 26 25 27 24 23 25 36 35 37 34 33 35 32 31 33 30 29 31 28 27 29 26 25 27 24 23 25 22 21 23 20 19 21 18 17 19 16 15 17 14 13 15 12 11 13 10 9 11 8 7 9 14 13 15 12 11 13 16 15 17 14 13 15 12 11 13 10 9 11 36 35 37 34 33 35 32 31 33 30 29 31 28 27 29 26 25 27 24 23 25 22 21 23 20 19 21 18 17 19 16 15 17 14 13 15 12 11 13 10 9 11 20 19 21 18 17 19 16 15 17 32 31 33 30 29 31 28 27 29 26 25 27 24 23 25 22 21 23 20 19 21 18 17 19 16 15 17 14 13 15 12 11 13 34 33 35 32 31 33 30 29 31 28 27 29 26 25 27 24 23 25 22 21 23 20 19 21 18 17 19 16 15 17 14 13 15 18 17 19 30 29 31 28 27 29 26 25 27 24 23 25 22 21 23 20 19 21 34 33 35 32 31 33 30 29 31 28 27 29 26 25 27 36 35 37 34 33 35 32 31 33 30 29 31 28 27 29 26 25 27 24 23 25 22 21 23 20 19 21 18 17 19 16 15 17 18 17 19 20 19 21 24 23 25 22 21 23 36 35 37 34 33 35 32 31 33 30 29 31 28 27 29 26 25 27 24 23 25 22 21 23 20 19 21 28 27 29 26 25 27
[8.127771s] A=259 K=481 i=1.708131376e+09) 37 35 33 31 29 27 25 23 21 19 17 15 13 11 9 7 5 3 1 36 35 37 34 33 35 32 31 33 30 29 31 28 27 29 26 25 27 24 23 25 22 21 23 20 19 21 18 17 19 16 15 17 14 13 15 12 11 13 10 9 11 8 7 9 6 5 7 4 3 5 2 1 3 0 1 34 33 35 32 31 33 30 29 31 28 27 29 26 25 27 24 23 25 22 21 23 20 19 21 18 17 19 16 15 17 14 13 15 12 11 13 10 9 11 8 7 9 6 5 7 4 3 5 2 1 3 36 35 37 34 33 35 32 31 33 30 29 31 28 27 29 26 25 27 24 23 25 22 21 23 20 19 21 18 17 19 16 15 17 14 13 15 12 11 13 10 9 11 8 7 9 6 5 7 4 3 5 2 1 3 32 31 33 30 29 31 28 27 29 26 25 27 24 23 25 22 21 23 20 19 21 18 17 19 16 15 17 14 13 15 12 11 13 10 9 11 8 7 9 6 5 7 4 3 5 36 35 37 34 33 35 32 31 33 30 29 31 28 27 29 26 25 27 24 23 25 22 21 23 20 19 21 18 17 19 16 15 17 14 13 15 12 11 13 10 9 11 8 7 9 6 5 7 4 3 5 30 29 31 28 27 29 26 25 27 24 23 25 22 21 23 20 19 21 18 17 19 16 15 17 14 13 15 12 11 13 10 9 11 8 7 9 6 5 7 34 33 35 32 31 33 30 29 31 28 27 29 26 25 27 24 23 25 22 21 23 20 19 21 18 17 19 16 15 17 14 13 15 12 11 13 10 9 11 8 7 9 6 5 7 28 27 29 26 25 27 24 23 25 22 21 23 20 19 21 18 17 19 16 15 17 14 13 15 12 11 13 10 9 11 8 7 9 22 21 23 20 19 21 18 17 19 16 15 17 14 13 15 24 23 25 22 21 23 20 19 21 18 17 19 16 15 17 26 25 27 24 23 25 22 21 23 20 19 21 18 17 19 28 27 29 26 25 27 24 23 25 36 35 37 34 33 35 32 31 33 30 29 31 28 27 29 26 25 27 24 23 25 22 21 23 20 19 21 18 17 19 16 15 17 14 13 15 12 11 13 10 9 11 8 7 9 14 13 15 12 11 13 16 15 17 14 13 15 12 11 13 10 9 11 36 35 37 34 33 35 32 31 33 30 29 31 28 27 29 26 25 27 24 23 25 22 21 23 20 19 21 18 17 19 16 15 17 14 13 15 12 11 13 10 9 11 20 19 21 18 17 19 32 31 33 30 29 31 28 27 29 26 25 27 24 23 25 22 21 23 20 19 21 18 17 19 16 15 17 14 13 15 12 11 13 16 15 17 18 17 19 34 33 35 32 31 33 30 29 31 28 27 29 26 25 27 24 23 25 22 21 23 20 19 21 18 17 19 16 15 17 14 13 15 30 29 31 28 27 29 26 25 27 24 23 25 22 21 23 20 19 21 34 33 35 32 31 33 30 29 31 28 27 29 26 25 27 36 35 37 34 33 35 32 31 33 30 29 31 28 27 29 26 25 27 24 23 25 22 21 23 20 19 21 18 17 19 16 15 17 18 17 19 20 19 21 36 35 37 34 33 35 32 31 33 30 29 31 28 27 29 26 25 27 24 23 25 22 21 23 20 19 21 24 23 25 22 21 23 28 27 29 26 25 27
[8.128421s] A=259 K=481 i=1.708210291e+09) 37 35 33 31 29 27 25 23 21 19 17 15 13 11 9 7 5 3 1 36 35 37 34 33 35 32 31 33 30 29 31 28 27 29 26 25 27 24 23 25 22 21 23 20 19 21 18 17 19 16 15 17 14 13 15 12 11 13 10 9 11 8 7 9 6 5 7 4 3 5 2 1 3 0 1 34 33 35 32 31 33 30 29 31 28 27 29 26 25 27 24 23 25 22 21 23 20 19 21 18 17 19 16 15 17 14 13 15 12 11 13 10 9 11 8 7 9 6 5 7 4 3 5 2 1 3 36 35 37 34 33 35 32 31 33 30 29 31 28 27 29 26 25 27 24 23 25 22 21 23 20 19 21 18 17 19 16 15 17 14 13 15 12 11 13 10 9 11 8 7 9 6 5 7 4 3 5 2 1 3 32 31 33 30 29 31 28 27 29 26 25 27 24 23 25 22 21 23 20 19 21 18 17 19 16 15 17 14 13 15 12 11 13 10 9 11 8 7 9 6 5 7 4 3 5 36 35 37 34 33 35 32 31 33 30 29 31 28 27 29 26 25 27 24 23 25 22 21 23 20 19 21 18 17 19 16 15 17 14 13 15 12 11 13 10 9 11 8 7 9 6 5 7 4 3 5 30 29 31 28 27 29 26 25 27 24 23 25 22 21 23 20 19 21 18 17 19 16 15 17 14 13 15 12 11 13 10 9 11 8 7 9 6 5 7 34 33 35 32 31 33 30 29 31 28 27 29 26 25 27 24 23 25 22 21 23 20 19 21 18 17 19 16 15 17 14 13 15 12 11 13 10 9 11 8 7 9 6 5 7 28 27 29 26 25 27 24 23 25 22 21 23 20 19 21 18 17 19 16 15 17 14 13 15 12 11 13 10 9 11 8 7 9 22 21 23 20 19 21 18 17 19 16 15 17 14 13 15 24 23 25 22 21 23 20 19 21 18 17 19 16 15 17 26 25 27 24 23 25 22 21 23 20 19 21 18 17 19 28 27 29 26 25 27 24 23 25 36 35 37 34 33 35 32 31 33 30 29 31 28 27 29 26 25 27 24 23 25 22 21 23 20 19 21 18 17 19 16 15 17 14 13 15 12 11 13 10 9 11 8 7 9 14 13 15 12 11 13 16 15 17 14 13 15 12 11 13 10 9 11 18 17 19 16 15 17 36 35 37 34 33 35 32 31 33 30 29 31 28 27 29 26 25 27 24 23 25 22 21 23 20 19 21 18 17 19 16 15 17 14 13 15 12 11 13 10 9 11 32 31 33 30 29 31 28 27 29 26 25 27 24 23 25 22 21 23 20 19 21 18 17 19 16 15 17 14 13 15 12 11 13 34 33 35 32 31 33 30 29 31 28 27 29 26 25 27 24 23 25 22 21 23 20 19 21 18 17 19 16 15 17 14 13 15 20 19 21 18 17 19 16 15 17 30 29 31 28 27 29 26 25 27 24 23 25 22 21 23 20 19 21 18 17 19 34 33 35 32 31 33 30 29 31 28 27 29 26 25 27 36 35 37 34 33 35 32 31 33 30 29 31 28 27 29 26 25 27 24 23 25 22 21 23 20 19 21 18 17 19 16 15 17 24 23 25 22 21 23 36 35 37 34 33 35 32 31 33 30 29 31 28 27 29 26 25 27 24 23 25 22 21 23 20 19 21 28 27 29 26 25 27
[8.128772s] A=259 K=481 i=1.708250204e+09) 37 35 33 31 29 27 25 23 21 19 17 15 13 11 9 7 5 3 1 36 35 37 34 33 35 32 31 33 30 29 31 28 27 29 26 25 27 24 23 25 22 21 23 20 19 21 18 17 19 16 15 17 14 13 15 12 11 13 10 9 11 8 7 9 6 5 7 4 3 5 2 1 3 0 1 34 33 35 32 31 33 30 29 31 28 27 29 26 25 27 24 23 25 22 21 23 20 19 21 18 17 19 16 15 17 14 13 15 12 11 13 10 9 11 8 7 9 6 5 7 4 3 5 2 1 3 36 35 37 34 33 35 32 31 33 30 29 31 28 27 29 26 25 27 24 23 25 22 21 23 20 19 21 18 17 19 16 15 17 14 13 15 12 11 13 10 9 11 8 7 9 6 5 7 4 3 5 2 1 3 32 31 33 30 29 31 28 27 29 26 25 27 24 23 25 22 21 23 20 19 21 18 17 19 16 15 17 14 13 15 12 11 13 10 9 11 8 7 9 6 5 7 4 3 5 36 35 37 34 33 35 32 31 33 30 29 31 28 27 29 26 25 27 24 23 25 22 21 23 20 19 21 18 17 19 16 15 17 14 13 15 12 11 13 10 9 11 8 7 9 6 5 7 4 3 5 30 29 31 28 27 29 26 25 27 24 23 25 22 21 23 20 19 21 18 17 19 16 15 17 14 13 15 12 11 13 10 9 11 8 7 9 6 5 7 34 33 35 32 31 33 30 29 31 28 27 29 26 25 27 24 23 25 22 21 23 20 19 21 18 17 19 16 15 17 14 13 15 12 11 13 10 9 11 8 7 9 6 5 7 28 27 29 26 25 27 24 23 25 22 21 23 20 19 21 18 17 19 16 15 17 14 13 15 12 11 13 10 9 11 8 7 9 22 21 23 20 19 21 18 17 19 16 15 17 14 13 15 24 23 25 22 21 23 20 19 21 18 17 19 16 15 17 26 25 27 24 23 25 22 21 23 20 19 21 18 17 19 28 27 29 26 25 27 24 23 25 36 35 37 34 33 35 32 31 33 30 29 31 28 27 29 26 25 27 24 23 25 22 21 23 20 19 21 18 17 19 16 15 17 14 13 15 12 11 13 10 9 11 8 7 9 14 13 15 12 11 13 16 15 17 14 13 15 12 11 13 10 9 11 18 17 19 36 35 37 34 33 35 32 31 33 30 29 31 28 27 29 26 25 27 24 23 25 22 21 23 20 19 21 18 17 19 16 15 17 14 13 15 12 11 13 10 9 11 32 31 33 30 29 31 28 27 29 26 25 27 24 23 25 22 21 23 20 19 21 18 17 19 16 15 17 14 13 15 12 11 13 20 19 21 18 17 19 16 15 17 34 33 35 32 31 33 30 29 31 28 27 29 26 25 27 24 23 25 22 21 23 20 19 21 18 17 19 16 15 17 14 13 15 30 29 31 28 27 29 26 25 27 24 23 25 34 33 35 32 31 33 30 29 31 28 27 29 26 25 27 36 35 37 34 33 35 32 31 33 30 29 31 28 27 29 26 25 27 24 23 25 22 21 23 20 19 21 18 17 19 16 15 17 22 21 23 20 19 21 18 17 19 24 23 25 36 35 37 34 33 35 32 31 33 30 29 31 28 27 29 26 25 27 24 23 25 22 21 23 20 19 21 22 21 23 24 23 25 28 27 29 26 25 27
[8.128844s] A=259 K=481 i=1.708251065e+09) 37 35 33 31 29 27 25 23 21 19 17 15 13 11 9 7 5 3 1 36 35 37 34 33 35 32 31 33 30 29 31 28 27 29 26 25 27 24 23 25 22 21 23 20 19 21 18 17 19 16 15 17 14 13 15 12 11 13 10 9 11 8 7 9 6 5 7 4 3 5 2 1 3 0 1 34 33 35 32 31 33 30 29 31 28 27 29 26 25 27 24 23 25 22 21 23 20 19 21 18 17 19 16 15 17 14 13 15 12 11 13 10 9 11 8 7 9 6 5 7 4 3 5 2 1 3 36 35 37 34 33 35 32 31 33 30 29 31 28 27 29 26 25 27 24 23 25 22 21 23 20 19 21 18 17 19 16 15 17 14 13 15 12 11 13 10 9 11 8 7 9 6 5 7 4 3 5 2 1 3 32 31 33 30 29 31 28 27 29 26 25 27 24 23 25 22 21 23 20 19 21 18 17 19 16 15 17 14 13 15 12 11 13 10 9 11 8 7 9 6 5 7 4 3 5 36 35 37 34 33 35 32 31 33 30 29 31 28 27 29 26 25 27 24 23 25 22 21 23 20 19 21 18 17 19 16 15 17 14 13 15 12 11 13 10 9 11 8 7 9 6 5 7 4 3 5 30 29 31 28 27 29 26 25 27 24 23 25 22 21 23 20 19 21 18 17 19 16 15 17 14 13 15 12 11 13 10 9 11 8 7 9 6 5 7 34 33 35 32 31 33 30 29 31 28 27 29 26 25 27 24 23 25 22 21 23 20 19 21 18 17 19 16 15 17 14 13 15 12 11 13 10 9 11 8 7 9 6 5 7 28 27 29 26 25 27 24 23 25 22 21 23 20 19 21 18 17 19 16 15 17 14 13 15 12 11 13 10 9 11 8 7 9 22 21 23 20 19 21 18 17 19 16 15 17 14 13 15 24 23 25 22 21 23 20 19 21 18 17 19 16 15 17 26 25 27 24 23 25 22 21 23 20 19 21 18 17 19 28 27 29 26 25 27 24 23 25 36 35 37 34 33 35 32 31 33 30 29 31 28 27 29 26 25 27 24 23 25 22 21 23 20 19 21 18 17 19 16 15 17 14 13 15 12 11 13 10 9 11 8 7 9 14 13 15 12 11 13 16 15 17 14 13 15 12 11 13 10 9 11 18 17 19 36 35 37 34 33 35 32 31 33 30 29 31 28 27 29 26 25 27 24 23 25 22 21 23 20 19 21 18 17 19 16 15 17 14 13 15 12 11 13 10 9 11 32 31 33 30 29 31 28 27 29 26 25 27 24 23 25 22 21 23 20 19 21 18 17 19 16 15 17 14 13 15 12 11 13 16 15 17 20 19 21 18 17 19 34 33 35 32 31 33 30 29 31 28 27 29 26 25 27 24 23 25 22 21 23 20 19 21 18 17 19 16 15 17 14 13 15 16 15 17 30 29 31 28 27 29 26 25 27 24 23 25 22 21 23 20 19 21 18 17 19 34 33 35 32 31 33 30 29 31 28 27 29 26 25 27 36 35 37 34 33 35 32 31 33 30 29 31 28 27 29 26 25 27 24 23 25 22 21 23 20 19 21 18 17 19 16 15 17 36 35 37 34 33 35 32 31 33 30 29 31 28 27 29 26 25 27 24 23 25 22 21 23 20 19 21 24 23 25 22 21 23 28 27 29 26 25 27
[8.188610s] A=259 K=481 i=1.719979969e+09) 37 35 33 31 29 27 25 23 21 19 17 15 13 11 9 7 5 3 1 36 35 37 34 33 35 32 31 33 30 29 31 28 27 29 26 25 27 24 23 25 22 21 23 20 19 21 18 17 19 16 15 17 14 13 15 12 11 13 10 9 11 8 7 9 6 5 7 4 3 5 2 1 3 0 1 34 33 35 32 31 33 30 29 31 28 27 29 26 25 27 24 23 25 22 21 23 20 19 21 18 17 19 16 15 17 14 13 15 12 11 13 10 9 11 8 7 9 6 5 7 4 3 5 2 1 3 36 35 37 34 33 35 32 31 33 30 29 31 28 27 29 26 25 27 24 23 25 22 21 23 20 19 21 18 17 19 16 15 17 14 13 15 12 11 13 10 9 11 8 7 9 6 5 7 4 3 5 2 1 3 32 31 33 30 29 31 28 27 29 26 25 27 24 23 25 22 21 23 20 19 21 18 17 19 16 15 17 14 13 15 12 11 13 10 9 11 8 7 9 6 5 7 4 3 5 36 35 37 34 33 35 32 31 33 30 29 31 28 27 29 26 25 27 24 23 25 22 21 23 20 19 21 18 17 19 16 15 17 14 13 15 12 11 13 10 9 11 8 7 9 6 5 7 4 3 5 30 29 31 28 27 29 26 25 27 24 23 25 22 21 23 20 19 21 18 17 19 16 15 17 14 13 15 12 11 13 10 9 11 8 7 9 6 5 7 34 33 35 32 31 33 30 29 31 28 27 29 26 25 27 24 23 25 22 21 23 20 19 21 18 17 19 16 15 17 14 13 15 12 11 13 10 9 11 8 7 9 6 5 7 28 27 29 26 25 27 24 23 25 22 21 23 20 19 21 18 17 19 16 15 17 14 13 15 12 11 13 10 9 11 8 7 9 22 21 23 20 19 21 18 17 19 16 15 17 14 13 15 24 23 25 22 21 23 20 19 21 18 17 19 16 15 17 26 25 27 24 23 25 22 21 23 20 19 21 18 17 19 28 27 29 26 25 27 24 23 25 28 27 29 26 25 27 32 31 33 30 29 31 28 27 29 34 33 35 32 31 33 30 29 31 36 35 37 34 33 35 32 31 33 30 29 31 28 27 29 26 25 27 24 23 25 22 21 23 20 19 21 18 17 19 16 15 17 14 13 15 12 11 13 10 9 11 8 7 9 14 13 15 12 11 13 10 9 11 16 15 17 14 13 15 12 11 13 10 9 11 26 25 27 24 23 25 22 21 23 20 19 21 18 17 19 16 15 17 14 13 15 12 11 13 20 19 21 18 17 19 16 15 17 28 27 29 26 25 27 24 23 25 22 21 23 20 19 21 18 17 19 28 27 29 30 29 31 34 33 35 32 31 33 36 35 37 34 33 35 32 31 33 30 29 31 28 27 29 26 25 27 24 23 25 22 21 23 20 19 21 18 17 19 16 15 17 14 13 15 12 11 13 10 9 11 16 15 17 14 13 15 18 17 19 28 27 29 26 25 27 24 23 25 22 21 23 20 19 21 30 29 31 28 27 29 26 25 27 24 23 25 22 21 23 20 19 21 18 17 19 16 15 17 18 17 19 20 19 21 32 31 33 30 29 31 28 27 29 26 25 27 24 23 25 22 21 23 20 19 21 36 35 37 34 33 35 32 31 33 30 29 31 28 27 29 26 25 27 24 23 25 22 21 23
[8.248555s] A=259 K=481 i=1.734383006e+09) 37 35 33 31 29 27 25 23 21 19 17 15 13 11 9 7 5 3 1 36 35 37 34 33 35 32 31 33 30 29 31 28 27 29 26 25 27 24 23 25 22 21 23 20 19 21 18 17 19 16 15 17 14 13 15 12 11 13 10 9 11 8 7 9 6 5 7 4 3 5 2 1 3 0 1 34 33 35 32 31 33 30 29 31 28 27 29 26 25 27 24 23 25 22 21 23 20 19 21 18 17 19 16 15 17 14 13 15 12 11 13 10 9 11 8 7 9 6 5 7 4 3 5 2 1 3 36 35 37 34 33 35 32 31 33 30 29 31 28 27 29 26 25 27 24 23 25 22 21 23 20 19 21 18 17 19 16 15 17 14 13 15 12 11 13 10 9 11 8 7 9 6 5 7 4 3 5 2 1 3 32 31 33 30 29 31 28 27 29 26 25 27 24 23 25 22 21 23 20 19 21 18 17 19 16 15 17 14 13 15 12 11 13 10 9 11 8 7 9 6 5 7 4 3 5 36 35 37 34 33 35 32 31 33 30 29 31 28 27 29 26 25 27 24 23 25 22 21 23 20 19 21 18 17 19 16 15 17 14 13 15 12 11 13 10 9 11 8 7 9 6 5 7 4 3 5 30 29 31 28 27 29 26 25 27 24 23 25 22 21 23 20 19 21 18 17 19 16 15 17 14 13 15 12 11 13 10 9 11 8 7 9 6 5 7 34 33 35 32 31 33 30 29 31 28 27 29 26 25 27 24 23 25 22 21 23 20 19 21 18 17 19 16 15 17 14 13 15 12 11 13 10 9 11 8 7 9 6 5 7 28 27 29 26 25 27 24 23 25 22 21 23 20 19 21 18 17 19 16 15 17 14 13 15 12 11 13 10 9 11 8 7 9 22 21 23 20 19 21 18 17 19 16 15 17 14 13 15 24 23 25 22 21 23 20 19 21 18 17 19 16 15 17 26 25 27 24 23 25 22 21 23 20 19 21 18 17 19 26 25 27 24 23 25 36 35 37 34 33 35 32 31 33 30 29 31 28 27 29 26 25 27 24 23 25 22 21 23 20 19 21 18 17 19 16 15 17 14 13 15 12 11 13 10 9 11 8 7 9 14 13 15 12 11 13 16 15 17 14 13 15 12 11 13 10 9 11 18 17 19 28 27 29 30 29 31 32 31 33 30 29 31 28 27 29 26 25 27 24 23 25 22 21 23 20 19 21 18 17 19 16 15 17 26 25 27 34 33 35 32 31 33 30 29 31 28 27 29 36 35 37 34 33 35 32 31 33 30 29 31 28 27 29 26 25 27 24 23 25 22 21 23 20 19 21 18 17 19 16 15 17 14 13 15 12 11 13 10 9 11 14 13 15 12 11 13 20 19 21 18 17 19 16 15 17 26 25 27 24 23 25 22 21 23 20 19 21 18 17 19 16 15 17 14 13 15 28 27 29 26 25 27 24 23 25 32 31 33 30 29 31 28 27 29 34 33 35 32 31 33 30 29 31 36 35 37 34 33 35 32 31 33 30 29 31 28 27 29 26 25 27 24 23 25 22 21 23 20 19 21 18 17 19 16 15 17 22 21 23 20 19 21 18 17 19 28 27 29 26 25 27 24 23 25 22 21 23 20 19 21 26 25 27 24 23 25 22 21 23 24 23 25 30 29 31 28 27 29 26 25 27
[8.248655s] A=259 K=481 i=1.734383828e+09) 37 35 33 31 29 27 25 23 21 19 17 15 13 11 9 7 5 3 1 36 35 37 34 33 35 32 31 33 30 29 31 28 27 29 26 25 27 24 23 25 22 21 23 20 19 21 18 17 19 16 15 17 14 13 15 12 11 13 10 9 11 8 7 9 6 5 7 4 3 5 2 1 3 0 1 34 33 35 32 31 33 30 29 31 28 27 29 26 25 27 24 23 25 22 21 23 20 19 21 18 17 19 16 15 17 14 13 15 12 11 13 10 9 11 8 7 9 6 5 7 4 3 5 2 1 3 36 35 37 34 33 35 32 31 33 30 29 31 28 27 29 26 25 27 24 23 25 22 21 23 20 19 21 18 17 19 16 15 17 14 13 15 12 11 13 10 9 11 8 7 9 6 5 7 4 3 5 2 1 3 32 31 33 30 29 31 28 27 29 26 25 27 24 23 25 22 21 23 20 19 21 18 17 19 16 15 17 14 13 15 12 11 13 10 9 11 8 7 9 6 5 7 4 3 5 36 35 37 34 33 35 32 31 33 30 29 31 28 27 29 26 25 27 24 23 25 22 21 23 20 19 21 18 17 19 16 15 17 14 13 15 12 11 13 10 9 11 8 7 9 6 5 7 4 3 5 30 29 31 28 27 29 26 25 27 24 23 25 22 21 23 20 19 21 18 17 19 16 15 17 14 13 15 12 11 13 10 9 11 8 7 9 6 5 7 34 33 35 32 31 33 30 29 31 28 27 29 26 25 27 24 23 25 22 21 23 20 19 21 18 17 19 16 15 17 14 13 15 12 11 13 10 9 11 8 7 9 6 5 7 28 27 29 26 25 27 24 23 25 22 21 23 20 19 21 18 17 19 16 15 17 14 13 15 12 11 13 10 9 11 8 7 9 22 21 23 20 19 21 18 17 19 16 15 17 14 13 15 24 23 25 22 21 23 20 19 21 18 17 19 16 15 17 26 25 27 24 23 25 22 21 23 20 19 21 18 17 19 26 25 27 24 23 25 36 35 37 34 33 35 32 31 33 30 29 31 28 27 29 26 25 27 24 23 25 22 21 23 20 19 21 18 17 19 16 15 17 14 13 15 12 11 13 10 9 11 8 7 9 14 13 15 12 11 13 16 15 17 14 13 15 12 11 13 10 9 11 18 17 19 28 27 29 30 29 31 32 31 33 30 29 31 28 27 29 26 25 27 24 23 25 22 21 23 20 19 21 18 17 19 16 15 17 26 25 27 28 27 29 34 33 35 32 31 33 30 29 31 36 35 37 34 33 35 32 31 33 30 29 31 28 27 29 26 25 27 24 23 25 22 21 23 20 19 21 18 17 19 16 15 17 14 13 15 12 11 13 10 9 11 14 13 15 12 11 13 20 19 21 18 17 19 16 15 17 26 25 27 24 23 25 28 27 29 26 25 27 24 23 25 22 21 23 20 19 21 18 17 19 16 15 17 14 13 15 34 33 35 32 31 33 30 29 31 28 27 29 32 31 33 30 29 31 36 35 37 34 33 35 32 31 33 30 29 31 28 27 29 26 25 27 24 23 25 22 21 23 20 19 21 18 17 19 16 15 17 22 21 23 20 19 21 18 17 19 26 25 27 24 23 25 22 21 23 20 19 21 28 27 29 26 25 27 24 23 25 22 21 23 24 23 25 30 29 31 28 27 29 26 25 27
[8.262596s] A=259 K=481 i=1.737392811e+09) 37 35 33 31 29 27 25 23 21 19 17 15 13 11 9 7 5 3 1 36 35 37 34 33 35 32 31 33 30 29 31 28 27 29 26 25 27 24 23 25 22 21 23 20 19 21 18 17 19 16 15 17 14 13 15 12 11 13 10 9 11 8 7 9 6 5 7 4 3 5 2 1 3 0 1 34 33 35 32 31 33 30 29 31 28 27 29 26 25 27 24 23 25 22 21 23 20 19 21 18 17 19 16 15 17 14 13 15 12 11 13 10 9 11 8 7 9 6 5 7 4 3 5 2 1 3 36 35 37 34 33 35 32 31 33 30 29 31 28 27 29 26 25 27 24 23 25 22 21 23 20 19 21 18 17 19 16 15 17 14 13 15 12 11 13 10 9 11 8 7 9 6 5 7 4 3 5 2 1 3 32 31 33 30 29 31 28 27 29 26 25 27 24 23 25 22 21 23 20 19 21 18 17 19 16 15 17 14 13 15 12 11 13 10 9 11 8 7 9 6 5 7 4 3 5 36 35 37 34 33 35 32 31 33 30 29 31 28 27 29 26 25 27 24 23 25 22 21 23 20 19 21 18 17 19 16 15 17 14 13 15 12 11 13 10 9 11 8 7 9 6 5 7 4 3 5 30 29 31 28 27 29 26 25 27 24 23 25 22 21 23 20 19 21 18 17 19 16 15 17 14 13 15 12 11 13 10 9 11 8 7 9 6 5 7 34 33 35 32 31 33 30 29 31 28 27 29 26 25 27 24 23 25 22 21 23 20 19 21 18 17 19 16 15 17 14 13 15 12 11 13 10 9 11 8 7 9 6 5 7 28 27 29 26 25 27 24 23 25 22 21 23 20 19 21 18 17 19 16 15 17 14 13 15 12 11 13 10 9 11 8 7 9 22 21 23 20 19 21 18 17 19 16 15 17 14 13 15 24 23 25 22 21 23 20 19 21 18 17 19 16 15 17 26 25 27 24 23 25 22 21 23 20 19 21 18 17 19 26 25 27 24 23 25 28 27 29 36 35 37 34 33 35 32 31 33 30 29 31 28 27 29 26 25 27 24 23 25 22 21 23 20 19 21 18 17 19 16 15 17 14 13 15 12 11 13 10 9 11 8 7 9 14 13 15 12 11 13 16 15 17 14 13 15 12 11 13 10 9 11 18 17 19 16 15 17 32 31 33 30 29 31 28 27 29 26 25 27 24 23 25 22 21 23 20 19 21 18 17 19 26 25 27 24 23 25 30 29 31 28 27 29 34 33 35 32 31 33 30 29 31 28 27 29 26 25 27 34 33 35 32 31 33 36 35 37 34 33 35 32 31 33 30 29 31 28 27 29 26 25 27 24 23 25 22 21 23 20 19 21 18 17 19 16 15 17 14 13 15 12 11 13 10 9 11 16 15 17 14 13 15 12 11 13 24 23 25 22 21 23 20 19 21 18 17 19 16 15 17 14 13 15 20 19 21 18 17 19 16 15 17 26 25 27 24 23 25 22 21 23 20 19 21 18 17 19 30 29 31 28 27 29 26 25 27 32 31 33 30 29 31 28 27 29 36 35 37 34 33 35 32 31 33 30 29 31 28 27 29 26 25 27 24 23 25 22 21 23 20 19 21 18 17 19 16 15 17 24 23 25 22 21 23 20 19 21 26 25 27 24 23 25 22 21 23 28 27 29 26 25 27
[8.262683s] A=259 K=481 i=1.737406393e+09) 37 35 33 31 29 27 25 23 21 19 17 15 13 11 9 7 5 3 1 36 35 37 34 33 35 32 31 33 30 29 31 28 27 29 26 25 27 24 23 25 22 21 23 20 19 21 18 17 19 16 15 17 14 13 15 12 11 13 10 9 11 8 7 9 6 5 7 4 3 5 2 1 3 0 1 34 33 35 32 31 33 30 29 31 28 27 29 26 25 27 24 23 25 22 21 23 20 19 21 18 17 19 16 15 17 14 13 15 12 11 13 10 9 11 8 7 9 6 5 7 4 3 5 2 1 3 36 35 37 34 33 35 32 31 33 30 29 31 28 27 29 26 25 27 24 23 25 22 21 23 20 19 21 18 17 19 16 15 17 14 13 15 12 11 13 10 9 11 8 7 9 6 5 7 4 3 5 2 1 3 32 31 33 30 29 31 28 27 29 26 25 27 24 23 25 22 21 23 20 19 21 18 17 19 16 15 17 14 13 15 12 11 13 10 9 11 8 7 9 6 5 7 4 3 5 36 35 37 34 33 35 32 31 33 30 29 31 28 27 29 26 25 27 24 23 25 22 21 23 20 19 21 18 17 19 16 15 17 14 13 15 12 11 13 10 9 11 8 7 9 6 5 7 4 3 5 30 29 31 28 27 29 26 25 27 24 23 25 22 21 23 20 19 21 18 17 19 16 15 17 14 13 15 12 11 13 10 9 11 8 7 9 6 5 7 34 33 35 32 31 33 30 29 31 28 27 29 26 25 27 24 23 25 22 21 23 20 19 21 18 17 19 16 15 17 14 13 15 12 11 13 10 9 11 8 7 9 6 5 7 28 27 29 26 25 27 24 23 25 22 21 23 20 19 21 18 17 19 16 15 17 14 13 15 12 11 13 10 9 11 8 7 9 22 21 23 20 19 21 18 17 19 16 15 17 14 13 15 24 23 25 22 21 23 20 19 21 18 17 19 16 15 17 26 25 27 24 23 25 22 21 23 20 19 21 18 17 19 26 25 27 24 23 25 28 27 29 36 35 37 34 33 35 32 31 33 30 29 31 28 27 29 26 25 27 24 23 25 22 21 23 20 19 21 18 17 19 16 15 17 14 13 15 12 11 13 10 9 11 8 7 9 14 13 15 12 11 13 16 15 17 14 13 15 12 11 13 10 9 11 18 17 19 32 31 33 30 29 31 28 27 29 26 25 27 24 23 25 22 21 23 20 19 21 18 17 19 16 15 17 26 25 27 24 23 25 30 29 31 28 27 29 34 33 35 32 31 33 30 29 31 28 27 29 26 25 27 34 33 35 32 31 33 36 35 37 34 33 35 32 31 33 30 29 31 28 27 29 26 25 27 24 23 25 22 21 23 20 19 21 18 17 19 16 15 17 14 13 15 12 11 13 10 9 11 14 13 15 12 11 13 20 19 21 18 17 19 16 15 17 24 23 25 22 21 23 20 19 21 18 17 19 16 15 17 14 13 15 26 25 27 24 23 25 30 29 31 28 27 29 26 25 27 32 31 33 30 29 31 28 27 29 36 35 37 34 33 35 32 31 33 30 29 31 28 27 29 26 25 27 24 23 25 22 21 23 20 19 21 18 17 19 16 15 17 22 21 23 20 19 21 18 17 19 24 23 25 22 21 23 20 19 21 26 25 27 24 23 25 22 21 23 24 23 25 28 27 29 26 25 27
[8.262733s] A=259 K=481 i=1.737410123e+09) 37 35 33 31 29 27 25 23 21 19 17 15 13 11 9 7 5 3 1 36 35 37 34 33 35 32 31 33 30 29 31 28 27 29 26 25 27 24 23 25 22 21 23 20 19 21 18 17 19 16 15 17 14 13 15 12 11 13 10 9 11 8 7 9 6 5 7 4 3 5 2 1 3 0 1 34 33 35 32 31 33 30 29 31 28 27 29 26 25 27 24 23 25 22 21 23 20 19 21 18 17 19 16 15 17 14 13 15 12 11 13 10 9 11 8 7 9 6 5 7 4 3 5 2 1 3 36 35 37 34 33 35 32 31 33 30 29 31 28 27 29 26 25 27 24 23 25 22 21 23 20 19 21 18 17 19 16 15 17 14 13 15 12 11 13 10 9 11 8 7 9 6 5 7 4 3 5 2 1 3 32 31 33 30 29 31 28 27 29 26 25 27 24 23 25 22 21 23 20 19 21 18 17 19 16 15 17 14 13 15 12 11 13 10 9 11 8 7 9 6 5 7 4 3 5 36 35 37 34 33 35 32 31 33 30 29 31 28 27 29 26 25 27 24 23 25 22 21 23 20 19 21 18 17 19 16 15 17 14 13 15 12 11 13 10 9 11 8 7 9 6 5 7 4 3 5 30 29 31 28 27 29 26 25 27 24 23 25 22 21 23 20 19 21 18 17 19 16 15 17 14 13 15 12 11 13 10 9 11 8 7 9 6 5 7 34 33 35 32 31 33 30 29 31 28 27 29 26 25 27 24 23 25 22 21 23 20 19 21 18 17 19 16 15 17 14 13 15 12 11 13 10 9 11 8 7 9 6 5 7 28 27 29 26 25 27 24 23 25 22 21 23 20 19 21 18 17 19 16 15 17 14 13 15 12 11 13 10 9 11 8 7 9 22 21 23 20 19 21 18 17 19 16 15 17 14 13 15 24 23 25 22 21 23 20 19 21 18 17 19 16 15 17 26 25 27 24 23 25 22 21 23 20 19 21 18 17 19 26 25 27 24 23 25 28 27 29 36 35 37 34 33 35 32 31 33 30 29 31 28 27 29 26 25 27 24 23 25 22 21 23 20 19 21 18 17 19 16 15 17 14 13 15 12 11 13 10 9 11 8 7 9 14 13 15 12 11 13 16 15 17 14 13 15 12 11 13 10 9 11 18 17 19 32 31 33 30 29 31 28 27 29 26 25 27 24 23 25 22 21 23 20 19 21 18 17 19 16 15 17 26 25 27 30 29 31 28 27 29 34 33 35 32 31 33 30 29 31 34 33 35 32 31 33 36 35 37 34 33 35 32 31 33 30 29 31 28 27 29 26 25 27 24 23 25 22 21 23 20 19 21 18 17 19 16 15 17 14 13 15 12 11 13 10 9 11 14 13 15 12 11 13 20 19 21 18 17 19 16 15 17 26 25 27 24 23 25 28 27 29 26 25 27 24 23 25 22 21 23 20 19 21 18 17 19 16 15 17 14 13 15 30 29 31 28 27 29 32 31 33 30 29 31 36 35 37 34 33 35 32 31 33 30 29 31 28 27 29 26 25 27 24 23 25 22 21 23 20 19 21 18 17 19 16 15 17 22 21 23 20 19 21 18 17 19 26 25 27 24 23 25 22 21 23 20 19 21 28 27 29 26 25 27 24 23 25 22 21 23 24 23 25 30 29 31 28 27 29 26 25 27
[8.262787s] A=259 K=481 i=1.737415878e+09) 37 35 33 31 29 27 25 23 21 19 17 15 13 11 9 7 5 3 1 36 35 37 34 33 35 32 31 33 30 29 31 28 27 29 26 25 27 24 23 25 22 21 23 20 19 21 18 17 19 16 15 17 14 13 15 12 11 13 10 9 11 8 7 9 6 5 7 4 3 5 2 1 3 0 1 34 33 35 32 31 33 30 29 31 28 27 29 26 25 27 24 23 25 22 21 23 20 19 21 18 17 19 16 15 17 14 13 15 12 11 13 10 9 11 8 7 9 6 5 7 4 3 5 2 1 3 36 35 37 34 33 35 32 31 33 30 29 31 28 27 29 26 25 27 24 23 25 22 21 23 20 19 21 18 17 19 16 15 17 14 13 15 12 11 13 10 9 11 8 7 9 6 5 7 4 3 5 2 1 3 32 31 33 30 29 31 28 27 29 26 25 27 24 23 25 22 21 23 20 19 21 18 17 19 16 15 17 14 13 15 12 11 13 10 9 11 8 7 9 6 5 7 4 3 5 36 35 37 34 33 35 32 31 33 30 29 31 28 27 29 26 25 27 24 23 25 22 21 23 20 19 21 18 17 19 16 15 17 14 13 15 12 11 13 10 9 11 8 7 9 6 5 7 4 3 5 30 29 31 28 27 29 26 25 27 24 23 25 22 21 23 20 19 21 18 17 19 16 15 17 14 13 15 12 11 13 10 9 11 8 7 9 6 5 7 34 33 35 32 31 33 30 29 31 28 27 29 26 25 27 24 23 25 22 21 23 20 19 21 18 17 19 16 15 17 14 13 15 12 11 13 10 9 11 8 7 9 6 5 7 28 27 29 26 25 27 24 23 25 22 21 23 20 19 21 18 17 19 16 15 17 14 13 15 12 11 13 10 9 11 8 7 9 22 21 23 20 19 21 18 17 19 16 15 17 14 13 15 24 23 25 22 21 23 20 19 21 18 17 19 16 15 17 26 25 27 24 23 25 22 21 23 20 19 21 18 17 19 26 25 27 24 23 25 28 27 29 36 35 37 34 33 35 32 31 33 30 29 31 28 27 29 26 25 27 24 23 25 22 21 23 20 19 21 18 17 19 16 15 17 14 13 15 12 11 13 10 9 11 8 7 9 14 13 15 12 11 13 16 15 17 14 13 15 12 11 13 10 9 11 18 17 19 32 31 33 30 29 31 28 27 29 26 25 27 24 23 25 22 21 23 20 19 21 26 25 27 24 23 25 30 29 31 28 27 29 34 33 35 32 31 33 30 29 31 28 27 29 26 25 27 34 33 35 32 31 33 36 35 37 34 33 35 32 31 33 30 29 31 28 27 29 26 25 27 24 23 25 22 21 23 20 19 21 18 17 19 16 15 17 14 13 15 12 11 13 10 9 11 18 17 19 16 15 17 14 13 15 12 11 13 20 19 21 18 17 19 16 15 17 24 23 25 22 21 23 20 19 21 18 17 19 16 15 17 14 13 15 26 25 27 24 23 25 22 21 23 20 19 21 30 29 31 28 27 29 26 25 27 32 31 33 30 29 31 28 27 29 36 35 37 34 33 35 32 31 33 30 29 31 28 27 29 26 25 27 24 23 25 22 21 23 20 19 21 18 17 19 16 15 17 18 17 19 20 19 21 24 23 25 22 21 23 20 19 21 26 25 27 24 23 25 22 21 23 28 27 29 26 25 27
[8.289203s] A=259 K=481 i=1.743988529e+09) 37 35 33 31 29 27 25 23 21 19 17 15 13 11 9 7 5 3 1 36 35 37 34 33 35 32 31 33 30 29 31 28 27 29 26 25 27 24 23 25 22 21 23 20 19 21 18 17 19 16 15 17 14 13 15 12 11 13 10 9 11 8 7 9 6 5 7 4 3 5 2 1 3 0 1 34 33 35 32 31 33 30 29 31 28 27 29 26 25 27 24 23 25 22 21 23 20 19 21 18 17 19 16 15 17 14 13 15 12 11 13 10 9 11 8 7 9 6 5 7 4 3 5 2 1 3 36 35 37 34 33 35 32 31 33 30 29 31 28 27 29 26 25 27 24 23 25 22 21 23 20 19 21 18 17 19 16 15 17 14 13 15 12 11 13 10 9 11 8 7 9 6 5 7 4 3 5 2 1 3 32 31 33 30 29 31 28 27 29 26 25 27 24 23 25 22 21 23 20 19 21 18 17 19 16 15 17 14 13 15 12 11 13 10 9 11 8 7 9 6 5 7 4 3 5 36 35 37 34 33 35 32 31 33 30 29 31 28 27 29 26 25 27 24 23 25 22 21 23 20 19 21 18 17 19 16 15 17 14 13 15 12 11 13 10 9 11 8 7 9 6 5 7 4 3 5 30 29 31 28 27 29 26 25 27 24 23 25 22 21 23 20 19 21 18 17 19 16 15 17 14 13 15 12 11 13 10 9 11 8 7 9 6 5 7 34 33 35 32 31 33 30 29 31 28 27 29 26 25 27 24 23 25 22 21 23 20 19 21 18 17 19 16 15 17 14 13 15 12 11 13 10 9 11 8 7 9 6 5 7 28 27 29 26 25 27 24 23 25 22 21 23 20 19 21 18 17 19 16 15 17 14 13 15 12 11 13 10 9 11 8 7 9 22 21 23 20 19 21 18 17 19 16 15 17 14 13 15 24 23 25 22 21 23 20 19 21 18 17 19 16 15 17 26 25 27 24 23 25 22 21 23 20 19 21 18 17 19 24 23 25 28 27 29 26 25 27 36 35 37 34 33 35 32 31 33 30 29 31 28 27 29 26 25 27 24 23 25 22 21 23 20 19 21 18 17 19 16 15 17 14 13 15 12 11 13 10 9 11 8 7 9 14 13 15 12 11 13 16 15 17 14 13 15 12 11 13 10 9 11 18 17 19 36 35 37 34 33 35 32 31 33 30 29 31 28 27 29 26 25 27 24 23 25 22 21 23 20 19 21 18 17 19 16 15 17 14 13 15 12 11 13 10 9 11 32 31 33 30 29 31 28 27 29 26 25 27 24 23 25 22 21 23 20 19 21 18 17 19 16 15 17 14 13 15 12 11 13 20 19 21 18 17 19 16 15 17 34 33 35 32 31 33 30 29 31 28 27 29 26 25 27 24 23 25 22 21 23 20 19 21 18 17 19 16 15 17 14 13 15 30 29 31 28 27 29 26 25 27 24 23 25 36 35 37 34 33 35 32 31 33 30 29 31 28 27 29 26 25 27 24 23 25 22 21 23 20 19 21 18 17 19 16 15 17 22 21 23 20 19 21 18 17 19 34 33 35 32 31 33 30 29 31 28 27 29 26 25 27 24 23 25 36 35 37 34 33 35 32 31 33 30 29 31 28 27 29 26 25 27 24 23 25 22 21 23 20 19 21 22 21 23 24 23 25 28 27 29 26 25 27
[8.304952s] A=259 K=481 i=1.74796123e+09) 37 35 33 31 29 27 25 23 21 19 17 15 13 11 9 7 5 3 1 36 35 37 34 33 35 32 31 33 30 29 31 28 27 29 26 25 27 24 23 25 22 21 23 20 19 21 18 17 19 16 15 17 14 13 15 12 11 13 10 9 11 8 7 9 6 5 7 4 3 5 2 1 3 0 1 34 33 35 32 31 33 30 29 31 28 27 29 26 25 27 24 23 25 22 21 23 20 19 21 18 17 19 16 15 17 14 13 15 12 11 13 10 9 11 8 7 9 6 5 7 4 3 5 2 1 3 36 35 37 34 33 35 32 31 33 30 29 31 28 27 29 26 25 27 24 23 25 22 21 23 20 19 21 18 17 19 16 15 17 14 13 15 12 11 13 10 9 11 8 7 9 6 5 7 4 3 5 2 1 3 32 31 33 30 29 31 28 27 29 26 25 27 24 23 25 22 21 23 20 19 21 18 17 19 16 15 17 14 13 15 12 11 13 10 9 11 8 7 9 6 5 7 4 3 5 36 35 37 34 33 35 32 31 33 30 29 31 28 27 29 26 25 27 24 23 25 22 21 23 20 19 21 18 17 19 16 15 17 14 13 15 12 11 13 10 9 11 8 7 9 6 5 7 4 3 5 30 29 31 28 27 29 26 25 27 24 23 25 22 21 23 20 19 21 18 17 19 16 15 17 14 13 15 12 11 13 10 9 11 8 7 9 6 5 7 34 33 35 32 31 33 30 29 31 28 27 29 26 25 27 24 23 25 22 21 23 20 19 21 18 17 19 16 15 17 14 13 15 12 11 13 10 9 11 8 7 9 6 5 7 28 27 29 26 25 27 24 23 25 22 21 23 20 19 21 18 17 19 16 15 17 14 13 15 12 11 13 10 9 11 8 7 9 22 21 23 20 19 21 18 17 19 16 15 17 14 13 15 24 23 25 22 21 23 20 19 21 18 17 19 16 15 17 26 25 27 24 23 25 22 21 23 20 19 21 18 17 19 24 23 25 26 25 27 36 35 37 34 33 35 32 31 33 30 29 31 28 27 29 26 25 27 24 23 25 22 21 23 20 19 21 18 17 19 16 15 17 14 13 15 12 11 13 10 9 11 8 7 9 14 13 15 12 11 13 16 15 17 14 13 15 12 11 13 10 9 11 18 17 19 30 29 31 28 27 29 32 31 33 30 29 31 28 27 29 26 25 27 24 23 25 22 21 23 20 19 21 18 17 19 16 15 17 26 25 27 24 23 25 28 27 29 34 33 35 32 31 33 30 29 31 36 35 37 34 33 35 32 31 33 30 29 31 28 27 29 26 25 27 24 23 25 22 21 23 20 19 21 18 17 19 16 15 17 14 13 15 12 11 13 10 9 11 14 13 15 12 11 13 20 19 21 18 17 19 16 15 17 28 27 29 26 25 27 24 23 25 22 21 23 20 19 21 18 17 19 16 15 17 14 13 15 26 25 27 34 33 35 32 31 33 30 29 31 28 27 29 32 31 33 30 29 31 36 35 37 34 33 35 32 31 33 30 29 31 28 27 29 26 25 27 24 23 25 22 21 23 20 19 21 18 17 19 16 15 17 22 21 23 20 19 21 18 17 19 26 25 27 24 23 25 22 21 23 20 19 21 28 27 29 26 25 27 24 23 25 22 21 23 24 23 25 30 29 31 28 27 29 26 25 27
[8.324005s] A=259 K=481 i=1.752902967e+09) 37 35 33 31 29 27 25 23 21 19 17 15 13 11 9 7 5 3 1 36 35 37 34 33 35 32 31 33 30 29 31 28 27 29 26 25 27 24 23 25 22 21 23 20 19 21 18 17 19 16 15 17 14 13 15 12 11 13 10 9 11 8 7 9 6 5 7 4 3 5 2 1 3 0 1 34 33 35 32 31 33 30 29 31 28 27 29 26 25 27 24 23 25 22 21 23 20 19 21 18 17 19 16 15 17 14 13 15 12 11 13 10 9 11 8 7 9 6 5 7 4 3 5 2 1 3 36 35 37 34 33 35 32 31 33 30 29 31 28 27 29 26 25 27 24 23 25 22 21 23 20 19 21 18 17 19 16 15 17 14 13 15 12 11 13 10 9 11 8 7 9 6 5 7 4 3 5 2 1 3 32 31 33 30 29 31 28 27 29 26 25 27 24 23 25 22 21 23 20 19 21 18 17 19 16 15 17 14 13 15 12 11 13 10 9 11 8 7 9 6 5 7 4 3 5 36 35 37 34 33 35 32 31 33 30 29 31 28 27 29 26 25 27 24 23 25 22 21 23 20 19 21 18 17 19 16 15 17 14 13 15 12 11 13 10 9 11 8 7 9 6 5 7 4 3 5 30 29 31 28 27 29 26 25 27 24 23 25 22 21 23 20 19 21 18 17 19 16 15 17 14 13 15 12 11 13 10 9 11 8 7 9 6 5 7 34 33 35 32 31 33 30 29 31 28 27 29 26 25 27 24 23 25 22 21 23 20 19 21 18 17 19 16 15 17 14 13 15 12 11 13 10 9 11 8 7 9 6 5 7 28 27 29 26 25 27 24 23 25 22 21 23 20 19 21 18 17 19 16 15 17 14 13 15 12 11 13 10 9 11 8 7 9 22 21 23 20 19 21 18 17 19 16 15 17 14 13 15 24 23 25 22 21 23 20 19 21 18 17 19 16 15 17 26 25 27 24 23 25 22 21 23 20 19 21 18 17 19 24 23 25 26 25 27 28 27 29 30 29 31 32 31 33 34 33 35 36 35 37 34 33 35 32 31 33 30 29 31 28 27 29 26 25 27 24 23 25 22 21 23 20 19 21 18 17 19 16 15 17 14 13 15 12 11 13 10 9 11 8 7 9 14 13 15 12 11 13 16 15 17 14 13 15 12 11 13 10 9 11 18 17 19 30 29 31 28 27 29 26 25 27 24 23 25 22 21 23 20 19 21 18 17 19 16 15 17 26 25 27 28 27 29 30 29 31 32 31 33 30 29 31 34 33 35 32 31 33 36 35 37 34 33 35 32 31 33 30 29 31 28 27 29 26 25 27 24 23 25 22 21 23 20 19 21 18 17 19 16 15 17 14 13 15 12 11 13 10 9 11 14 13 15 12 11 13 20 19 21 18 17 19 16 15 17 26 25 27 24 23 25 28 27 29 26 25 27 24 23 25 22 21 23 20 19 21 18 17 19 16 15 17 14 13 15 30 29 31 28 27 29 26 25 27 24 23 25 22 21 23 20 19 21 18 17 19 16 15 17 22 21 23 20 19 21 18 17 19 32 31 33 30 29 31 34 33 35 32 31 33 30 29 31 28 27 29 26 25 27 24 23 25 22 21 23 20 19 21 28 27 29 26 25 27 24 23 25 22 21 23 24 23 25 30 29 31 28 27 29 26 25 27
[8.345956s] A=259 K=481 i=1.757455463e+09) 37 35 33 31 29 27 25 23 21 19 17 15 13 11 9 7 5 3 1 36 35 37 34 33 35 32 31 33 30 29 31 28 27 29 26 25 27 24 23 25 22 21 23 20 19 21 18 17 19 16 15 17 14 13 15 12 11 13 10 9 11 8 7 9 6 5 7 4 3 5 2 1 3 0 1 34 33 35 32 31 33 30 29 31 28 27 29 26 25 27 24 23 25 22 21 23 20 19 21 18 17 19 16 15 17 14 13 15 12 11 13 10 9 11 8 7 9 6 5 7 4 3 5 2 1 3 36 35 37 34 33 35 32 31 33 30 29 31 28 27 29 26 25 27 24 23 25 22 21 23 20 19 21 18 17 19 16 15 17 14 13 15 12 11 13 10 9 11 8 7 9 6 5 7 4 3 5 2 1 3 32 31 33 30 29 31 28 27 29 26 25 27 24 23 25 22 21 23 20 19 21 18 17 19 16 15 17 14 13 15 12 11 13 10 9 11 8 7 9 6 5 7 4 3 5 36 35 37 34 33 35 32 31 33 30 29 31 28 27 29 26 25 27 24 23 25 22 21 23 20 19 21 18 17 19 16 15 17 14 13 15 12 11 13 10 9 11 8 7 9 6 5 7 4 3 5 30 29 31 28 27 29 26 25 27 24 23 25 22 21 23 20 19 21 18 17 19 16 15 17 14 13 15 12 11 13 10 9 11 8 7 9 6 5 7 34 33 35 32 31 33 30 29 31 28 27 29 26 25 27 24 23 25 22 21 23 20 19 21 18 17 19 16 15 17 14 13 15 12 11 13 10 9 11 8 7 9 6 5 7 28 27 29 26 25 27 24 23 25 22 21 23 20 19 21 18 17 19 16 15 17 14 13 15 12 11 13 10 9 11 8 7 9 22 21 23 20 19 21 18 17 19 16 15 17 14 13 15 24 23 25 22 21 23 20 19 21 18 17 19 16 15 17 24 23 25 26 25 27 36 35 37 34 33 35 32 31 33 30 29 31 28 27 29 26 25 27 24 23 25 22 21 23 20 19 21 18 17 19 16 15 17 14 13 15 12 11 13 10 9 11 8 7 9 14 13 15 12 11 13 24 23 25 22 21 23 20 19 21 18 17 19 16 15 17 14 13 15 12 11 13 10 9 11 18 17 19 32 31 33 30 29 31 28 27 29 26 25 27 24 23 25 22 21 23 20 19 21 28 27 29 26 25 27 30 29 31 28 27 29 26 25 27 24 23 25 32 31 33 34 33 35 32 31 33 30 29 31 36 35 37 34 33 35 32 31 33 30 29 31 28 27 29 26 25 27 24 23 25 22 21 23 20 19 21 18 17 19 16 15 17 14 13 15 12 11 13 10 9 11 18 17 19 16 15 17 14 13 15 12 11 13 20 19 21 18 17 19 16 15 17 28 27 29 26 25 27 24 23 25 22 21 23 20 19 21 18 17 19 16 15 17 14 13 15 30 29 31 34 33 35 32 31 33 36 35 37 34 33 35 32 31 33 30 29 31 28 27 29 26 25 27 24 23 25 22 21 23 20 19 21 18 17 19 16 15 17 22 21 23 20 19 21 18 17 19 28 27 29 26 25 27 24 23 25 30 29 31 28 27 29 26 25 27 24 23 25 22 21 23 20 19 21 22 21 23 24 23 25 32 31 33 30 29 31 28 27 29 26 25 27
[8.578042s] A=259 K=481 i=1.805725644e+09) 37 35 33 31 29 27 25 23 21 19 17 15 13 11 9 7 5 3 1 36 35 37 34 33 35 32 31 33 30 29 31 28 27 29 26 25 27 24 23 25 22 21 23 20 19 21 18 17 19 16 15 17 14 13 15 12 11 13 10 9 11 8 7 9 6 5 7 4 3 5 2 1 3 0 1 34 33 35 32 31 33 30 29 31 28 27 29 26 25 27 24 23 25 22 21 23 20 19 21 18 17 19 16 15 17 14 13 15 12 11 13 10 9 11 8 7 9 6 5 7 4 3 5 2 1 3 36 35 37 34 33 35 32 31 33 30 29 31 28 27 29 26 25 27 24 23 25 22 21 23 20 19 21 18 17 19 16 15 17 14 13 15 12 11 13 10 9 11 8 7 9 6 5 7 4 3 5 2 1 3 32 31 33 30 29 31 28 27 29 26 25 27 24 23 25 22 21 23 20 19 21 18 17 19 16 15 17 14 13 15 12 11 13 10 9 11 8 7 9 6 5 7 4 3 5 36 35 37 34 33 35 32 31 33 30 29 31 28 27 29 26 25 27 24 23 25 22 21 23 20 19 21 18 17 19 16 15 17 14 13 15 12 11 13 10 9 11 8 7 9 6 5 7 4 3 5 30 29 31 28 27 29 26 25 27 24 23 25 22 21 23 20 19 21 18 17 19 16 15 17 14 13 15 12 11 13 10 9 11 8 7 9 6 5 7 34 33 35 32 31 33 30 29 31 28 27 29 26 25 27 24 23 25 22 21 23 20 19 21 18 17 19 16 15 17 14 13 15 12 11 13 10 9 11 8 7 9 6 5 7 28 27 29 26 25 27 24 23 25 22 21 23 20 19 21 18 17 19 16 15 17 14 13 15 12 11 13 10 9 11 8 7 9 22 21 23 20 19 21 18 17 19 16 15 17 14 13 15 24 23 25 26 25 27 24 23 25 22 21 23 20 19 21 18 17 19 16 15 17 14 13 15 12 11 13 10 9 11 22 21 23 20 19 21 18 17 19 16 15 17 14 13 15 12 11 13 24 23 25 32 31 33 30 29 31 28 27 29 26 25 27 28 27 29 30 29 31 36 35 37 34 33 35 32 31 33 30 29 31 28 27 29 26 25 27 24 23 25 22 21 23 20 19 21 18 17 19 16 15 17 14 13 15 12 11 13 10 9 11 8 7 9 24 23 25 22 21 23 20 19 21 18 17 19 16 15 17 20 19 21 18 17 19 26 25 27 28 27 29 26 25 27 24 23 25 22 21 23 34 33 35 32 31 33 30 29 31 28 27 29 26 25 27 24 23 25 32 31 33 30 29 31 28 27 29 36 35 37 34 33 35 32 31 33 30 29 31 28 27 29 26 25 27 24 23 25 22 21 23 20 19 21 18 17 19 16 15 17 14 13 15 12 11 13 10 9 11 14 13 15 12 11 13 16 15 17 18 17 19 22 21 23 20 19 21 18 17 19 16 15 17 14 13 15 36 35 37 34 33 35 32 31 33 30 29 31 28 27 29 26 25 27 24 23 25 22 21 23 20 19 21 18 17 19 16 15 17 20 19 21 18 17 19 26 25 27 24 23 25 22 21 23 20 19 21 30 29 31 28 27 29 34 33 35 32 31 33 30 29 31 28 27 29 26 25 27 24 23 25 22 21 23 24 23 25 26 25 27 28 27 29
[8.578150s] A=259 K=481 i=1.805744254e+09) 37 35 33 31 29 27 25 23 21 19 17 15 13 11 9 7 5 3 1 36 35 37 34 33 35 32 31 33 30 29 31 28 27 29 26 25 27 24 23 25 22 21 23 20 19 21 18 17 19 16 15 17 14 13 15 12 11 13 10 9 11 8 7 9 6 5 7 4 3 5 2 1 3 0 1 34 33 35 32 31 33 30 29 31 28 27 29 26 25 27 24 23 25 22 21 23 20 19 21 18 17 19 16 15 17 14 13 15 12 11 13 10 9 11 8 7 9 6 5 7 4 3 5 2 1 3 36 35 37 34 33 35 32 31 33 30 29 31 28 27 29 26 25 27 24 23 25 22 21 23 20 19 21 18 17 19 16 15 17 14 13 15 12 11 13 10 9 11 8 7 9 6 5 7 4 3 5 2 1 3 32 31 33 30 29 31 28 27 29 26 25 27 24 23 25 22 21 23 20 19 21 18 17 19 16 15 17 14 13 15 12 11 13 10 9 11 8 7 9 6 5 7 4 3 5 36 35 37 34 33 35 32 31 33 30 29 31 28 27 29 26 25 27 24 23 25 22 21 23 20 19 21 18 17 19 16 15 17 14 13 15 12 11 13 10 9 11 8 7 9 6 5 7 4 3 5 30 29 31 28 27 29 26 25 27 24 23 25 22 21 23 20 19 21 18 17 19 16 15 17 14 13 15 12 11 13 10 9 11 8 7 9 6 5 7 34 33 35 32 31 33 30 29 31 28 27 29 26 25 27 24 23 25 22 21 23 20 19 21 18 17 19 16 15 17 14 13 15 12 11 13 10 9 11 8 7 9 6 5 7 28 27 29 26 25 27 24 23 25 22 21 23 20 19 21 18 17 19 16 15 17 14 13 15 12 11 13 10 9 11 8 7 9 22 21 23 20 19 21 18 17 19 16 15 17 14 13 15 24 23 25 26 25 27 24 23 25 22 21 23 20 19 21 18 17 19 16 15 17 14 13 15 12 11 13 10 9 11 22 21 23 20 19 21 18 17 19 16 15 17 14 13 15 12 11 13 24 23 25 32 31 33 30 29 31 28 27 29 26 25 27 28 27 29 30 29 31 32 31 33 34 33 35 36 35 37 34 33 35 32 31 33 30 29 31 28 27 29 26 25 27 24 23 25 22 21 23 20 19 21 18 17 19 16 15 17 14 13 15 12 11 13 10 9 11 8 7 9 24 23 25 22 21 23 20 19 21 18 17 19 16 15 17 20 19 21 18 17 19 26 25 27 28 27 29 26 25 27 24 23 25 22 21 23 30 29 31 28 27 29 32 31 33 30 29 31 28 27 29 26 25 27 24 23 25 34 33 35 32 31 33 36 35 37 34 33 35 32 31 33 30 29 31 28 27 29 26 25 27 24 23 25 22 21 23 20 19 21 18 17 19 16 15 17 14 13 15 12 11 13 10 9 11 14 13 15 12 11 13 16 15 17 18 17 19 22 21 23 20 19 21 18 17 19 16 15 17 14 13 15 30 29 31 28 27 29 26 25 27 24 23 25 22 21 23 20 19 21 18 17 19 16 15 17 20 19 21 18 17 19 26 25 27 24 23 25 22 21 23 20 19 21 32 31 33 30 29 31 28 27 29 34 33 35 32 31 33 30 29 31 28 27 29 26 25 27 24 23 25 22 21 23 24 23 25 26 25 27 28 27 29
[8.583140s] A=259 K=481 i=1.807267303e+09) 37 35 33 31 29 27 25 23 21 19 17 15 13 11 9 7 5 3 1 36 35 37 34 33 35 32 31 33 30 29 31 28 27 29 26 25 27 24 23 25 22 21 23 20 19 21 18 17 19 16 15 17 14 13 15 12 11 13 10 9 11 8 7 9 6 5 7 4 3 5 2 1 3 0 1 34 33 35 32 31 33 30 29 31 28 27 29 26 25 27 24 23 25 22 21 23 20 19 21 18 17 19 16 15 17 14 13 15 12 11 13 10 9 11 8 7 9 6 5 7 4 3 5 2 1 3 36 35 37 34 33 35 32 31 33 30 29 31 28 27 29 26 25 27 24 23 25 22 21 23 20 19 21 18 17 19 16 15 17 14 13 15 12 11 13 10 9 11 8 7 9 6 5 7 4 3 5 2 1 3 32 31 33 30 29 31 28 27 29 26 25 27 24 23 25 22 21 23 20 19 21 18 17 19 16 15 17 14 13 15 12 11 13 10 9 11 8 7 9 6 5 7 4 3 5 36 35 37 34 33 35 32 31 33 30 29 31 28 27 29 26 25 27 24 23 25 22 21 23 20 19 21 18 17 19 16 15 17 14 13 15 12 11 13 10 9 11 8 7 9 6 5 7 4 3 5 30 29 31 28 27 29 26 25 27 24 23 25 22 21 23 20 19 21 18 17 19 16 15 17 14 13 15 12 11 13 10 9 11 8 7 9 6 5 7 34 33 35 32 31 33 30 29 31 28 27 29 26 25 27 24 23 25 22 21 23 20 19 21 18 17 19 16 15 17 14 13 15 12 11 13 10 9 11 8 7 9 6 5 7 28 27 29 26 25 27 24 23 25 22 21 23 20 19 21 18 17 19 16 15 17 14 13 15 12 11 13 10 9 11 8 7 9 22 21 23 20 19 21 18 17 19 16 15 17 14 13 15 24 23 25 26 25 27 24 23 25 22 21 23 20 19 21 18 17 19 16 15 17 14 13 15 12 11 13 10 9 11 22 21 23 20 19 21 18 17 19 16 15 17 14 13 15 12 11 13 24 23 25 28 27 29 26 25 27 32 31 33 30 29 31 28 27 29 30 29 31 34 33 35 32 31 33 36 35 37 34 33 35 32 31 33 30 29 31 28 27 29 26 25 27 24 23 25 22 21 23 20 19 21 18 17 19 16 15 17 14 13 15 12 11 13 10 9 11 8 7 9 26 25 27 24 23 25 22 21 23 20 19 21 18 17 19 16 15 17 20 19 21 18 17 19 28 27 29 26 25 27 24 23 25 22 21 23 30 29 31 28 27 29 26 25 27 24 23 25 32 31 33 30 29 31 28 27 29 36 35 37 34 33 35 32 31 33 30 29 31 28 27 29 26 25 27 24 23 25 22 21 23 20 19 21 18 17 19 16 15 17 14 13 15 12 11 13 10 9 11 14 13 15 12 11 13 16 15 17 18 17 19 22 21 23 20 19 21 18 17 19 16 15 17 14 13 15 34 33 35 32 31 33 30 29 31 28 27 29 26 25 27 24 23 25 22 21 23 20 19 21 18 17 19 16 15 17 20 19 21 18 17 19 26 25 27 24 23 25 22 21 23 20 19 21 30 29 31 28 27 29 36 35 37 34 33 35 32 31 33 30 29 31 28 27 29 26 25 27 24 23 25 22 21 23 24 23 25 26 25 27 28 27 29
[8.583289s] A=259 K=481 i=1.807301238e+09) 37 35 33 31 29 27 25 23 21 19 17 15 13 11 9 7 5 3 1 36 35 37 34 33 35 32 31 33 30 29 31 28 27 29 26 25 27 24 23 25 22 21 23 20 19 21 18 17 19 16 15 17 14 13 15 12 11 13 10 9 11 8 7 9 6 5 7 4 3 5 2 1 3 0 1 34 33 35 32 31 33 30 29 31 28 27 29 26 25 27 24 23 25 22 21 23 20 19 21 18 17 19 16 15 17 14 13 15 12 11 13 10 9 11 8 7 9 6 5 7 4 3 5 2 1 3 36 35 37 34 33 35 32 31 33 30 29 31 28 27 29 26 25 27 24 23 25 22 21 23 20 19 21 18 17 19 16 15 17 14 13 15 12 11 13 10 9 11 8 7 9 6 5 7 4 3 5 2 1 3 32 31 33 30 29 31 28 27 29 26 25 27 24 23 25 22 21 23 20 19 21 18 17 19 16 15 17 14 13 15 12 11 13 10 9 11 8 7 9 6 5 7 4 3 5 36 35 37 34 33 35 32 31 33 30 29 31 28 27 29 26 25 27 24 23 25 22 21 23 20 19 21 18 17 19 16 15 17 14 13 15 12 11 13 10 9 11 8 7 9 6 5 7 4 3 5 30 29 31 28 27 29 26 25 27 24 23 25 22 21 23 20 19 21 18 17 19 16 15 17 14 13 15 12 11 13 10 9 11 8 7 9 6 5 7 34 33 35 32 31 33 30 29 31 28 27 29 26 25 27 24 23 25 22 21 23 20 19 21 18 17 19 16 15 17 14 13 15 12 11 13 10 9 11 8 7 9 6 5 7 28 27 29 26 25 27 24 23 25 22 21 23 20 19 21 18 17 19 16 15 17 14 13 15 12 11 13 10 9 11 8 7 9 22 21 23 20 19 21 18 17 19 16 15 17 14 13 15 24 23 25 26 25 27 24 23 25 22 21 23 20 19 21 18 17 19 16 15 17 14 13 15 12 11 13 10 9 11 22 21 23 20 19 21 18 17 19 16 15 17 14 13 15 12 11 13 24 23 25 28 27 29 26 25 27 32 31 33 30 29 31 28 27 29 30 29 31 32 31 33 34 33 35 36 35 37 34 33 35 32 31 33 30 29 31 28 27 29 26 25 27 24 23 25 22 21 23 20 19 21 18 17 19 16 15 17 14 13 15 12 11 13 10 9 11 8 7 9 26 25 27 24 23 25 22 21 23 20 19 21 18 17 19 16 15 17 20 19 21 18 17 19 28 27 29 26 25 27 24 23 25 22 21 23 28 27 29 30 29 31 32 31 33 30 29 31 28 27 29 26 25 27 24 23 25 28 27 29 34 33 35 32 31 33 30 29 31 36 35 37 34 33 35 32 31 33 30 29 31 28 27 29 26 25 27 24 23 25 22 21 23 20 19 21 18 17 19 16 15 17 14 13 15 12 11 13 10 9 11 14 13 15 12 11 13 16 15 17 18 17 19 22 21 23 20 19 21 18 17 19 16 15 17 14 13 15 28 27 29 26 25 27 24 23 25 22 21 23 20 19 21 18 17 19 16 15 17 20 19 21 18 17 19 26 25 27 24 23 25 22 21 23 20 19 21 30 29 31 28 27 29 34 33 35 32 31 33 30 29 31 28 27 29 26 25 27 24 23 25 22 21 23 24 23 25 26 25 27 28 27 29
[8.587524s] A=259 K=481 i=1.80830117e+09) 37 35 33 31 29 27 25 23 21 19 17 15 13 11 9 7 5 3 1 36 35 37 34 33 35 32 31 33 30 29 31 28 27 29 26 25 27 24 23 25 22 21 23 20 19 21 18 17 19 16 15 17 14 13 15 12 11 13 10 9 11 8 7 9 6 5 7 4 3 5 2 1 3 0 1 34 33 35 32 31 33 30 29 31 28 27 29 26 25 27 24 23 25 22 21 23 20 19 21 18 17 19 16 15 17 14 13 15 12 11 13 10 9 11 8 7 9 6 5 7 4 3 5 2 1 3 36 35 37 34 33 35 32 31 33 30 29 31 28 27 29 26 25 27 24 23 25 22 21 23 20 19 21 18 17 19 16 15 17 14 13 15 12 11 13 10 9 11 8 7 9 6 5 7 4 3 5 2 1 3 32 31 33 30 29 31 28 27 29 26 25 27 24 23 25 22 21 23 20 19 21 18 17 19 16 15 17 14 13 15 12 11 13 10 9 11 8 7 9 6 5 7 4 3 5 36 35 37 34 33 35 32 31 33 30 29 31 28 27 29 26 25 27 24 23 25 22 21 23 20 19 21 18 17 19 16 15 17 14 13 15 12 11 13 10 9 11 8 7 9 6 5 7 4 3 5 30 29 31 28 27 29 26 25 27 24 23 25 22 21 23 20 19 21 18 17 19 16 15 17 14 13 15 12 11 13 10 9 11 8 7 9 6 5 7 34 33 35 32 31 33 30 29 31 28 27 29 26 25 27 24 23 25 22 21 23 20 19 21 18 17 19 16 15 17 14 13 15 12 11 13 10 9 11 8 7 9 6 5 7 28 27 29 26 25 27 24 23 25 22 21 23 20 19 21 18 17 19 16 15 17 14 13 15 12 11 13 10 9 11 8 7 9 22 21 23 20 19 21 18 17 19 16 15 17 14 13 15 24 23 25 26 25 27 24 23 25 22 21 23 20 19 21 18 17 19 16 15 17 14 13 15 12 11 13 10 9 11 22 21 23 20 19 21 18 17 19 16 15 17 14 13 15 12 11 13 24 23 25 28 27 29 26 25 27 28 27 29 30 29 31 32 31 33 36 35 37 34 33 35 32 31 33 30 29 31 28 27 29 26 25 27 24 23 25 22 21 23 20 19 21 18 17 19 16 15 17 14 13 15 12 11 13 10 9 11 8 7 9 36 35 37 34 33 35 32 31 33 30 29 31 28 27 29 26 25 27 24 23 25 22 21 23 20 19 21 18 17 19 16 15 17 14 13 15 12 11 13 10 9 11 20 19 21 18 17 19 16 15 17 30 29 31 28 27 29 26 25 27 24 23 25 22 21 23 20 19 21 18 17 19 16 15 17 14 13 15 12 11 13 28 27 29 26 25 27 24 23 25 22 21 23 30 29 31 32 31 33 30 29 31 28 27 29 26 25 27 24 23 25 34 33 35 32 31 33 30 29 31 28 27 29 26 25 27 24 23 25 22 21 23 20 19 21 18 17 19 16 15 17 14 13 15 18 17 19 20 19 21 22 21 23 36 35 37 34 33 35 32 31 33 30 29 31 28 27 29 26 25 27 24 23 25 22 21 23 20 19 21 18 17 19 16 15 17 18 17 19 20 19 21 34 33 35 32 31 33 30 29 31 28 27 29 26 25 27 24 23 25 22 21 23 24 23 25 26 25 27 28 27 29
[10.769710s] A=259 K=481 i=2.294247534e+09) 37 35 33 31 29 27 25 23 21 19 17 15 13 11 9 7 5 3 1 36 35 37 34 33 35 32 31 33 30 29 31 28 27 29 26 25 27 24 23 25 22 21 23 20 19 21 18 17 19 16 15 17 14 13 15 12 11 13 10 9 11 8 7 9 6 5 7 4 3 5 2 1 3 0 1 34 33 35 32 31 33 30 29 31 28 27 29 26 25 27 24 23 25 22 21 23 20 19 21 18 17 19 16 15 17 14 13 15 12 11 13 10 9 11 8 7 9 6 5 7 4 3 5 2 1 3 36 35 37 34 33 35 32 31 33 30 29 31 28 27 29 26 25 27 24 23 25 22 21 23 20 19 21 18 17 19 16 15 17 14 13 15 12 11 13 10 9 11 8 7 9 6 5 7 4 3 5 2 1 3 32 31 33 30 29 31 28 27 29 26 25 27 24 23 25 22 21 23 20 19 21 18 17 19 16 15 17 14 13 15 12 11 13 10 9 11 8 7 9 6 5 7 4 3 5 36 35 37 34 33 35 32 31 33 30 29 31 28 27 29 26 25 27 24 23 25 22 21 23 20 19 21 18 17 19 16 15 17 14 13 15 12 11 13 10 9 11 8 7 9 6 5 7 4 3 5 30 29 31 28 27 29 26 25 27 24 23 25 22 21 23 20 19 21 18 17 19 16 15 17 14 13 15 12 11 13 10 9 11 8 7 9 6 5 7 34 33 35 32 31 33 30 29 31 28 27 29 26 25 27 24 23 25 22 21 23 20 19 21 18 17 19 16 15 17 14 13 15 12 11 13 10 9 11 8 7 9 6 5 7 28 27 29 26 25 27 24 23 25 22 21 23 20 19 21 18 17 19 16 15 17 14 13 15 12 11 13 10 9 11 8 7 9 22 21 23 20 19 21 18 17 19 16 15 17 24 23 25 26 25 27 24 23 25 22 21 23 20 19 21 18 17 19 16 15 17 14 13 15 12 11 13 10 9 11 22 21 23 20 19 21 28 27 29 26 25 27 24 23 25 32 31 33 34 33 35 36 35 37 34 33 35 32 31 33 30 29 31 28 27 29 26 25 27 24 23 25 22 21 23 20 19 21 18 17 19 16 15 17 14 13 15 12 11 13 10 9 11 8 7 9 18 17 19 16 15 17 14 13 15 12 11 13 20 19 21 18 17 19 28 27 29 26 25 27 30 29 31 28 27 29 26 25 27 24 23 25 22 21 23 20 19 21 32 31 33 30 29 31 34 33 35 32 31 33 36 35 37 34 33 35 32 31 33 30 29 31 28 27 29 26 25 27 24 23 25 22 21 23 20 19 21 18 17 19 16 15 17 14 13 15 12 11 13 10 9 11 18 17 19 16 15 17 14 13 15 12 11 13 14 13 15 16 15 17 20 19 21 18 17 19 28 27 29 26 25 27 24 23 25 22 21 23 20 19 21 18 17 19 16 15 17 14 13 15 30 29 31 28 27 29 26 25 27 24 23 25 22 21 23 20 19 21 18 17 19 16 15 17 32 31 33 30 29 31 28 27 29 26 25 27 24 23 25 22 21 23 20 19 21 18 17 19 34 33 35 32 31 33 30 29 31 28 27 29 26 25 27 24 23 25 22 21 23 20 19 21 36 35 37 34 33 35 32 31 33 30 29 31 28 27 29 26 25 27 24 23 25 22 21 23
[10.770452s] A=259 K=481 i=2.294455054e+09) 37 35 33 31 29 27 25 23 21 19 17 15 13 11 9 7 5 3 1 36 35 37 34 33 35 32 31 33 30 29 31 28 27 29 26 25 27 24 23 25 22 21 23 20 19 21 18 17 19 16 15 17 14 13 15 12 11 13 10 9 11 8 7 9 6 5 7 4 3 5 2 1 3 0 1 34 33 35 32 31 33 30 29 31 28 27 29 26 25 27 24 23 25 22 21 23 20 19 21 18 17 19 16 15 17 14 13 15 12 11 13 10 9 11 8 7 9 6 5 7 4 3 5 2 1 3 36 35 37 34 33 35 32 31 33 30 29 31 28 27 29 26 25 27 24 23 25 22 21 23 20 19 21 18 17 19 16 15 17 14 13 15 12 11 13 10 9 11 8 7 9 6 5 7 4 3 5 2 1 3 32 31 33 30 29 31 28 27 29 26 25 27 24 23 25 22 21 23 20 19 21 18 17 19 16 15 17 14 13 15 12 11 13 10 9 11 8 7 9 6 5 7 4 3 5 36 35 37 34 33 35 32 31 33 30 29 31 28 27 29 26 25 27 24 23 25 22 21 23 20 19 21 18 17 19 16 15 17 14 13 15 12 11 13 10 9 11 8 7 9 6 5 7 4 3 5 30 29 31 28 27 29 26 25 27 24 23 25 22 21 23 20 19 21 18 17 19 16 15 17 14 13 15 12 11 13 10 9 11 8 7 9 6 5 7 34 33 35 32 31 33 30 29 31 28 27 29 26 25 27 24 23 25 22 21 23 20 19 21 18 17 19 16 15 17 14 13 15 12 11 13 10 9 11 8 7 9 6 5 7 28 27 29 26 25 27 24 23 25 22 21 23 20 19 21 18 17 19 16 15 17 14 13 15 12 11 13 10 9 11 8 7 9 22 21 23 20 19 21 18 17 19 16 15 17 24 23 25 26 25 27 24 23 25 22 21 23 20 19 21 18 17 19 16 15 17 14 13 15 12 11 13 10 9 11 22 21 23 20 19 21 28 27 29 26 25 27 24 23 25 26 25 27 32 31 33 30 29 31 28 27 29 34 33 35 36 35 37 34 33 35 32 31 33 30 29 31 28 27 29 26 25 27 24 23 25 22 21 23 20 19 21 18 17 19 16 15 17 14 13 15 12 11 13 10 9 11 8 7 9 18 17 19 16 15 17 14 13 15 12 11 13 20 19 21 18 17 19 26 25 27 24 23 25 22 21 23 20 19 21 28 27 29 26 25 27 32 31 33 30 29 31 28 27 29 34 33 35 32 31 33 30 29 31 36 35 37 34 33 35 32 31 33 30 29 31 28 27 29 26 25 27 24 23 25 22 21 23 20 19 21 18 17 19 16 15 17 14 13 15 12 11 13 10 9 11 18 17 19 16 15 17 14 13 15 12 11 13 14 13 15 16 15 17 20 19 21 18 17 19 26 25 27 24 23 25 22 21 23 20 19 21 18 17 19 16 15 17 14 13 15 28 27 29 26 25 27 24 23 25 22 21 23 20 19 21 18 17 19 16 15 17 30 29 31 28 27 29 26 25 27 24 23 25 22 21 23 20 19 21 18 17 19 34 33 35 32 31 33 30 29 31 28 27 29 26 25 27 24 23 25 22 21 23 20 19 21 36 35 37 34 33 35 32 31 33 30 29 31 28 27 29 26 25 27 24 23 25 22 21 23
[11.184889s] A=259 K=481 i=2.387880212e+09) 37 35 33 31 29 27 25 23 21 19 17 15 13 11 9 7 5 3 1 36 35 37 34 33 35 32 31 33 30 29 31 28 27 29 26 25 27 24 23 25 22 21 23 20 19 21 18 17 19 16 15 17 14 13 15 12 11 13 10 9 11 8 7 9 6 5 7 4 3 5 2 1 3 0 1 34 33 35 32 31 33 30 29 31 28 27 29 26 25 27 24 23 25 22 21 23 20 19 21 18 17 19 16 15 17 14 13 15 12 11 13 10 9 11 8 7 9 6 5 7 4 3 5 2 1 3 36 35 37 34 33 35 32 31 33 30 29 31 28 27 29 26 25 27 24 23 25 22 21 23 20 19 21 18 17 19 16 15 17 14 13 15 12 11 13 10 9 11 8 7 9 6 5 7 4 3 5 2 1 3 32 31 33 30 29 31 28 27 29 26 25 27 24 23 25 22 21 23 20 19 21 18 17 19 16 15 17 14 13 15 12 11 13 10 9 11 8 7 9 6 5 7 4 3 5 36 35 37 34 33 35 32 31 33 30 29 31 28 27 29 26 25 27 24 23 25 22 21 23 20 19 21 18 17 19 16 15 17 14 13 15 12 11 13 10 9 11 8 7 9 6 5 7 4 3 5 30 29 31 28 27 29 26 25 27 24 23 25 22 21 23 20 19 21 18 17 19 16 15 17 14 13 15 12 11 13 10 9 11 8 7 9 6 5 7 34 33 35 32 31 33 30 29 31 28 27 29 26 25 27 24 23 25 22 21 23 20 19 21 18 17 19 16 15 17 14 13 15 12 11 13 10 9 11 8 7 9 6 5 7 28 27 29 26 25 27 24 23 25 22 21 23 20 19 21 18 17 19 16 15 17 14 13 15 12 11 13 10 9 11 8 7 9 20 19 21 18 17 19 16 15 17 14 13 15 12 11 13 10 9 11 22 21 23 20 19 21 18 17 19 16 15 17 14 13 15 12 11 13 10 9 11 24 23 25 22 21 23 20 19 21 18 17 19 16 15 17 14 13 15 12 11 13 26 25 27 24 23 25 22 21 23 20 19 21 18 17 19 16 15 17 14 13 15 12 11 13 10 9 11 28 27 29 26 25 27 24 23 25 30 29 31 28 27 29 26 25 27 24 23 25 22 21 23 32 31 33 30 29 31 28 27 29 26 25 27 24 23 25 22 21 23 20 19 21 18 17 19 16 15 17 14 13 15 34 33 35 32 31 33 30 29 31 28 27 29 26 25 27 24 23 25 22 21 23 20 19 21 18 17 19 16 15 17 28 27 29 34 33 35 32 31 33 30 29 31 36 35 37 34 33 35 32 31 33 30 29 31 28 27 29 26 25 27 24 23 25 22 21 23 20 19 21 18 17 19 16 15 17 14 13 15 12 11 13 10 9 11 8 7 9 28 27 29 26 25 27 24 23 25 22 21 23 20 19 21 18 17 19 30 29 31 28 27 29 26 25 27 36 35 37 34 33 35 32 31 33 30 29 31 28 27 29 26 25 27 24 23 25 22 21 23 20 19 21 18 17 19 16 15 17 14 13 15 12 11 13 10 9 11 12 11 13 14 13 15 16 15 17 18 17 19 20 19 21 18 17 19 32 31 33 30 29 31 28 27 29 26 25 27 24 23 25 22 21 23 20 19 21 24 23 25 22 21 23 26 25 27 28 27 29
[11.527726s] A=259 K=481 i=2.46463973e+09) 37 35 33 31 29 27 25 23 21 19 17 15 13 11 9 7 5 3 1 36 35 37 34 33 35 32 31 33 30 29 31 28 27 29 26 25 27 24 23 25 22 21 23 20 19 21 18 17 19 16 15 17 14 13 15 12 11 13 10 9 11 8 7 9 6 5 7 4 3 5 2 1 3 0 1 34 33 35 32 31 33 30 29 31 28 27 29 26 25 27 24 23 25 22 21 23 20 19 21 18 17 19 16 15 17 14 13 15 12 11 13 10 9 11 8 7 9 6 5 7 4 3 5 2 1 3 36 35 37 34 33 35 32 31 33 30 29 31 28 27 29 26 25 27 24 23 25 22 21 23 20 19 21 18 17 19 16 15 17 14 13 15 12 11 13 10 9 11 8 7 9 6 5 7 4 3 5 2 1 3 32 31 33 30 29 31 28 27 29 26 25 27 24 23 25 22 21 23 20 19 21 18 17 19 16 15 17 14 13 15 12 11 13 10 9 11 8 7 9 6 5 7 4 3 5 36 35 37 34 33 35 32 31 33 30 29 31 28 27 29 26 25 27 24 23 25 22 21 23 20 19 21 18 17 19 16 15 17 14 13 15 12 11 13 10 9 11 8 7 9 6 5 7 4 3 5 30 29 31 28 27 29 26 25 27 24 23 25 22 21 23 20 19 21 18 17 19 16 15 17 14 13 15 12 11 13 10 9 11 8 7 9 6 5 7 34 33 35 32 31 33 30 29 31 28 27 29 26 25 27 24 23 25 22 21 23 20 19 21 18 17 19 16 15 17 14 13 15 12 11 13 10 9 11 8 7 9 6 5 7 28 27 29 26 25 27 24 23 25 22 21 23 20 19 21 18 17 19 16 15 17 14 13 15 12 11 13 10 9 11 8 7 9 20 19 21 18 17 19 16 15 17 14 13 15 12 11 13 22 21 23 20 19 21 18 17 19 16 15 17 14 13 15 12 11 13 10 9 11 24 23 25 22 21 23 20 19 21 18 17 19 16 15 17 14 13 15 12 11 13 10 9 11 26 25 27 24 23 25 22 21 23 20 19 21 18 17 19 16 15 17 14 13 15 12 11 13 30 29 31 28 27 29 26 25 27 24 23 25 22 21 23 28 27 29 26 25 27 30 29 31 32 31 33 30 29 31 28 27 29 26 25 27 24 23 25 22 21 23 20 19 21 18 17 19 16 15 17 14 13 15 18 17 19 34 33 35 32 31 33 30 29 31 28 27 29 26 25 27 24 23 25 22 21 23 20 19 21 28 27 29 26 25 27 24 23 25 36 35 37 34 33 35 32 31 33 30 29 31 28 27 29 26 25 27 24 23 25 22 21 23 20 19 21 18 17 19 16 15 17 14 13 15 12 11 13 10 9 11 8 7 9 10 9 11 12 11 13 18 17 19 16 15 17 14 13 15 34 33 35 32 31 33 30 29 31 28 27 29 26 25 27 24 23 25 22 21 23 20 19 21 18 17 19 16 15 17 36 35 37 34 33 35 32 31 33 30 29 31 28 27 29 26 25 27 24 23 25 22 21 23 20 19 21 18 17 19 16 15 17 14 13 15 12 11 13 10 9 11 20 19 21 18 17 19 22 21 23 24 23 25 32 31 33 30 29 31 28 27 29 26 25 27 24 23 25 22 21 23 20 19 21 30 29 31 28 27 29 26 25 27
[11.528197s] A=259 K=481 i=2.464697024e+09) 37 35 33 31 29 27 25 23 21 19 17 15 13 11 9 7 5 3 1 36 35 37 34 33 35 32 31 33 30 29 31 28 27 29 26 25 27 24 23 25 22 21 23 20 19 21 18 17 19 16 15 17 14 13 15 12 11 13 10 9 11 8 7 9 6 5 7 4 3 5 2 1 3 0 1 34 33 35 32 31 33 30 29 31 28 27 29 26 25 27 24 23 25 22 21 23 20 19 21 18 17 19 16 15 17 14 13 15 12 11 13 10 9 11 8 7 9 6 5 7 4 3 5 2 1 3 36 35 37 34 33 35 32 31 33 30 29 31 28 27 29 26 25 27 24 23 25 22 21 23 20 19 21 18 17 19 16 15 17 14 13 15 12 11 13 10 9 11 8 7 9 6 5 7 4 3 5 2 1 3 32 31 33 30 29 31 28 27 29 26 25 27 24 23 25 22 21 23 20 19 21 18 17 19 16 15 17 14 13 15 12 11 13 10 9 11 8 7 9 6 5 7 4 3 5 36 35 37 34 33 35 32 31 33 30 29 31 28 27 29 26 25 27 24 23 25 22 21 23 20 19 21 18 17 19 16 15 17 14 13 15 12 11 13 10 9 11 8 7 9 6 5 7 4 3 5 30 29 31 28 27 29 26 25 27 24 23 25 22 21 23 20 19 21 18 17 19 16 15 17 14 13 15 12 11 13 10 9 11 8 7 9 6 5 7 34 33 35 32 31 33 30 29 31 28 27 29 26 25 27 24 23 25 22 21 23 20 19 21 18 17 19 16 15 17 14 13 15 12 11 13 10 9 11 8 7 9 6 5 7 28 27 29 26 25 27 24 23 25 22 21 23 20 19 21 18 17 19 16 15 17 14 13 15 12 11 13 10 9 11 8 7 9 20 19 21 18 17 19 16 15 17 14 13 15 12 11 13 22 21 23 20 19 21 18 17 19 16 15 17 14 13 15 12 11 13 10 9 11 24 23 25 22 21 23 20 19 21 18 17 19 16 15 17 14 13 15 12 11 13 10 9 11 26 25 27 24 23 25 22 21 23 20 19 21 18 17 19 16 15 17 14 13 15 12 11 13 28 27 29 26 25 27 24 23 25 30 29 31 28 27 29 26 25 27 24 23 25 22 21 23 32 31 33 30 29 31 28 27 29 26 25 27 24 23 25 22 21 23 20 19 21 18 17 19 16 15 17 14 13 15 18 17 19 34 33 35 32 31 33 30 29 31 28 27 29 26 25 27 24 23 25 22 21 23 20 19 21 28 27 29 34 33 35 32 31 33 30 29 31 36 35 37 34 33 35 32 31 33 30 29 31 28 27 29 26 25 27 24 23 25 22 21 23 20 19 21 18 17 19 16 15 17 14 13 15 12 11 13 10 9 11 8 7 9 10 9 11 12 11 13 18 17 19 16 15 17 14 13 15 28 27 29 26 25 27 24 23 25 22 21 23 20 19 21 18 17 19 16 15 17 30 29 31 28 27 29 26 25 27 36 35 37 34 33 35 32 31 33 30 29 31 28 27 29 26 25 27 24 23 25 22 21 23 20 19 21 18 17 19 16 15 17 14 13 15 12 11 13 10 9 11 20 19 21 18 17 19 24 23 25 22 21 23 32 31 33 30 29 31 28 27 29 26 25 27 24 23 25 22 21 23 20 19 21 26 25 27 28 27 29
[11.650188s] A=259 K=481 i=2.491799129e+09) 37 35 33 31 29 27 25 23 21 19 17 15 13 11 9 7 5 3 1 36 35 37 34 33 35 32 31 33 30 29 31 28 27 29 26 25 27 24 23 25 22 21 23 20 19 21 18 17 19 16 15 17 14 13 15 12 11 13 10 9 11 8 7 9 6 5 7 4 3 5 2 1 3 0 1 34 33 35 32 31 33 30 29 31 28 27 29 26 25 27 24 23 25 22 21 23 20 19 21 18 17 19 16 15 17 14 13 15 12 11 13 10 9 11 8 7 9 6 5 7 4 3 5 2 1 3 36 35 37 34 33 35 32 31 33 30 29 31 28 27 29 26 25 27 24 23 25 22 21 23 20 19 21 18 17 19 16 15 17 14 13 15 12 11 13 10 9 11 8 7 9 6 5 7 4 3 5 2 1 3 32 31 33 30 29 31 28 27 29 26 25 27 24 23 25 22 21 23 20 19 21 18 17 19 16 15 17 14 13 15 12 11 13 10 9 11 8 7 9 6 5 7 4 3 5 36 35 37 34 33 35 32 31 33 30 29 31 28 27 29 26 25 27 24 23 25 22 21 23 20 19 21 18 17 19 16 15 17 14 13 15 12 11 13 10 9 11 8 7 9 6 5 7 4 3 5 30 29 31 28 27 29 26 25 27 24 23 25 22 21 23 20 19 21 18 17 19 16 15 17 14 13 15 12 11 13 10 9 11 8 7 9 6 5 7 34 33 35 32 31 33 30 29 31 28 27 29 26 25 27 24 23 25 22 21 23 20 19 21 18 17 19 16 15 17 14 13 15 12 11 13 10 9 11 8 7 9 6 5 7 28 27 29 26 25 27 24 23 25 22 21 23 20 19 21 18 17 19 16 15 17 14 13 15 12 11 13 10 9 11 8 7 9 20 19 21 18 17 19 16 15 17 14 13 15 12 11 13 22 21 23 20 19 21 18 17 19 16 15 17 14 13 15 24 23 25 22 21 23 20 19 21 18 17 19 16 15 17 14 13 15 12 11 13 10 9 11 12 11 13 14 13 15 26 25 27 24 23 25 22 21 23 20 19 21 18 17 19 16 15 17 14 13 15 30 29 31 28 27 29 26 25 27 24 23 25 22 21 23 28 27 29 26 25 27 30 29 31 32 31 33 30 29 31 28 27 29 26 25 27 24 23 25 22 21 23 20 19 21 18 17 19 16 15 17 34 33 35 32 31 33 30 29 31 28 27 29 26 25 27 24 23 25 22 21 23 20 19 21 18 17 19 28 27 29 26 25 27 24 23 25 36 35 37 34 33 35 32 31 33 30 29 31 28 27 29 26 25 27 24 23 25 22 21 23 20 19 21 18 17 19 16 15 17 14 13 15 12 11 13 10 9 11 8 7 9 12 11 13 10 9 11 14 13 15 12 11 13 16 15 17 14 13 15 18 17 19 34 33 35 32 31 33 30 29 31 28 27 29 26 25 27 24 23 25 22 21 23 20 19 21 18 17 19 16 15 17 36 35 37 34 33 35 32 31 33 30 29 31 28 27 29 26 25 27 24 23 25 22 21 23 20 19 21 18 17 19 16 15 17 14 13 15 12 11 13 10 9 11 20 19 21 18 17 19 22 21 23 24 23 25 32 31 33 30 29 31 28 27 29 26 25 27 24 23 25 22 21 23 20 19 21 30 29 31 28 27 29 26 25 27
[11.650529s] A=259 K=481 i=2.491832492e+09) 37 35 33 31 29 27 25 23 21 19 17 15 13 11 9 7 5 3 1 36 35 37 34 33 35 32 31 33 30 29 31 28 27 29 26 25 27 24 23 25 22 21 23 20 19 21 18 17 19 16 15 17 14 13 15 12 11 13 10 9 11 8 7 9 6 5 7 4 3 5 2 1 3 0 1 34 33 35 32 31 33 30 29 31 28 27 29 26 25 27 24 23 25 22 21 23 20 19 21 18 17 19 16 15 17 14 13 15 12 11 13 10 9 11 8 7 9 6 5 7 4 3 5 2 1 3 36 35 37 34 33 35 32 31 33 30 29 31 28 27 29 26 25 27 24 23 25 22 21 23 20 19 21 18 17 19 16 15 17 14 13 15 12 11 13 10 9 11 8 7 9 6 5 7 4 3 5 2 1 3 32 31 33 30 29 31 28 27 29 26 25 27 24 23 25 22 21 23 20 19 21 18 17 19 16 15 17 14 13 15 12 11 13 10 9 11 8 7 9 6 5 7 4 3 5 36 35 37 34 33 35 32 31 33 30 29 31 28 27 29 26 25 27 24 23 25 22 21 23 20 19 21 18 17 19 16 15 17 14 13 15 12 11 13 10 9 11 8 7 9 6 5 7 4 3 5 30 29 31 28 27 29 26 25 27 24 23 25 22 21 23 20 19 21 18 17 19 16 15 17 14 13 15 12 11 13 10 9 11 8 7 9 6 5 7 34 33 35 32 31 33 30 29 31 28 27 29 26 25 27 24 23 25 22 21 23 20 19 21 18 17 19 16 15 17 14 13 15 12 11 13 10 9 11 8 7 9 6 5 7 28 27 29 26 25 27 24 23 25 22 21 23 20 19 21 18 17 19 16 15 17 14 13 15 12 11 13 10 9 11 8 7 9 20 19 21 18 17 19 16 15 17 14 13 15 12 11 13 22 21 23 20 19 21 18 17 19 16 15 17 14 13 15 24 23 25 22 21 23 20 19 21 18 17 19 16 15 17 14 13 15 12 11 13 10 9 11 12 11 13 14 13 15 26 25 27 24 23 25 22 21 23 20 19 21 18 17 19 16 15 17 14 13 15 28 27 29 26 25 27 24 23 25 30 29 31 28 27 29 26 25 27 24 23 25 22 21 23 32 31 33 30 29 31 28 27 29 26 25 27 24 23 25 22 21 23 20 19 21 18 17 19 16 15 17 34 33 35 32 31 33 30 29 31 28 27 29 26 25 27 24 23 25 22 21 23 20 19 21 18 17 19 28 27 29 34 33 35 32 31 33 30 29 31 36 35 37 34 33 35 32 31 33 30 29 31 28 27 29 26 25 27 24 23 25 22 21 23 20 19 21 18 17 19 16 15 17 14 13 15 12 11 13 10 9 11 8 7 9 12 11 13 10 9 11 14 13 15 12 11 13 16 15 17 14 13 15 18 17 19 28 27 29 26 25 27 24 23 25 22 21 23 20 19 21 18 17 19 16 15 17 30 29 31 28 27 29 26 25 27 36 35 37 34 33 35 32 31 33 30 29 31 28 27 29 26 25 27 24 23 25 22 21 23 20 19 21 18 17 19 16 15 17 14 13 15 12 11 13 10 9 11 20 19 21 18 17 19 24 23 25 22 21 23 32 31 33 30 29 31 28 27 29 26 25 27 24 23 25 22 21 23 20 19 21 26 25 27 28 27 29
[11.695876s] A=259 K=481 i=2.499709779e+09) 37 35 33 31 29 27 25 23 21 19 17 15 13 11 9 7 5 3 1 36 35 37 34 33 35 32 31 33 30 29 31 28 27 29 26 25 27 24 23 25 22 21 23 20 19 21 18 17 19 16 15 17 14 13 15 12 11 13 10 9 11 8 7 9 6 5 7 4 3 5 2 1 3 0 1 34 33 35 32 31 33 30 29 31 28 27 29 26 25 27 24 23 25 22 21 23 20 19 21 18 17 19 16 15 17 14 13 15 12 11 13 10 9 11 8 7 9 6 5 7 4 3 5 2 1 3 36 35 37 34 33 35 32 31 33 30 29 31 28 27 29 26 25 27 24 23 25 22 21 23 20 19 21 18 17 19 16 15 17 14 13 15 12 11 13 10 9 11 8 7 9 6 5 7 4 3 5 2 1 3 32 31 33 30 29 31 28 27 29 26 25 27 24 23 25 22 21 23 20 19 21 18 17 19 16 15 17 14 13 15 12 11 13 10 9 11 8 7 9 6 5 7 4 3 5 36 35 37 34 33 35 32 31 33 30 29 31 28 27 29 26 25 27 24 23 25 22 21 23 20 19 21 18 17 19 16 15 17 14 13 15 12 11 13 10 9 11 8 7 9 6 5 7 4 3 5 30 29 31 28 27 29 26 25 27 24 23 25 22 21 23 20 19 21 18 17 19 16 15 17 14 13 15 12 11 13 10 9 11 8 7 9 6 5 7 34 33 35 32 31 33 30 29 31 28 27 29 26 25 27 24 23 25 22 21 23 20 19 21 18 17 19 16 15 17 14 13 15 12 11 13 10 9 11 8 7 9 6 5 7 28 27 29 26 25 27 24 23 25 22 21 23 20 19 21 18 17 19 16 15 17 14 13 15 12 11 13 10 9 11 8 7 9 20 19 21 18 17 19 16 15 17 14 13 15 12 11 13 22 21 23 20 19 21 18 17 19 16 15 17 14 13 15 24 23 25 22 21 23 20 19 21 18 17 19 16 15 17 26 25 27 24 23 25 22 21 23 20 19 21 18 17 19 16 15 17 14 13 15 12 11 13 10 9 11 14 13 15 12 11 13 30 29 31 28 27 29 26 25 27 24 23 25 22 21 23 28 27 29 26 25 27 24 23 25 30 29 31 32 31 33 30 29 31 28 27 29 26 25 27 24 23 25 22 21 23 20 19 21 18 17 19 34 33 35 32 31 33 30 29 31 28 27 29 36 35 37 34 33 35 32 31 33 30 29 31 28 27 29 26 25 27 24 23 25 22 21 23 20 19 21 18 17 19 16 15 17 14 13 15 12 11 13 10 9 11 8 7 9 16 15 17 18 17 19 26 25 27 24 23 25 28 27 29 34 33 35 32 31 33 30 29 31 28 27 29 26 25 27 36 35 37 34 33 35 32 31 33 30 29 31 28 27 29 26 25 27 24 23 25 22 21 23 20 19 21 18 17 19 16 15 17 14 13 15 12 11 13 10 9 11 14 13 15 12 11 13 22 21 23 20 19 21 18 17 19 16 15 17 14 13 15 24 23 25 22 21 23 20 19 21 18 17 19 16 15 17 20 19 21 18 17 19 22 21 23 26 25 27 24 23 25 30 29 31 28 27 29 32 31 33 30 29 31 28 27 29 26 25 27 24 23 25 22 21 23 20 19 21 22 21 23 24 23 25 26 25 27 28 27 29
[11.699881s] A=259 K=481 i=2.500460041e+09) 37 35 33 31 29 27 25 23 21 19 17 15 13 11 9 7 5 3 1 36 35 37 34 33 35 32 31 33 30 29 31 28 27 29 26 25 27 24 23 25 22 21 23 20 19 21 18 17 19 16 15 17 14 13 15 12 11 13 10 9 11 8 7 9 6 5 7 4 3 5 2 1 3 0 1 34 33 35 32 31 33 30 29 31 28 27 29 26 25 27 24 23 25 22 21 23 20 19 21 18 17 19 16 15 17 14 13 15 12 11 13 10 9 11 8 7 9 6 5 7 4 3 5 2 1 3 36 35 37 34 33 35 32 31 33 30 29 31 28 27 29 26 25 27 24 23 25 22 21 23 20 19 21 18 17 19 16 15 17 14 13 15 12 11 13 10 9 11 8 7 9 6 5 7 4 3 5 2 1 3 32 31 33 30 29 31 28 27 29 26 25 27 24 23 25 22 21 23 20 19 21 18 17 19 16 15 17 14 13 15 12 11 13 10 9 11 8 7 9 6 5 7 4 3 5 36 35 37 34 33 35 32 31 33 30 29 31 28 27 29 26 25 27 24 23 25 22 21 23 20 19 21 18 17 19 16 15 17 14 13 15 12 11 13 10 9 11 8 7 9 6 5 7 4 3 5 30 29 31 28 27 29 26 25 27 24 23 25 22 21 23 20 19 21 18 17 19 16 15 17 14 13 15 12 11 13 10 9 11 8 7 9 6 5 7 34 33 35 32 31 33 30 29 31 28 27 29 26 25 27 24 23 25 22 21 23 20 19 21 18 17 19 16 15 17 14 13 15 12 11 13 10 9 11 8 7 9 6 5 7 28 27 29 26 25 27 24 23 25 22 21 23 20 19 21 18 17 19 16 15 17 14 13 15 12 11 13 10 9 11 8 7 9 20 19 21 18 17 19 16 15 17 14 13 15 12 11 13 22 21 23 20 19 21 18 17 19 16 15 17 14 13 15 24 23 25 22 21 23 20 19 21 18 17 19 16 15 17 26 25 27 24 23 25 22 21 23 20 19 21 18 17 19 16 15 17 14 13 15 12 11 13 10 9 11 14 13 15 12 11 13 28 27 29 26 25 27 30 29 31 28 27 29 26 25 27 24 23 25 22 21 23 32 31 33 30 29 31 32 31 33 34 33 35 36 35 37 34 33 35 32 31 33 30 29 31 28 27 29 26 25 27 24 23 25 22 21 23 20 19 21 18 17 19 16 15 17 14 13 15 12 11 13 10 9 11 8 7 9 28 27 29 26 25 27 24 23 25 22 21 23 20 19 21 18 17 19 16 15 17 18 17 19 20 19 21 30 29 31 28 27 29 26 25 27 24 23 25 32 31 33 30 29 31 28 27 29 26 25 27 24 23 25 22 21 23 20 19 21 34 33 35 32 31 33 30 29 31 28 27 29 26 25 27 24 23 25 22 21 23 36 35 37 34 33 35 32 31 33 30 29 31 28 27 29 26 25 27 24 23 25 22 21 23 20 19 21 18 17 19 16 15 17 14 13 15 12 11 13 10 9 11 14 13 15 12 11 13 18 17 19 16 15 17 14 13 15 20 19 21 18 17 19 16 15 17 20 19 21 18 17 19 22 21 23 20 19 21 22 21 23 24 23 25 32 31 33 30 29 31 28 27 29 26 25 27 24 23 25 22 21 23 30 29 31 28 27 29 26 25 27
[11.921487s] A=259 K=481 i=2.538133221e+09) 37 35 33 31 29 27 25 23 21 19 17 15 13 11 9 7 5 3 1 36 35 37 34 33 35 32 31 33 30 29 31 28 27 29 26 25 27 24 23 25 22 21 23 20 19 21 18 17 19 16 15 17 14 13 15 12 11 13 10 9 11 8 7 9 6 5 7 4 3 5 2 1 3 0 1 34 33 35 32 31 33 30 29 31 28 27 29 26 25 27 24 23 25 22 21 23 20 19 21 18 17 19 16 15 17 14 13 15 12 11 13 10 9 11 8 7 9 6 5 7 4 3 5 2 1 3 36 35 37 34 33 35 32 31 33 30 29 31 28 27 29 26 25 27 24 23 25 22 21 23 20 19 21 18 17 19 16 15 17 14 13 15 12 11 13 10 9 11 8 7 9 6 5 7 4 3 5 2 1 3 32 31 33 30 29 31 28 27 29 26 25 27 24 23 25 22 21 23 20 19 21 18 17 19 16 15 17 14 13 15 12 11 13 10 9 11 8 7 9 6 5 7 4 3 5 36 35 37 34 33 35 32 31 33 30 29 31 28 27 29 26 25 27 24 23 25 22 21 23 20 19 21 18 17 19 16 15 17 14 13 15 12 11 13 10 9 11 8 7 9 6 5 7 4 3 5 30 29 31 28 27 29 26 25 27 24 23 25 22 21 23 20 19 21 18 17 19 16 15 17 14 13 15 12 11 13 10 9 11 8 7 9 6 5 7 34 33 35 32 31 33 30 29 31 28 27 29 26 25 27 24 23 25 22 21 23 20 19 21 18 17 19 16 15 17 14 13 15 12 11 13 10 9 11 8 7 9 6 5 7 28 27 29 26 25 27 24 23 25 22 21 23 20 19 21 18 17 19 16 15 17 14 13 15 12 11 13 10 9 11 8 7 9 20 19 21 18 17 19 16 15 17 14 13 15 12 11 13 22 21 23 20 19 21 18 17 19 16 15 17 24 23 25 22 21 23 20 19 21 18 17 19 16 15 17 14 13 15 12 11 13 26 25 27 24 23 25 22 21 23 20 19 21 18 17 19 16 15 17 14 13 15 28 27 29 26 25 27 24 23 25 22 21 23 30 29 31 28 27 29 26 25 27 24 23 25 32 31 33 30 29 31 28 27 29 26 25 27 24 23 25 22 21 23 34 33 35 32 31 33 30 29 31 28 27 29 26 25 27 34 33 35 32 31 33 30 29 31 36 35 37 34 33 35 32 31 33 30 29 31 28 27 29 26 25 27 24 23 25 22 21 23 20 19 21 18 17 19 16 15 17 14 13 15 12 11 13 10 9 11 8 7 9 12 11 13 10 9 11 14 13 15 20 19 21 18 17 19 16 15 17 36 35 37 34 33 35 32 31 33 30 29 31 28 27 29 26 25 27 24 23 25 22 21 23 20 19 21 18 17 19 16 15 17 14 13 15 12 11 13 10 9 11 14 13 15 12 11 13 24 23 25 22 21 23 20 19 21 18 17 19 16 15 17 14 13 15 18 17 19 22 21 23 20 19 21 28 27 29 26 25 27 24 23 25 22 21 23 20 19 21 18 17 19 16 15 17 18 17 19 30 29 31 28 27 29 26 25 27 24 23 25 32 31 33 30 29 31 28 27 29 26 25 27 24 23 25 22 21 23 20 19 21 22 21 23 24 23 25 32 31 33 30 29 31 28 27 29 26 25 27
[11.926833s] A=259 K=481 i=2.539837826e+09) 37 35 33 31 29 27 25 23 21 19 17 15 13 11 9 7 5 3 1 36 35 37 34 33 35 32 31 33 30 29 31 28 27 29 26 25 27 24 23 25 22 21 23 20 19 21 18 17 19 16 15 17 14 13 15 12 11 13 10 9 11 8 7 9 6 5 7 4 3 5 2 1 3 0 1 34 33 35 32 31 33 30 29 31 28 27 29 26 25 27 24 23 25 22 21 23 20 19 21 18 17 19 16 15 17 14 13 15 12 11 13 10 9 11 8 7 9 6 5 7 4 3 5 2 1 3 36 35 37 34 33 35 32 31 33 30 29 31 28 27 29 26 25 27 24 23 25 22 21 23 20 19 21 18 17 19 16 15 17 14 13 15 12 11 13 10 9 11 8 7 9 6 5 7 4 3 5 2 1 3 32 31 33 30 29 31 28 27 29 26 25 27 24 23 25 22 21 23 20 19 21 18 17 19 16 15 17 14 13 15 12 11 13 10 9 11 8 7 9 6 5 7 4 3 5 36 35 37 34 33 35 32 31 33 30 29 31 28 27 29 26 25 27 24 23 25 22 21 23 20 19 21 18 17 19 16 15 17 14 13 15 12 11 13 10 9 11 8 7 9 6 5 7 4 3 5 30 29 31 28 27 29 26 25 27 24 23 25 22 21 23 20 19 21 18 17 19 16 15 17 14 13 15 12 11 13 10 9 11 8 7 9 6 5 7 34 33 35 32 31 33 30 29 31 28 27 29 26 25 27 24 23 25 22 21 23 20 19 21 18 17 19 16 15 17 14 13 15 12 11 13 10 9 11 8 7 9 6 5 7 28 27 29 26 25 27 24 23 25 22 21 23 20 19 21 18 17 19 16 15 17 14 13 15 12 11 13 10 9 11 8 7 9 20 19 21 18 17 19 16 15 17 14 13 15 12 11 13 22 21 23 20 19 21 18 17 19 16 15 17 24 23 25 22 21 23 20 19 21 18 17 19 16 15 17 14 13 15 12 11 13 26 25 27 24 23 25 22 21 23 20 19 21 18 17 19 16 15 17 14 13 15 26 25 27 24 23 25 22 21 23 28 27 29 30 29 31 32 31 33 30 29 31 28 27 29 26 25 27 24 23 25 22 21 23 28 27 29 26 25 27 24 23 25 30 29 31 34 33 35 32 31 33 30 29 31 28 27 29 26 25 27 36 35 37 34 33 35 32 31 33 30 29 31 28 27 29 26 25 27 24 23 25 22 21 23 20 19 21 18 17 19 16 15 17 14 13 15 12 11 13 10 9 11 8 7 9 12 11 13 10 9 11 14 13 15 20 19 21 18 17 19 16 15 17 36 35 37 34 33 35 32 31 33 30 29 31 28 27 29 26 25 27 24 23 25 22 21 23 20 19 21 18 17 19 16 15 17 14 13 15 12 11 13 10 9 11 14 13 15 12 11 13 24 23 25 22 21 23 20 19 21 18 17 19 16 15 17 14 13 15 18 17 19 22 21 23 20 19 21 26 25 27 28 27 29 34 33 35 32 31 33 30 29 31 28 27 29 26 25 27 24 23 25 22 21 23 20 19 21 18 17 19 16 15 17 18 17 19 26 25 27 24 23 25 32 31 33 30 29 31 28 27 29 26 25 27 24 23 25 22 21 23 20 19 21 22 21 23 24 23 25 30 29 31 28 27 29 26 25 27
[11.938397s] A=259 K=481 i=2.542004281e+09) 37 35 33 31 29 27 25 23 21 19 17 15 13 11 9 7 5 3 1 36 35 37 34 33 35 32 31 33 30 29 31 28 27 29 26 25 27 24 23 25 22 21 23 20 19 21 18 17 19 16 15 17 14 13 15 12 11 13 10 9 11 8 7 9 6 5 7 4 3 5 2 1 3 0 1 34 33 35 32 31 33 30 29 31 28 27 29 26 25 27 24 23 25 22 21 23 20 19 21 18 17 19 16 15 17 14 13 15 12 11 13 10 9 11 8 7 9 6 5 7 4 3 5 2 1 3 36 35 37 34 33 35 32 31 33 30 29 31 28 27 29 26 25 27 24 23 25 22 21 23 20 19 21 18 17 19 16 15 17 14 13 15 12 11 13 10 9 11 8 7 9 6 5 7 4 3 5 2 1 3 32 31 33 30 29 31 28 27 29 26 25 27 24 23 25 22 21 23 20 19 21 18 17 19 16 15 17 14 13 15 12 11 13 10 9 11 8 7 9 6 5 7 4 3 5 36 35 37 34 33 35 32 31 33 30 29 31 28 27 29 26 25 27 24 23 25 22 21 23 20 19 21 18 17 19 16 15 17 14 13 15 12 11 13 10 9 11 8 7 9 6 5 7 4 3 5 30 29 31 28 27 29 26 25 27 24 23 25 22 21 23 20 19 21 18 17 19 16 15 17 14 13 15 12 11 13 10 9 11 8 7 9 6 5 7 34 33 35 32 31 33 30 29 31 28 27 29 26 25 27 24 23 25 22 21 23 20 19 21 18 17 19 16 15 17 14 13 15 12 11 13 10 9 11 8 7 9 6 5 7 28 27 29 26 25 27 24 23 25 22 21 23 20 19 21 18 17 19 16 15 17 14 13 15 12 11 13 10 9 11 8 7 9 20 19 21 18 17 19 16 15 17 14 13 15 12 11 13 22 21 23 20 19 21 18 17 19 16 15 17 24 23 25 22 21 23 20 19 21 18 17 19 16 15 17 14 13 15 12 11 13 24 23 25 22 21 23 26 25 27 24 23 25 22 21 23 20 19 21 18 17 19 16 15 17 14 13 15 28 27 29 26 25 27 30 29 31 28 27 29 26 25 27 24 23 25 32 31 33 30 29 31 28 27 29 26 25 27 24 23 25 22 21 23 34 33 35 32 31 33 30 29 31 36 35 37 34 33 35 32 31 33 30 29 31 28 27 29 26 25 27 24 23 25 22 21 23 20 19 21 18 17 19 16 15 17 14 13 15 12 11 13 10 9 11 8 7 9 12 11 13 10 9 11 14 13 15 20 19 21 18 17 19 16 15 17 36 35 37 34 33 35 32 31 33 30 29 31 28 27 29 26 25 27 24 23 25 22 21 23 20 19 21 18 17 19 16 15 17 14 13 15 12 11 13 10 9 11 14 13 15 12 11 13 28 27 29 26 25 27 24 23 25 22 21 23 20 19 21 18 17 19 16 15 17 14 13 15 18 17 19 22 21 23 20 19 21 30 29 31 32 31 33 34 33 35 32 31 33 30 29 31 28 27 29 26 25 27 24 23 25 22 21 23 20 19 21 18 17 19 16 15 17 18 17 19 28 27 29 26 25 27 24 23 25 30 29 31 28 27 29 26 25 27 24 23 25 22 21 23 20 19 21 22 21 23 24 23 25 32 31 33 30 29 31 28 27 29 26 25 27
[11.956552s] A=259 K=481 i=2.54423895e+09) 37 35 33 31 29 27 25 23 21 19 17 15 13 11 9 7 5 3 1 36 35 37 34 33 35 32 31 33 30 29 31 28 27 29 26 25 27 24 23 25 22 21 23 20 19 21 18 17 19 16 15 17 14 13 15 12 11 13 10 9 11 8 7 9 6 5 7 4 3 5 2 1 3 0 1 34 33 35 32 31 33 30 29 31 28 27 29 26 25 27 24 23 25 22 21 23 20 19 21 18 17 19 16 15 17 14 13 15 12 11 13 10 9 11 8 7 9 6 5 7 4 3 5 2 1 3 36 35 37 34 33 35 32 31 33 30 29 31 28 27 29 26 25 27 24 23 25 22 21 23 20 19 21 18 17 19 16 15 17 14 13 15 12 11 13 10 9 11 8 7 9 6 5 7 4 3 5 2 1 3 32 31 33 30 29 31 28 27 29 26 25 27 24 23 25 22 21 23 20 19 21 18 17 19 16 15 17 14 13 15 12 11 13 10 9 11 8 7 9 6 5 7 4 3 5 36 35 37 34 33 35 32 31 33 30 29 31 28 27 29 26 25 27 24 23 25 22 21 23 20 19 21 18 17 19 16 15 17 14 13 15 12 11 13 10 9 11 8 7 9 6 5 7 4 3 5 30 29 31 28 27 29 26 25 27 24 23 25 22 21 23 20 19 21 18 17 19 16 15 17 14 13 15 12 11 13 10 9 11 8 7 9 6 5 7 34 33 35 32 31 33 30 29 31 28 27 29 26 25 27 24 23 25 22 21 23 20 19 21 18 17 19 16 15 17 14 13 15 12 11 13 10 9 11 8 7 9 6 5 7 28 27 29 26 25 27 24 23 25 22 21 23 20 19 21 18 17 19 16 15 17 14 13 15 12 11 13 10 9 11 8 7 9 20 19 21 18 17 19 16 15 17 14 13 15 12 11 13 22 21 23 20 19 21 18 17 19 16 15 17 24 23 25 22 21 23 20 19 21 18 17 19 16 15 17 14 13 15 26 25 27 24 23 25 22 21 23 20 19 21 18 17 19 16 15 17 14 13 15 12 11 13 10 9 11 12 11 13 14 13 15 18 17 19 16 15 17 28 27 29 26 25 27 24 23 25 30 29 31 28 27 29 26 25 27 24 23 25 22 21 23 32 31 33 30 29 31 28 27 29 26 25 27 24 23 25 22 21 23 20 19 21 18 17 19 34 33 35 32 31 33 30 29 31 28 27 29 26 25 27 24 23 25 22 21 23 20 19 21 34 33 35 32 31 33 36 35 37 34 33 35 32 31 33 30 29 31 28 27 29 26 25 27 24 23 25 22 21 23 20 19 21 18 17 19 16 15 17 14 13 15 12 11 13 10 9 11 8 7 9 16 15 17 18 17 19 30 29 31 28 27 29 26 25 27 24 23 25 32 31 33 30 29 31 28 27 29 26 25 27 36 35 37 34 33 35 32 31 33 30 29 31 28 27 29 26 25 27 24 23 25 22 21 23 20 19 21 18 17 19 16 15 17 14 13 15 12 11 13 10 9 11 14 13 15 12 11 13 16 15 17 14 13 15 22 21 23 20 19 21 18 17 19 16 15 17 20 19 21 18 17 19 24 23 25 22 21 23 20 19 21 22 21 23 24 23 25 32 31 33 30 29 31 28 27 29 26 25 27 24 23 25 22 21 23 28 27 29 26 25 27
[11.956670s] A=259 K=481 i=2.544240407e+09) 37 35 33 31 29 27 25 23 21 19 17 15 13 11 9 7 5 3 1 36 35 37 34 33 35 32 31 33 30 29 31 28 27 29 26 25 27 24 23 25 22 21 23 20 19 21 18 17 19 16 15 17 14 13 15 12 11 13 10 9 11 8 7 9 6 5 7 4 3 5 2 1 3 0 1 34 33 35 32 31 33 30 29 31 28 27 29 26 25 27 24 23 25 22 21 23 20 19 21 18 17 19 16 15 17 14 13 15 12 11 13 10 9 11 8 7 9 6 5 7 4 3 5 2 1 3 36 35 37 34 33 35 32 31 33 30 29 31 28 27 29 26 25 27 24 23 25 22 21 23 20 19 21 18 17 19 16 15 17 14 13 15 12 11 13 10 9 11 8 7 9 6 5 7 4 3 5 2 1 3 32 31 33 30 29 31 28 27 29 26 25 27 24 23 25 22 21 23 20 19 21 18 17 19 16 15 17 14 13 15 12 11 13 10 9 11 8 7 9 6 5 7 4 3 5 36 35 37 34 33 35 32 31 33 30 29 31 28 27 29 26 25 27 24 23 25 22 21 23 20 19 21 18 17 19 16 15 17 14 13 15 12 11 13 10 9 11 8 7 9 6 5 7 4 3 5 30 29 31 28 27 29 26 25 27 24 23 25 22 21 23 20 19 21 18 17 19 16 15 17 14 13 15 12 11 13 10 9 11 8 7 9 6 5 7 34 33 35 32 31 33 30 29 31 28 27 29 26 25 27 24 23 25 22 21 23 20 19 21 18 17 19 16 15 17 14 13 15 12 11 13 10 9 11 8 7 9 6 5 7 28 27 29 26 25 27 24 23 25 22 21 23 20 19 21 18 17 19 16 15 17 14 13 15 12 11 13 10 9 11 8 7 9 20 19 21 18 17 19 16 15 17 14 13 15 12 11 13 22 21 23 20 19 21 18 17 19 16 15 17 24 23 25 22 21 23 20 19 21 18 17 19 16 15 17 14 13 15 26 25 27 24 23 25 22 21 23 20 19 21 18 17 19 16 15 17 14 13 15 12 11 13 10 9 11 12 11 13 14 13 15 18 17 19 16 15 17 28 27 29 26 25 27 24 23 25 30 29 31 28 27 29 26 25 27 24 23 25 22 21 23 32 31 33 30 29 31 28 27 29 26 25 27 24 23 25 22 21 23 20 19 21 18 17 19 34 33 35 32 31 33 30 29 31 28 27 29 26 25 27 24 23 25 22 21 23 20 19 21 28 27 29 34 33 35 32 31 33 30 29 31 36 35 37 34 33 35 32 31 33 30 29 31 28 27 29 26 25 27 24 23 25 22 21 23 20 19 21 18 17 19 16 15 17 14 13 15 12 11 13 10 9 11 8 7 9 16 15 17 18 17 19 28 27 29 26 25 27 24 23 25 30 29 31 28 27 29 26 25 27 36 35 37 34 33 35 32 31 33 30 29 31 28 27 29 26 25 27 24 23 25 22 21 23 20 19 21 18 17 19 16 15 17 14 13 15 12 11 13 10 9 11 14 13 15 12 11 13 16 15 17 14 13 15 22 21 23 20 19 21 18 17 19 16 15 17 20 19 21 18 17 19 22 21 23 24 23 25 32 31 33 30 29 31 28 27 29 26 25 27 24 23 25 22 21 23 20 19 21 22 21 23 24 23 25 26 25 27 28 27 29
[11.957590s] A=259 K=481 i=2.544490879e+09) 37 35 33 31 29 27 25 23 21 19 17 15 13 11 9 7 5 3 1 36 35 37 34 33 35 32 31 33 30 29 31 28 27 29 26 25 27 24 23 25 22 21 23 20 19 21 18 17 19 16 15 17 14 13 15 12 11 13 10 9 11 8 7 9 6 5 7 4 3 5 2 1 3 0 1 34 33 35 32 31 33 30 29 31 28 27 29 26 25 27 24 23 25 22 21 23 20 19 21 18 17 19 16 15 17 14 13 15 12 11 13 10 9 11 8 7 9 6 5 7 4 3 5 2 1 3 36 35 37 34 33 35 32 31 33 30 29 31 28 27 29 26 25 27 24 23 25 22 21 23 20 19 21 18 17 19 16 15 17 14 13 15 12 11 13 10 9 11 8 7 9 6 5 7 4 3 5 2 1 3 32 31 33 30 29 31 28 27 29 26 25 27 24 23 25 22 21 23 20 19 21 18 17 19 16 15 17 14 13 15 12 11 13 10 9 11 8 7 9 6 5 7 4 3 5 36 35 37 34 33 35 32 31 33 30 29 31 28 27 29 26 25 27 24 23 25 22 21 23 20 19 21 18 17 19 16 15 17 14 13 15 12 11 13 10 9 11 8 7 9 6 5 7 4 3 5 30 29 31 28 27 29 26 25 27 24 23 25 22 21 23 20 19 21 18 17 19 16 15 17 14 13 15 12 11 13 10 9 11 8 7 9 6 5 7 34 33 35 32 31 33 30 29 31 28 27 29 26 25 27 24 23 25 22 21 23 20 19 21 18 17 19 16 15 17 14 13 15 12 11 13 10 9 11 8 7 9 6 5 7 28 27 29 26 25 27 24 23 25 22 21 23 20 19 21 18 17 19 16 15 17 14 13 15 12 11 13 10 9 11 8 7 9 20 19 21 18 17 19 16 15 17 14 13 15 12 11 13 22 21 23 20 19 21 18 17 19 16 15 17 24 23 25 22 21 23 20 19 21 18 17 19 16 15 17 14 13 15 26 25 27 24 23 25 22 21 23 20 19 21 18 17 19 16 15 17 14 13 15 12 11 13 10 9 11 12 11 13 14 13 15 18 17 19 30 29 31 28 27 29 26 25 27 24 23 25 22 21 23 28 27 29 26 25 27 24 23 25 30 29 31 32 31 33 30 29 31 28 27 29 26 25 27 24 23 25 22 21 23 20 19 21 34 33 35 32 31 33 30 29 31 28 27 29 36 35 37 34 33 35 32 31 33 30 29 31 28 27 29 26 25 27 24 23 25 22 21 23 20 19 21 18 17 19 16 15 17 14 13 15 12 11 13 10 9 11 8 7 9 18 17 19 16 15 17 26 25 27 24 23 25 28 27 29 34 33 35 32 31 33 30 29 31 28 27 29 26 25 27 36 35 37 34 33 35 32 31 33 30 29 31 28 27 29 26 25 27 24 23 25 22 21 23 20 19 21 18 17 19 16 15 17 14 13 15 12 11 13 10 9 11 14 13 15 12 11 13 22 21 23 20 19 21 18 17 19 16 15 17 14 13 15 24 23 25 22 21 23 20 19 21 18 17 19 16 15 17 20 19 21 18 17 19 22 21 23 26 25 27 24 23 25 30 29 31 28 27 29 32 31 33 30 29 31 28 27 29 26 25 27 24 23 25 22 21 23 20 19 21 22 21 23 24 23 25 26 25 27 28 27 29
[11.985640s] A=259 K=481 i=2.551221342e+09) 37 35 33 31 29 27 25 23 21 19 17 15 13 11 9 7 5 3 1 36 35 37 34 33 35 32 31 33 30 29 31 28 27 29 26 25 27 24 23 25 22 21 23 20 19 21 18 17 19 16 15 17 14 13 15 12 11 13 10 9 11 8 7 9 6 5 7 4 3 5 2 1 3 0 1 34 33 35 32 31 33 30 29 31 28 27 29 26 25 27 24 23 25 22 21 23 20 19 21 18 17 19 16 15 17 14 13 15 12 11 13 10 9 11 8 7 9 6 5 7 4 3 5 2 1 3 36 35 37 34 33 35 32 31 33 30 29 31 28 27 29 26 25 27 24 23 25 22 21 23 20 19 21 18 17 19 16 15 17 14 13 15 12 11 13 10 9 11 8 7 9 6 5 7 4 3 5 2 1 3 32 31 33 30 29 31 28 27 29 26 25 27 24 23 25 22 21 23 20 19 21 18 17 19 16 15 17 14 13 15 12 11 13 10 9 11 8 7 9 6 5 7 4 3 5 36 35 37 34 33 35 32 31 33 30 29 31 28 27 29 26 25 27 24 23 25 22 21 23 20 19 21 18 17 19 16 15 17 14 13 15 12 11 13 10 9 11 8 7 9 6 5 7 4 3 5 30 29 31 28 27 29 26 25 27 24 23 25 22 21 23 20 19 21 18 17 19 16 15 17 14 13 15 12 11 13 10 9 11 8 7 9 6 5 7 34 33 35 32 31 33 30 29 31 28 27 29 26 25 27 24 23 25 22 21 23 20 19 21 18 17 19 16 15 17 14 13 15 12 11 13 10 9 11 8 7 9 6 5 7 28 27 29 26 25 27 24 23 25 22 21 23 20 19 21 18 17 19 16 15 17 14 13 15 12 11 13 10 9 11 8 7 9 20 19 21 18 17 19 16 15 17 14 13 15 12 11 13 22 21 23 20 19 21 18 17 19 16 15 17 24 23 25 22 21 23 20 19 21 18 17 19 26 25 27 24 23 25 22 21 23 20 19 21 18 17 19 16 15 17 14 13 15 12 11 13 10 9 11 16 15 17 14 13 15 12 11 13 14 13 15 18 17 19 30 29 31 28 27 29 26 25 27 24 23 25 22 21 23 28 27 29 26 25 27 24 23 25 30 29 31 32 31 33 30 29 31 28 27 29 26 25 27 24 23 25 22 21 23 20 19 21 18 17 19 16 15 17 34 33 35 32 31 33 30 29 31 28 27 29 36 35 37 34 33 35 32 31 33 30 29 31 28 27 29 26 25 27 24 23 25 22 21 23 20 19 21 18 17 19 16 15 17 14 13 15 12 11 13 10 9 11 8 7 9 26 25 27 24 23 25 28 27 29 34 33 35 32 31 33 30 29 31 28 27 29 26 25 27 36 35 37 34 33 35 32 31 33 30 29 31 28 27 29 26 25 27 24 23 25 22 21 23 20 19 21 18 17 19 16 15 17 14 13 15 12 11 13 10 9 11 14 13 15 12 11 13 22 21 23 20 19 21 18 17 19 16 15 17 14 13 15 24 23 25 22 21 23 20 19 21 18 17 19 16 15 17 20 19 21 18 17 19 22 21 23 26 25 27 24 23 25 30 29 31 28 27 29 32 31 33 30 29 31 28 27 29 26 25 27 24 23 25 22 21 23 20 19 21 22 21 23 24 23 25 26 25 27 28 27 29
[12.486830s] A=259 K=481 i=2.649894916e+09) 37 35 33 31 29 27 25 23 21 19 17 15 13 11 9 7 5 3 1 36 35 37 34 33 35 32 31 33 30 29 31 28 27 29 26 25 27 24 23 25 22 21 23 20 19 21 18 17 19 16 15 17 14 13 15 12 11 13 10 9 11 8 7 9 6 5 7 4 3 5 2 1 3 0 1 34 33 35 32 31 33 30 29 31 28 27 29 26 25 27 24 23 25 22 21 23 20 19 21 18 17 19 16 15 17 14 13 15 12 11 13 10 9 11 8 7 9 6 5 7 4 3 5 2 1 3 36 35 37 34 33 35 32 31 33 30 29 31 28 27 29 26 25 27 24 23 25 22 21 23 20 19 21 18 17 19 16 15 17 14 13 15 12 11 13 10 9 11 8 7 9 6 5 7 4 3 5 2 1 3 32 31 33 30 29 31 28 27 29 26 25 27 24 23 25 22 21 23 20 19 21 18 17 19 16 15 17 14 13 15 12 11 13 10 9 11 8 7 9 6 5 7 4 3 5 36 35 37 34 33 35 32 31 33 30 29 31 28 27 29 26 25 27 24 23 25 22 21 23 20 19 21 18 17 19 16 15 17 14 13 15 12 11 13 10 9 11 8 7 9 6 5 7 4 3 5 30 29 31 28 27 29 26 25 27 24 23 25 22 21 23 20 19 21 18 17 19 16 15 17 14 13 15 12 11 13 10 9 11 8 7 9 6 5 7 34 33 35 32 31 33 30 29 31 28 27 29 26 25 27 24 23 25 22 21 23 20 19 21 18 17 19 16 15 17 14 13 15 12 11 13 10 9 11 8 7 9 6 5 7 28 27 29 26 25 27 24 23 25 22 21 23 20 19 21 18 17 19 16 15 17 14 13 15 12 11 13 10 9 11 8 7 9 20 19 21 18 17 19 16 15 17 14 13 15 24 23 25 22 21 23 20 19 21 18 17 19 16 15 17 14 13 15 12 11 13 22 21 23 20 19 21 24 23 25 26 25 27 24 23 25 22 21 23 28 27 29 26 25 27 24 23 25 30 29 31 32 31 33 30 29 31 28 27 29 26 25 27 34 33 35 36 35 37 34 33 35 32 31 33 30 29 31 28 27 29 26 25 27 24 23 25 22 21 23 20 19 21 18 17 19 16 15 17 14 13 15 12 11 13 10 9 11 8 7 9 20 19 21 18 17 19 16 15 17 14 13 15 12 11 13 10 9 11 18 17 19 16 15 17 14 13 15 24 23 25 22 21 23 20 19 21 18 17 19 16 15 17 32 31 33 30 29 31 28 27 29 26 25 27 24 23 25 22 21 23 20 19 21 18 17 19 28 27 29 26 25 27 34 33 35 32 31 33 30 29 31 28 27 29 26 25 27 24 23 25 22 21 23 20 19 21 30 29 31 34 33 35 32 31 33 36 35 37 34 33 35 32 31 33 30 29 31 28 27 29 26 25 27 24 23 25 22 21 23 20 19 21 18 17 19 16 15 17 14 13 15 12 11 13 10 9 11 14 13 15 12 11 13 16 15 17 14 13 15 18 17 19 16 15 17 20 19 21 18 17 19 24 23 25 22 21 23 20 19 21 18 17 19 28 27 29 26 25 27 24 23 25 22 21 23 30 29 31 28 27 29 26 25 27 24 23 25 22 21 23 20 19 21 32 31 33 30 29 31 28 27 29 26 25 27
[12.715305s] A=259 K=481 i=2.704815288e+09) 37 35 33 31 29 27 25 23 21 19 17 15 13 11 9 7 5 3 1 36 35 37 34 33 35 32 31 33 30 29 31 28 27 29 26 25 27 24 23 25 22 21 23 20 19 21 18 17 19 16 15 17 14 13 15 12 11 13 10 9 11 8 7 9 6 5 7 4 3 5 2 1 3 0 1 34 33 35 32 31 33 30 29 31 28 27 29 26 25 27 24 23 25 22 21 23 20 19 21 18 17 19 16 15 17 14 13 15 12 11 13 10 9 11 8 7 9 6 5 7 4 3 5 2 1 3 36 35 37 34 33 35 32 31 33 30 29 31 28 27 29 26 25 27 24 23 25 22 21 23 20 19 21 18 17 19 16 15 17 14 13 15 12 11 13 10 9 11 8 7 9 6 5 7 4 3 5 2 1 3 32 31 33 30 29 31 28 27 29 26 25 27 24 23 25 22 21 23 20 19 21 18 17 19 16 15 17 14 13 15 12 11 13 10 9 11 8 7 9 6 5 7 4 3 5 36 35 37 34 33 35 32 31 33 30 29 31 28 27 29 26 25 27 24 23 25 22 21 23 20 19 21 18 17 19 16 15 17 14 13 15 12 11 13 10 9 11 8 7 9 6 5 7 4 3 5 30 29 31 28 27 29 26 25 27 24 23 25 22 21 23 20 19 21 18 17 19 16 15 17 14 13 15 12 11 13 10 9 11 8 7 9 6 5 7 34 33 35 32 31 33 30 29 31 28 27 29 26 25 27 24 23 25 22 21 23 20 19 21 18 17 19 16 15 17 14 13 15 12 11 13 10 9 11 8 7 9 6 5 7 28 27 29 26 25 27 24 23 25 22 21 23 20 19 21 18 17 19 16 15 17 14 13 15 12 11 13 10 9 11 8 7 9 20 19 21 18 17 19 16 15 17 14 13 15 22 21 23 20 19 21 18 17 19 16 15 17 14 13 15 12 11 13 26 25 27 24 23 25 22 21 23 20 19 21 18 17 19 16 15 17 14 13 15 24 23 25 22 21 23 20 19 21 18 17 19 16 15 17 32 31 33 30 29 31 28 27 29 26 25 27 24 23 25 22 21 23 28 27 29 26 25 27 30 29 31 28 27 29 26 25 27 24 23 25 32 31 33 34 33 35 36 35 37 34 33 35 32 31 33 30 29 31 28 27 29 26 25 27 24 23 25 22 21 23 20 19 21 18 17 19 16 15 17 14 13 15 12 11 13 10 9 11 8 7 9 12 11 13 10 9 11 14 13 15 12 11 13 20 19 21 18 17 19 16 15 17 14 13 15 18 17 19 32 31 33 30 29 31 28 27 29 26 25 27 24 23 25 22 21 23 20 19 21 34 33 35 32 31 33 30 29 31 28 27 29 26 25 27 24 23 25 22 21 23 36 35 37 34 33 35 32 31 33 30 29 31 28 27 29 26 25 27 24 23 25 22 21 23 20 19 21 18 17 19 16 15 17 14 13 15 12 11 13 10 9 11 12 11 13 18 17 19 16 15 17 14 13 15 20 19 21 18 17 19 16 15 17 22 21 23 20 19 21 18 17 19 30 29 31 28 27 29 26 25 27 24 23 25 22 21 23 20 19 21 34 33 35 32 31 33 30 29 31 28 27 29 26 25 27 24 23 25 22 21 23 24 23 25 32 31 33 30 29 31 28 27 29 26 25 27
[12.718373s] A=259 K=481 i=2.705773874e+09) 37 35 33 31 29 27 25 23 21 19 17 15 13 11 9 7 5 3 1 36 35 37 34 33 35 32 31 33 30 29 31 28 27 29 26 25 27 24 23 25 22 21 23 20 19 21 18 17 19 16 15 17 14 13 15 12 11 13 10 9 11 8 7 9 6 5 7 4 3 5 2 1 3 0 1 34 33 35 32 31 33 30 29 31 28 27 29 26 25 27 24 23 25 22 21 23 20 19 21 18 17 19 16 15 17 14 13 15 12 11 13 10 9 11 8 7 9 6 5 7 4 3 5 2 1 3 36 35 37 34 33 35 32 31 33 30 29 31 28 27 29 26 25 27 24 23 25 22 21 23 20 19 21 18 17 19 16 15 17 14 13 15 12 11 13 10 9 11 8 7 9 6 5 7 4 3 5 2 1 3 32 31 33 30 29 31 28 27 29 26 25 27 24 23 25 22 21 23 20 19 21 18 17 19 16 15 17 14 13 15 12 11 13 10 9 11 8 7 9 6 5 7 4 3 5 36 35 37 34 33 35 32 31 33 30 29 31 28 27 29 26 25 27 24 23 25 22 21 23 20 19 21 18 17 19 16 15 17 14 13 15 12 11 13 10 9 11 8 7 9 6 5 7 4 3 5 30 29 31 28 27 29 26 25 27 24 23 25 22 21 23 20 19 21 18 17 19 16 15 17 14 13 15 12 11 13 10 9 11 8 7 9 6 5 7 34 33 35 32 31 33 30 29 31 28 27 29 26 25 27 24 23 25 22 21 23 20 19 21 18 17 19 16 15 17 14 13 15 12 11 13 10 9 11 8 7 9 6 5 7 28 27 29 26 25 27 24 23 25 22 21 23 20 19 21 18 17 19 16 15 17 14 13 15 12 11 13 10 9 11 8 7 9 20 19 21 18 17 19 16 15 17 14 13 15 22 21 23 20 19 21 18 17 19 16 15 17 14 13 15 12 11 13 26 25 27 24 23 25 22 21 23 20 19 21 18 17 19 16 15 17 14 13 15 24 23 25 22 21 23 20 19 21 18 17 19 16 15 17 26 25 27 28 27 29 30 29 31 32 31 33 30 29 31 28 27 29 26 25 27 24 23 25 22 21 23 26 25 27 28 27 29 34 33 35 36 35 37 34 33 35 32 31 33 30 29 31 28 27 29 26 25 27 24 23 25 22 21 23 20 19 21 18 17 19 16 15 17 14 13 15 12 11 13 10 9 11 8 7 9 12 11 13 10 9 11 14 13 15 12 11 13 20 19 21 18 17 19 16 15 17 14 13 15 18 17 19 26 25 27 24 23 25 32 31 33 30 29 31 28 27 29 26 25 27 24 23 25 22 21 23 20 19 21 34 33 35 32 31 33 30 29 31 28 27 29 26 25 27 24 23 25 22 21 23 36 35 37 34 33 35 32 31 33 30 29 31 28 27 29 26 25 27 24 23 25 22 21 23 20 19 21 18 17 19 16 15 17 14 13 15 12 11 13 10 9 11 12 11 13 18 17 19 16 15 17 14 13 15 20 19 21 18 17 19 16 15 17 22 21 23 20 19 21 18 17 19 34 33 35 32 31 33 30 29 31 28 27 29 26 25 27 24 23 25 22 21 23 20 19 21 30 29 31 28 27 29 26 25 27 24 23 25 22 21 23 24 23 25 32 31 33 30 29 31 28 27 29 26 25 27
[12.899969s] A=259 K=481 i=2.745004792e+09) 37 35 33 31 29 27 25 23 21 19 17 15 13 11 9 7 5 3 1 36 35 37 34 33 35 32 31 33 30 29 31 28 27 29 26 25 27 24 23 25 22 21 23 20 19 21 18 17 19 16 15 17 14 13 15 12 11 13 10 9 11 8 7 9 6 5 7 4 3 5 2 1 3 0 1 34 33 35 32 31 33 30 29 31 28 27 29 26 25 27 24 23 25 22 21 23 20 19 21 18 17 19 16 15 17 14 13 15 12 11 13 10 9 11 8 7 9 6 5 7 4 3 5 2 1 3 36 35 37 34 33 35 32 31 33 30 29 31 28 27 29 26 25 27 24 23 25 22 21 23 20 19 21 18 17 19 16 15 17 14 13 15 12 11 13 10 9 11 8 7 9 6 5 7 4 3 5 2 1 3 32 31 33 30 29 31 28 27 29 26 25 27 24 23 25 22 21 23 20 19 21 18 17 19 16 15 17 14 13 15 12 11 13 10 9 11 8 7 9 6 5 7 4 3 5 36 35 37 34 33 35 32 31 33 30 29 31 28 27 29 26 25 27 24 23 25 22 21 23 20 19 21 18 17 19 16 15 17 14 13 15 12 11 13 10 9 11 8 7 9 6 5 7 4 3 5 30 29 31 28 27 29 26 25 27 24 23 25 22 21 23 20 19 21 18 17 19 16 15 17 14 13 15 12 11 13 10 9 11 8 7 9 6 5 7 34 33 35 32 31 33 30 29 31 28 27 29 26 25 27 24 23 25 22 21 23 20 19 21 18 17 19 16 15 17 14 13 15 12 11 13 10 9 11 8 7 9 6 5 7 28 27 29 26 25 27 24 23 25 22 21 23 20 19 21 18 17 19 16 15 17 14 13 15 12 11 13 10 9 11 8 7 9 20 19 21 18 17 19 16 15 17 14 13 15 22 21 23 20 19 21 18 17 19 16 15 17 14 13 15 24 23 25 22 21 23 20 19 21 18 17 19 16 15 17 26 25 27 24 23 25 22 21 23 20 19 21 18 17 19 16 15 17 14 13 15 12 11 13 10 9 11 14 13 15 12 11 13 28 27 29 26 25 27 24 23 25 28 27 29 30 29 31 32 31 33 30 29 31 28 27 29 26 25 27 24 23 25 22 21 23 34 33 35 32 31 33 36 35 37 34 33 35 32 31 33 30 29 31 28 27 29 26 25 27 24 23 25 22 21 23 20 19 21 18 17 19 16 15 17 14 13 15 12 11 13 10 9 11 8 7 9 30 29 31 28 27 29 26 25 27 24 23 25 28 27 29 26 25 27 32 31 33 30 29 31 34 33 35 32 31 33 36 35 37 34 33 35 32 31 33 30 29 31 28 27 29 26 25 27 24 23 25 22 21 23 20 19 21 18 17 19 16 15 17 14 13 15 12 11 13 10 9 11 20 19 21 18 17 19 16 15 17 14 13 15 12 11 13 22 21 23 20 19 21 18 17 19 16 15 17 14 13 15 18 17 19 24 23 25 22 21 23 20 19 21 30 29 31 28 27 29 26 25 27 24 23 25 22 21 23 20 19 21 18 17 19 16 15 17 18 17 19 28 27 29 26 25 27 24 23 25 22 21 23 20 19 21 32 31 33 30 29 31 28 27 29 26 25 27 24 23 25 22 21 23 24 23 25 26 25 27 32 31 33 30 29 31 28 27 29
[12.975024s] A=259 K=481 i=2.760517814e+09) 37 35 33 31 29 27 25 23 21 19 17 15 13 11 9 7 5 3 1 36 35 37 34 33 35 32 31 33 30 29 31 28 27 29 26 25 27 24 23 25 22 21 23 20 19 21 18 17 19 16 15 17 14 13 15 12 11 13 10 9 11 8 7 9 6 5 7 4 3 5 2 1 3 0 1 34 33 35 32 31 33 30 29 31 28 27 29 26 25 27 24 23 25 22 21 23 20 19 21 18 17 19 16 15 17 14 13 15 12 11 13 10 9 11 8 7 9 6 5 7 4 3 5 2 1 3 36 35 37 34 33 35 32 31 33 30 29 31 28 27 29 26 25 27 24 23 25 22 21 23 20 19 21 18 17 19 16 15 17 14 13 15 12 11 13 10 9 11 8 7 9 6 5 7 4 3 5 2 1 3 32 31 33 30 29 31 28 27 29 26 25 27 24 23 25 22 21 23 20 19 21 18 17 19 16 15 17 14 13 15 12 11 13 10 9 11 8 7 9 6 5 7 4 3 5 36 35 37 34 33 35 32 31 33 30 29 31 28 27 29 26 25 27 24 23 25 22 21 23 20 19 21 18 17 19 16 15 17 14 13 15 12 11 13 10 9 11 8 7 9 6 5 7 4 3 5 30 29 31 28 27 29 26 25 27 24 23 25 22 21 23 20 19 21 18 17 19 16 15 17 14 13 15 12 11 13 10 9 11 8 7 9 6 5 7 34 33 35 32 31 33 30 29 31 28 27 29 26 25 27 24 23 25 22 21 23 20 19 21 18 17 19 16 15 17 14 13 15 12 11 13 10 9 11 8 7 9 6 5 7 28 27 29 26 25 27 24 23 25 22 21 23 20 19 21 18 17 19 16 15 17 14 13 15 12 11 13 10 9 11 8 7 9 20 19 21 18 17 19 16 15 17 14 13 15 22 21 23 20 19 21 18 17 19 16 15 17 26 25 27 24 23 25 22 21 23 20 19 21 18 17 19 16 15 17 14 13 15 12 11 13 10 9 11 24 23 25 22 21 23 20 19 21 18 17 19 16 15 17 14 13 15 12 11 13 26 25 27 28 27 29 26 25 27 24 23 25 30 29 31 32 31 33 30 29 31 28 27 29 26 25 27 24 23 25 22 21 23 34 33 35 36 35 37 34 33 35 32 31 33 30 29 31 28 27 29 26 25 27 24 23 25 22 21 23 20 19 21 18 17 19 16 15 17 14 13 15 12 11 13 10 9 11 8 7 9 20 19 21 18 17 19 16 15 17 14 13 15 32 31 33 30 29 31 28 27 29 26 25 27 24 23 25 28 27 29 26 25 27 34 33 35 32 31 33 30 29 31 28 27 29 34 33 35 32 31 33 30 29 31 36 35 37 34 33 35 32 31 33 30 29 31 28 27 29 26 25 27 24 23 25 22 21 23 20 19 21 18 17 19 16 15 17 14 13 15 12 11 13 10 9 11 12 11 13 14 13 15 22 21 23 20 19 21 18 17 19 16 15 17 14 13 15 18 17 19 24 23 25 22 21 23 20 19 21 26 25 27 24 23 25 22 21 23 20 19 21 18 17 19 16 15 17 18 17 19 28 27 29 26 25 27 24 23 25 22 21 23 20 19 21 30 29 31 28 27 29 26 25 27 24 23 25 22 21 23 24 23 25 32 31 33 30 29 31 28 27 29 26 25 27
[12.976465s] A=259 K=481 i=2.760726955e+09) 37 35 33 31 29 27 25 23 21 19 17 15 13 11 9 7 5 3 1 36 35 37 34 33 35 32 31 33 30 29 31 28 27 29 26 25 27 24 23 25 22 21 23 20 19 21 18 17 19 16 15 17 14 13 15 12 11 13 10 9 11 8 7 9 6 5 7 4 3 5 2 1 3 0 1 34 33 35 32 31 33 30 29 31 28 27 29 26 25 27 24 23 25 22 21 23 20 19 21 18 17 19 16 15 17 14 13 15 12 11 13 10 9 11 8 7 9 6 5 7 4 3 5 2 1 3 36 35 37 34 33 35 32 31 33 30 29 31 28 27 29 26 25 27 24 23 25 22 21 23 20 19 21 18 17 19 16 15 17 14 13 15 12 11 13 10 9 11 8 7 9 6 5 7 4 3 5 2 1 3 32 31 33 30 29 31 28 27 29 26 25 27 24 23 25 22 21 23 20 19 21 18 17 19 16 15 17 14 13 15 12 11 13 10 9 11 8 7 9 6 5 7 4 3 5 36 35 37 34 33 35 32 31 33 30 29 31 28 27 29 26 25 27 24 23 25 22 21 23 20 19 21 18 17 19 16 15 17 14 13 15 12 11 13 10 9 11 8 7 9 6 5 7 4 3 5 30 29 31 28 27 29 26 25 27 24 23 25 22 21 23 20 19 21 18 17 19 16 15 17 14 13 15 12 11 13 10 9 11 8 7 9 6 5 7 34 33 35 32 31 33 30 29 31 28 27 29 26 25 27 24 23 25 22 21 23 20 19 21 18 17 19 16 15 17 14 13 15 12 11 13 10 9 11 8 7 9 6 5 7 28 27 29 26 25 27 24 23 25 22 21 23 20 19 21 18 17 19 16 15 17 14 13 15 12 11 13 10 9 11 8 7 9 20 19 21 18 17 19 16 15 17 14 13 15 22 21 23 20 19 21 18 17 19 16 15 17 26 25 27 24 23 25 22 21 23 20 19 21 18 17 19 16 15 17 14 13 15 12 11 13 10 9 11 24 23 25 22 21 23 20 19 21 18 17 19 16 15 17 14 13 15 12 11 13 26 25 27 28 27 29 30 29 31 32 31 33 30 29 31 28 27 29 26 25 27 24 23 25 22 21 23 26 25 27 24 23 25 28 27 29 34 33 35 36 35 37 34 33 35 32 31 33 30 29 31 28 27 29 26 25 27 24 23 25 22 21 23 20 19 21 18 17 19 16 15 17 14 13 15 12 11 13 10 9 11 8 7 9 20 19 21 18 17 19 16 15 17 14 13 15 32 31 33 30 29 31 28 27 29 26 25 27 24 23 25 26 25 27 34 33 35 32 31 33 30 29 31 28 27 29 36 35 37 34 33 35 32 31 33 30 29 31 28 27 29 26 25 27 24 23 25 22 21 23 20 19 21 18 17 19 16 15 17 14 13 15 12 11 13 10 9 11 12 11 13 14 13 15 22 21 23 20 19 21 18 17 19 16 15 17 14 13 15 18 17 19 24 23 25 22 21 23 20 19 21 26 25 27 24 23 25 22 21 23 20 19 21 18 17 19 16 15 17 18 17 19 34 33 35 32 31 33 30 29 31 28 27 29 26 25 27 24 23 25 22 21 23 20 19 21 30 29 31 28 27 29 26 25 27 24 23 25 22 21 23 24 23 25 32 31 33 30 29 31 28 27 29 26 25 27
[13.111688s] A=259 K=481 i=2.795787802e+09) 37 35 33 31 29 27 25 23 21 19 17 15 13 11 9 7 5 3 1 36 35 37 34 33 35 32 31 33 30 29 31 28 27 29 26 25 27 24 23 25 22 21 23 20 19 21 18 17 19 16 15 17 14 13 15 12 11 13 10 9 11 8 7 9 6 5 7 4 3 5 2 1 3 0 1 34 33 35 32 31 33 30 29 31 28 27 29 26 25 27 24 23 25 22 21 23 20 19 21 18 17 19 16 15 17 14 13 15 12 11 13 10 9 11 8 7 9 6 5 7 4 3 5 2 1 3 36 35 37 34 33 35 32 31 33 30 29 31 28 27 29 26 25 27 24 23 25 22 21 23 20 19 21 18 17 19 16 15 17 14 13 15 12 11 13 10 9 11 8 7 9 6 5 7 4 3 5 2 1 3 32 31 33 30 29 31 28 27 29 26 25 27 24 23 25 22 21 23 20 19 21 18 17 19 16 15 17 14 13 15 12 11 13 10 9 11 8 7 9 6 5 7 4 3 5 36 35 37 34 33 35 32 31 33 30 29 31 28 27 29 26 25 27 24 23 25 22 21 23 20 19 21 18 17 19 16 15 17 14 13 15 12 11 13 10 9 11 8 7 9 6 5 7 4 3 5 30 29 31 28 27 29 26 25 27 24 23 25 22 21 23 20 19 21 18 17 19 16 15 17 14 13 15 12 11 13 10 9 11 8 7 9 6 5 7 34 33 35 32 31 33 30 29 31 28 27 29 26 25 27 24 23 25 22 21 23 20 19 21 18 17 19 16 15 17 14 13 15 12 11 13 10 9 11 8 7 9 6 5 7 28 27 29 26 25 27 24 23 25 22 21 23 20 19 21 18 17 19 16 15 17 14 13 15 12 11 13 10 9 11 8 7 9 20 19 21 18 17 19 16 15 17 14 13 15 22 21 23 20 19 21 18 17 19 16 15 17 24 23 25 22 21 23 20 19 21 18 17 19 16 15 17 14 13 15 12 11 13 26 25 27 24 23 25 22 21 23 20 19 21 18 17 19 16 15 17 14 13 15 12 11 13 10 9 11 28 27 29 26 25 27 24 23 25 28 27 29 30 29 31 32 31 33 30 29 31 28 27 29 26 25 27 24 23 25 22 21 23 34 33 35 32 31 33 36 35 37 34 33 35 32 31 33 30 29 31 28 27 29 26 25 27 24 23 25 22 21 23 20 19 21 18 17 19 16 15 17 14 13 15 12 11 13 10 9 11 8 7 9 14 13 15 20 19 21 18 17 19 16 15 17 30 29 31 28 27 29 26 25 27 24 23 25 28 27 29 26 25 27 32 31 33 30 29 31 34 33 35 32 31 33 36 35 37 34 33 35 32 31 33 30 29 31 28 27 29 26 25 27 24 23 25 22 21 23 20 19 21 18 17 19 16 15 17 14 13 15 12 11 13 10 9 11 14 13 15 12 11 13 22 21 23 20 19 21 18 17 19 16 15 17 14 13 15 18 17 19 24 23 25 22 21 23 20 19 21 30 29 31 28 27 29 26 25 27 24 23 25 22 21 23 20 19 21 18 17 19 16 15 17 18 17 19 28 27 29 26 25 27 24 23 25 22 21 23 20 19 21 32 31 33 30 29 31 28 27 29 26 25 27 24 23 25 22 21 23 24 23 25 26 25 27 32 31 33 30 29 31 28 27 29
[13.470237s] A=259 K=481 i=2.890746557e+09) 37 35 33 31 29 27 25 23 21 19 17 15 13 11 9 7 5 3 1 36 35 37 34 33 35 32 31 33 30 29 31 28 27 29 26 25 27 24 23 25 22 21 23 20 19 21 18 17 19 16 15 17 14 13 15 12 11 13 10 9 11 8 7 9 6 5 7 4 3 5 2 1 3 0 1 34 33 35 32 31 33 30 29 31 28 27 29 26 25 27 24 23 25 22 21 23 20 19 21 18 17 19 16 15 17 14 13 15 12 11 13 10 9 11 8 7 9 6 5 7 4 3 5 2 1 3 36 35 37 34 33 35 32 31 33 30 29 31 28 27 29 26 25 27 24 23 25 22 21 23 20 19 21 18 17 19 16 15 17 14 13 15 12 11 13 10 9 11 8 7 9 6 5 7 4 3 5 2 1 3 32 31 33 30 29 31 28 27 29 26 25 27 24 23 25 22 21 23 20 19 21 18 17 19 16 15 17 14 13 15 12 11 13 10 9 11 8 7 9 6 5 7 4 3 5 36 35 37 34 33 35 32 31 33 30 29 31 28 27 29 26 25 27 24 23 25 22 21 23 20 19 21 18 17 19 16 15 17 14 13 15 12 11 13 10 9 11 8 7 9 6 5 7 4 3 5 30 29 31 28 27 29 26 25 27 24 23 25 22 21 23 20 19 21 18 17 19 16 15 17 14 13 15 12 11 13 10 9 11 8 7 9 6 5 7 34 33 35 32 31 33 30 29 31 28 27 29 26 25 27 24 23 25 22 21 23 20 19 21 18 17 19 16 15 17 14 13 15 12 11 13 10 9 11 8 7 9 6 5 7 28 27 29 26 25 27 24 23 25 22 21 23 20 19 21 18 17 19 16 15 17 14 13 15 12 11 13 10 9 11 8 7 9 20 19 21 18 17 19 16 15 17 14 13 15 22 21 23 20 19 21 18 17 19 26 25 27 24 23 25 22 21 23 20 19 21 24 23 25 22 21 23 28 27 29 26 25 27 24 23 25 28 27 29 26 25 27 36 35 37 34 33 35 32 31 33 30 29 31 28 27 29 26 25 27 24 23 25 22 21 23 20 19 21 18 17 19 16 15 17 14 13 15 12 11 13 10 9 11 8 7 9 18 17 19 16 15 17 14 13 15 12 11 13 10 9 11 16 15 17 14 13 15 20 19 21 18 17 19 16 15 17 32 31 33 30 29 31 28 27 29 26 25 27 24 23 25 22 21 23 20 19 21 18 17 19 34 33 35 32 31 33 30 29 31 28 27 29 26 25 27 24 23 25 22 21 23 20 19 21 36 35 37 34 33 35 32 31 33 30 29 31 28 27 29 26 25 27 24 23 25 22 21 23 20 19 21 18 17 19 16 15 17 14 13 15 12 11 13 10 9 11 14 13 15 12 11 13 16 15 17 14 13 15 12 11 13 18 17 19 16 15 17 14 13 15 20 19 21 18 17 19 30 29 31 28 27 29 26 25 27 24 23 25 22 21 23 20 19 21 36 35 37 34 33 35 32 31 33 30 29 31 28 27 29 26 25 27 24 23 25 22 21 23 20 19 21 18 17 19 16 15 17 18 17 19 20 19 21 32 31 33 30 29 31 28 27 29 26 25 27 24 23 25 22 21 23 34 33 35 32 31 33 30 29 31 28 27 29 26 25 27 24 23 25 22 21 23 20 19 21
[13.789072s] A=259 K=481 i=2.980479331e+09) 37 35 33 31 29 27 25 23 21 19 17 15 13 11 9 7 5 3 1 36 35 37 34 33 35 32 31 33 30 29 31 28 27 29 26 25 27 24 23 25 22 21 23 20 19 21 18 17 19 16 15 17 14 13 15 12 11 13 10 9 11 8 7 9 6 5 7 4 3 5 2 1 3 0 1 34 33 35 32 31 33 30 29 31 28 27 29 26 25 27 24 23 25 22 21 23 20 19 21 18 17 19 16 15 17 14 13 15 12 11 13 10 9 11 8 7 9 6 5 7 4 3 5 2 1 3 36 35 37 34 33 35 32 31 33 30 29 31 28 27 29 26 25 27 24 23 25 22 21 23 20 19 21 18 17 19 16 15 17 14 13 15 12 11 13 10 9 11 8 7 9 6 5 7 4 3 5 2 1 3 32 31 33 30 29 31 28 27 29 26 25 27 24 23 25 22 21 23 20 19 21 18 17 19 16 15 17 14 13 15 12 11 13 10 9 11 8 7 9 6 5 7 4 3 5 36 35 37 34 33 35 32 31 33 30 29 31 28 27 29 26 25 27 24 23 25 22 21 23 20 19 21 18 17 19 16 15 17 14 13 15 12 11 13 10 9 11 8 7 9 6 5 7 4 3 5 30 29 31 28 27 29 26 25 27 24 23 25 22 21 23 20 19 21 18 17 19 16 15 17 14 13 15 12 11 13 10 9 11 8 7 9 6 5 7 34 33 35 32 31 33 30 29 31 28 27 29 26 25 27 24 23 25 22 21 23 20 19 21 18 17 19 16 15 17 14 13 15 12 11 13 10 9 11 8 7 9 6 5 7 28 27 29 26 25 27 24 23 25 22 21 23 20 19 21 18 17 19 16 15 17 14 13 15 12 11 13 10 9 11 8 7 9 20 19 21 18 17 19 16 15 17 14 13 15 22 21 23 24 23 25 22 21 23 20 19 21 18 17 19 16 15 17 14 13 15 12 11 13 26 25 27 24 23 25 22 21 23 20 19 21 18 17 19 16 15 17 14 13 15 12 11 13 10 9 11 36 35 37 34 33 35 32 31 33 30 29 31 28 27 29 26 25 27 24 23 25 22 21 23 20 19 21 18 17 19 16 15 17 14 13 15 12 11 13 10 9 11 8 7 9 26 25 27 28 27 29 30 29 31 32 31 33 30 29 31 28 27 29 26 25 27 24 23 25 22 21 23 20 19 21 18 17 19 16 15 17 14 13 15 20 19 21 18 17 19 16 15 17 26 25 27 28 27 29 34 33 35 32 31 33 30 29 31 36 35 37 34 33 35 32 31 33 30 29 31 28 27 29 26 25 27 24 23 25 22 21 23 20 19 21 18 17 19 16 15 17 14 13 15 12 11 13 10 9 11 12 11 13 14 13 15 26 25 27 24 23 25 28 27 29 26 25 27 24 23 25 22 21 23 20 19 21 18 17 19 16 15 17 14 13 15 18 17 19 22 21 23 20 19 21 34 33 35 32 31 33 30 29 31 28 27 29 26 25 27 24 23 25 22 21 23 32 31 33 30 29 31 28 27 29 26 25 27 24 23 25 36 35 37 34 33 35 32 31 33 30 29 31 28 27 29 26 25 27 24 23 25 22 21 23 20 19 21 18 17 19 16 15 17 18 17 19 20 19 21 22 21 23 24 23 25 30 29 31 28 27 29 26 25 27
[13.792180s] A=259 K=481 i=2.980936543e+09) 37 35 33 31 29 27 25 23 21 19 17 15 13 11 9 7 5 3 1 36 35 37 34 33 35 32 31 33 30 29 31 28 27 29 26 25 27 24 23 25 22 21 23 20 19 21 18 17 19 16 15 17 14 13 15 12 11 13 10 9 11 8 7 9 6 5 7 4 3 5 2 1 3 0 1 34 33 35 32 31 33 30 29 31 28 27 29 26 25 27 24 23 25 22 21 23 20 19 21 18 17 19 16 15 17 14 13 15 12 11 13 10 9 11 8 7 9 6 5 7 4 3 5 2 1 3 36 35 37 34 33 35 32 31 33 30 29 31 28 27 29 26 25 27 24 23 25 22 21 23 20 19 21 18 17 19 16 15 17 14 13 15 12 11 13 10 9 11 8 7 9 6 5 7 4 3 5 2 1 3 32 31 33 30 29 31 28 27 29 26 25 27 24 23 25 22 21 23 20 19 21 18 17 19 16 15 17 14 13 15 12 11 13 10 9 11 8 7 9 6 5 7 4 3 5 36 35 37 34 33 35 32 31 33 30 29 31 28 27 29 26 25 27 24 23 25 22 21 23 20 19 21 18 17 19 16 15 17 14 13 15 12 11 13 10 9 11 8 7 9 6 5 7 4 3 5 30 29 31 28 27 29 26 25 27 24 23 25 22 21 23 20 19 21 18 17 19 16 15 17 14 13 15 12 11 13 10 9 11 8 7 9 6 5 7 34 33 35 32 31 33 30 29 31 28 27 29 26 25 27 24 23 25 22 21 23 20 19 21 18 17 19 16 15 17 14 13 15 12 11 13 10 9 11 8 7 9 6 5 7 28 27 29 26 25 27 24 23 25 22 21 23 20 19 21 18 17 19 16 15 17 14 13 15 12 11 13 10 9 11 8 7 9 20 19 21 18 17 19 16 15 17 14 13 15 22 21 23 24 23 25 22 21 23 20 19 21 18 17 19 16 15 17 14 13 15 12 11 13 26 25 27 24 23 25 22 21 23 20 19 21 18 17 19 16 15 17 14 13 15 12 11 13 10 9 11 30 29 31 28 27 29 26 25 27 24 23 25 32 31 33 30 29 31 28 27 29 26 25 27 24 23 25 22 21 23 20 19 21 18 17 19 16 15 17 34 33 35 32 31 33 36 35 37 34 33 35 32 31 33 30 29 31 28 27 29 26 25 27 24 23 25 22 21 23 20 19 21 18 17 19 16 15 17 14 13 15 12 11 13 10 9 11 8 7 9 14 13 15 20 19 21 18 17 19 16 15 17 30 29 31 28 27 29 26 25 27 24 23 25 22 21 23 28 27 29 26 25 27 32 31 33 30 29 31 34 33 35 32 31 33 36 35 37 34 33 35 32 31 33 30 29 31 28 27 29 26 25 27 24 23 25 22 21 23 20 19 21 18 17 19 16 15 17 14 13 15 12 11 13 10 9 11 12 11 13 14 13 15 20 19 21 18 17 19 16 15 17 14 13 15 18 17 19 22 21 23 20 19 21 30 29 31 28 27 29 26 25 27 24 23 25 22 21 23 20 19 21 18 17 19 16 15 17 18 17 19 28 27 29 26 25 27 24 23 25 22 21 23 20 19 21 32 31 33 30 29 31 28 27 29 26 25 27 24 23 25 22 21 23 24 23 25 36 35 37 34 33 35 32 31 33 30 29 31 28 27 29 26 25 27
[13.797162s] A=259 K=481 i=2.981718497e+09) 37 35 33 31 29 27 25 23 21 19 17 15 13 11 9 7 5 3 1 36 35 37 34 33 35 32 31 33 30 29 31 28 27 29 26 25 27 24 23 25 22 21 23 20 19 21 18 17 19 16 15 17 14 13 15 12 11 13 10 9 11 8 7 9 6 5 7 4 3 5 2 1 3 0 1 34 33 35 32 31 33 30 29 31 28 27 29 26 25 27 24 23 25 22 21 23 20 19 21 18 17 19 16 15 17 14 13 15 12 11 13 10 9 11 8 7 9 6 5 7 4 3 5 2 1 3 36 35 37 34 33 35 32 31 33 30 29 31 28 27 29 26 25 27 24 23 25 22 21 23 20 19 21 18 17 19 16 15 17 14 13 15 12 11 13 10 9 11 8 7 9 6 5 7 4 3 5 2 1 3 32 31 33 30 29 31 28 27 29 26 25 27 24 23 25 22 21 23 20 19 21 18 17 19 16 15 17 14 13 15 12 11 13 10 9 11 8 7 9 6 5 7 4 3 5 36 35 37 34 33 35 32 31 33 30 29 31 28 27 29 26 25 27 24 23 25 22 21 23 20 19 21 18 17 19 16 15 17 14 13 15 12 11 13 10 9 11 8 7 9 6 5 7 4 3 5 30 29 31 28 27 29 26 25 27 24 23 25 22 21 23 20 19 21 18 17 19 16 15 17 14 13 15 12 11 13 10 9 11 8 7 9 6 5 7 34 33 35 32 31 33 30 29 31 28 27 29 26 25 27 24 23 25 22 21 23 20 19 21 18 17 19 16 15 17 14 13 15 12 11 13 10 9 11 8 7 9 6 5 7 28 27 29 26 25 27 24 23 25 22 21 23 20 19 21 18 17 19 16 15 17 14 13 15 12 11 13 10 9 11 8 7 9 20 19 21 18 17 19 16 15 17 14 13 15 22 21 23 24 23 25 22 21 23 20 19 21 18 17 19 16 15 17 14 13 15 12 11 13 26 25 27 24 23 25 22 21 23 20 19 21 18 17 19 16 15 17 14 13 15 12 11 13 10 9 11 28 27 29 26 25 27 24 23 25 32 31 33 30 29 31 28 27 29 26 25 27 36 35 37 34 33 35 32 31 33 30 29 31 28 27 29 26 25 27 24 23 25 22 21 23 20 19 21 18 17 19 16 15 17 14 13 15 12 11 13 10 9 11 8 7 9 24 23 25 22 21 23 20 19 21 18 17 19 16 15 17 14 13 15 20 19 21 18 17 19 16 15 17 30 29 31 32 31 33 34 33 35 36 35 37 34 33 35 32 31 33 30 29 31 28 27 29 26 25 27 24 23 25 22 21 23 20 19 21 18 17 19 16 15 17 14 13 15 12 11 13 10 9 11 12 11 13 14 13 15 28 27 29 26 25 27 24 23 25 30 29 31 28 27 29 26 25 27 32 31 33 30 29 31 28 27 29 26 25 27 24 23 25 22 21 23 20 19 21 18 17 19 16 15 17 14 13 15 18 17 19 22 21 23 20 19 21 24 23 25 22 21 23 34 33 35 32 31 33 30 29 31 28 27 29 26 25 27 24 23 25 36 35 37 34 33 35 32 31 33 30 29 31 28 27 29 26 25 27 24 23 25 22 21 23 20 19 21 18 17 19 16 15 17 18 17 19 20 19 21 22 21 23 24 23 25 30 29 31 28 27 29 26 25 27
[14.085555s] A=259 K=481 i=3.039592821e+09) 37 35 33 31 29 27 25 23 21 19 17 15 13 11 9 7 5 3 1 36 35 37 34 33 35 32 31 33 30 29 31 28 27 29 26 25 27 24 23 25 22 21 23 20 19 21 18 17 19 16 15 17 14 13 15 12 11 13 10 9 11 8 7 9 6 5 7 4 3 5 2 1 3 0 1 34 33 35 32 31 33 30 29 31 28 27 29 26 25 27 24 23 25 22 21 23 20 19 21 18 17 19 16 15 17 14 13 15 12 11 13 10 9 11 8 7 9 6 5 7 4 3 5 2 1 3 36 35 37 34 33 35 32 31 33 30 29 31 28 27 29 26 25 27 24 23 25 22 21 23 20 19 21 18 17 19 16 15 17 14 13 15 12 11 13 10 9 11 8 7 9 6 5 7 4 3 5 2 1 3 32 31 33 30 29 31 28 27 29 26 25 27 24 23 25 22 21 23 20 19 21 18 17 19 16 15 17 14 13 15 12 11 13 10 9 11 8 7 9 6 5 7 4 3 5 36 35 37 34 33 35 32 31 33 30 29 31 28 27 29 26 25 27 24 23 25 22 21 23 20 19 21 18 17 19 16 15 17 14 13 15 12 11 13 10 9 11 8 7 9 6 5 7 4 3 5 30 29 31 28 27 29 26 25 27 24 23 25 22 21 23 20 19 21 18 17 19 16 15 17 14 13 15 12 11 13 10 9 11 8 7 9 6 5 7 34 33 35 32 31 33 30 29 31 28 27 29 26 25 27 24 23 25 22 21 23 20 19 21 18 17 19 16 15 17 14 13 15 12 11 13 10 9 11 8 7 9 6 5 7 28 27 29 26 25 27 24 23 25 22 21 23 20 19 21 18 17 19 16 15 17 14 13 15 12 11 13 10 9 11 8 7 9 20 19 21 18 17 19 16 15 17 14 13 15 22 21 23 24 23 25 26 25 27 24 23 25 22 21 23 20 19 21 18 17 19 16 15 17 14 13 15 12 11 13 10 9 11 22 21 23 20 19 21 18 17 19 16 15 17 14 13 15 12 11 13 24 23 25 26 25 27 28 27 29 30 29 31 28 27 29 32 31 33 30 29 31 34 33 35 32 31 33 36 35 37 34 33 35 32 31 33 30 29 31 28 27 29 26 25 27 24 23 25 22 21 23 20 19 21 18 17 19 16 15 17 14 13 15 12 11 13 10 9 11 8 7 9 28 27 29 26 25 27 24 23 25 22 21 23 20 19 21 18 17 19 16 15 17 14 13 15 20 19 21 18 17 19 16 15 17 26 25 27 24 23 25 22 21 23 28 27 29 30 29 31 28 27 29 26 25 27 24 23 25 32 31 33 30 29 31 28 27 29 26 25 27 30 29 31 34 33 35 32 31 33 36 35 37 34 33 35 32 31 33 30 29 31 28 27 29 26 25 27 24 23 25 22 21 23 20 19 21 18 17 19 16 15 17 14 13 15 12 11 13 10 9 11 12 11 13 14 13 15 22 21 23 20 19 21 18 17 19 16 15 17 14 13 15 18 17 19 20 19 21 24 23 25 22 21 23 26 25 27 30 29 31 28 27 29 26 25 27 24 23 25 22 21 23 20 19 21 18 17 19 16 15 17 18 17 19 20 19 21 32 31 33 30 29 31 28 27 29 26 25 27 24 23 25 22 21 23 24 23 25 28 27 29 26 25 27
[14.086023s] A=259 K=481 i=3.039705707e+09) 37 35 33 31 29 27 25 23 21 19 17 15 13 11 9 7 5 3 1 36 35 37 34 33 35 32 31 33 30 29 31 28 27 29 26 25 27 24 23 25 22 21 23 20 19 21 18 17 19 16 15 17 14 13 15 12 11 13 10 9 11 8 7 9 6 5 7 4 3 5 2 1 3 0 1 34 33 35 32 31 33 30 29 31 28 27 29 26 25 27 24 23 25 22 21 23 20 19 21 18 17 19 16 15 17 14 13 15 12 11 13 10 9 11 8 7 9 6 5 7 4 3 5 2 1 3 36 35 37 34 33 35 32 31 33 30 29 31 28 27 29 26 25 27 24 23 25 22 21 23 20 19 21 18 17 19 16 15 17 14 13 15 12 11 13 10 9 11 8 7 9 6 5 7 4 3 5 2 1 3 32 31 33 30 29 31 28 27 29 26 25 27 24 23 25 22 21 23 20 19 21 18 17 19 16 15 17 14 13 15 12 11 13 10 9 11 8 7 9 6 5 7 4 3 5 36 35 37 34 33 35 32 31 33 30 29 31 28 27 29 26 25 27 24 23 25 22 21 23 20 19 21 18 17 19 16 15 17 14 13 15 12 11 13 10 9 11 8 7 9 6 5 7 4 3 5 30 29 31 28 27 29 26 25 27 24 23 25 22 21 23 20 19 21 18 17 19 16 15 17 14 13 15 12 11 13 10 9 11 8 7 9 6 5 7 34 33 35 32 31 33 30 29 31 28 27 29 26 25 27 24 23 25 22 21 23 20 19 21 18 17 19 16 15 17 14 13 15 12 11 13 10 9 11 8 7 9 6 5 7 28 27 29 26 25 27 24 23 25 22 21 23 20 19 21 18 17 19 16 15 17 14 13 15 12 11 13 10 9 11 8 7 9 20 19 21 18 17 19 16 15 17 14 13 15 22 21 23 24 23 25 26 25 27 24 23 25 22 21 23 20 19 21 18 17 19 16 15 17 14 13 15 12 11 13 10 9 11 22 21 23 20 19 21 18 17 19 16 15 17 14 13 15 12 11 13 24 23 25 26 25 27 28 27 29 30 29 31 32 31 33 36 35 37 34 33 35 32 31 33 30 29 31 28 27 29 26 25 27 24 23 25 22 21 23 20 19 21 18 17 19 16 15 17 14 13 15 12 11 13 10 9 11 8 7 9 30 29 31 28 27 29 26 25 27 24 23 25 22 21 23 20 19 21 18 17 19 16 15 17 14 13 15 20 19 21 18 17 19 16 15 17 26 25 27 28 27 29 32 31 33 30 29 31 36 35 37 34 33 35 32 31 33 30 29 31 28 27 29 26 25 27 24 23 25 22 21 23 20 19 21 18 17 19 16 15 17 14 13 15 12 11 13 10 9 11 12 11 13 14 13 15 26 25 27 24 23 25 22 21 23 28 27 29 26 25 27 24 23 25 30 29 31 34 33 35 32 31 33 30 29 31 28 27 29 26 25 27 24 23 25 22 21 23 20 19 21 18 17 19 16 15 17 14 13 15 18 17 19 20 19 21 22 21 23 36 35 37 34 33 35 32 31 33 30 29 31 28 27 29 26 25 27 24 23 25 22 21 23 20 19 21 18 17 19 16 15 17 18 17 19 20 19 21 32 31 33 30 29 31 28 27 29 26 25 27 24 23 25 22 21 23 24 23 25 28 27 29 26 25 27
[14.168615s] A=259 K=481 i=3.057918192e+09) 37 35 33 31 29 27 25 23 21 19 17 15 13 11 9 7 5 3 1 36 35 37 34 33 35 32 31 33 30 29 31 28 27 29 26 25 27 24 23 25 22 21 23 20 19 21 18 17 19 16 15 17 14 13 15 12 11 13 10 9 11 8 7 9 6 5 7 4 3 5 2 1 3 0 1 34 33 35 32 31 33 30 29 31 28 27 29 26 25 27 24 23 25 22 21 23 20 19 21 18 17 19 16 15 17 14 13 15 12 11 13 10 9 11 8 7 9 6 5 7 4 3 5 2 1 3 36 35 37 34 33 35 32 31 33 30 29 31 28 27 29 26 25 27 24 23 25 22 21 23 20 19 21 18 17 19 16 15 17 14 13 15 12 11 13 10 9 11 8 7 9 6 5 7 4 3 5 2 1 3 32 31 33 30 29 31 28 27 29 26 25 27 24 23 25 22 21 23 20 19 21 18 17 19 16 15 17 14 13 15 12 11 13 10 9 11 8 7 9 6 5 7 4 3 5 36 35 37 34 33 35 32 31 33 30 29 31 28 27 29 26 25 27 24 23 25 22 21 23 20 19 21 18 17 19 16 15 17 14 13 15 12 11 13 10 9 11 8 7 9 6 5 7 4 3 5 30 29 31 28 27 29 26 25 27 24 23 25 22 21 23 20 19 21 18 17 19 16 15 17 14 13 15 12 11 13 10 9 11 8 7 9 6 5 7 34 33 35 32 31 33 30 29 31 28 27 29 26 25 27 24 23 25 22 21 23 20 19 21 18 17 19 16 15 17 14 13 15 12 11 13 10 9 11 8 7 9 6 5 7 28 27 29 26 25 27 24 23 25 22 21 23 20 19 21 18 17 19 16 15 17 14 13 15 12 11 13 10 9 11 8 7 9 20 19 21 18 17 19 16 15 17 14 13 15 22 21 23 24 23 25 26 25 27 24 23 25 22 21 23 20 19 21 18 17 19 16 15 17 22 21 23 20 19 21 18 17 19 28 27 29 32 31 33 30 29 31 28 27 29 26 25 27 24 23 25 22 21 23 20 19 21 26 25 27 24 23 25 28 27 29 26 25 27 34 33 35 32 31 33 30 29 31 28 27 29 36 35 37 34 33 35 32 31 33 30 29 31 28 27 29 26 25 27 24 23 25 22 21 23 20 19 21 18 17 19 16 15 17 14 13 15 12 11 13 10 9 11 8 7 9 14 13 15 12 11 13 10 9 11 16 15 17 14 13 15 12 11 13 18 17 19 16 15 17 14 13 15 20 19 21 18 17 19 16 15 17 26 25 27 24 23 25 22 21 23 20 19 21 18 17 19 28 27 29 34 33 35 32 31 33 30 29 31 36 35 37 34 33 35 32 31 33 30 29 31 28 27 29 26 25 27 24 23 25 22 21 23 20 19 21 18 17 19 16 15 17 14 13 15 12 11 13 10 9 11 12 11 13 14 13 15 16 15 17 14 13 15 28 27 29 26 25 27 24 23 25 22 21 23 20 19 21 18 17 19 16 15 17 20 19 21 18 17 19 30 29 31 28 27 29 26 25 27 24 23 25 22 21 23 20 19 21 18 17 19 32 31 33 30 29 31 28 27 29 26 25 27 24 23 25 22 21 23 20 19 21 36 35 37 34 33 35 32 31 33 30 29 31 28 27 29 26 25 27 24 23 25 22 21 23
[14.183403s] A=259 K=481 i=3.061712602e+09) 37 35 33 31 29 27 25 23 21 19 17 15 13 11 9 7 5 3 1 36 35 37 34 33 35 32 31 33 30 29 31 28 27 29 26 25 27 24 23 25 22 21 23 20 19 21 18 17 19 16 15 17 14 13 15 12 11 13 10 9 11 8 7 9 6 5 7 4 3 5 2 1 3 0 1 34 33 35 32 31 33 30 29 31 28 27 29 26 25 27 24 23 25 22 21 23 20 19 21 18 17 19 16 15 17 14 13 15 12 11 13 10 9 11 8 7 9 6 5 7 4 3 5 2 1 3 36 35 37 34 33 35 32 31 33 30 29 31 28 27 29 26 25 27 24 23 25 22 21 23 20 19 21 18 17 19 16 15 17 14 13 15 12 11 13 10 9 11 8 7 9 6 5 7 4 3 5 2 1 3 32 31 33 30 29 31 28 27 29 26 25 27 24 23 25 22 21 23 20 19 21 18 17 19 16 15 17 14 13 15 12 11 13 10 9 11 8 7 9 6 5 7 4 3 5 36 35 37 34 33 35 32 31 33 30 29 31 28 27 29 26 25 27 24 23 25 22 21 23 20 19 21 18 17 19 16 15 17 14 13 15 12 11 13 10 9 11 8 7 9 6 5 7 4 3 5 30 29 31 28 27 29 26 25 27 24 23 25 22 21 23 20 19 21 18 17 19 16 15 17 14 13 15 12 11 13 10 9 11 8 7 9 6 5 7 34 33 35 32 31 33 30 29 31 28 27 29 26 25 27 24 23 25 22 21 23 20 19 21 18 17 19 16 15 17 14 13 15 12 11 13 10 9 11 8 7 9 6 5 7 28 27 29 26 25 27 24 23 25 22 21 23 20 19 21 18 17 19 16 15 17 14 13 15 12 11 13 10 9 11 8 7 9 20 19 21 18 17 19 16 15 17 14 13 15 22 21 23 24 23 25 26 25 27 24 23 25 22 21 23 20 19 21 18 17 19 16 15 17 22 21 23 20 19 21 18 17 19 24 23 25 26 25 27 28 27 29 32 31 33 30 29 31 28 27 29 26 25 27 24 23 25 22 21 23 20 19 21 26 25 27 24 23 25 34 33 35 32 31 33 30 29 31 28 27 29 26 25 27 28 27 29 30 29 31 34 33 35 32 31 33 36 35 37 34 33 35 32 31 33 30 29 31 28 27 29 26 25 27 24 23 25 22 21 23 20 19 21 18 17 19 16 15 17 14 13 15 12 11 13 10 9 11 8 7 9 14 13 15 12 11 13 10 9 11 16 15 17 14 13 15 12 11 13 18 17 19 16 15 17 14 13 15 20 19 21 18 17 19 16 15 17 24 23 25 22 21 23 20 19 21 18 17 19 26 25 27 36 35 37 34 33 35 32 31 33 30 29 31 28 27 29 26 25 27 24 23 25 22 21 23 20 19 21 18 17 19 16 15 17 14 13 15 12 11 13 10 9 11 12 11 13 14 13 15 16 15 17 14 13 15 30 29 31 28 27 29 26 25 27 24 23 25 22 21 23 20 19 21 18 17 19 16 15 17 20 19 21 18 17 19 28 27 29 26 25 27 24 23 25 22 21 23 20 19 21 18 17 19 32 31 33 30 29 31 28 27 29 26 25 27 24 23 25 22 21 23 20 19 21 34 33 35 32 31 33 30 29 31 28 27 29 26 25 27 24 23 25 22 21 23
[14.362421s] A=259 K=481 i=3.096933374e+09) 37 35 33 31 29 27 25 23 21 19 17 15 13 11 9 7 5 3 1 36 35 37 34 33 35 32 31 33 30 29 31 28 27 29 26 25 27 24 23 25 22 21 23 20 19 21 18 17 19 16 15 17 14 13 15 12 11 13 10 9 11 8 7 9 6 5 7 4 3 5 2 1 3 0 1 34 33 35 32 31 33 30 29 31 28 27 29 26 25 27 24 23 25 22 21 23 20 19 21 18 17 19 16 15 17 14 13 15 12 11 13 10 9 11 8 7 9 6 5 7 4 3 5 2 1 3 36 35 37 34 33 35 32 31 33 30 29 31 28 27 29 26 25 27 24 23 25 22 21 23 20 19 21 18 17 19 16 15 17 14 13 15 12 11 13 10 9 11 8 7 9 6 5 7 4 3 5 2 1 3 32 31 33 30 29 31 28 27 29 26 25 27 24 23 25 22 21 23 20 19 21 18 17 19 16 15 17 14 13 15 12 11 13 10 9 11 8 7 9 6 5 7 4 3 5 36 35 37 34 33 35 32 31 33 30 29 31 28 27 29 26 25 27 24 23 25 22 21 23 20 19 21 18 17 19 16 15 17 14 13 15 12 11 13 10 9 11 8 7 9 6 5 7 4 3 5 30 29 31 28 27 29 26 25 27 24 23 25 22 21 23 20 19 21 18 17 19 16 15 17 14 13 15 12 11 13 10 9 11 8 7 9 6 5 7 34 33 35 32 31 33 30 29 31 28 27 29 26 25 27 24 23 25 22 21 23 20 19 21 18 17 19 16 15 17 14 13 15 12 11 13 10 9 11 8 7 9 6 5 7 28 27 29 26 25 27 24 23 25 22 21 23 20 19 21 18 17 19 16 15 17 14 13 15 12 11 13 10 9 11 8 7 9 20 19 21 18 17 19 16 15 17 26 25 27 24 23 25 22 21 23 20 19 21 18 17 19 22 21 23 24 23 25 26 25 27 28 27 29 36 35 37 34 33 35 32 31 33 30 29 31 28 27 29 26 25 27 24 23 25 22 21 23 20 19 21 18 17 19 16 15 17 14 13 15 12 11 13 10 9 11 8 7 9 16 15 17 14 13 15 12 11 13 10 9 11 18 17 19 22 21 23 20 19 21 26 25 27 24 23 25 28 27 29 26 25 27 32 31 33 30 29 31 28 27 29 34 33 35 32 31 33 30 29 31 36 35 37 34 33 35 32 31 33 30 29 31 28 27 29 26 25 27 24 23 25 22 21 23 20 19 21 18 17 19 16 15 17 14 13 15 12 11 13 10 9 11 18 17 19 16 15 17 14 13 15 12 11 13 20 19 21 18 17 19 16 15 17 14 13 15 26 25 27 24 23 25 22 21 23 20 19 21 18 17 19 16 15 17 14 13 15 12 11 13 28 27 29 26 25 27 24 23 25 22 21 23 20 19 21 18 17 19 16 15 17 14 13 15 30 29 31 28 27 29 26 25 27 24 23 25 22 21 23 20 19 21 30 29 31 34 33 35 32 31 33 36 35 37 34 33 35 32 31 33 30 29 31 28 27 29 26 25 27 24 23 25 22 21 23 20 19 21 18 17 19 16 15 17 18 17 19 20 19 21 30 29 31 28 27 29 26 25 27 24 23 25 22 21 23 20 19 21 32 31 33 30 29 31 28 27 29 26 25 27 24 23 25 22 21 23
[14.362477s] A=259 K=481 i=3.096934331e+09) 37 35 33 31 29 27 25 23 21 19 17 15 13 11 9 7 5 3 1 36 35 37 34 33 35 32 31 33 30 29 31 28 27 29 26 25 27 24 23 25 22 21 23 20 19 21 18 17 19 16 15 17 14 13 15 12 11 13 10 9 11 8 7 9 6 5 7 4 3 5 2 1 3 0 1 34 33 35 32 31 33 30 29 31 28 27 29 26 25 27 24 23 25 22 21 23 20 19 21 18 17 19 16 15 17 14 13 15 12 11 13 10 9 11 8 7 9 6 5 7 4 3 5 2 1 3 36 35 37 34 33 35 32 31 33 30 29 31 28 27 29 26 25 27 24 23 25 22 21 23 20 19 21 18 17 19 16 15 17 14 13 15 12 11 13 10 9 11 8 7 9 6 5 7 4 3 5 2 1 3 32 31 33 30 29 31 28 27 29 26 25 27 24 23 25 22 21 23 20 19 21 18 17 19 16 15 17 14 13 15 12 11 13 10 9 11 8 7 9 6 5 7 4 3 5 36 35 37 34 33 35 32 31 33 30 29 31 28 27 29 26 25 27 24 23 25 22 21 23 20 19 21 18 17 19 16 15 17 14 13 15 12 11 13 10 9 11 8 7 9 6 5 7 4 3 5 30 29 31 28 27 29 26 25 27 24 23 25 22 21 23 20 19 21 18 17 19 16 15 17 14 13 15 12 11 13 10 9 11 8 7 9 6 5 7 34 33 35 32 31 33 30 29 31 28 27 29 26 25 27 24 23 25 22 21 23 20 19 21 18 17 19 16 15 17 14 13 15 12 11 13 10 9 11 8 7 9 6 5 7 28 27 29 26 25 27 24 23 25 22 21 23 20 19 21 18 17 19 16 15 17 14 13 15 12 11 13 10 9 11 8 7 9 20 19 21 18 17 19 16 15 17 26 25 27 24 23 25 22 21 23 20 19 21 18 17 19 22 21 23 24 23 25 26 25 27 28 27 29 36 35 37 34 33 35 32 31 33 30 29 31 28 27 29 26 25 27 24 23 25 22 21 23 20 19 21 18 17 19 16 15 17 14 13 15 12 11 13 10 9 11 8 7 9 16 15 17 14 13 15 12 11 13 10 9 11 18 17 19 22 21 23 20 19 21 26 25 27 24 23 25 28 27 29 26 25 27 32 31 33 30 29 31 28 27 29 34 33 35 36 35 37 34 33 35 32 31 33 30 29 31 28 27 29 26 25 27 24 23 25 22 21 23 20 19 21 18 17 19 16 15 17 14 13 15 12 11 13 10 9 11 18 17 19 16 15 17 14 13 15 12 11 13 20 19 21 18 17 19 16 15 17 14 13 15 26 25 27 24 23 25 22 21 23 20 19 21 18 17 19 16 15 17 14 13 15 12 11 13 32 31 33 30 29 31 28 27 29 26 25 27 24 23 25 22 21 23 20 19 21 18 17 19 16 15 17 14 13 15 30 29 31 28 27 29 26 25 27 24 23 25 22 21 23 20 19 21 34 33 35 36 35 37 34 33 35 32 31 33 30 29 31 28 27 29 26 25 27 24 23 25 22 21 23 20 19 21 18 17 19 16 15 17 18 17 19 20 19 21 32 31 33 30 29 31 28 27 29 26 25 27 24 23 25 22 21 23 20 19 21 34 33 35 32 31 33 30 29 31 28 27 29 26 25 27 24 23 25 22 21 23
[14.362517s] A=259 K=481 i=3.096934999e+09) 37 35 33 31 29 27 25 23 21 19 17 15 13 11 9 7 5 3 1 36 35 37 34 33 35 32 31 33 30 29 31 28 27 29 26 25 27 24 23 25 22 21 23 20 19 21 18 17 19 16 15 17 14 13 15 12 11 13 10 9 11 8 7 9 6 5 7 4 3 5 2 1 3 0 1 34 33 35 32 31 33 30 29 31 28 27 29 26 25 27 24 23 25 22 21 23 20 19 21 18 17 19 16 15 17 14 13 15 12 11 13 10 9 11 8 7 9 6 5 7 4 3 5 2 1 3 36 35 37 34 33 35 32 31 33 30 29 31 28 27 29 26 25 27 24 23 25 22 21 23 20 19 21 18 17 19 16 15 17 14 13 15 12 11 13 10 9 11 8 7 9 6 5 7 4 3 5 2 1 3 32 31 33 30 29 31 28 27 29 26 25 27 24 23 25 22 21 23 20 19 21 18 17 19 16 15 17 14 13 15 12 11 13 10 9 11 8 7 9 6 5 7 4 3 5 36 35 37 34 33 35 32 31 33 30 29 31 28 27 29 26 25 27 24 23 25 22 21 23 20 19 21 18 17 19 16 15 17 14 13 15 12 11 13 10 9 11 8 7 9 6 5 7 4 3 5 30 29 31 28 27 29 26 25 27 24 23 25 22 21 23 20 19 21 18 17 19 16 15 17 14 13 15 12 11 13 10 9 11 8 7 9 6 5 7 34 33 35 32 31 33 30 29 31 28 27 29 26 25 27 24 23 25 22 21 23 20 19 21 18 17 19 16 15 17 14 13 15 12 11 13 10 9 11 8 7 9 6 5 7 28 27 29 26 25 27 24 23 25 22 21 23 20 19 21 18 17 19 16 15 17 14 13 15 12 11 13 10 9 11 8 7 9 20 19 21 18 17 19 16 15 17 26 25 27 24 23 25 22 21 23 20 19 21 18 17 19 22 21 23 24 23 25 26 25 27 28 27 29 36 35 37 34 33 35 32 31 33 30 29 31 28 27 29 26 25 27 24 23 25 22 21 23 20 19 21 18 17 19 16 15 17 14 13 15 12 11 13 10 9 11 8 7 9 16 15 17 14 13 15 12 11 13 10 9 11 18 17 19 22 21 23 20 19 21 26 25 27 24 23 25 28 27 29 26 25 27 32 31 33 30 29 31 28 27 29 30 29 31 34 33 35 32 31 33 36 35 37 34 33 35 32 31 33 30 29 31 28 27 29 26 25 27 24 23 25 22 21 23 20 19 21 18 17 19 16 15 17 14 13 15 12 11 13 10 9 11 18 17 19 16 15 17 14 13 15 12 11 13 20 19 21 18 17 19 16 15 17 14 13 15 26 25 27 24 23 25 22 21 23 20 19 21 18 17 19 16 15 17 14 13 15 12 11 13 30 29 31 28 27 29 26 25 27 24 23 25 22 21 23 20 19 21 18 17 19 16 15 17 14 13 15 28 27 29 26 25 27 24 23 25 22 21 23 20 19 21 30 29 31 36 35 37 34 33 35 32 31 33 30 29 31 28 27 29 26 25 27 24 23 25 22 21 23 20 19 21 18 17 19 16 15 17 18 17 19 20 19 21 34 33 35 32 31 33 30 29 31 28 27 29 26 25 27 24 23 25 22 21 23 20 19 21 32 31 33 30 29 31 28 27 29 26 25 27 24 23 25 22 21 23
[14.506321s] A=259 K=481 i=3.126145568e+09) 37 35 33 31 29 27 25 23 21 19 17 15 13 11 9 7 5 3 1 36 35 37 34 33 35 32 31 33 30 29 31 28 27 29 26 25 27 24 23 25 22 21 23 20 19 21 18 17 19 16 15 17 14 13 15 12 11 13 10 9 11 8 7 9 6 5 7 4 3 5 2 1 3 0 1 34 33 35 32 31 33 30 29 31 28 27 29 26 25 27 24 23 25 22 21 23 20 19 21 18 17 19 16 15 17 14 13 15 12 11 13 10 9 11 8 7 9 6 5 7 4 3 5 2 1 3 36 35 37 34 33 35 32 31 33 30 29 31 28 27 29 26 25 27 24 23 25 22 21 23 20 19 21 18 17 19 16 15 17 14 13 15 12 11 13 10 9 11 8 7 9 6 5 7 4 3 5 2 1 3 32 31 33 30 29 31 28 27 29 26 25 27 24 23 25 22 21 23 20 19 21 18 17 19 16 15 17 14 13 15 12 11 13 10 9 11 8 7 9 6 5 7 4 3 5 36 35 37 34 33 35 32 31 33 30 29 31 28 27 29 26 25 27 24 23 25 22 21 23 20 19 21 18 17 19 16 15 17 14 13 15 12 11 13 10 9 11 8 7 9 6 5 7 4 3 5 30 29 31 28 27 29 26 25 27 24 23 25 22 21 23 20 19 21 18 17 19 16 15 17 14 13 15 12 11 13 10 9 11 8 7 9 6 5 7 34 33 35 32 31 33 30 29 31 28 27 29 26 25 27 24 23 25 22 21 23 20 19 21 18 17 19 16 15 17 14 13 15 12 11 13 10 9 11 8 7 9 6 5 7 28 27 29 26 25 27 24 23 25 22 21 23 20 19 21 18 17 19 16 15 17 14 13 15 12 11 13 10 9 11 8 7 9 20 19 21 18 17 19 16 15 17 24 23 25 22 21 23 20 19 21 18 17 19 16 15 17 14 13 15 12 11 13 22 21 23 20 19 21 18 17 19 16 15 17 14 13 15 24 23 25 26 25 27 24 23 25 22 21 23 30 29 31 28 27 29 26 25 27 36 35 37 34 33 35 32 31 33 30 29 31 28 27 29 26 25 27 24 23 25 22 21 23 20 19 21 18 17 19 16 15 17 14 13 15 12 11 13 10 9 11 8 7 9 20 19 21 18 17 19 16 15 17 14 13 15 12 11 13 10 9 11 32 31 33 30 29 31 28 27 29 26 25 27 24 23 25 22 21 23 20 19 21 18 17 19 24 23 25 28 27 29 26 25 27 34 33 35 32 31 33 30 29 31 28 27 29 26 25 27 24 23 25 22 21 23 36 35 37 34 33 35 32 31 33 30 29 31 28 27 29 26 25 27 24 23 25 22 21 23 20 19 21 18 17 19 16 15 17 14 13 15 12 11 13 10 9 11 16 15 17 14 13 15 12 11 13 18 17 19 20 19 21 18 17 19 16 15 17 14 13 15 22 21 23 34 33 35 32 31 33 30 29 31 36 35 37 34 33 35 32 31 33 30 29 31 28 27 29 26 25 27 24 23 25 22 21 23 20 19 21 18 17 19 16 15 17 20 19 21 18 17 19 22 21 23 28 27 29 26 25 27 24 23 25 22 21 23 20 19 21 30 29 31 28 27 29 26 25 27 24 23 25 22 21 23 24 23 25 32 31 33 30 29 31 28 27 29 26 25 27
[14.509561s] A=259 K=481 i=3.127037005e+09) 37 35 33 31 29 27 25 23 21 19 17 15 13 11 9 7 5 3 1 36 35 37 34 33 35 32 31 33 30 29 31 28 27 29 26 25 27 24 23 25 22 21 23 20 19 21 18 17 19 16 15 17 14 13 15 12 11 13 10 9 11 8 7 9 6 5 7 4 3 5 2 1 3 0 1 34 33 35 32 31 33 30 29 31 28 27 29 26 25 27 24 23 25 22 21 23 20 19 21 18 17 19 16 15 17 14 13 15 12 11 13 10 9 11 8 7 9 6 5 7 4 3 5 2 1 3 36 35 37 34 33 35 32 31 33 30 29 31 28 27 29 26 25 27 24 23 25 22 21 23 20 19 21 18 17 19 16 15 17 14 13 15 12 11 13 10 9 11 8 7 9 6 5 7 4 3 5 2 1 3 32 31 33 30 29 31 28 27 29 26 25 27 24 23 25 22 21 23 20 19 21 18 17 19 16 15 17 14 13 15 12 11 13 10 9 11 8 7 9 6 5 7 4 3 5 36 35 37 34 33 35 32 31 33 30 29 31 28 27 29 26 25 27 24 23 25 22 21 23 20 19 21 18 17 19 16 15 17 14 13 15 12 11 13 10 9 11 8 7 9 6 5 7 4 3 5 30 29 31 28 27 29 26 25 27 24 23 25 22 21 23 20 19 21 18 17 19 16 15 17 14 13 15 12 11 13 10 9 11 8 7 9 6 5 7 34 33 35 32 31 33 30 29 31 28 27 29 26 25 27 24 23 25 22 21 23 20 19 21 18 17 19 16 15 17 14 13 15 12 11 13 10 9 11 8 7 9 6 5 7 28 27 29 26 25 27 24 23 25 22 21 23 20 19 21 18 17 19 16 15 17 14 13 15 12 11 13 10 9 11 8 7 9 20 19 21 18 17 19 16 15 17 24 23 25 22 21 23 20 19 21 18 17 19 16 15 17 14 13 15 12 11 13 22 21 23 20 19 21 18 17 19 16 15 17 14 13 15 24 23 25 26 25 27 24 23 25 22 21 23 28 27 29 26 25 27 24 23 25 30 29 31 32 31 33 30 29 31 28 27 29 26 25 27 34 33 35 36 35 37 34 33 35 32 31 33 30 29 31 28 27 29 26 25 27 24 23 25 22 21 23 20 19 21 18 17 19 16 15 17 14 13 15 12 11 13 10 9 11 8 7 9 20 19 21 18 17 19 16 15 17 14 13 15 12 11 13 10 9 11 24 23 25 22 21 23 20 19 21 18 17 19 32 31 33 30 29 31 28 27 29 26 25 27 24 23 25 22 21 23 28 27 29 26 25 27 24 23 25 34 33 35 32 31 33 30 29 31 28 27 29 26 25 27 30 29 31 34 33 35 32 31 33 36 35 37 34 33 35 32 31 33 30 29 31 28 27 29 26 25 27 24 23 25 22 21 23 20 19 21 18 17 19 16 15 17 14 13 15 12 11 13 10 9 11 16 15 17 14 13 15 12 11 13 18 17 19 20 19 21 18 17 19 16 15 17 14 13 15 22 21 23 24 23 25 22 21 23 20 19 21 18 17 19 16 15 17 20 19 21 18 17 19 22 21 23 30 29 31 28 27 29 26 25 27 24 23 25 22 21 23 20 19 21 28 27 29 26 25 27 24 23 25 22 21 23 24 23 25 32 31 33 30 29 31 28 27 29 26 25 27
[14.509619s] A=259 K=481 i=3.127037368e+09) 37 35 33 31 29 27 25 23 21 19 17 15 13 11 9 7 5 3 1 36 35 37 34 33 35 32 31 33 30 29 31 28 27 29 26 25 27 24 23 25 22 21 23 20 19 21 18 17 19 16 15 17 14 13 15 12 11 13 10 9 11 8 7 9 6 5 7 4 3 5 2 1 3 0 1 34 33 35 32 31 33 30 29 31 28 27 29 26 25 27 24 23 25 22 21 23 20 19 21 18 17 19 16 15 17 14 13 15 12 11 13 10 9 11 8 7 9 6 5 7 4 3 5 2 1 3 36 35 37 34 33 35 32 31 33 30 29 31 28 27 29 26 25 27 24 23 25 22 21 23 20 19 21 18 17 19 16 15 17 14 13 15 12 11 13 10 9 11 8 7 9 6 5 7 4 3 5 2 1 3 32 31 33 30 29 31 28 27 29 26 25 27 24 23 25 22 21 23 20 19 21 18 17 19 16 15 17 14 13 15 12 11 13 10 9 11 8 7 9 6 5 7 4 3 5 36 35 37 34 33 35 32 31 33 30 29 31 28 27 29 26 25 27 24 23 25 22 21 23 20 19 21 18 17 19 16 15 17 14 13 15 12 11 13 10 9 11 8 7 9 6 5 7 4 3 5 30 29 31 28 27 29 26 25 27 24 23 25 22 21 23 20 19 21 18 17 19 16 15 17 14 13 15 12 11 13 10 9 11 8 7 9 6 5 7 34 33 35 32 31 33 30 29 31 28 27 29 26 25 27 24 23 25 22 21 23 20 19 21 18 17 19 16 15 17 14 13 15 12 11 13 10 9 11 8 7 9 6 5 7 28 27 29 26 25 27 24 23 25 22 21 23 20 19 21 18 17 19 16 15 17 14 13 15 12 11 13 10 9 11 8 7 9 20 19 21 18 17 19 16 15 17 24 23 25 22 21 23 20 19 21 18 17 19 16 15 17 14 13 15 12 11 13 22 21 23 20 19 21 18 17 19 16 15 17 14 13 15 24 23 25 26 25 27 24 23 25 22 21 23 28 27 29 26 25 27 24 23 25 30 29 31 32 31 33 30 29 31 28 27 29 26 25 27 34 33 35 36 35 37 34 33 35 32 31 33 30 29 31 28 27 29 26 25 27 24 23 25 22 21 23 20 19 21 18 17 19 16 15 17 14 13 15 12 11 13 10 9 11 8 7 9 20 19 21 18 17 19 16 15 17 14 13 15 12 11 13 10 9 11 24 23 25 22 21 23 20 19 21 18 17 19 32 31 33 30 29 31 28 27 29 26 25 27 24 23 25 22 21 23 28 27 29 26 25 27 34 33 35 32 31 33 30 29 31 28 27 29 26 25 27 24 23 25 30 29 31 34 33 35 32 31 33 36 35 37 34 33 35 32 31 33 30 29 31 28 27 29 26 25 27 24 23 25 22 21 23 20 19 21 18 17 19 16 15 17 14 13 15 12 11 13 10 9 11 16 15 17 14 13 15 12 11 13 18 17 19 20 19 21 18 17 19 16 15 17 14 13 15 22 21 23 20 19 21 18 17 19 16 15 17 24 23 25 22 21 23 20 19 21 18 17 19 22 21 23 28 27 29 26 25 27 24 23 25 30 29 31 28 27 29 26 25 27 24 23 25 22 21 23 20 19 21 22 21 23 24 23 25 32 31 33 30 29 31 28 27 29 26 25 27
[14.515166s] A=259 K=481 i=3.128811619e+09) 37 35 33 31 29 27 25 23 21 19 17 15 13 11 9 7 5 3 1 36 35 37 34 33 35 32 31 33 30 29 31 28 27 29 26 25 27 24 23 25 22 21 23 20 19 21 18 17 19 16 15 17 14 13 15 12 11 13 10 9 11 8 7 9 6 5 7 4 3 5 2 1 3 0 1 34 33 35 32 31 33 30 29 31 28 27 29 26 25 27 24 23 25 22 21 23 20 19 21 18 17 19 16 15 17 14 13 15 12 11 13 10 9 11 8 7 9 6 5 7 4 3 5 2 1 3 36 35 37 34 33 35 32 31 33 30 29 31 28 27 29 26 25 27 24 23 25 22 21 23 20 19 21 18 17 19 16 15 17 14 13 15 12 11 13 10 9 11 8 7 9 6 5 7 4 3 5 2 1 3 32 31 33 30 29 31 28 27 29 26 25 27 24 23 25 22 21 23 20 19 21 18 17 19 16 15 17 14 13 15 12 11 13 10 9 11 8 7 9 6 5 7 4 3 5 36 35 37 34 33 35 32 31 33 30 29 31 28 27 29 26 25 27 24 23 25 22 21 23 20 19 21 18 17 19 16 15 17 14 13 15 12 11 13 10 9 11 8 7 9 6 5 7 4 3 5 30 29 31 28 27 29 26 25 27 24 23 25 22 21 23 20 19 21 18 17 19 16 15 17 14 13 15 12 11 13 10 9 11 8 7 9 6 5 7 34 33 35 32 31 33 30 29 31 28 27 29 26 25 27 24 23 25 22 21 23 20 19 21 18 17 19 16 15 17 14 13 15 12 11 13 10 9 11 8 7 9 6 5 7 28 27 29 26 25 27 24 23 25 22 21 23 20 19 21 18 17 19 16 15 17 14 13 15 12 11 13 10 9 11 8 7 9 20 19 21 18 17 19 16 15 17 24 23 25 22 21 23 20 19 21 18 17 19 16 15 17 14 13 15 12 11 13 22 21 23 20 19 21 18 17 19 16 15 17 14 13 15 24 23 25 26 25 27 24 23 25 22 21 23 28 27 29 30 29 31 32 31 33 34 33 35 36 35 37 34 33 35 32 31 33 30 29 31 28 27 29 26 25 27 24 23 25 22 21 23 20 19 21 18 17 19 16 15 17 14 13 15 12 11 13 10 9 11 8 7 9 20 19 21 18 17 19 16 15 17 14 13 15 12 11 13 10 9 11 26 25 27 28 27 29 30 29 31 28 27 29 26 25 27 24 23 25 22 21 23 20 19 21 18 17 19 26 25 27 24 23 25 32 31 33 30 29 31 28 27 29 26 25 27 24 23 25 22 21 23 34 33 35 32 31 33 30 29 31 28 27 29 36 35 37 34 33 35 32 31 33 30 29 31 28 27 29 26 25 27 24 23 25 22 21 23 20 19 21 18 17 19 16 15 17 14 13 15 12 11 13 10 9 11 16 15 17 14 13 15 12 11 13 18 17 19 20 19 21 18 17 19 16 15 17 14 13 15 22 21 23 26 25 27 24 23 25 22 21 23 20 19 21 18 17 19 16 15 17 20 19 21 18 17 19 22 21 23 28 27 29 32 31 33 30 29 31 34 33 35 32 31 33 30 29 31 28 27 29 26 25 27 24 23 25 22 21 23 20 19 21 28 27 29 26 25 27 24 23 25 22 21 23 24 23 25 30 29 31 28 27 29 26 25 27
[14.537361s] A=259 K=481 i=3.133973039e+09) 37 35 33 31 29 27 25 23 21 19 17 15 13 11 9 7 5 3 1 36 35 37 34 33 35 32 31 33 30 29 31 28 27 29 26 25 27 24 23 25 22 21 23 20 19 21 18 17 19 16 15 17 14 13 15 12 11 13 10 9 11 8 7 9 6 5 7 4 3 5 2 1 3 0 1 34 33 35 32 31 33 30 29 31 28 27 29 26 25 27 24 23 25 22 21 23 20 19 21 18 17 19 16 15 17 14 13 15 12 11 13 10 9 11 8 7 9 6 5 7 4 3 5 2 1 3 36 35 37 34 33 35 32 31 33 30 29 31 28 27 29 26 25 27 24 23 25 22 21 23 20 19 21 18 17 19 16 15 17 14 13 15 12 11 13 10 9 11 8 7 9 6 5 7 4 3 5 2 1 3 32 31 33 30 29 31 28 27 29 26 25 27 24 23 25 22 21 23 20 19 21 18 17 19 16 15 17 14 13 15 12 11 13 10 9 11 8 7 9 6 5 7 4 3 5 36 35 37 34 33 35 32 31 33 30 29 31 28 27 29 26 25 27 24 23 25 22 21 23 20 19 21 18 17 19 16 15 17 14 13 15 12 11 13 10 9 11 8 7 9 6 5 7 4 3 5 30 29 31 28 27 29 26 25 27 24 23 25 22 21 23 20 19 21 18 17 19 16 15 17 14 13 15 12 11 13 10 9 11 8 7 9 6 5 7 34 33 35 32 31 33 30 29 31 28 27 29 26 25 27 24 23 25 22 21 23 20 19 21 18 17 19 16 15 17 14 13 15 12 11 13 10 9 11 8 7 9 6 5 7 28 27 29 26 25 27 24 23 25 22 21 23 20 19 21 18 17 19 16 15 17 14 13 15 12 11 13 10 9 11 8 7 9 20 19 21 18 17 19 16 15 17 24 23 25 22 21 23 20 19 21 18 17 19 16 15 17 14 13 15 12 11 13 22 21 23 20 19 21 24 23 25 26 25 27 24 23 25 22 21 23 28 27 29 26 25 27 24 23 25 30 29 31 32 31 33 30 29 31 28 27 29 26 25 27 34 33 35 36 35 37 34 33 35 32 31 33 30 29 31 28 27 29 26 25 27 24 23 25 22 21 23 20 19 21 18 17 19 16 15 17 14 13 15 12 11 13 10 9 11 8 7 9 18 17 19 16 15 17 14 13 15 20 19 21 18 17 19 16 15 17 14 13 15 12 11 13 10 9 11 24 23 25 22 21 23 20 19 21 18 17 19 32 31 33 30 29 31 28 27 29 26 25 27 24 23 25 22 21 23 20 19 21 28 27 29 26 25 27 34 33 35 32 31 33 30 29 31 28 27 29 26 25 27 24 23 25 30 29 31 34 33 35 32 31 33 36 35 37 34 33 35 32 31 33 30 29 31 28 27 29 26 25 27 24 23 25 22 21 23 20 19 21 18 17 19 16 15 17 14 13 15 12 11 13 10 9 11 16 15 17 14 13 15 12 11 13 18 17 19 16 15 17 14 13 15 20 19 21 18 17 19 22 21 23 20 19 21 18 17 19 16 15 17 24 23 25 22 21 23 20 19 21 18 17 19 28 27 29 26 25 27 24 23 25 30 29 31 28 27 29 26 25 27 24 23 25 22 21 23 20 19 21 22 21 23 24 23 25 32 31 33 30 29 31 28 27 29 26 25 27
[14.598012s] A=259 K=481 i=3.14499085e+09) 37 35 33 31 29 27 25 23 21 19 17 15 13 11 9 7 5 3 1 36 35 37 34 33 35 32 31 33 30 29 31 28 27 29 26 25 27 24 23 25 22 21 23 20 19 21 18 17 19 16 15 17 14 13 15 12 11 13 10 9 11 8 7 9 6 5 7 4 3 5 2 1 3 0 1 34 33 35 32 31 33 30 29 31 28 27 29 26 25 27 24 23 25 22 21 23 20 19 21 18 17 19 16 15 17 14 13 15 12 11 13 10 9 11 8 7 9 6 5 7 4 3 5 2 1 3 36 35 37 34 33 35 32 31 33 30 29 31 28 27 29 26 25 27 24 23 25 22 21 23 20 19 21 18 17 19 16 15 17 14 13 15 12 11 13 10 9 11 8 7 9 6 5 7 4 3 5 2 1 3 32 31 33 30 29 31 28 27 29 26 25 27 24 23 25 22 21 23 20 19 21 18 17 19 16 15 17 14 13 15 12 11 13 10 9 11 8 7 9 6 5 7 4 3 5 36 35 37 34 33 35 32 31 33 30 29 31 28 27 29 26 25 27 24 23 25 22 21 23 20 19 21 18 17 19 16 15 17 14 13 15 12 11 13 10 9 11 8 7 9 6 5 7 4 3 5 30 29 31 28 27 29 26 25 27 24 23 25 22 21 23 20 19 21 18 17 19 16 15 17 14 13 15 12 11 13 10 9 11 8 7 9 6 5 7 34 33 35 32 31 33 30 29 31 28 27 29 26 25 27 24 23 25 22 21 23 20 19 21 18 17 19 16 15 17 14 13 15 12 11 13 10 9 11 8 7 9 6 5 7 28 27 29 26 25 27 24 23 25 22 21 23 20 19 21 18 17 19 16 15 17 14 13 15 12 11 13 10 9 11 8 7 9 20 19 21 18 17 19 16 15 17 24 23 25 22 21 23 20 19 21 18 17 19 16 15 17 14 13 15 12 11 13 22 21 23 24 23 25 26 25 27 24 23 25 22 21 23 20 19 21 18 17 19 16 15 17 14 13 15 36 35 37 34 33 35 32 31 33 30 29 31 28 27 29 26 25 27 24 23 25 22 21 23 20 19 21 18 17 19 16 15 17 14 13 15 12 11 13 10 9 11 8 7 9 12 11 13 10 9 11 20 19 21 18 17 19 16 15 17 14 13 15 30 29 31 28 27 29 26 25 27 24 23 25 32 31 33 30 29 31 28 27 29 26 25 27 34 33 35 32 31 33 36 35 37 34 33 35 32 31 33 30 29 31 28 27 29 26 25 27 24 23 25 22 21 23 20 19 21 18 17 19 16 15 17 14 13 15 12 11 13 10 9 11 24 23 25 22 21 23 20 19 21 18 17 19 16 15 17 14 13 15 12 11 13 30 29 31 28 27 29 26 25 27 24 23 25 22 21 23 20 19 21 18 17 19 16 15 17 14 13 15 18 17 19 22 21 23 20 19 21 28 27 29 26 25 27 32 31 33 30 29 31 34 33 35 32 31 33 36 35 37 34 33 35 32 31 33 30 29 31 28 27 29 26 25 27 24 23 25 22 21 23 20 19 21 18 17 19 16 15 17 18 17 19 30 29 31 28 27 29 26 25 27 24 23 25 22 21 23 20 19 21 28 27 29 26 25 27 24 23 25 22 21 23 24 23 25 32 31 33 30 29 31 28 27 29 26 25 27
[14.598258s] A=259 K=481 i=3.145011901e+09) 37 35 33 31 29 27 25 23 21 19 17 15 13 11 9 7 5 3 1 36 35 37 34 33 35 32 31 33 30 29 31 28 27 29 26 25 27 24 23 25 22 21 23 20 19 21 18 17 19 16 15 17 14 13 15 12 11 13 10 9 11 8 7 9 6 5 7 4 3 5 2 1 3 0 1 34 33 35 32 31 33 30 29 31 28 27 29 26 25 27 24 23 25 22 21 23 20 19 21 18 17 19 16 15 17 14 13 15 12 11 13 10 9 11 8 7 9 6 5 7 4 3 5 2 1 3 36 35 37 34 33 35 32 31 33 30 29 31 28 27 29 26 25 27 24 23 25 22 21 23 20 19 21 18 17 19 16 15 17 14 13 15 12 11 13 10 9 11 8 7 9 6 5 7 4 3 5 2 1 3 32 31 33 30 29 31 28 27 29 26 25 27 24 23 25 22 21 23 20 19 21 18 17 19 16 15 17 14 13 15 12 11 13 10 9 11 8 7 9 6 5 7 4 3 5 36 35 37 34 33 35 32 31 33 30 29 31 28 27 29 26 25 27 24 23 25 22 21 23 20 19 21 18 17 19 16 15 17 14 13 15 12 11 13 10 9 11 8 7 9 6 5 7 4 3 5 30 29 31 28 27 29 26 25 27 24 23 25 22 21 23 20 19 21 18 17 19 16 15 17 14 13 15 12 11 13 10 9 11 8 7 9 6 5 7 34 33 35 32 31 33 30 29 31 28 27 29 26 25 27 24 23 25 22 21 23 20 19 21 18 17 19 16 15 17 14 13 15 12 11 13 10 9 11 8 7 9 6 5 7 28 27 29 26 25 27 24 23 25 22 21 23 20 19 21 18 17 19 16 15 17 14 13 15 12 11 13 10 9 11 8 7 9 20 19 21 18 17 19 16 15 17 24 23 25 22 21 23 20 19 21 18 17 19 16 15 17 14 13 15 12 11 13 22 21 23 24 23 25 26 25 27 24 23 25 22 21 23 20 19 21 18 17 19 16 15 17 14 13 15 36 35 37 34 33 35 32 31 33 30 29 31 28 27 29 26 25 27 24 23 25 22 21 23 20 19 21 18 17 19 16 15 17 14 13 15 12 11 13 10 9 11 8 7 9 12 11 13 10 9 11 20 19 21 18 17 19 30 29 31 28 27 29 26 25 27 24 23 25 32 31 33 30 29 31 28 27 29 26 25 27 34 33 35 32 31 33 36 35 37 34 33 35 32 31 33 30 29 31 28 27 29 26 25 27 24 23 25 22 21 23 20 19 21 18 17 19 16 15 17 14 13 15 12 11 13 10 9 11 16 15 17 14 13 15 18 17 19 24 23 25 22 21 23 20 19 21 18 17 19 16 15 17 14 13 15 12 11 13 30 29 31 28 27 29 26 25 27 24 23 25 22 21 23 20 19 21 18 17 19 16 15 17 14 13 15 28 27 29 26 25 27 32 31 33 30 29 31 34 33 35 32 31 33 36 35 37 34 33 35 32 31 33 30 29 31 28 27 29 26 25 27 24 23 25 22 21 23 20 19 21 18 17 19 16 15 17 22 21 23 20 19 21 18 17 19 30 29 31 28 27 29 26 25 27 24 23 25 22 21 23 20 19 21 28 27 29 26 25 27 24 23 25 22 21 23 24 23 25 32 31 33 30 29 31 28 27 29 26 25 27
[14.600959s] A=259 K=481 i=3.145659371e+09) 37 35 33 31 29 27 25 23 21 19 17 15 13 11 9 7 5 3 1 36 35 37 34 33 35 32 31 33 30 29 31 28 27 29 26 25 27 24 23 25 22 21 23 20 19 21 18 17 19 16 15 17 14 13 15 12 11 13 10 9 11 8 7 9 6 5 7 4 3 5 2 1 3 0 1 34 33 35 32 31 33 30 29 31 28 27 29 26 25 27 24 23 25 22 21 23 20 19 21 18 17 19 16 15 17 14 13 15 12 11 13 10 9 11 8 7 9 6 5 7 4 3 5 2 1 3 36 35 37 34 33 35 32 31 33 30 29 31 28 27 29 26 25 27 24 23 25 22 21 23 20 19 21 18 17 19 16 15 17 14 13 15 12 11 13 10 9 11 8 7 9 6 5 7 4 3 5 2 1 3 32 31 33 30 29 31 28 27 29 26 25 27 24 23 25 22 21 23 20 19 21 18 17 19 16 15 17 14 13 15 12 11 13 10 9 11 8 7 9 6 5 7 4 3 5 36 35 37 34 33 35 32 31 33 30 29 31 28 27 29 26 25 27 24 23 25 22 21 23 20 19 21 18 17 19 16 15 17 14 13 15 12 11 13 10 9 11 8 7 9 6 5 7 4 3 5 30 29 31 28 27 29 26 25 27 24 23 25 22 21 23 20 19 21 18 17 19 16 15 17 14 13 15 12 11 13 10 9 11 8 7 9 6 5 7 34 33 35 32 31 33 30 29 31 28 27 29 26 25 27 24 23 25 22 21 23 20 19 21 18 17 19 16 15 17 14 13 15 12 11 13 10 9 11 8 7 9 6 5 7 28 27 29 26 25 27 24 23 25 22 21 23 20 19 21 18 17 19 16 15 17 14 13 15 12 11 13 10 9 11 8 7 9 20 19 21 18 17 19 16 15 17 24 23 25 22 21 23 20 19 21 18 17 19 16 15 17 14 13 15 12 11 13 22 21 23 24 23 25 26 25 27 24 23 25 22 21 23 20 19 21 18 17 19 16 15 17 14 13 15 30 29 31 28 27 29 26 25 27 36 35 37 34 33 35 32 31 33 30 29 31 28 27 29 26 25 27 24 23 25 22 21 23 20 19 21 18 17 19 16 15 17 14 13 15 12 11 13 10 9 11 8 7 9 12 11 13 10 9 11 20 19 21 18 17 19 16 15 17 14 13 15 24 23 25 26 25 27 32 31 33 30 29 31 28 27 29 26 25 27 34 33 35 32 31 33 30 29 31 28 27 29 36 35 37 34 33 35 32 31 33 30 29 31 28 27 29 26 25 27 24 23 25 22 21 23 20 19 21 18 17 19 16 15 17 14 13 15 12 11 13 10 9 11 24 23 25 22 21 23 20 19 21 18 17 19 16 15 17 14 13 15 12 11 13 26 25 27 24 23 25 22 21 23 20 19 21 18 17 19 16 15 17 14 13 15 18 17 19 22 21 23 20 19 21 28 27 29 26 25 27 30 29 31 34 33 35 32 31 33 36 35 37 34 33 35 32 31 33 30 29 31 28 27 29 26 25 27 24 23 25 22 21 23 20 19 21 18 17 19 16 15 17 18 17 19 30 29 31 28 27 29 26 25 27 24 23 25 22 21 23 20 19 21 28 27 29 26 25 27 24 23 25 22 21 23 24 23 25 32 31 33 30 29 31 28 27 29 26 25 27
[14.601045s] A=259 K=481 i=3.14567173e+09) 37 35 33 31 29 27 25 23 21 19 17 15 13 11 9 7 5 3 1 36 35 37 34 33 35 32 31 33 30 29 31 28 27 29 26 25 27 24 23 25 22 21 23 20 19 21 18 17 19 16 15 17 14 13 15 12 11 13 10 9 11 8 7 9 6 5 7 4 3 5 2 1 3 0 1 34 33 35 32 31 33 30 29 31 28 27 29 26 25 27 24 23 25 22 21 23 20 19 21 18 17 19 16 15 17 14 13 15 12 11 13 10 9 11 8 7 9 6 5 7 4 3 5 2 1 3 36 35 37 34 33 35 32 31 33 30 29 31 28 27 29 26 25 27 24 23 25 22 21 23 20 19 21 18 17 19 16 15 17 14 13 15 12 11 13 10 9 11 8 7 9 6 5 7 4 3 5 2 1 3 32 31 33 30 29 31 28 27 29 26 25 27 24 23 25 22 21 23 20 19 21 18 17 19 16 15 17 14 13 15 12 11 13 10 9 11 8 7 9 6 5 7 4 3 5 36 35 37 34 33 35 32 31 33 30 29 31 28 27 29 26 25 27 24 23 25 22 21 23 20 19 21 18 17 19 16 15 17 14 13 15 12 11 13 10 9 11 8 7 9 6 5 7 4 3 5 30 29 31 28 27 29 26 25 27 24 23 25 22 21 23 20 19 21 18 17 19 16 15 17 14 13 15 12 11 13 10 9 11 8 7 9 6 5 7 34 33 35 32 31 33 30 29 31 28 27 29 26 25 27 24 23 25 22 21 23 20 19 21 18 17 19 16 15 17 14 13 15 12 11 13 10 9 11 8 7 9 6 5 7 28 27 29 26 25 27 24 23 25 22 21 23 20 19 21 18 17 19 16 15 17 14 13 15 12 11 13 10 9 11 8 7 9 20 19 21 18 17 19 16 15 17 24 23 25 22 21 23 20 19 21 18 17 19 16 15 17 14 13 15 12 11 13 22 21 23 24 23 25 26 25 27 24 23 25 22 21 23 20 19 21 18 17 19 16 15 17 14 13 15 30 29 31 28 27 29 26 25 27 36 35 37 34 33 35 32 31 33 30 29 31 28 27 29 26 25 27 24 23 25 22 21 23 20 19 21 18 17 19 16 15 17 14 13 15 12 11 13 10 9 11 8 7 9 12 11 13 10 9 11 20 19 21 18 17 19 24 23 25 26 25 27 32 31 33 30 29 31 28 27 29 26 25 27 34 33 35 32 31 33 30 29 31 28 27 29 36 35 37 34 33 35 32 31 33 30 29 31 28 27 29 26 25 27 24 23 25 22 21 23 20 19 21 18 17 19 16 15 17 14 13 15 12 11 13 10 9 11 16 15 17 14 13 15 18 17 19 24 23 25 22 21 23 20 19 21 18 17 19 16 15 17 14 13 15 12 11 13 26 25 27 24 23 25 22 21 23 20 19 21 18 17 19 16 15 17 14 13 15 28 27 29 26 25 27 30 29 31 34 33 35 32 31 33 36 35 37 34 33 35 32 31 33 30 29 31 28 27 29 26 25 27 24 23 25 22 21 23 20 19 21 18 17 19 16 15 17 22 21 23 20 19 21 18 17 19 30 29 31 28 27 29 26 25 27 24 23 25 22 21 23 20 19 21 28 27 29 26 25 27 24 23 25 22 21 23 24 23 25 32 31 33 30 29 31 28 27 29 26 25 27
[14.749647s] A=259 K=481 i=3.176751421e+09) 37 35 33 31 29 27 25 23 21 19 17 15 13 11 9 7 5 3 1 36 35 37 34 33 35 32 31 33 30 29 31 28 27 29 26 25 27 24 23 25 22 21 23 20 19 21 18 17 19 16 15 17 14 13 15 12 11 13 10 9 11 8 7 9 6 5 7 4 3 5 2 1 3 0 1 34 33 35 32 31 33 30 29 31 28 27 29 26 25 27 24 23 25 22 21 23 20 19 21 18 17 19 16 15 17 14 13 15 12 11 13 10 9 11 8 7 9 6 5 7 4 3 5 2 1 3 36 35 37 34 33 35 32 31 33 30 29 31 28 27 29 26 25 27 24 23 25 22 21 23 20 19 21 18 17 19 16 15 17 14 13 15 12 11 13 10 9 11 8 7 9 6 5 7 4 3 5 2 1 3 32 31 33 30 29 31 28 27 29 26 25 27 24 23 25 22 21 23 20 19 21 18 17 19 16 15 17 14 13 15 12 11 13 10 9 11 8 7 9 6 5 7 4 3 5 36 35 37 34 33 35 32 31 33 30 29 31 28 27 29 26 25 27 24 23 25 22 21 23 20 19 21 18 17 19 16 15 17 14 13 15 12 11 13 10 9 11 8 7 9 6 5 7 4 3 5 30 29 31 28 27 29 26 25 27 24 23 25 22 21 23 20 19 21 18 17 19 16 15 17 14 13 15 12 11 13 10 9 11 8 7 9 6 5 7 34 33 35 32 31 33 30 29 31 28 27 29 26 25 27 24 23 25 22 21 23 20 19 21 18 17 19 16 15 17 14 13 15 12 11 13 10 9 11 8 7 9 6 5 7 28 27 29 26 25 27 24 23 25 22 21 23 20 19 21 18 17 19 16 15 17 14 13 15 12 11 13 10 9 11 8 7 9 20 19 21 18 17 19 16 15 17 24 23 25 22 21 23 20 19 21 18 17 19 22 21 23 20 19 21 26 25 27 24 23 25 22 21 23 26 25 27 24 23 25 28 27 29 30 29 31 32 31 33 30 29 31 28 27 29 26 25 27 24 23 25 28 27 29 26 25 27 34 33 35 36 35 37 34 33 35 32 31 33 30 29 31 28 27 29 26 25 27 24 23 25 22 21 23 20 19 21 18 17 19 16 15 17 14 13 15 12 11 13 10 9 11 8 7 9 16 15 17 14 13 15 12 11 13 18 17 19 16 15 17 14 13 15 20 19 21 18 17 19 16 15 17 14 13 15 12 11 13 10 9 11 22 21 23 20 19 21 18 17 19 24 23 25 26 25 27 32 31 33 30 29 31 28 27 29 34 33 35 32 31 33 30 29 31 36 35 37 34 33 35 32 31 33 30 29 31 28 27 29 26 25 27 24 23 25 22 21 23 20 19 21 18 17 19 16 15 17 14 13 15 12 11 13 10 9 11 16 15 17 14 13 15 12 11 13 26 25 27 24 23 25 22 21 23 20 19 21 18 17 19 16 15 17 14 13 15 20 19 21 18 17 19 28 27 29 26 25 27 24 23 25 22 21 23 20 19 21 18 17 19 16 15 17 22 21 23 20 19 21 18 17 19 30 29 31 28 27 29 26 25 27 24 23 25 34 33 35 32 31 33 30 29 31 28 27 29 26 25 27 24 23 25 22 21 23 20 19 21 22 21 23 24 23 25 32 31 33 30 29 31 28 27 29 26 25 27
[14.754762s] A=259 K=481 i=3.178395332e+09) 37 35 33 31 29 27 25 23 21 19 17 15 13 11 9 7 5 3 1 36 35 37 34 33 35 32 31 33 30 29 31 28 27 29 26 25 27 24 23 25 22 21 23 20 19 21 18 17 19 16 15 17 14 13 15 12 11 13 10 9 11 8 7 9 6 5 7 4 3 5 2 1 3 0 1 34 33 35 32 31 33 30 29 31 28 27 29 26 25 27 24 23 25 22 21 23 20 19 21 18 17 19 16 15 17 14 13 15 12 11 13 10 9 11 8 7 9 6 5 7 4 3 5 2 1 3 36 35 37 34 33 35 32 31 33 30 29 31 28 27 29 26 25 27 24 23 25 22 21 23 20 19 21 18 17 19 16 15 17 14 13 15 12 11 13 10 9 11 8 7 9 6 5 7 4 3 5 2 1 3 32 31 33 30 29 31 28 27 29 26 25 27 24 23 25 22 21 23 20 19 21 18 17 19 16 15 17 14 13 15 12 11 13 10 9 11 8 7 9 6 5 7 4 3 5 36 35 37 34 33 35 32 31 33 30 29 31 28 27 29 26 25 27 24 23 25 22 21 23 20 19 21 18 17 19 16 15 17 14 13 15 12 11 13 10 9 11 8 7 9 6 5 7 4 3 5 30 29 31 28 27 29 26 25 27 24 23 25 22 21 23 20 19 21 18 17 19 16 15 17 14 13 15 12 11 13 10 9 11 8 7 9 6 5 7 34 33 35 32 31 33 30 29 31 28 27 29 26 25 27 24 23 25 22 21 23 20 19 21 18 17 19 16 15 17 14 13 15 12 11 13 10 9 11 8 7 9 6 5 7 28 27 29 26 25 27 24 23 25 22 21 23 20 19 21 18 17 19 16 15 17 14 13 15 12 11 13 10 9 11 8 7 9 20 19 21 18 17 19 16 15 17 24 23 25 22 21 23 20 19 21 18 17 19 22 21 23 20 19 21 24 23 25 26 25 27 24 23 25 22 21 23 30 29 31 28 27 29 26 25 27 36 35 37 34 33 35 32 31 33 30 29 31 28 27 29 26 25 27 24 23 25 22 21 23 20 19 21 18 17 19 16 15 17 14 13 15 12 11 13 10 9 11 8 7 9 16 15 17 14 13 15 12 11 13 18 17 19 16 15 17 14 13 15 20 19 21 18 17 19 16 15 17 14 13 15 12 11 13 10 9 11 32 31 33 30 29 31 28 27 29 26 25 27 24 23 25 22 21 23 20 19 21 18 17 19 24 23 25 28 27 29 26 25 27 30 29 31 34 33 35 32 31 33 36 35 37 34 33 35 32 31 33 30 29 31 28 27 29 26 25 27 24 23 25 22 21 23 20 19 21 18 17 19 16 15 17 14 13 15 12 11 13 10 9 11 16 15 17 14 13 15 12 11 13 30 29 31 28 27 29 26 25 27 24 23 25 22 21 23 20 19 21 18 17 19 16 15 17 14 13 15 20 19 21 18 17 19 36 35 37 34 33 35 32 31 33 30 29 31 28 27 29 26 25 27 24 23 25 22 21 23 20 19 21 18 17 19 16 15 17 22 21 23 20 19 21 18 17 19 28 27 29 26 25 27 24 23 25 34 33 35 32 31 33 30 29 31 28 27 29 26 25 27 24 23 25 22 21 23 20 19 21 22 21 23 24 23 25 32 31 33 30 29 31 28 27 29 26 25 27
[14.764949s] A=259 K=481 i=3.180353917e+09) 37 35 33 31 29 27 25 23 21 19 17 15 13 11 9 7 5 3 1 36 35 37 34 33 35 32 31 33 30 29 31 28 27 29 26 25 27 24 23 25 22 21 23 20 19 21 18 17 19 16 15 17 14 13 15 12 11 13 10 9 11 8 7 9 6 5 7 4 3 5 2 1 3 0 1 34 33 35 32 31 33 30 29 31 28 27 29 26 25 27 24 23 25 22 21 23 20 19 21 18 17 19 16 15 17 14 13 15 12 11 13 10 9 11 8 7 9 6 5 7 4 3 5 2 1 3 36 35 37 34 33 35 32 31 33 30 29 31 28 27 29 26 25 27 24 23 25 22 21 23 20 19 21 18 17 19 16 15 17 14 13 15 12 11 13 10 9 11 8 7 9 6 5 7 4 3 5 2 1 3 32 31 33 30 29 31 28 27 29 26 25 27 24 23 25 22 21 23 20 19 21 18 17 19 16 15 17 14 13 15 12 11 13 10 9 11 8 7 9 6 5 7 4 3 5 36 35 37 34 33 35 32 31 33 30 29 31 28 27 29 26 25 27 24 23 25 22 21 23 20 19 21 18 17 19 16 15 17 14 13 15 12 11 13 10 9 11 8 7 9 6 5 7 4 3 5 30 29 31 28 27 29 26 25 27 24 23 25 22 21 23 20 19 21 18 17 19 16 15 17 14 13 15 12 11 13 10 9 11 8 7 9 6 5 7 34 33 35 32 31 33 30 29 31 28 27 29 26 25 27 24 23 25 22 21 23 20 19 21 18 17 19 16 15 17 14 13 15 12 11 13 10 9 11 8 7 9 6 5 7 28 27 29 26 25 27 24 23 25 22 21 23 20 19 21 18 17 19 16 15 17 14 13 15 12 11 13 10 9 11 8 7 9 20 19 21 18 17 19 16 15 17 24 23 25 22 21 23 20 19 21 18 17 19 22 21 23 20 19 21 24 23 25 26 25 27 24 23 25 22 21 23 28 27 29 26 25 27 24 23 25 26 25 27 30 29 31 28 27 29 32 31 33 30 29 31 28 27 29 26 25 27 34 33 35 32 31 33 30 29 31 36 35 37 34 33 35 32 31 33 30 29 31 28 27 29 26 25 27 24 23 25 22 21 23 20 19 21 18 17 19 16 15 17 14 13 15 12 11 13 10 9 11 8 7 9 16 15 17 14 13 15 12 11 13 18 17 19 16 15 17 14 13 15 20 19 21 18 17 19 16 15 17 14 13 15 12 11 13 10 9 11 24 23 25 22 21 23 20 19 21 18 17 19 26 25 27 24 23 25 28 27 29 26 25 27 36 35 37 34 33 35 32 31 33 30 29 31 28 27 29 26 25 27 24 23 25 22 21 23 20 19 21 18 17 19 16 15 17 14 13 15 12 11 13 10 9 11 16 15 17 14 13 15 12 11 13 24 23 25 22 21 23 20 19 21 18 17 19 16 15 17 14 13 15 20 19 21 18 17 19 30 29 31 32 31 33 34 33 35 32 31 33 30 29 31 28 27 29 26 25 27 24 23 25 22 21 23 20 19 21 18 17 19 16 15 17 22 21 23 20 19 21 18 17 19 28 27 29 26 25 27 24 23 25 30 29 31 28 27 29 26 25 27 24 23 25 22 21 23 20 19 21 22 21 23 24 23 25 32 31 33 30 29 31 28 27 29 26 25 27
[14.776176s] A=259 K=481 i=3.182239494e+09) 37 35 33 31 29 27 25 23 21 19 17 15 13 11 9 7 5 3 1 36 35 37 34 33 35 32 31 33 30 29 31 28 27 29 26 25 27 24 23 25 22 21 23 20 19 21 18 17 19 16 15 17 14 13 15 12 11 13 10 9 11 8 7 9 6 5 7 4 3 5 2 1 3 0 1 34 33 35 32 31 33 30 29 31 28 27 29 26 25 27 24 23 25 22 21 23 20 19 21 18 17 19 16 15 17 14 13 15 12 11 13 10 9 11 8 7 9 6 5 7 4 3 5 2 1 3 36 35 37 34 33 35 32 31 33 30 29 31 28 27 29 26 25 27 24 23 25 22 21 23 20 19 21 18 17 19 16 15 17 14 13 15 12 11 13 10 9 11 8 7 9 6 5 7 4 3 5 2 1 3 32 31 33 30 29 31 28 27 29 26 25 27 24 23 25 22 21 23 20 19 21 18 17 19 16 15 17 14 13 15 12 11 13 10 9 11 8 7 9 6 5 7 4 3 5 36 35 37 34 33 35 32 31 33 30 29 31 28 27 29 26 25 27 24 23 25 22 21 23 20 19 21 18 17 19 16 15 17 14 13 15 12 11 13 10 9 11 8 7 9 6 5 7 4 3 5 30 29 31 28 27 29 26 25 27 24 23 25 22 21 23 20 19 21 18 17 19 16 15 17 14 13 15 12 11 13 10 9 11 8 7 9 6 5 7 34 33 35 32 31 33 30 29 31 28 27 29 26 25 27 24 23 25 22 21 23 20 19 21 18 17 19 16 15 17 14 13 15 12 11 13 10 9 11 8 7 9 6 5 7 28 27 29 26 25 27 24 23 25 22 21 23 20 19 21 18 17 19 16 15 17 14 13 15 12 11 13 10 9 11 8 7 9 20 19 21 18 17 19 16 15 17 24 23 25 22 21 23 20 19 21 18 17 19 22 21 23 20 19 21 24 23 25 26 25 27 24 23 25 22 21 23 28 27 29 26 25 27 30 29 31 32 31 33 34 33 35 36 35 37 34 33 35 32 31 33 30 29 31 28 27 29 26 25 27 24 23 25 22 21 23 20 19 21 18 17 19 16 15 17 14 13 15 12 11 13 10 9 11 8 7 9 16 15 17 14 13 15 12 11 13 18 17 19 16 15 17 14 13 15 20 19 21 18 17 19 16 15 17 14 13 15 12 11 13 10 9 11 30 29 31 28 27 29 26 25 27 24 23 25 22 21 23 20 19 21 18 17 19 28 27 29 26 25 27 24 23 25 32 31 33 30 29 31 32 31 33 34 33 35 36 35 37 34 33 35 32 31 33 30 29 31 28 27 29 26 25 27 24 23 25 22 21 23 20 19 21 18 17 19 16 15 17 14 13 15 12 11 13 10 9 11 16 15 17 14 13 15 12 11 13 28 27 29 26 25 27 24 23 25 22 21 23 20 19 21 18 17 19 16 15 17 14 13 15 20 19 21 18 17 19 30 29 31 32 31 33 30 29 31 28 27 29 26 25 27 24 23 25 22 21 23 20 19 21 18 17 19 16 15 17 22 21 23 20 19 21 18 17 19 28 27 29 26 25 27 24 23 25 34 33 35 32 31 33 30 29 31 28 27 29 26 25 27 24 23 25 22 21 23 20 19 21 22 21 23 24 23 25 32 31 33 30 29 31 28 27 29 26 25 27
[14.812275s] A=259 K=481 i=3.190397746e+09) 37 35 33 31 29 27 25 23 21 19 17 15 13 11 9 7 5 3 1 36 35 37 34 33 35 32 31 33 30 29 31 28 27 29 26 25 27 24 23 25 22 21 23 20 19 21 18 17 19 16 15 17 14 13 15 12 11 13 10 9 11 8 7 9 6 5 7 4 3 5 2 1 3 0 1 34 33 35 32 31 33 30 29 31 28 27 29 26 25 27 24 23 25 22 21 23 20 19 21 18 17 19 16 15 17 14 13 15 12 11 13 10 9 11 8 7 9 6 5 7 4 3 5 2 1 3 36 35 37 34 33 35 32 31 33 30 29 31 28 27 29 26 25 27 24 23 25 22 21 23 20 19 21 18 17 19 16 15 17 14 13 15 12 11 13 10 9 11 8 7 9 6 5 7 4 3 5 2 1 3 32 31 33 30 29 31 28 27 29 26 25 27 24 23 25 22 21 23 20 19 21 18 17 19 16 15 17 14 13 15 12 11 13 10 9 11 8 7 9 6 5 7 4 3 5 36 35 37 34 33 35 32 31 33 30 29 31 28 27 29 26 25 27 24 23 25 22 21 23 20 19 21 18 17 19 16 15 17 14 13 15 12 11 13 10 9 11 8 7 9 6 5 7 4 3 5 30 29 31 28 27 29 26 25 27 24 23 25 22 21 23 20 19 21 18 17 19 16 15 17 14 13 15 12 11 13 10 9 11 8 7 9 6 5 7 34 33 35 32 31 33 30 29 31 28 27 29 26 25 27 24 23 25 22 21 23 20 19 21 18 17 19 16 15 17 14 13 15 12 11 13 10 9 11 8 7 9 6 5 7 28 27 29 26 25 27 24 23 25 22 21 23 20 19 21 18 17 19 16 15 17 14 13 15 12 11 13 10 9 11 8 7 9 20 19 21 18 17 19 16 15 17 24 23 25 22 21 23 20 19 21 18 17 19 22 21 23 26 25 27 24 23 25 26 25 27 28 27 29 36 35 37 34 33 35 32 31 33 30 29 31 28 27 29 26 25 27 24 23 25 22 21 23 20 19 21 18 17 19 16 15 17 14 13 15 12 11 13 10 9 11 8 7 9 16 15 17 14 13 15 12 11 13 10 9 11 22 21 23 20 19 21 18 17 19 16 15 17 14 13 15 12 11 13 10 9 11 20 19 21 18 17 19 16 15 17 14 13 15 26 25 27 24 23 25 32 31 33 30 29 31 28 27 29 26 25 27 24 23 25 22 21 23 20 19 21 18 17 19 16 15 17 14 13 15 12 11 13 28 27 29 26 25 27 30 29 31 34 33 35 32 31 33 30 29 31 28 27 29 36 35 37 34 33 35 32 31 33 30 29 31 28 27 29 26 25 27 24 23 25 22 21 23 20 19 21 18 17 19 16 15 17 14 13 15 12 11 13 10 9 11 26 25 27 24 23 25 22 21 23 20 19 21 18 17 19 16 15 17 14 13 15 18 17 19 28 27 29 26 25 27 24 23 25 22 21 23 20 19 21 36 35 37 34 33 35 32 31 33 30 29 31 28 27 29 26 25 27 24 23 25 22 21 23 20 19 21 18 17 19 16 15 17 18 17 19 20 19 21 32 31 33 30 29 31 28 27 29 26 25 27 24 23 25 22 21 23 34 33 35 32 31 33 30 29 31 28 27 29 26 25 27 24 23 25 22 21 23 20 19 21
[14.812325s] A=259 K=481 i=3.190398544e+09) 37 35 33 31 29 27 25 23 21 19 17 15 13 11 9 7 5 3 1 36 35 37 34 33 35 32 31 33 30 29 31 28 27 29 26 25 27 24 23 25 22 21 23 20 19 21 18 17 19 16 15 17 14 13 15 12 11 13 10 9 11 8 7 9 6 5 7 4 3 5 2 1 3 0 1 34 33 35 32 31 33 30 29 31 28 27 29 26 25 27 24 23 25 22 21 23 20 19 21 18 17 19 16 15 17 14 13 15 12 11 13 10 9 11 8 7 9 6 5 7 4 3 5 2 1 3 36 35 37 34 33 35 32 31 33 30 29 31 28 27 29 26 25 27 24 23 25 22 21 23 20 19 21 18 17 19 16 15 17 14 13 15 12 11 13 10 9 11 8 7 9 6 5 7 4 3 5 2 1 3 32 31 33 30 29 31 28 27 29 26 25 27 24 23 25 22 21 23 20 19 21 18 17 19 16 15 17 14 13 15 12 11 13 10 9 11 8 7 9 6 5 7 4 3 5 36 35 37 34 33 35 32 31 33 30 29 31 28 27 29 26 25 27 24 23 25 22 21 23 20 19 21 18 17 19 16 15 17 14 13 15 12 11 13 10 9 11 8 7 9 6 5 7 4 3 5 30 29 31 28 27 29 26 25 27 24 23 25 22 21 23 20 19 21 18 17 19 16 15 17 14 13 15 12 11 13 10 9 11 8 7 9 6 5 7 34 33 35 32 31 33 30 29 31 28 27 29 26 25 27 24 23 25 22 21 23 20 19 21 18 17 19 16 15 17 14 13 15 12 11 13 10 9 11 8 7 9 6 5 7 28 27 29 26 25 27 24 23 25 22 21 23 20 19 21 18 17 19 16 15 17 14 13 15 12 11 13 10 9 11 8 7 9 20 19 21 18 17 19 16 15 17 24 23 25 22 21 23 20 19 21 18 17 19 22 21 23 26 25 27 24 23 25 26 25 27 28 27 29 36 35 37 34 33 35 32 31 33 30 29 31 28 27 29 26 25 27 24 23 25 22 21 23 20 19 21 18 17 19 16 15 17 14 13 15 12 11 13 10 9 11 8 7 9 16 15 17 14 13 15 12 11 13 10 9 11 22 21 23 20 19 21 18 17 19 16 15 17 14 13 15 12 11 13 10 9 11 20 19 21 18 17 19 16 15 17 14 13 15 26 25 27 24 23 25 32 31 33 30 29 31 28 27 29 26 25 27 24 23 25 22 21 23 20 19 21 18 17 19 16 15 17 14 13 15 12 11 13 28 27 29 30 29 31 34 33 35 32 31 33 30 29 31 28 27 29 26 25 27 24 23 25 22 21 23 20 19 21 18 17 19 26 25 27 28 27 29 36 35 37 34 33 35 32 31 33 30 29 31 28 27 29 26 25 27 24 23 25 22 21 23 20 19 21 18 17 19 16 15 17 14 13 15 12 11 13 10 9 11 16 15 17 14 13 15 18 17 19 26 25 27 24 23 25 22 21 23 20 19 21 36 35 37 34 33 35 32 31 33 30 29 31 28 27 29 26 25 27 24 23 25 22 21 23 20 19 21 18 17 19 16 15 17 18 17 19 20 19 21 34 33 35 32 31 33 30 29 31 28 27 29 26 25 27 24 23 25 22 21 23 20 19 21 32 31 33 30 29 31 28 27 29 26 25 27 24 23 25 22 21 23
[14.872590s] A=259 K=481 i=3.203778131e+09) 37 35 33 31 29 27 25 23 21 19 17 15 13 11 9 7 5 3 1 36 35 37 34 33 35 32 31 33 30 29 31 28 27 29 26 25 27 24 23 25 22 21 23 20 19 21 18 17 19 16 15 17 14 13 15 12 11 13 10 9 11 8 7 9 6 5 7 4 3 5 2 1 3 0 1 34 33 35 32 31 33 30 29 31 28 27 29 26 25 27 24 23 25 22 21 23 20 19 21 18 17 19 16 15 17 14 13 15 12 11 13 10 9 11 8 7 9 6 5 7 4 3 5 2 1 3 36 35 37 34 33 35 32 31 33 30 29 31 28 27 29 26 25 27 24 23 25 22 21 23 20 19 21 18 17 19 16 15 17 14 13 15 12 11 13 10 9 11 8 7 9 6 5 7 4 3 5 2 1 3 32 31 33 30 29 31 28 27 29 26 25 27 24 23 25 22 21 23 20 19 21 18 17 19 16 15 17 14 13 15 12 11 13 10 9 11 8 7 9 6 5 7 4 3 5 36 35 37 34 33 35 32 31 33 30 29 31 28 27 29 26 25 27 24 23 25 22 21 23 20 19 21 18 17 19 16 15 17 14 13 15 12 11 13 10 9 11 8 7 9 6 5 7 4 3 5 30 29 31 28 27 29 26 25 27 24 23 25 22 21 23 20 19 21 18 17 19 16 15 17 14 13 15 12 11 13 10 9 11 8 7 9 6 5 7 34 33 35 32 31 33 30 29 31 28 27 29 26 25 27 24 23 25 22 21 23 20 19 21 18 17 19 16 15 17 14 13 15 12 11 13 10 9 11 8 7 9 6 5 7 28 27 29 26 25 27 24 23 25 22 21 23 20 19 21 18 17 19 16 15 17 14 13 15 12 11 13 10 9 11 8 7 9 20 19 21 18 17 19 16 15 17 24 23 25 22 21 23 20 19 21 18 17 19 22 21 23 24 23 25 26 25 27 24 23 25 28 27 29 26 25 27 36 35 37 34 33 35 32 31 33 30 29 31 28 27 29 26 25 27 24 23 25 22 21 23 20 19 21 18 17 19 16 15 17 14 13 15 12 11 13 10 9 11 8 7 9 16 15 17 14 13 15 12 11 13 10 9 11 22 21 23 20 19 21 18 17 19 16 15 17 14 13 15 12 11 13 10 9 11 20 19 21 18 17 19 16 15 17 14 13 15 24 23 25 32 31 33 30 29 31 28 27 29 26 25 27 24 23 25 22 21 23 20 19 21 18 17 19 16 15 17 14 13 15 12 11 13 28 27 29 26 25 27 30 29 31 34 33 35 32 31 33 36 35 37 34 33 35 32 31 33 30 29 31 28 27 29 26 25 27 24 23 25 22 21 23 20 19 21 18 17 19 16 15 17 14 13 15 12 11 13 10 9 11 30 29 31 28 27 29 26 25 27 24 23 25 22 21 23 20 19 21 18 17 19 16 15 17 14 13 15 18 17 19 28 27 29 26 25 27 24 23 25 22 21 23 20 19 21 36 35 37 34 33 35 32 31 33 30 29 31 28 27 29 26 25 27 24 23 25 22 21 23 20 19 21 18 17 19 16 15 17 18 17 19 20 19 21 32 31 33 30 29 31 28 27 29 26 25 27 24 23 25 22 21 23 34 33 35 32 31 33 30 29 31 28 27 29 26 25 27 24 23 25 22 21 23 20 19 21
[15.088004s] A=259 K=481 i=3.249684529e+09) 37 35 33 31 29 27 25 23 21 19 17 15 13 11 9 7 5 3 1 36 35 37 34 33 35 32 31 33 30 29 31 28 27 29 26 25 27 24 23 25 22 21 23 20 19 21 18 17 19 16 15 17 14 13 15 12 11 13 10 9 11 8 7 9 6 5 7 4 3 5 2 1 3 0 1 34 33 35 32 31 33 30 29 31 28 27 29 26 25 27 24 23 25 22 21 23 20 19 21 18 17 19 16 15 17 14 13 15 12 11 13 10 9 11 8 7 9 6 5 7 4 3 5 2 1 3 36 35 37 34 33 35 32 31 33 30 29 31 28 27 29 26 25 27 24 23 25 22 21 23 20 19 21 18 17 19 16 15 17 14 13 15 12 11 13 10 9 11 8 7 9 6 5 7 4 3 5 2 1 3 32 31 33 30 29 31 28 27 29 26 25 27 24 23 25 22 21 23 20 19 21 18 17 19 16 15 17 14 13 15 12 11 13 10 9 11 8 7 9 6 5 7 4 3 5 36 35 37 34 33 35 32 31 33 30 29 31 28 27 29 26 25 27 24 23 25 22 21 23 20 19 21 18 17 19 16 15 17 14 13 15 12 11 13 10 9 11 8 7 9 6 5 7 4 3 5 30 29 31 28 27 29 26 25 27 24 23 25 22 21 23 20 19 21 18 17 19 16 15 17 14 13 15 12 11 13 10 9 11 8 7 9 6 5 7 34 33 35 32 31 33 30 29 31 28 27 29 26 25 27 24 23 25 22 21 23 20 19 21 18 17 19 16 15 17 14 13 15 12 11 13 10 9 11 8 7 9 6 5 7 28 27 29 26 25 27 24 23 25 22 21 23 20 19 21 18 17 19 16 15 17 14 13 15 12 11 13 10 9 11 8 7 9 20 19 21 18 17 19 16 15 17 22 21 23 20 19 21 18 17 19 16 15 17 14 13 15 12 11 13 26 25 27 24 23 25 22 21 23 20 19 21 18 17 19 16 15 17 14 13 15 24 23 25 22 21 23 26 25 27 24 23 25 28 27 29 26 25 27 36 35 37 34 33 35 32 31 33 30 29 31 28 27 29 26 25 27 24 23 25 22 21 23 20 19 21 18 17 19 16 15 17 14 13 15 12 11 13 10 9 11 8 7 9 12 11 13 10 9 11 20 19 21 18 17 19 16 15 17 14 13 15 12 11 13 32 31 33 30 29 31 28 27 29 26 25 27 24 23 25 22 21 23 20 19 21 18 17 19 16 15 17 14 13 15 18 17 19 34 33 35 32 31 33 30 29 31 28 27 29 26 25 27 24 23 25 22 21 23 20 19 21 36 35 37 34 33 35 32 31 33 30 29 31 28 27 29 26 25 27 24 23 25 22 21 23 20 19 21 18 17 19 16 15 17 14 13 15 12 11 13 10 9 11 12 11 13 18 17 19 16 15 17 14 13 15 30 29 31 28 27 29 26 25 27 24 23 25 36 35 37 34 33 35 32 31 33 30 29 31 28 27 29 26 25 27 24 23 25 22 21 23 20 19 21 18 17 19 16 15 17 22 21 23 20 19 21 18 17 19 32 31 33 30 29 31 28 27 29 34 33 35 32 31 33 30 29 31 28 27 29 26 25 27 24 23 25 22 21 23 20 19 21 26 25 27 24 23 25 22 21 23 24 23 25 28 27 29 26 25 27
[15.090499s] A=259 K=481 i=3.250283552e+09) 37 35 33 31 29 27 25 23 21 19 17 15 13 11 9 7 5 3 1 36 35 37 34 33 35 32 31 33 30 29 31 28 27 29 26 25 27 24 23 25 22 21 23 20 19 21 18 17 19 16 15 17 14 13 15 12 11 13 10 9 11 8 7 9 6 5 7 4 3 5 2 1 3 0 1 34 33 35 32 31 33 30 29 31 28 27 29 26 25 27 24 23 25 22 21 23 20 19 21 18 17 19 16 15 17 14 13 15 12 11 13 10 9 11 8 7 9 6 5 7 4 3 5 2 1 3 36 35 37 34 33 35 32 31 33 30 29 31 28 27 29 26 25 27 24 23 25 22 21 23 20 19 21 18 17 19 16 15 17 14 13 15 12 11 13 10 9 11 8 7 9 6 5 7 4 3 5 2 1 3 32 31 33 30 29 31 28 27 29 26 25 27 24 23 25 22 21 23 20 19 21 18 17 19 16 15 17 14 13 15 12 11 13 10 9 11 8 7 9 6 5 7 4 3 5 36 35 37 34 33 35 32 31 33 30 29 31 28 27 29 26 25 27 24 23 25 22 21 23 20 19 21 18 17 19 16 15 17 14 13 15 12 11 13 10 9 11 8 7 9 6 5 7 4 3 5 30 29 31 28 27 29 26 25 27 24 23 25 22 21 23 20 19 21 18 17 19 16 15 17 14 13 15 12 11 13 10 9 11 8 7 9 6 5 7 34 33 35 32 31 33 30 29 31 28 27 29 26 25 27 24 23 25 22 21 23 20 19 21 18 17 19 16 15 17 14 13 15 12 11 13 10 9 11 8 7 9 6 5 7 28 27 29 26 25 27 24 23 25 22 21 23 20 19 21 18 17 19 16 15 17 14 13 15 12 11 13 10 9 11 8 7 9 20 19 21 18 17 19 16 15 17 22 21 23 20 19 21 18 17 19 16 15 17 14 13 15 12 11 13 26 25 27 24 23 25 22 21 23 20 19 21 18 17 19 16 15 17 14 13 15 24 23 25 22 21 23 26 25 27 36 35 37 34 33 35 32 31 33 30 29 31 28 27 29 26 25 27 24 23 25 22 21 23 20 19 21 18 17 19 16 15 17 14 13 15 12 11 13 10 9 11 8 7 9 12 11 13 10 9 11 20 19 21 18 17 19 16 15 17 14 13 15 12 11 13 30 29 31 28 27 29 26 25 27 24 23 25 32 31 33 30 29 31 28 27 29 26 25 27 24 23 25 22 21 23 20 19 21 18 17 19 16 15 17 14 13 15 18 17 19 34 33 35 32 31 33 30 29 31 28 27 29 26 25 27 24 23 25 22 21 23 20 19 21 36 35 37 34 33 35 32 31 33 30 29 31 28 27 29 26 25 27 24 23 25 22 21 23 20 19 21 18 17 19 16 15 17 14 13 15 12 11 13 10 9 11 12 11 13 18 17 19 16 15 17 14 13 15 28 27 29 26 25 27 34 33 35 32 31 33 30 29 31 28 27 29 32 31 33 30 29 31 36 35 37 34 33 35 32 31 33 30 29 31 28 27 29 26 25 27 24 23 25 22 21 23 20 19 21 18 17 19 16 15 17 22 21 23 20 19 21 18 17 19 26 25 27 24 23 25 22 21 23 20 19 21 28 27 29 26 25 27 24 23 25 22 21 23 24 23 25 30 29 31 28 27 29 26 25 27
[15.091308s] A=259 K=481 i=3.250408897e+09) 37 35 33 31 29 27 25 23 21 19 17 15 13 11 9 7 5 3 1 36 35 37 34 33 35 32 31 33 30 29 31 28 27 29 26 25 27 24 23 25 22 21 23 20 19 21 18 17 19 16 15 17 14 13 15 12 11 13 10 9 11 8 7 9 6 5 7 4 3 5 2 1 3 0 1 34 33 35 32 31 33 30 29 31 28 27 29 26 25 27 24 23 25 22 21 23 20 19 21 18 17 19 16 15 17 14 13 15 12 11 13 10 9 11 8 7 9 6 5 7 4 3 5 2 1 3 36 35 37 34 33 35 32 31 33 30 29 31 28 27 29 26 25 27 24 23 25 22 21 23 20 19 21 18 17 19 16 15 17 14 13 15 12 11 13 10 9 11 8 7 9 6 5 7 4 3 5 2 1 3 32 31 33 30 29 31 28 27 29 26 25 27 24 23 25 22 21 23 20 19 21 18 17 19 16 15 17 14 13 15 12 11 13 10 9 11 8 7 9 6 5 7 4 3 5 36 35 37 34 33 35 32 31 33 30 29 31 28 27 29 26 25 27 24 23 25 22 21 23 20 19 21 18 17 19 16 15 17 14 13 15 12 11 13 10 9 11 8 7 9 6 5 7 4 3 5 30 29 31 28 27 29 26 25 27 24 23 25 22 21 23 20 19 21 18 17 19 16 15 17 14 13 15 12 11 13 10 9 11 8 7 9 6 5 7 34 33 35 32 31 33 30 29 31 28 27 29 26 25 27 24 23 25 22 21 23 20 19 21 18 17 19 16 15 17 14 13 15 12 11 13 10 9 11 8 7 9 6 5 7 28 27 29 26 25 27 24 23 25 22 21 23 20 19 21 18 17 19 16 15 17 14 13 15 12 11 13 10 9 11 8 7 9 20 19 21 18 17 19 16 15 17 22 21 23 20 19 21 18 17 19 16 15 17 14 13 15 12 11 13 26 25 27 24 23 25 22 21 23 20 19 21 18 17 19 16 15 17 14 13 15 24 23 25 22 21 23 26 25 27 30 29 31 28 27 29 26 25 27 24 23 25 36 35 37 34 33 35 32 31 33 30 29 31 28 27 29 26 25 27 24 23 25 22 21 23 20 19 21 18 17 19 16 15 17 14 13 15 12 11 13 10 9 11 8 7 9 12 11 13 10 9 11 20 19 21 18 17 19 16 15 17 14 13 15 12 11 13 32 31 33 30 29 31 28 27 29 26 25 27 24 23 25 22 21 23 20 19 21 18 17 19 16 15 17 14 13 15 18 17 19 34 33 35 32 31 33 30 29 31 28 27 29 26 25 27 24 23 25 22 21 23 20 19 21 36 35 37 34 33 35 32 31 33 30 29 31 28 27 29 26 25 27 24 23 25 22 21 23 20 19 21 18 17 19 16 15 17 14 13 15 12 11 13 10 9 11 12 11 13 18 17 19 16 15 17 14 13 15 28 27 29 26 25 27 30 29 31 34 33 35 32 31 33 30 29 31 28 27 29 36 35 37 34 33 35 32 31 33 30 29 31 28 27 29 26 25 27 24 23 25 22 21 23 20 19 21 18 17 19 16 15 17 22 21 23 20 19 21 18 17 19 26 25 27 24 23 25 22 21 23 20 19 21 28 27 29 26 25 27 24 23 25 22 21 23 24 23 25 32 31 33 30 29 31 28 27 29 26 25 27
[15.091540s] A=259 K=481 i=3.250435743e+09) 37 35 33 31 29 27 25 23 21 19 17 15 13 11 9 7 5 3 1 36 35 37 34 33 35 32 31 33 30 29 31 28 27 29 26 25 27 24 23 25 22 21 23 20 19 21 18 17 19 16 15 17 14 13 15 12 11 13 10 9 11 8 7 9 6 5 7 4 3 5 2 1 3 0 1 34 33 35 32 31 33 30 29 31 28 27 29 26 25 27 24 23 25 22 21 23 20 19 21 18 17 19 16 15 17 14 13 15 12 11 13 10 9 11 8 7 9 6 5 7 4 3 5 2 1 3 36 35 37 34 33 35 32 31 33 30 29 31 28 27 29 26 25 27 24 23 25 22 21 23 20 19 21 18 17 19 16 15 17 14 13 15 12 11 13 10 9 11 8 7 9 6 5 7 4 3 5 2 1 3 32 31 33 30 29 31 28 27 29 26 25 27 24 23 25 22 21 23 20 19 21 18 17 19 16 15 17 14 13 15 12 11 13 10 9 11 8 7 9 6 5 7 4 3 5 36 35 37 34 33 35 32 31 33 30 29 31 28 27 29 26 25 27 24 23 25 22 21 23 20 19 21 18 17 19 16 15 17 14 13 15 12 11 13 10 9 11 8 7 9 6 5 7 4 3 5 30 29 31 28 27 29 26 25 27 24 23 25 22 21 23 20 19 21 18 17 19 16 15 17 14 13 15 12 11 13 10 9 11 8 7 9 6 5 7 34 33 35 32 31 33 30 29 31 28 27 29 26 25 27 24 23 25 22 21 23 20 19 21 18 17 19 16 15 17 14 13 15 12 11 13 10 9 11 8 7 9 6 5 7 28 27 29 26 25 27 24 23 25 22 21 23 20 19 21 18 17 19 16 15 17 14 13 15 12 11 13 10 9 11 8 7 9 20 19 21 18 17 19 16 15 17 22 21 23 20 19 21 18 17 19 16 15 17 14 13 15 12 11 13 26 25 27 24 23 25 22 21 23 20 19 21 18 17 19 16 15 17 14 13 15 24 23 25 22 21 23 26 25 27 30 29 31 28 27 29 26 25 27 24 23 25 32 31 33 30 29 31 28 27 29 26 25 27 34 33 35 32 31 33 30 29 31 28 27 29 36 35 37 34 33 35 32 31 33 30 29 31 28 27 29 26 25 27 24 23 25 22 21 23 20 19 21 18 17 19 16 15 17 14 13 15 12 11 13 10 9 11 8 7 9 12 11 13 10 9 11 20 19 21 18 17 19 16 15 17 14 13 15 12 11 13 24 23 25 22 21 23 20 19 21 18 17 19 16 15 17 14 13 15 18 17 19 26 25 27 24 23 25 22 21 23 20 19 21 28 27 29 26 25 27 36 35 37 34 33 35 32 31 33 30 29 31 28 27 29 26 25 27 24 23 25 22 21 23 20 19 21 18 17 19 16 15 17 14 13 15 12 11 13 10 9 11 12 11 13 18 17 19 16 15 17 14 13 15 34 33 35 32 31 33 30 29 31 28 27 29 26 25 27 24 23 25 22 21 23 20 19 21 18 17 19 16 15 17 22 21 23 20 19 21 18 17 19 32 31 33 30 29 31 28 27 29 26 25 27 24 23 25 22 21 23 20 19 21 30 29 31 28 27 29 26 25 27 24 23 25 22 21 23 24 23 25 36 35 37 34 33 35 32 31 33 30 29 31 28 27 29 26 25 27
[15.094293s] A=259 K=481 i=3.250869384e+09) 37 35 33 31 29 27 25 23 21 19 17 15 13 11 9 7 5 3 1 36 35 37 34 33 35 32 31 33 30 29 31 28 27 29 26 25 27 24 23 25 22 21 23 20 19 21 18 17 19 16 15 17 14 13 15 12 11 13 10 9 11 8 7 9 6 5 7 4 3 5 2 1 3 0 1 34 33 35 32 31 33 30 29 31 28 27 29 26 25 27 24 23 25 22 21 23 20 19 21 18 17 19 16 15 17 14 13 15 12 11 13 10 9 11 8 7 9 6 5 7 4 3 5 2 1 3 36 35 37 34 33 35 32 31 33 30 29 31 28 27 29 26 25 27 24 23 25 22 21 23 20 19 21 18 17 19 16 15 17 14 13 15 12 11 13 10 9 11 8 7 9 6 5 7 4 3 5 2 1 3 32 31 33 30 29 31 28 27 29 26 25 27 24 23 25 22 21 23 20 19 21 18 17 19 16 15 17 14 13 15 12 11 13 10 9 11 8 7 9 6 5 7 4 3 5 36 35 37 34 33 35 32 31 33 30 29 31 28 27 29 26 25 27 24 23 25 22 21 23 20 19 21 18 17 19 16 15 17 14 13 15 12 11 13 10 9 11 8 7 9 6 5 7 4 3 5 30 29 31 28 27 29 26 25 27 24 23 25 22 21 23 20 19 21 18 17 19 16 15 17 14 13 15 12 11 13 10 9 11 8 7 9 6 5 7 34 33 35 32 31 33 30 29 31 28 27 29 26 25 27 24 23 25 22 21 23 20 19 21 18 17 19 16 15 17 14 13 15 12 11 13 10 9 11 8 7 9 6 5 7 28 27 29 26 25 27 24 23 25 22 21 23 20 19 21 18 17 19 16 15 17 14 13 15 12 11 13 10 9 11 8 7 9 20 19 21 18 17 19 16 15 17 22 21 23 20 19 21 18 17 19 16 15 17 14 13 15 12 11 13 26 25 27 24 23 25 22 21 23 20 19 21 18 17 19 16 15 17 14 13 15 24 23 25 22 21 23 26 25 27 30 29 31 28 27 29 36 35 37 34 33 35 32 31 33 30 29 31 28 27 29 26 25 27 24 23 25 22 21 23 20 19 21 18 17 19 16 15 17 14 13 15 12 11 13 10 9 11 8 7 9 12 11 13 10 9 11 20 19 21 18 17 19 16 15 17 14 13 15 12 11 13 26 25 27 28 27 29 32 31 33 30 29 31 28 27 29 26 25 27 24 23 25 22 21 23 20 19 21 18 17 19 16 15 17 14 13 15 18 17 19 24 23 25 26 25 27 34 33 35 32 31 33 30 29 31 28 27 29 26 25 27 24 23 25 22 21 23 20 19 21 36 35 37 34 33 35 32 31 33 30 29 31 28 27 29 26 25 27 24 23 25 22 21 23 20 19 21 18 17 19 16 15 17 14 13 15 12 11 13 10 9 11 12 11 13 18 17 19 16 15 17 14 13 15 36 35 37 34 33 35 32 31 33 30 29 31 28 27 29 26 25 27 24 23 25 22 21 23 20 19 21 18 17 19 16 15 17 22 21 23 20 19 21 18 17 19 34 33 35 32 31 33 30 29 31 28 27 29 26 25 27 24 23 25 22 21 23 20 19 21 30 29 31 28 27 29 26 25 27 24 23 25 22 21 23 24 23 25 32 31 33 30 29 31 28 27 29 26 25 27
[15.095074s] A=259 K=481 i=3.250976173e+09) 37 35 33 31 29 27 25 23 21 19 17 15 13 11 9 7 5 3 1 36 35 37 34 33 35 32 31 33 30 29 31 28 27 29 26 25 27 24 23 25 22 21 23 20 19 21 18 17 19 16 15 17 14 13 15 12 11 13 10 9 11 8 7 9 6 5 7 4 3 5 2 1 3 0 1 34 33 35 32 31 33 30 29 31 28 27 29 26 25 27 24 23 25 22 21 23 20 19 21 18 17 19 16 15 17 14 13 15 12 11 13 10 9 11 8 7 9 6 5 7 4 3 5 2 1 3 36 35 37 34 33 35 32 31 33 30 29 31 28 27 29 26 25 27 24 23 25 22 21 23 20 19 21 18 17 19 16 15 17 14 13 15 12 11 13 10 9 11 8 7 9 6 5 7 4 3 5 2 1 3 32 31 33 30 29 31 28 27 29 26 25 27 24 23 25 22 21 23 20 19 21 18 17 19 16 15 17 14 13 15 12 11 13 10 9 11 8 7 9 6 5 7 4 3 5 36 35 37 34 33 35 32 31 33 30 29 31 28 27 29 26 25 27 24 23 25 22 21 23 20 19 21 18 17 19 16 15 17 14 13 15 12 11 13 10 9 11 8 7 9 6 5 7 4 3 5 30 29 31 28 27 29 26 25 27 24 23 25 22 21 23 20 19 21 18 17 19 16 15 17 14 13 15 12 11 13 10 9 11 8 7 9 6 5 7 34 33 35 32 31 33 30 29 31 28 27 29 26 25 27 24 23 25 22 21 23 20 19 21 18 17 19 16 15 17 14 13 15 12 11 13 10 9 11 8 7 9 6 5 7 28 27 29 26 25 27 24 23 25 22 21 23 20 19 21 18 17 19 16 15 17 14 13 15 12 11 13 10 9 11 8 7 9 20 19 21 18 17 19 16 15 17 22 21 23 20 19 21 18 17 19 16 15 17 14 13 15 12 11 13 26 25 27 24 23 25 22 21 23 20 19 21 18 17 19 16 15 17 14 13 15 24 23 25 22 21 23 26 25 27 28 27 29 26 25 27 24 23 25 36 35 37 34 33 35 32 31 33 30 29 31 28 27 29 26 25 27 24 23 25 22 21 23 20 19 21 18 17 19 16 15 17 14 13 15 12 11 13 10 9 11 8 7 9 12 11 13 10 9 11 20 19 21 18 17 19 16 15 17 14 13 15 12 11 13 32 31 33 30 29 31 28 27 29 26 25 27 24 23 25 22 21 23 20 19 21 18 17 19 16 15 17 14 13 15 18 17 19 34 33 35 32 31 33 30 29 31 28 27 29 26 25 27 24 23 25 22 21 23 20 19 21 36 35 37 34 33 35 32 31 33 30 29 31 28 27 29 26 25 27 24 23 25 22 21 23 20 19 21 18 17 19 16 15 17 14 13 15 12 11 13 10 9 11 12 11 13 18 17 19 16 15 17 14 13 15 30 29 31 28 27 29 26 25 27 24 23 25 34 33 35 32 31 33 30 29 31 28 27 29 26 25 27 32 31 33 30 29 31 28 27 29 36 35 37 34 33 35 32 31 33 30 29 31 28 27 29 26 25 27 24 23 25 22 21 23 20 19 21 18 17 19 16 15 17 22 21 23 20 19 21 18 17 19 24 23 25 22 21 23 20 19 21 26 25 27 24 23 25 22 21 23 24 23 25 28 27 29 26 25 27
[15.095696s] A=259 K=481 i=3.251061026e+09) 37 35 33 31 29 27 25 23 21 19 17 15 13 11 9 7 5 3 1 36 35 37 34 33 35 32 31 33 30 29 31 28 27 29 26 25 27 24 23 25 22 21 23 20 19 21 18 17 19 16 15 17 14 13 15 12 11 13 10 9 11 8 7 9 6 5 7 4 3 5 2 1 3 0 1 34 33 35 32 31 33 30 29 31 28 27 29 26 25 27 24 23 25 22 21 23 20 19 21 18 17 19 16 15 17 14 13 15 12 11 13 10 9 11 8 7 9 6 5 7 4 3 5 2 1 3 36 35 37 34 33 35 32 31 33 30 29 31 28 27 29 26 25 27 24 23 25 22 21 23 20 19 21 18 17 19 16 15 17 14 13 15 12 11 13 10 9 11 8 7 9 6 5 7 4 3 5 2 1 3 32 31 33 30 29 31 28 27 29 26 25 27 24 23 25 22 21 23 20 19 21 18 17 19 16 15 17 14 13 15 12 11 13 10 9 11 8 7 9 6 5 7 4 3 5 36 35 37 34 33 35 32 31 33 30 29 31 28 27 29 26 25 27 24 23 25 22 21 23 20 19 21 18 17 19 16 15 17 14 13 15 12 11 13 10 9 11 8 7 9 6 5 7 4 3 5 30 29 31 28 27 29 26 25 27 24 23 25 22 21 23 20 19 21 18 17 19 16 15 17 14 13 15 12 11 13 10 9 11 8 7 9 6 5 7 34 33 35 32 31 33 30 29 31 28 27 29 26 25 27 24 23 25 22 21 23 20 19 21 18 17 19 16 15 17 14 13 15 12 11 13 10 9 11 8 7 9 6 5 7 28 27 29 26 25 27 24 23 25 22 21 23 20 19 21 18 17 19 16 15 17 14 13 15 12 11 13 10 9 11 8 7 9 20 19 21 18 17 19 16 15 17 22 21 23 20 19 21 18 17 19 16 15 17 14 13 15 12 11 13 26 25 27 24 23 25 22 21 23 20 19 21 18 17 19 16 15 17 14 13 15 24 23 25 22 21 23 26 25 27 28 27 29 26 25 27 24 23 25 32 31 33 30 29 31 28 27 29 26 25 27 34 33 35 32 31 33 30 29 31 28 27 29 30 29 31 34 33 35 32 31 33 36 35 37 34 33 35 32 31 33 30 29 31 28 27 29 26 25 27 24 23 25 22 21 23 20 19 21 18 17 19 16 15 17 14 13 15 12 11 13 10 9 11 8 7 9 12 11 13 10 9 11 20 19 21 18 17 19 16 15 17 14 13 15 12 11 13 24 23 25 22 21 23 20 19 21 18 17 19 16 15 17 14 13 15 18 17 19 26 25 27 24 23 25 22 21 23 20 19 21 28 27 29 26 25 27 24 23 25 30 29 31 28 27 29 26 25 27 36 35 37 34 33 35 32 31 33 30 29 31 28 27 29 26 25 27 24 23 25 22 21 23 20 19 21 18 17 19 16 15 17 14 13 15 12 11 13 10 9 11 12 11 13 18 17 19 16 15 17 14 13 15 24 23 25 22 21 23 20 19 21 18 17 19 16 15 17 22 21 23 20 19 21 18 17 19 32 31 33 30 29 31 28 27 29 26 25 27 24 23 25 22 21 23 20 19 21 34 33 35 32 31 33 30 29 31 28 27 29 26 25 27 24 23 25 22 21 23 24 23 25 30 29 31 28 27 29 26 25 27
[15.103842s] A=259 K=481 i=3.252393638e+09) 37 35 33 31 29 27 25 23 21 19 17 15 13 11 9 7 5 3 1 36 35 37 34 33 35 32 31 33 30 29 31 28 27 29 26 25 27 24 23 25 22 21 23 20 19 21 18 17 19 16 15 17 14 13 15 12 11 13 10 9 11 8 7 9 6 5 7 4 3 5 2 1 3 0 1 34 33 35 32 31 33 30 29 31 28 27 29 26 25 27 24 23 25 22 21 23 20 19 21 18 17 19 16 15 17 14 13 15 12 11 13 10 9 11 8 7 9 6 5 7 4 3 5 2 1 3 36 35 37 34 33 35 32 31 33 30 29 31 28 27 29 26 25 27 24 23 25 22 21 23 20 19 21 18 17 19 16 15 17 14 13 15 12 11 13 10 9 11 8 7 9 6 5 7 4 3 5 2 1 3 32 31 33 30 29 31 28 27 29 26 25 27 24 23 25 22 21 23 20 19 21 18 17 19 16 15 17 14 13 15 12 11 13 10 9 11 8 7 9 6 5 7 4 3 5 36 35 37 34 33 35 32 31 33 30 29 31 28 27 29 26 25 27 24 23 25 22 21 23 20 19 21 18 17 19 16 15 17 14 13 15 12 11 13 10 9 11 8 7 9 6 5 7 4 3 5 30 29 31 28 27 29 26 25 27 24 23 25 22 21 23 20 19 21 18 17 19 16 15 17 14 13 15 12 11 13 10 9 11 8 7 9 6 5 7 34 33 35 32 31 33 30 29 31 28 27 29 26 25 27 24 23 25 22 21 23 20 19 21 18 17 19 16 15 17 14 13 15 12 11 13 10 9 11 8 7 9 6 5 7 28 27 29 26 25 27 24 23 25 22 21 23 20 19 21 18 17 19 16 15 17 14 13 15 12 11 13 10 9 11 8 7 9 20 19 21 18 17 19 16 15 17 22 21 23 20 19 21 18 17 19 16 15 17 14 13 15 12 11 13 26 25 27 24 23 25 22 21 23 20 19 21 18 17 19 16 15 17 14 13 15 24 23 25 22 21 23 26 25 27 28 27 29 26 25 27 24 23 25 30 29 31 32 31 33 34 33 35 36 35 37 34 33 35 32 31 33 30 29 31 28 27 29 26 25 27 24 23 25 22 21 23 20 19 21 18 17 19 16 15 17 14 13 15 12 11 13 10 9 11 8 7 9 12 11 13 10 9 11 20 19 21 18 17 19 16 15 17 14 13 15 12 11 13 30 29 31 28 27 29 26 25 27 24 23 25 22 21 23 20 19 21 18 17 19 16 15 17 14 13 15 18 17 19 32 31 33 30 29 31 28 27 29 26 25 27 24 23 25 22 21 23 20 19 21 28 27 29 26 25 27 24 23 25 34 33 35 32 31 33 30 29 31 28 27 29 26 25 27 34 33 35 32 31 33 30 29 31 28 27 29 32 31 33 30 29 31 36 35 37 34 33 35 32 31 33 30 29 31 28 27 29 26 25 27 24 23 25 22 21 23 20 19 21 18 17 19 16 15 17 14 13 15 12 11 13 10 9 11 12 11 13 18 17 19 16 15 17 14 13 15 24 23 25 22 21 23 20 19 21 18 17 19 16 15 17 22 21 23 20 19 21 18 17 19 26 25 27 24 23 25 22 21 23 20 19 21 28 27 29 26 25 27 24 23 25 22 21 23 24 23 25 30 29 31 28 27 29 26 25 27
[15.104983s] A=259 K=481 i=3.25255351e+09) 37 35 33 31 29 27 25 23 21 19 17 15 13 11 9 7 5 3 1 36 35 37 34 33 35 32 31 33 30 29 31 28 27 29 26 25 27 24 23 25 22 21 23 20 19 21 18 17 19 16 15 17 14 13 15 12 11 13 10 9 11 8 7 9 6 5 7 4 3 5 2 1 3 0 1 34 33 35 32 31 33 30 29 31 28 27 29 26 25 27 24 23 25 22 21 23 20 19 21 18 17 19 16 15 17 14 13 15 12 11 13 10 9 11 8 7 9 6 5 7 4 3 5 2 1 3 36 35 37 34 33 35 32 31 33 30 29 31 28 27 29 26 25 27 24 23 25 22 21 23 20 19 21 18 17 19 16 15 17 14 13 15 12 11 13 10 9 11 8 7 9 6 5 7 4 3 5 2 1 3 32 31 33 30 29 31 28 27 29 26 25 27 24 23 25 22 21 23 20 19 21 18 17 19 16 15 17 14 13 15 12 11 13 10 9 11 8 7 9 6 5 7 4 3 5 36 35 37 34 33 35 32 31 33 30 29 31 28 27 29 26 25 27 24 23 25 22 21 23 20 19 21 18 17 19 16 15 17 14 13 15 12 11 13 10 9 11 8 7 9 6 5 7 4 3 5 30 29 31 28 27 29 26 25 27 24 23 25 22 21 23 20 19 21 18 17 19 16 15 17 14 13 15 12 11 13 10 9 11 8 7 9 6 5 7 34 33 35 32 31 33 30 29 31 28 27 29 26 25 27 24 23 25 22 21 23 20 19 21 18 17 19 16 15 17 14 13 15 12 11 13 10 9 11 8 7 9 6 5 7 28 27 29 26 25 27 24 23 25 22 21 23 20 19 21 18 17 19 16 15 17 14 13 15 12 11 13 10 9 11 8 7 9 20 19 21 18 17 19 16 15 17 22 21 23 20 19 21 18 17 19 16 15 17 14 13 15 12 11 13 26 25 27 24 23 25 22 21 23 20 19 21 18 17 19 16 15 17 14 13 15 24 23 25 22 21 23 26 25 27 28 27 29 26 25 27 32 31 33 30 29 31 28 27 29 34 33 35 32 31 33 30 29 31 36 35 37 34 33 35 32 31 33 30 29 31 28 27 29 26 25 27 24 23 25 22 21 23 20 19 21 18 17 19 16 15 17 14 13 15 12 11 13 10 9 11 8 7 9 12 11 13 10 9 11 20 19 21 18 17 19 16 15 17 14 13 15 12 11 13 26 25 27 24 23 25 22 21 23 20 19 21 18 17 19 16 15 17 14 13 15 18 17 19 28 27 29 26 25 27 24 23 25 22 21 23 20 19 21 30 29 31 28 27 29 26 25 27 24 23 25 36 35 37 34 33 35 32 31 33 30 29 31 28 27 29 26 25 27 24 23 25 22 21 23 20 19 21 18 17 19 16 15 17 14 13 15 12 11 13 10 9 11 12 11 13 18 17 19 16 15 17 14 13 15 34 33 35 32 31 33 30 29 31 28 27 29 26 25 27 24 23 25 22 21 23 20 19 21 18 17 19 16 15 17 22 21 23 20 19 21 18 17 19 32 31 33 30 29 31 28 27 29 26 25 27 24 23 25 22 21 23 20 19 21 36 35 37 34 33 35 32 31 33 30 29 31 28 27 29 26 25 27 24 23 25 22 21 23 24 23 25 30 29 31 28 27 29 26 25 27
[15.112741s] A=259 K=481 i=3.254358308e+09) 37 35 33 31 29 27 25 23 21 19 17 15 13 11 9 7 5 3 1 36 35 37 34 33 35 32 31 33 30 29 31 28 27 29 26 25 27 24 23 25 22 21 23 20 19 21 18 17 19 16 15 17 14 13 15 12 11 13 10 9 11 8 7 9 6 5 7 4 3 5 2 1 3 0 1 34 33 35 32 31 33 30 29 31 28 27 29 26 25 27 24 23 25 22 21 23 20 19 21 18 17 19 16 15 17 14 13 15 12 11 13 10 9 11 8 7 9 6 5 7 4 3 5 2 1 3 36 35 37 34 33 35 32 31 33 30 29 31 28 27 29 26 25 27 24 23 25 22 21 23 20 19 21 18 17 19 16 15 17 14 13 15 12 11 13 10 9 11 8 7 9 6 5 7 4 3 5 2 1 3 32 31 33 30 29 31 28 27 29 26 25 27 24 23 25 22 21 23 20 19 21 18 17 19 16 15 17 14 13 15 12 11 13 10 9 11 8 7 9 6 5 7 4 3 5 36 35 37 34 33 35 32 31 33 30 29 31 28 27 29 26 25 27 24 23 25 22 21 23 20 19 21 18 17 19 16 15 17 14 13 15 12 11 13 10 9 11 8 7 9 6 5 7 4 3 5 30 29 31 28 27 29 26 25 27 24 23 25 22 21 23 20 19 21 18 17 19 16 15 17 14 13 15 12 11 13 10 9 11 8 7 9 6 5 7 34 33 35 32 31 33 30 29 31 28 27 29 26 25 27 24 23 25 22 21 23 20 19 21 18 17 19 16 15 17 14 13 15 12 11 13 10 9 11 8 7 9 6 5 7 28 27 29 26 25 27 24 23 25 22 21 23 20 19 21 18 17 19 16 15 17 14 13 15 12 11 13 10 9 11 8 7 9 20 19 21 18 17 19 16 15 17 22 21 23 20 19 21 18 17 19 16 15 17 14 13 15 12 11 13 26 25 27 24 23 25 22 21 23 20 19 21 18 17 19 16 15 17 14 13 15 24 23 25 22 21 23 26 25 27 28 27 29 30 29 31 32 31 33 34 33 35 36 35 37 34 33 35 32 31 33 30 29 31 28 27 29 26 25 27 24 23 25 22 21 23 20 19 21 18 17 19 16 15 17 14 13 15 12 11 13 10 9 11 8 7 9 12 11 13 10 9 11 20 19 21 18 17 19 16 15 17 14 13 15 12 11 13 28 27 29 26 25 27 30 29 31 28 27 29 26 25 27 24 23 25 22 21 23 20 19 21 18 17 19 16 15 17 14 13 15 18 17 19 24 23 25 26 25 27 32 31 33 30 29 31 28 27 29 26 25 27 24 23 25 22 21 23 20 19 21 32 31 33 34 33 35 36 35 37 34 33 35 32 31 33 30 29 31 28 27 29 26 25 27 24 23 25 22 21 23 20 19 21 18 17 19 16 15 17 14 13 15 12 11 13 10 9 11 12 11 13 18 17 19 16 15 17 14 13 15 32 31 33 30 29 31 28 27 29 26 25 27 24 23 25 22 21 23 20 19 21 18 17 19 16 15 17 22 21 23 20 19 21 18 17 19 34 33 35 32 31 33 30 29 31 28 27 29 26 25 27 24 23 25 22 21 23 20 19 21 30 29 31 28 27 29 26 25 27 24 23 25 22 21 23 24 23 25 32 31 33 30 29 31 28 27 29 26 25 27
[15.112853s] A=259 K=481 i=3.254381256e+09) 37 35 33 31 29 27 25 23 21 19 17 15 13 11 9 7 5 3 1 36 35 37 34 33 35 32 31 33 30 29 31 28 27 29 26 25 27 24 23 25 22 21 23 20 19 21 18 17 19 16 15 17 14 13 15 12 11 13 10 9 11 8 7 9 6 5 7 4 3 5 2 1 3 0 1 34 33 35 32 31 33 30 29 31 28 27 29 26 25 27 24 23 25 22 21 23 20 19 21 18 17 19 16 15 17 14 13 15 12 11 13 10 9 11 8 7 9 6 5 7 4 3 5 2 1 3 36 35 37 34 33 35 32 31 33 30 29 31 28 27 29 26 25 27 24 23 25 22 21 23 20 19 21 18 17 19 16 15 17 14 13 15 12 11 13 10 9 11 8 7 9 6 5 7 4 3 5 2 1 3 32 31 33 30 29 31 28 27 29 26 25 27 24 23 25 22 21 23 20 19 21 18 17 19 16 15 17 14 13 15 12 11 13 10 9 11 8 7 9 6 5 7 4 3 5 36 35 37 34 33 35 32 31 33 30 29 31 28 27 29 26 25 27 24 23 25 22 21 23 20 19 21 18 17 19 16 15 17 14 13 15 12 11 13 10 9 11 8 7 9 6 5 7 4 3 5 30 29 31 28 27 29 26 25 27 24 23 25 22 21 23 20 19 21 18 17 19 16 15 17 14 13 15 12 11 13 10 9 11 8 7 9 6 5 7 34 33 35 32 31 33 30 29 31 28 27 29 26 25 27 24 23 25 22 21 23 20 19 21 18 17 19 16 15 17 14 13 15 12 11 13 10 9 11 8 7 9 6 5 7 28 27 29 26 25 27 24 23 25 22 21 23 20 19 21 18 17 19 16 15 17 14 13 15 12 11 13 10 9 11 8 7 9 20 19 21 18 17 19 16 15 17 22 21 23 20 19 21 18 17 19 16 15 17 14 13 15 12 11 13 26 25 27 24 23 25 22 21 23 20 19 21 18 17 19 16 15 17 14 13 15 24 23 25 22 21 23 26 25 27 28 27 29 30 29 31 32 31 33 34 33 35 36 35 37 34 33 35 32 31 33 30 29 31 28 27 29 26 25 27 24 23 25 22 21 23 20 19 21 18 17 19 16 15 17 14 13 15 12 11 13 10 9 11 8 7 9 12 11 13 10 9 11 20 19 21 18 17 19 16 15 17 14 13 15 12 11 13 26 25 27 28 27 29 30 29 31 28 27 29 26 25 27 24 23 25 22 21 23 20 19 21 18 17 19 16 15 17 14 13 15 18 17 19 26 25 27 24 23 25 32 31 33 30 29 31 28 27 29 26 25 27 24 23 25 22 21 23 20 19 21 34 33 35 32 31 33 36 35 37 34 33 35 32 31 33 30 29 31 28 27 29 26 25 27 24 23 25 22 21 23 20 19 21 18 17 19 16 15 17 14 13 15 12 11 13 10 9 11 12 11 13 18 17 19 16 15 17 14 13 15 30 29 31 28 27 29 26 25 27 24 23 25 22 21 23 20 19 21 18 17 19 16 15 17 22 21 23 20 19 21 18 17 19 32 31 33 34 33 35 32 31 33 30 29 31 28 27 29 26 25 27 24 23 25 22 21 23 20 19 21 30 29 31 28 27 29 26 25 27 24 23 25 22 21 23 24 23 25 32 31 33 30 29 31 28 27 29 26 25 27
[15.112892s] A=259 K=481 i=3.254382622e+09) 37 35 33 31 29 27 25 23 21 19 17 15 13 11 9 7 5 3 1 36 35 37 34 33 35 32 31 33 30 29 31 28 27 29 26 25 27 24 23 25 22 21 23 20 19 21 18 17 19 16 15 17 14 13 15 12 11 13 10 9 11 8 7 9 6 5 7 4 3 5 2 1 3 0 1 34 33 35 32 31 33 30 29 31 28 27 29 26 25 27 24 23 25 22 21 23 20 19 21 18 17 19 16 15 17 14 13 15 12 11 13 10 9 11 8 7 9 6 5 7 4 3 5 2 1 3 36 35 37 34 33 35 32 31 33 30 29 31 28 27 29 26 25 27 24 23 25 22 21 23 20 19 21 18 17 19 16 15 17 14 13 15 12 11 13 10 9 11 8 7 9 6 5 7 4 3 5 2 1 3 32 31 33 30 29 31 28 27 29 26 25 27 24 23 25 22 21 23 20 19 21 18 17 19 16 15 17 14 13 15 12 11 13 10 9 11 8 7 9 6 5 7 4 3 5 36 35 37 34 33 35 32 31 33 30 29 31 28 27 29 26 25 27 24 23 25 22 21 23 20 19 21 18 17 19 16 15 17 14 13 15 12 11 13 10 9 11 8 7 9 6 5 7 4 3 5 30 29 31 28 27 29 26 25 27 24 23 25 22 21 23 20 19 21 18 17 19 16 15 17 14 13 15 12 11 13 10 9 11 8 7 9 6 5 7 34 33 35 32 31 33 30 29 31 28 27 29 26 25 27 24 23 25 22 21 23 20 19 21 18 17 19 16 15 17 14 13 15 12 11 13 10 9 11 8 7 9 6 5 7 28 27 29 26 25 27 24 23 25 22 21 23 20 19 21 18 17 19 16 15 17 14 13 15 12 11 13 10 9 11 8 7 9 20 19 21 18 17 19 16 15 17 22 21 23 20 19 21 18 17 19 16 15 17 14 13 15 12 11 13 26 25 27 24 23 25 22 21 23 20 19 21 18 17 19 16 15 17 14 13 15 24 23 25 22 21 23 26 25 27 28 27 29 30 29 31 32 31 33 34 33 35 36 35 37 34 33 35 32 31 33 30 29 31 28 27 29 26 25 27 24 23 25 22 21 23 20 19 21 18 17 19 16 15 17 14 13 15 12 11 13 10 9 11 8 7 9 12 11 13 10 9 11 20 19 21 18 17 19 16 15 17 14 13 15 12 11 13 26 25 27 28 27 29 30 29 31 28 27 29 26 25 27 24 23 25 22 21 23 20 19 21 18 17 19 16 15 17 14 13 15 18 17 19 24 23 25 26 25 27 32 31 33 30 29 31 28 27 29 26 25 27 24 23 25 22 21 23 20 19 21 24 23 25 34 33 35 32 31 33 30 29 31 28 27 29 26 25 27 36 35 37 34 33 35 32 31 33 30 29 31 28 27 29 26 25 27 24 23 25 22 21 23 20 19 21 18 17 19 16 15 17 14 13 15 12 11 13 10 9 11 12 11 13 18 17 19 16 15 17 14 13 15 24 23 25 22 21 23 20 19 21 18 17 19 16 15 17 22 21 23 20 19 21 18 17 19 34 33 35 32 31 33 30 29 31 28 27 29 26 25 27 24 23 25 22 21 23 20 19 21 32 31 33 30 29 31 28 27 29 26 25 27 24 23 25 22 21 23 24 23 25 30 29 31 28 27 29 26 25 27
[15.173530s] A=259 K=481 i=3.267766513e+09) 37 35 33 31 29 27 25 23 21 19 17 15 13 11 9 7 5 3 1 36 35 37 34 33 35 32 31 33 30 29 31 28 27 29 26 25 27 24 23 25 22 21 23 20 19 21 18 17 19 16 15 17 14 13 15 12 11 13 10 9 11 8 7 9 6 5 7 4 3 5 2 1 3 0 1 34 33 35 32 31 33 30 29 31 28 27 29 26 25 27 24 23 25 22 21 23 20 19 21 18 17 19 16 15 17 14 13 15 12 11 13 10 9 11 8 7 9 6 5 7 4 3 5 2 1 3 36 35 37 34 33 35 32 31 33 30 29 31 28 27 29 26 25 27 24 23 25 22 21 23 20 19 21 18 17 19 16 15 17 14 13 15 12 11 13 10 9 11 8 7 9 6 5 7 4 3 5 2 1 3 32 31 33 30 29 31 28 27 29 26 25 27 24 23 25 22 21 23 20 19 21 18 17 19 16 15 17 14 13 15 12 11 13 10 9 11 8 7 9 6 5 7 4 3 5 36 35 37 34 33 35 32 31 33 30 29 31 28 27 29 26 25 27 24 23 25 22 21 23 20 19 21 18 17 19 16 15 17 14 13 15 12 11 13 10 9 11 8 7 9 6 5 7 4 3 5 30 29 31 28 27 29 26 25 27 24 23 25 22 21 23 20 19 21 18 17 19 16 15 17 14 13 15 12 11 13 10 9 11 8 7 9 6 5 7 34 33 35 32 31 33 30 29 31 28 27 29 26 25 27 24 23 25 22 21 23 20 19 21 18 17 19 16 15 17 14 13 15 12 11 13 10 9 11 8 7 9 6 5 7 28 27 29 26 25 27 24 23 25 22 21 23 20 19 21 18 17 19 16 15 17 14 13 15 12 11 13 10 9 11 8 7 9 20 19 21 18 17 19 16 15 17 22 21 23 20 19 21 18 17 19 16 15 17 14 13 15 12 11 13 24 23 25 22 21 23 20 19 21 18 17 19 16 15 17 14 13 15 12 11 13 10 9 11 18 17 19 26 25 27 24 23 25 22 21 23 20 19 21 28 27 29 26 25 27 24 23 25 28 27 29 30 29 31 32 31 33 30 29 31 28 27 29 26 25 27 24 23 25 22 21 23 34 33 35 32 31 33 36 35 37 34 33 35 32 31 33 30 29 31 28 27 29 26 25 27 24 23 25 22 21 23 20 19 21 18 17 19 16 15 17 14 13 15 12 11 13 10 9 11 8 7 9 18 17 19 16 15 17 14 13 15 12 11 13 10 9 11 20 19 21 18 17 19 16 15 17 14 13 15 12 11 13 30 29 31 28 27 29 26 25 27 24 23 25 22 21 23 20 19 21 18 17 19 16 15 17 14 13 15 28 27 29 26 25 27 32 31 33 30 29 31 34 33 35 32 31 33 36 35 37 34 33 35 32 31 33 30 29 31 28 27 29 26 25 27 24 23 25 22 21 23 20 19 21 18 17 19 16 15 17 14 13 15 12 11 13 10 9 11 30 29 31 28 27 29 26 25 27 24 23 25 22 21 23 20 19 21 18 17 19 16 15 17 24 23 25 22 21 23 20 19 21 18 17 19 28 27 29 26 25 27 24 23 25 22 21 23 20 19 21 32 31 33 30 29 31 28 27 29 26 25 27 24 23 25 22 21 23 26 25 27 32 31 33 30 29 31 28 27 29
[15.288438s] A=259 K=481 i=3.298055044e+09) 37 35 33 31 29 27 25 23 21 19 17 15 13 11 9 7 5 3 1 36 35 37 34 33 35 32 31 33 30 29 31 28 27 29 26 25 27 24 23 25 22 21 23 20 19 21 18 17 19 16 15 17 14 13 15 12 11 13 10 9 11 8 7 9 6 5 7 4 3 5 2 1 3 0 1 34 33 35 32 31 33 30 29 31 28 27 29 26 25 27 24 23 25 22 21 23 20 19 21 18 17 19 16 15 17 14 13 15 12 11 13 10 9 11 8 7 9 6 5 7 4 3 5 2 1 3 36 35 37 34 33 35 32 31 33 30 29 31 28 27 29 26 25 27 24 23 25 22 21 23 20 19 21 18 17 19 16 15 17 14 13 15 12 11 13 10 9 11 8 7 9 6 5 7 4 3 5 2 1 3 32 31 33 30 29 31 28 27 29 26 25 27 24 23 25 22 21 23 20 19 21 18 17 19 16 15 17 14 13 15 12 11 13 10 9 11 8 7 9 6 5 7 4 3 5 36 35 37 34 33 35 32 31 33 30 29 31 28 27 29 26 25 27 24 23 25 22 21 23 20 19 21 18 17 19 16 15 17 14 13 15 12 11 13 10 9 11 8 7 9 6 5 7 4 3 5 30 29 31 28 27 29 26 25 27 24 23 25 22 21 23 20 19 21 18 17 19 16 15 17 14 13 15 12 11 13 10 9 11 8 7 9 6 5 7 34 33 35 32 31 33 30 29 31 28 27 29 26 25 27 24 23 25 22 21 23 20 19 21 18 17 19 16 15 17 14 13 15 12 11 13 10 9 11 8 7 9 6 5 7 28 27 29 26 25 27 24 23 25 22 21 23 20 19 21 18 17 19 16 15 17 14 13 15 12 11 13 10 9 11 8 7 9 20 19 21 18 17 19 16 15 17 22 21 23 20 19 21 18 17 19 16 15 17 14 13 15 12 11 13 24 23 25 22 21 23 20 19 21 26 25 27 24 23 25 22 21 23 28 27 29 26 25 27 24 23 25 32 31 33 30 29 31 28 27 29 26 25 27 30 29 31 28 27 29 32 31 33 34 33 35 32 31 33 30 29 31 36 35 37 34 33 35 32 31 33 30 29 31 28 27 29 26 25 27 24 23 25 22 21 23 20 19 21 18 17 19 16 15 17 14 13 15 12 11 13 10 9 11 8 7 9 18 17 19 16 15 17 14 13 15 12 11 13 10 9 11 20 19 21 18 17 19 16 15 17 14 13 15 12 11 13 10 9 11 24 23 25 22 21 23 20 19 21 18 17 19 16 15 17 14 13 15 12 11 13 28 27 29 26 25 27 24 23 25 22 21 23 20 19 21 18 17 19 16 15 17 14 13 15 20 19 21 18 17 19 26 25 27 24 23 25 22 21 23 28 27 29 30 29 31 28 27 29 26 25 27 34 33 35 32 31 33 30 29 31 28 27 29 26 25 27 24 23 25 22 21 23 20 19 21 36 35 37 34 33 35 32 31 33 30 29 31 28 27 29 26 25 27 24 23 25 22 21 23 20 19 21 18 17 19 16 15 17 14 13 15 12 11 13 10 9 11 18 17 19 16 15 17 20 19 21 18 17 19 24 23 25 22 21 23 20 19 21 32 31 33 30 29 31 28 27 29 26 25 27 24 23 25 22 21 23 30 29 31 28 27 29 26 25 27
[15.335052s] A=259 K=481 i=3.308331993e+09) 37 35 33 31 29 27 25 23 21 19 17 15 13 11 9 7 5 3 1 36 35 37 34 33 35 32 31 33 30 29 31 28 27 29 26 25 27 24 23 25 22 21 23 20 19 21 18 17 19 16 15 17 14 13 15 12 11 13 10 9 11 8 7 9 6 5 7 4 3 5 2 1 3 0 1 34 33 35 32 31 33 30 29 31 28 27 29 26 25 27 24 23 25 22 21 23 20 19 21 18 17 19 16 15 17 14 13 15 12 11 13 10 9 11 8 7 9 6 5 7 4 3 5 2 1 3 36 35 37 34 33 35 32 31 33 30 29 31 28 27 29 26 25 27 24 23 25 22 21 23 20 19 21 18 17 19 16 15 17 14 13 15 12 11 13 10 9 11 8 7 9 6 5 7 4 3 5 2 1 3 32 31 33 30 29 31 28 27 29 26 25 27 24 23 25 22 21 23 20 19 21 18 17 19 16 15 17 14 13 15 12 11 13 10 9 11 8 7 9 6 5 7 4 3 5 36 35 37 34 33 35 32 31 33 30 29 31 28 27 29 26 25 27 24 23 25 22 21 23 20 19 21 18 17 19 16 15 17 14 13 15 12 11 13 10 9 11 8 7 9 6 5 7 4 3 5 30 29 31 28 27 29 26 25 27 24 23 25 22 21 23 20 19 21 18 17 19 16 15 17 14 13 15 12 11 13 10 9 11 8 7 9 6 5 7 34 33 35 32 31 33 30 29 31 28 27 29 26 25 27 24 23 25 22 21 23 20 19 21 18 17 19 16 15 17 14 13 15 12 11 13 10 9 11 8 7 9 6 5 7 28 27 29 26 25 27 24 23 25 22 21 23 20 19 21 18 17 19 16 15 17 14 13 15 12 11 13 10 9 11 8 7 9 20 19 21 18 17 19 16 15 17 22 21 23 20 19 21 18 17 19 16 15 17 14 13 15 12 11 13 24 23 25 22 21 23 26 25 27 24 23 25 22 21 23 20 19 21 18 17 19 16 15 17 14 13 15 36 35 37 34 33 35 32 31 33 30 29 31 28 27 29 26 25 27 24 23 25 22 21 23 20 19 21 18 17 19 16 15 17 14 13 15 12 11 13 10 9 11 8 7 9 12 11 13 10 9 11 20 19 21 18 17 19 16 15 17 14 13 15 12 11 13 24 23 25 28 27 29 26 25 27 30 29 31 32 31 33 30 29 31 28 27 29 26 25 27 24 23 25 22 21 23 20 19 21 18 17 19 16 15 17 14 13 15 18 17 19 34 33 35 32 31 33 30 29 31 28 27 29 26 25 27 24 23 25 22 21 23 20 19 21 36 35 37 34 33 35 32 31 33 30 29 31 28 27 29 26 25 27 24 23 25 22 21 23 20 19 21 18 17 19 16 15 17 14 13 15 12 11 13 10 9 11 12 11 13 18 17 19 16 15 17 14 13 15 28 27 29 26 25 27 24 23 25 30 29 31 34 33 35 32 31 33 36 35 37 34 33 35 32 31 33 30 29 31 28 27 29 26 25 27 24 23 25 22 21 23 20 19 21 18 17 19 16 15 17 22 21 23 20 19 21 18 17 19 30 29 31 28 27 29 26 25 27 24 23 25 22 21 23 20 19 21 32 31 33 30 29 31 28 27 29 26 25 27 24 23 25 22 21 23 24 23 25 28 27 29 26 25 27
[15.338945s] A=259 K=481 i=3.309097759e+09) 37 35 33 31 29 27 25 23 21 19 17 15 13 11 9 7 5 3 1 36 35 37 34 33 35 32 31 33 30 29 31 28 27 29 26 25 27 24 23 25 22 21 23 20 19 21 18 17 19 16 15 17 14 13 15 12 11 13 10 9 11 8 7 9 6 5 7 4 3 5 2 1 3 0 1 34 33 35 32 31 33 30 29 31 28 27 29 26 25 27 24 23 25 22 21 23 20 19 21 18 17 19 16 15 17 14 13 15 12 11 13 10 9 11 8 7 9 6 5 7 4 3 5 2 1 3 36 35 37 34 33 35 32 31 33 30 29 31 28 27 29 26 25 27 24 23 25 22 21 23 20 19 21 18 17 19 16 15 17 14 13 15 12 11 13 10 9 11 8 7 9 6 5 7 4 3 5 2 1 3 32 31 33 30 29 31 28 27 29 26 25 27 24 23 25 22 21 23 20 19 21 18 17 19 16 15 17 14 13 15 12 11 13 10 9 11 8 7 9 6 5 7 4 3 5 36 35 37 34 33 35 32 31 33 30 29 31 28 27 29 26 25 27 24 23 25 22 21 23 20 19 21 18 17 19 16 15 17 14 13 15 12 11 13 10 9 11 8 7 9 6 5 7 4 3 5 30 29 31 28 27 29 26 25 27 24 23 25 22 21 23 20 19 21 18 17 19 16 15 17 14 13 15 12 11 13 10 9 11 8 7 9 6 5 7 34 33 35 32 31 33 30 29 31 28 27 29 26 25 27 24 23 25 22 21 23 20 19 21 18 17 19 16 15 17 14 13 15 12 11 13 10 9 11 8 7 9 6 5 7 28 27 29 26 25 27 24 23 25 22 21 23 20 19 21 18 17 19 16 15 17 14 13 15 12 11 13 10 9 11 8 7 9 20 19 21 18 17 19 16 15 17 22 21 23 20 19 21 18 17 19 16 15 17 14 13 15 12 11 13 24 23 25 22 21 23 26 25 27 24 23 25 22 21 23 20 19 21 18 17 19 16 15 17 14 13 15 30 29 31 28 27 29 26 25 27 24 23 25 32 31 33 30 29 31 28 27 29 26 25 27 34 33 35 36 35 37 34 33 35 32 31 33 30 29 31 28 27 29 26 25 27 24 23 25 22 21 23 20 19 21 18 17 19 16 15 17 14 13 15 12 11 13 10 9 11 8 7 9 12 11 13 10 9 11 20 19 21 18 17 19 16 15 17 14 13 15 12 11 13 24 23 25 22 21 23 20 19 21 18 17 19 16 15 17 14 13 15 18 17 19 32 31 33 30 29 31 28 27 29 26 25 27 24 23 25 22 21 23 20 19 21 28 27 29 26 25 27 34 33 35 36 35 37 34 33 35 32 31 33 30 29 31 28 27 29 26 25 27 24 23 25 22 21 23 20 19 21 18 17 19 16 15 17 14 13 15 12 11 13 10 9 11 12 11 13 18 17 19 16 15 17 14 13 15 32 31 33 30 29 31 28 27 29 26 25 27 24 23 25 22 21 23 20 19 21 18 17 19 16 15 17 22 21 23 20 19 21 18 17 19 34 33 35 32 31 33 30 29 31 28 27 29 26 25 27 24 23 25 22 21 23 20 19 21 30 29 31 28 27 29 26 25 27 24 23 25 22 21 23 24 23 25 36 35 37 34 33 35 32 31 33 30 29 31 28 27 29 26 25 27
[15.379565s] A=259 K=481 i=3.317594963e+09) 37 35 33 31 29 27 25 23 21 19 17 15 13 11 9 7 5 3 1 36 35 37 34 33 35 32 31 33 30 29 31 28 27 29 26 25 27 24 23 25 22 21 23 20 19 21 18 17 19 16 15 17 14 13 15 12 11 13 10 9 11 8 7 9 6 5 7 4 3 5 2 1 3 0 1 34 33 35 32 31 33 30 29 31 28 27 29 26 25 27 24 23 25 22 21 23 20 19 21 18 17 19 16 15 17 14 13 15 12 11 13 10 9 11 8 7 9 6 5 7 4 3 5 2 1 3 36 35 37 34 33 35 32 31 33 30 29 31 28 27 29 26 25 27 24 23 25 22 21 23 20 19 21 18 17 19 16 15 17 14 13 15 12 11 13 10 9 11 8 7 9 6 5 7 4 3 5 2 1 3 32 31 33 30 29 31 28 27 29 26 25 27 24 23 25 22 21 23 20 19 21 18 17 19 16 15 17 14 13 15 12 11 13 10 9 11 8 7 9 6 5 7 4 3 5 36 35 37 34 33 35 32 31 33 30 29 31 28 27 29 26 25 27 24 23 25 22 21 23 20 19 21 18 17 19 16 15 17 14 13 15 12 11 13 10 9 11 8 7 9 6 5 7 4 3 5 30 29 31 28 27 29 26 25 27 24 23 25 22 21 23 20 19 21 18 17 19 16 15 17 14 13 15 12 11 13 10 9 11 8 7 9 6 5 7 34 33 35 32 31 33 30 29 31 28 27 29 26 25 27 24 23 25 22 21 23 20 19 21 18 17 19 16 15 17 14 13 15 12 11 13 10 9 11 8 7 9 6 5 7 28 27 29 26 25 27 24 23 25 22 21 23 20 19 21 18 17 19 16 15 17 14 13 15 12 11 13 10 9 11 8 7 9 20 19 21 18 17 19 16 15 17 22 21 23 20 19 21 18 17 19 16 15 17 14 13 15 12 11 13 24 23 25 22 21 23 26 25 27 24 23 25 22 21 23 20 19 21 18 17 19 16 15 17 14 13 15 26 25 27 28 27 29 32 31 33 30 29 31 28 27 29 26 25 27 34 33 35 32 31 33 30 29 31 36 35 37 34 33 35 32 31 33 30 29 31 28 27 29 26 25 27 24 23 25 22 21 23 20 19 21 18 17 19 16 15 17 14 13 15 12 11 13 10 9 11 8 7 9 12 11 13 10 9 11 20 19 21 18 17 19 16 15 17 14 13 15 12 11 13 24 23 25 22 21 23 20 19 21 18 17 19 16 15 17 14 13 15 18 17 19 26 25 27 28 27 29 26 25 27 24 23 25 22 21 23 20 19 21 30 29 31 28 27 29 26 25 27 24 23 25 36 35 37 34 33 35 32 31 33 30 29 31 28 27 29 26 25 27 24 23 25 22 21 23 20 19 21 18 17 19 16 15 17 14 13 15 12 11 13 10 9 11 12 11 13 18 17 19 16 15 17 14 13 15 34 33 35 32 31 33 30 29 31 28 27 29 26 25 27 24 23 25 22 21 23 20 19 21 18 17 19 16 15 17 22 21 23 20 19 21 18 17 19 32 31 33 30 29 31 28 27 29 26 25 27 24 23 25 22 21 23 20 19 21 36 35 37 34 33 35 32 31 33 30 29 31 28 27 29 26 25 27 24 23 25 22 21 23 24 23 25 30 29 31 28 27 29 26 25 27
[15.446814s] A=259 K=481 i=3.331616222e+09) 37 35 33 31 29 27 25 23 21 19 17 15 13 11 9 7 5 3 1 36 35 37 34 33 35 32 31 33 30 29 31 28 27 29 26 25 27 24 23 25 22 21 23 20 19 21 18 17 19 16 15 17 14 13 15 12 11 13 10 9 11 8 7 9 6 5 7 4 3 5 2 1 3 0 1 34 33 35 32 31 33 30 29 31 28 27 29 26 25 27 24 23 25 22 21 23 20 19 21 18 17 19 16 15 17 14 13 15 12 11 13 10 9 11 8 7 9 6 5 7 4 3 5 2 1 3 36 35 37 34 33 35 32 31 33 30 29 31 28 27 29 26 25 27 24 23 25 22 21 23 20 19 21 18 17 19 16 15 17 14 13 15 12 11 13 10 9 11 8 7 9 6 5 7 4 3 5 2 1 3 32 31 33 30 29 31 28 27 29 26 25 27 24 23 25 22 21 23 20 19 21 18 17 19 16 15 17 14 13 15 12 11 13 10 9 11 8 7 9 6 5 7 4 3 5 36 35 37 34 33 35 32 31 33 30 29 31 28 27 29 26 25 27 24 23 25 22 21 23 20 19 21 18 17 19 16 15 17 14 13 15 12 11 13 10 9 11 8 7 9 6 5 7 4 3 5 30 29 31 28 27 29 26 25 27 24 23 25 22 21 23 20 19 21 18 17 19 16 15 17 14 13 15 12 11 13 10 9 11 8 7 9 6 5 7 34 33 35 32 31 33 30 29 31 28 27 29 26 25 27 24 23 25 22 21 23 20 19 21 18 17 19 16 15 17 14 13 15 12 11 13 10 9 11 8 7 9 6 5 7 28 27 29 26 25 27 24 23 25 22 21 23 20 19 21 18 17 19 16 15 17 14 13 15 12 11 13 10 9 11 8 7 9 20 19 21 18 17 19 16 15 17 22 21 23 20 19 21 18 17 19 16 15 17 14 13 15 12 11 13 22 21 23 24 23 25 26 25 27 24 23 25 22 21 23 20 19 21 18 17 19 16 15 17 14 13 15 12 11 13 10 9 11 22 21 23 28 27 29 30 29 31 28 27 29 26 25 27 24 23 25 26 25 27 28 27 29 32 31 33 30 29 31 28 27 29 34 33 35 32 31 33 30 29 31 36 35 37 34 33 35 32 31 33 30 29 31 28 27 29 26 25 27 24 23 25 22 21 23 20 19 21 18 17 19 16 15 17 14 13 15 12 11 13 10 9 11 8 7 9 20 19 21 18 17 19 16 15 17 14 13 15 12 11 13 26 25 27 24 23 25 22 21 23 20 19 21 18 17 19 16 15 17 14 13 15 18 17 19 28 27 29 26 25 27 24 23 25 22 21 23 20 19 21 36 35 37 34 33 35 32 31 33 30 29 31 28 27 29 26 25 27 24 23 25 22 21 23 20 19 21 18 17 19 16 15 17 14 13 15 12 11 13 10 9 11 12 11 13 18 17 19 16 15 17 14 13 15 28 27 29 30 29 31 32 31 33 34 33 35 32 31 33 30 29 31 28 27 29 26 25 27 24 23 25 22 21 23 20 19 21 18 17 19 16 15 17 22 21 23 20 19 21 18 17 19 28 27 29 26 25 27 24 23 25 30 29 31 28 27 29 26 25 27 24 23 25 22 21 23 20 19 21 22 21 23 24 23 25 26 25 27 32 31 33 30 29 31 28 27 29
[15.456015s] A=259 K=481 i=3.333338597e+09) 37 35 33 31 29 27 25 23 21 19 17 15 13 11 9 7 5 3 1 36 35 37 34 33 35 32 31 33 30 29 31 28 27 29 26 25 27 24 23 25 22 21 23 20 19 21 18 17 19 16 15 17 14 13 15 12 11 13 10 9 11 8 7 9 6 5 7 4 3 5 2 1 3 0 1 34 33 35 32 31 33 30 29 31 28 27 29 26 25 27 24 23 25 22 21 23 20 19 21 18 17 19 16 15 17 14 13 15 12 11 13 10 9 11 8 7 9 6 5 7 4 3 5 2 1 3 36 35 37 34 33 35 32 31 33 30 29 31 28 27 29 26 25 27 24 23 25 22 21 23 20 19 21 18 17 19 16 15 17 14 13 15 12 11 13 10 9 11 8 7 9 6 5 7 4 3 5 2 1 3 32 31 33 30 29 31 28 27 29 26 25 27 24 23 25 22 21 23 20 19 21 18 17 19 16 15 17 14 13 15 12 11 13 10 9 11 8 7 9 6 5 7 4 3 5 36 35 37 34 33 35 32 31 33 30 29 31 28 27 29 26 25 27 24 23 25 22 21 23 20 19 21 18 17 19 16 15 17 14 13 15 12 11 13 10 9 11 8 7 9 6 5 7 4 3 5 30 29 31 28 27 29 26 25 27 24 23 25 22 21 23 20 19 21 18 17 19 16 15 17 14 13 15 12 11 13 10 9 11 8 7 9 6 5 7 34 33 35 32 31 33 30 29 31 28 27 29 26 25 27 24 23 25 22 21 23 20 19 21 18 17 19 16 15 17 14 13 15 12 11 13 10 9 11 8 7 9 6 5 7 28 27 29 26 25 27 24 23 25 22 21 23 20 19 21 18 17 19 16 15 17 14 13 15 12 11 13 10 9 11 8 7 9 20 19 21 18 17 19 16 15 17 22 21 23 20 19 21 18 17 19 16 15 17 14 13 15 12 11 13 22 21 23 24 23 25 26 25 27 24 23 25 22 21 23 20 19 21 18 17 19 16 15 17 14 13 15 22 21 23 30 29 31 28 27 29 26 25 27 24 23 25 36 35 37 34 33 35 32 31 33 30 29 31 28 27 29 26 25 27 24 23 25 22 21 23 20 19 21 18 17 19 16 15 17 14 13 15 12 11 13 10 9 11 8 7 9 12 11 13 10 9 11 20 19 21 18 17 19 16 15 17 14 13 15 12 11 13 32 31 33 30 29 31 28 27 29 26 25 27 24 23 25 22 21 23 20 19 21 18 17 19 16 15 17 14 13 15 18 17 19 34 33 35 32 31 33 30 29 31 28 27 29 26 25 27 24 23 25 22 21 23 20 19 21 36 35 37 34 33 35 32 31 33 30 29 31 28 27 29 26 25 27 24 23 25 22 21 23 20 19 21 18 17 19 16 15 17 14 13 15 12 11 13 10 9 11 12 11 13 18 17 19 16 15 17 14 13 15 28 27 29 26 25 27 30 29 31 34 33 35 32 31 33 36 35 37 34 33 35 32 31 33 30 29 31 28 27 29 26 25 27 24 23 25 22 21 23 20 19 21 18 17 19 16 15 17 22 21 23 20 19 21 18 17 19 30 29 31 28 27 29 26 25 27 24 23 25 22 21 23 20 19 21 28 27 29 26 25 27 24 23 25 22 21 23 24 23 25 32 31 33 30 29 31 28 27 29 26 25 27
[15.466017s] A=259 K=481 i=3.334980615e+09) 37 35 33 31 29 27 25 23 21 19 17 15 13 11 9 7 5 3 1 36 35 37 34 33 35 32 31 33 30 29 31 28 27 29 26 25 27 24 23 25 22 21 23 20 19 21 18 17 19 16 15 17 14 13 15 12 11 13 10 9 11 8 7 9 6 5 7 4 3 5 2 1 3 0 1 34 33 35 32 31 33 30 29 31 28 27 29 26 25 27 24 23 25 22 21 23 20 19 21 18 17 19 16 15 17 14 13 15 12 11 13 10 9 11 8 7 9 6 5 7 4 3 5 2 1 3 36 35 37 34 33 35 32 31 33 30 29 31 28 27 29 26 25 27 24 23 25 22 21 23 20 19 21 18 17 19 16 15 17 14 13 15 12 11 13 10 9 11 8 7 9 6 5 7 4 3 5 2 1 3 32 31 33 30 29 31 28 27 29 26 25 27 24 23 25 22 21 23 20 19 21 18 17 19 16 15 17 14 13 15 12 11 13 10 9 11 8 7 9 6 5 7 4 3 5 36 35 37 34 33 35 32 31 33 30 29 31 28 27 29 26 25 27 24 23 25 22 21 23 20 19 21 18 17 19 16 15 17 14 13 15 12 11 13 10 9 11 8 7 9 6 5 7 4 3 5 30 29 31 28 27 29 26 25 27 24 23 25 22 21 23 20 19 21 18 17 19 16 15 17 14 13 15 12 11 13 10 9 11 8 7 9 6 5 7 34 33 35 32 31 33 30 29 31 28 27 29 26 25 27 24 23 25 22 21 23 20 19 21 18 17 19 16 15 17 14 13 15 12 11 13 10 9 11 8 7 9 6 5 7 28 27 29 26 25 27 24 23 25 22 21 23 20 19 21 18 17 19 16 15 17 14 13 15 12 11 13 10 9 11 8 7 9 20 19 21 18 17 19 16 15 17 22 21 23 20 19 21 18 17 19 16 15 17 14 13 15 12 11 13 22 21 23 24 23 25 26 25 27 24 23 25 22 21 23 20 19 21 18 17 19 16 15 17 14 13 15 22 21 23 28 27 29 26 25 27 32 31 33 30 29 31 28 27 29 26 25 27 24 23 25 34 33 35 32 31 33 30 29 31 36 35 37 34 33 35 32 31 33 30 29 31 28 27 29 26 25 27 24 23 25 22 21 23 20 19 21 18 17 19 16 15 17 14 13 15 12 11 13 10 9 11 8 7 9 12 11 13 10 9 11 20 19 21 18 17 19 16 15 17 14 13 15 12 11 13 22 21 23 20 19 21 18 17 19 16 15 17 14 13 15 18 17 19 28 27 29 26 25 27 24 23 25 22 21 23 20 19 21 30 29 31 28 27 29 26 25 27 24 23 25 36 35 37 34 33 35 32 31 33 30 29 31 28 27 29 26 25 27 24 23 25 22 21 23 20 19 21 18 17 19 16 15 17 14 13 15 12 11 13 10 9 11 12 11 13 18 17 19 16 15 17 14 13 15 34 33 35 32 31 33 30 29 31 28 27 29 26 25 27 24 23 25 22 21 23 20 19 21 18 17 19 16 15 17 22 21 23 20 19 21 18 17 19 32 31 33 30 29 31 28 27 29 26 25 27 24 23 25 22 21 23 20 19 21 36 35 37 34 33 35 32 31 33 30 29 31 28 27 29 26 25 27 24 23 25 22 21 23 24 23 25 30 29 31 28 27 29 26 25 27
[15.468948s] A=259 K=481 i=3.335691621e+09) 37 35 33 31 29 27 25 23 21 19 17 15 13 11 9 7 5 3 1 36 35 37 34 33 35 32 31 33 30 29 31 28 27 29 26 25 27 24 23 25 22 21 23 20 19 21 18 17 19 16 15 17 14 13 15 12 11 13 10 9 11 8 7 9 6 5 7 4 3 5 2 1 3 0 1 34 33 35 32 31 33 30 29 31 28 27 29 26 25 27 24 23 25 22 21 23 20 19 21 18 17 19 16 15 17 14 13 15 12 11 13 10 9 11 8 7 9 6 5 7 4 3 5 2 1 3 36 35 37 34 33 35 32 31 33 30 29 31 28 27 29 26 25 27 24 23 25 22 21 23 20 19 21 18 17 19 16 15 17 14 13 15 12 11 13 10 9 11 8 7 9 6 5 7 4 3 5 2 1 3 32 31 33 30 29 31 28 27 29 26 25 27 24 23 25 22 21 23 20 19 21 18 17 19 16 15 17 14 13 15 12 11 13 10 9 11 8 7 9 6 5 7 4 3 5 36 35 37 34 33 35 32 31 33 30 29 31 28 27 29 26 25 27 24 23 25 22 21 23 20 19 21 18 17 19 16 15 17 14 13 15 12 11 13 10 9 11 8 7 9 6 5 7 4 3 5 30 29 31 28 27 29 26 25 27 24 23 25 22 21 23 20 19 21 18 17 19 16 15 17 14 13 15 12 11 13 10 9 11 8 7 9 6 5 7 34 33 35 32 31 33 30 29 31 28 27 29 26 25 27 24 23 25 22 21 23 20 19 21 18 17 19 16 15 17 14 13 15 12 11 13 10 9 11 8 7 9 6 5 7 28 27 29 26 25 27 24 23 25 22 21 23 20 19 21 18 17 19 16 15 17 14 13 15 12 11 13 10 9 11 8 7 9 20 19 21 18 17 19 16 15 17 22 21 23 20 19 21 18 17 19 16 15 17 14 13 15 12 11 13 22 21 23 24 23 25 26 25 27 24 23 25 22 21 23 20 19 21 18 17 19 16 15 17 14 13 15 22 21 23 28 27 29 30 29 31 32 31 33 30 29 31 28 27 29 26 25 27 24 23 25 26 25 27 28 27 29 34 33 35 36 35 37 34 33 35 32 31 33 30 29 31 28 27 29 26 25 27 24 23 25 22 21 23 20 19 21 18 17 19 16 15 17 14 13 15 12 11 13 10 9 11 8 7 9 12 11 13 10 9 11 20 19 21 18 17 19 16 15 17 14 13 15 12 11 13 22 21 23 20 19 21 18 17 19 16 15 17 14 13 15 18 17 19 26 25 27 24 23 25 32 31 33 30 29 31 28 27 29 26 25 27 24 23 25 22 21 23 20 19 21 28 27 29 34 33 35 32 31 33 30 29 31 36 35 37 34 33 35 32 31 33 30 29 31 28 27 29 26 25 27 24 23 25 22 21 23 20 19 21 18 17 19 16 15 17 14 13 15 12 11 13 10 9 11 12 11 13 18 17 19 16 15 17 14 13 15 28 27 29 26 25 27 24 23 25 22 21 23 20 19 21 18 17 19 16 15 17 22 21 23 20 19 21 18 17 19 34 33 35 32 31 33 30 29 31 28 27 29 26 25 27 24 23 25 22 21 23 20 19 21 30 29 31 28 27 29 26 25 27 24 23 25 22 21 23 24 23 25 32 31 33 30 29 31 28 27 29 26 25 27
[15.500017s] A=259 K=481 i=3.34249878e+09) 37 35 33 31 29 27 25 23 21 19 17 15 13 11 9 7 5 3 1 36 35 37 34 33 35 32 31 33 30 29 31 28 27 29 26 25 27 24 23 25 22 21 23 20 19 21 18 17 19 16 15 17 14 13 15 12 11 13 10 9 11 8 7 9 6 5 7 4 3 5 2 1 3 0 1 34 33 35 32 31 33 30 29 31 28 27 29 26 25 27 24 23 25 22 21 23 20 19 21 18 17 19 16 15 17 14 13 15 12 11 13 10 9 11 8 7 9 6 5 7 4 3 5 2 1 3 36 35 37 34 33 35 32 31 33 30 29 31 28 27 29 26 25 27 24 23 25 22 21 23 20 19 21 18 17 19 16 15 17 14 13 15 12 11 13 10 9 11 8 7 9 6 5 7 4 3 5 2 1 3 32 31 33 30 29 31 28 27 29 26 25 27 24 23 25 22 21 23 20 19 21 18 17 19 16 15 17 14 13 15 12 11 13 10 9 11 8 7 9 6 5 7 4 3 5 36 35 37 34 33 35 32 31 33 30 29 31 28 27 29 26 25 27 24 23 25 22 21 23 20 19 21 18 17 19 16 15 17 14 13 15 12 11 13 10 9 11 8 7 9 6 5 7 4 3 5 30 29 31 28 27 29 26 25 27 24 23 25 22 21 23 20 19 21 18 17 19 16 15 17 14 13 15 12 11 13 10 9 11 8 7 9 6 5 7 34 33 35 32 31 33 30 29 31 28 27 29 26 25 27 24 23 25 22 21 23 20 19 21 18 17 19 16 15 17 14 13 15 12 11 13 10 9 11 8 7 9 6 5 7 28 27 29 26 25 27 24 23 25 22 21 23 20 19 21 18 17 19 16 15 17 14 13 15 12 11 13 10 9 11 8 7 9 20 19 21 18 17 19 16 15 17 22 21 23 20 19 21 18 17 19 16 15 17 14 13 15 26 25 27 24 23 25 22 21 23 20 19 21 18 17 19 16 15 17 14 13 15 12 11 13 10 9 11 24 23 25 22 21 23 26 25 27 28 27 29 26 25 27 24 23 25 32 31 33 30 29 31 28 27 29 26 25 27 34 33 35 32 31 33 30 29 31 28 27 29 30 29 31 34 33 35 32 31 33 36 35 37 34 33 35 32 31 33 30 29 31 28 27 29 26 25 27 24 23 25 22 21 23 20 19 21 18 17 19 16 15 17 14 13 15 12 11 13 10 9 11 8 7 9 20 19 21 18 17 19 16 15 17 14 13 15 12 11 13 18 17 19 24 23 25 22 21 23 20 19 21 26 25 27 24 23 25 22 21 23 28 27 29 26 25 27 30 29 31 28 27 29 26 25 27 24 23 25 36 35 37 34 33 35 32 31 33 30 29 31 28 27 29 26 25 27 24 23 25 22 21 23 20 19 21 18 17 19 16 15 17 14 13 15 12 11 13 10 9 11 18 17 19 16 15 17 14 13 15 12 11 13 20 19 21 18 17 19 16 15 17 14 13 15 22 21 23 20 19 21 18 17 19 16 15 17 24 23 25 22 21 23 20 19 21 18 17 19 32 31 33 30 29 31 28 27 29 26 25 27 24 23 25 22 21 23 20 19 21 22 21 23 24 23 25 30 29 31 28 27 29 26 25 27 34 33 35 32 31 33 30 29 31 28 27 29 26 25 27 24 23 25 22 21 23
[15.502588s] A=259 K=481 i=3.342889784e+09) 37 35 33 31 29 27 25 23 21 19 17 15 13 11 9 7 5 3 1 36 35 37 34 33 35 32 31 33 30 29 31 28 27 29 26 25 27 24 23 25 22 21 23 20 19 21 18 17 19 16 15 17 14 13 15 12 11 13 10 9 11 8 7 9 6 5 7 4 3 5 2 1 3 0 1 34 33 35 32 31 33 30 29 31 28 27 29 26 25 27 24 23 25 22 21 23 20 19 21 18 17 19 16 15 17 14 13 15 12 11 13 10 9 11 8 7 9 6 5 7 4 3 5 2 1 3 36 35 37 34 33 35 32 31 33 30 29 31 28 27 29 26 25 27 24 23 25 22 21 23 20 19 21 18 17 19 16 15 17 14 13 15 12 11 13 10 9 11 8 7 9 6 5 7 4 3 5 2 1 3 32 31 33 30 29 31 28 27 29 26 25 27 24 23 25 22 21 23 20 19 21 18 17 19 16 15 17 14 13 15 12 11 13 10 9 11 8 7 9 6 5 7 4 3 5 36 35 37 34 33 35 32 31 33 30 29 31 28 27 29 26 25 27 24 23 25 22 21 23 20 19 21 18 17 19 16 15 17 14 13 15 12 11 13 10 9 11 8 7 9 6 5 7 4 3 5 30 29 31 28 27 29 26 25 27 24 23 25 22 21 23 20 19 21 18 17 19 16 15 17 14 13 15 12 11 13 10 9 11 8 7 9 6 5 7 34 33 35 32 31 33 30 29 31 28 27 29 26 25 27 24 23 25 22 21 23 20 19 21 18 17 19 16 15 17 14 13 15 12 11 13 10 9 11 8 7 9 6 5 7 28 27 29 26 25 27 24 23 25 22 21 23 20 19 21 18 17 19 16 15 17 14 13 15 12 11 13 10 9 11 8 7 9 20 19 21 18 17 19 16 15 17 22 21 23 20 19 21 18 17 19 16 15 17 14 13 15 26 25 27 24 23 25 22 21 23 20 19 21 18 17 19 16 15 17 14 13 15 12 11 13 10 9 11 24 23 25 22 21 23 26 25 27 28 27 29 26 25 27 24 23 25 30 29 31 32 31 33 34 33 35 36 35 37 34 33 35 32 31 33 30 29 31 28 27 29 26 25 27 24 23 25 22 21 23 20 19 21 18 17 19 16 15 17 14 13 15 12 11 13 10 9 11 8 7 9 20 19 21 18 17 19 16 15 17 14 13 15 12 11 13 18 17 19 30 29 31 28 27 29 26 25 27 24 23 25 22 21 23 20 19 21 32 31 33 30 29 31 28 27 29 26 25 27 24 23 25 22 21 23 34 33 35 32 31 33 30 29 31 28 27 29 26 25 27 24 23 25 28 27 29 26 25 27 30 29 31 34 33 35 32 31 33 30 29 31 28 27 29 36 35 37 34 33 35 32 31 33 30 29 31 28 27 29 26 25 27 24 23 25 22 21 23 20 19 21 18 17 19 16 15 17 14 13 15 12 11 13 10 9 11 18 17 19 16 15 17 14 13 15 12 11 13 20 19 21 18 17 19 16 15 17 14 13 15 22 21 23 20 19 21 18 17 19 16 15 17 24 23 25 22 21 23 20 19 21 18 17 19 26 25 27 24 23 25 22 21 23 20 19 21 22 21 23 24 23 25 28 27 29 26 25 27 32 31 33 30 29 31 28 27 29 26 25 27 24 23 25 22 21 23
[15.507708s] A=259 K=481 i=3.344226294e+09) 37 35 33 31 29 27 25 23 21 19 17 15 13 11 9 7 5 3 1 36 35 37 34 33 35 32 31 33 30 29 31 28 27 29 26 25 27 24 23 25 22 21 23 20 19 21 18 17 19 16 15 17 14 13 15 12 11 13 10 9 11 8 7 9 6 5 7 4 3 5 2 1 3 0 1 34 33 35 32 31 33 30 29 31 28 27 29 26 25 27 24 23 25 22 21 23 20 19 21 18 17 19 16 15 17 14 13 15 12 11 13 10 9 11 8 7 9 6 5 7 4 3 5 2 1 3 36 35 37 34 33 35 32 31 33 30 29 31 28 27 29 26 25 27 24 23 25 22 21 23 20 19 21 18 17 19 16 15 17 14 13 15 12 11 13 10 9 11 8 7 9 6 5 7 4 3 5 2 1 3 32 31 33 30 29 31 28 27 29 26 25 27 24 23 25 22 21 23 20 19 21 18 17 19 16 15 17 14 13 15 12 11 13 10 9 11 8 7 9 6 5 7 4 3 5 36 35 37 34 33 35 32 31 33 30 29 31 28 27 29 26 25 27 24 23 25 22 21 23 20 19 21 18 17 19 16 15 17 14 13 15 12 11 13 10 9 11 8 7 9 6 5 7 4 3 5 30 29 31 28 27 29 26 25 27 24 23 25 22 21 23 20 19 21 18 17 19 16 15 17 14 13 15 12 11 13 10 9 11 8 7 9 6 5 7 34 33 35 32 31 33 30 29 31 28 27 29 26 25 27 24 23 25 22 21 23 20 19 21 18 17 19 16 15 17 14 13 15 12 11 13 10 9 11 8 7 9 6 5 7 28 27 29 26 25 27 24 23 25 22 21 23 20 19 21 18 17 19 16 15 17 14 13 15 12 11 13 10 9 11 8 7 9 20 19 21 18 17 19 16 15 17 22 21 23 20 19 21 18 17 19 16 15 17 14 13 15 26 25 27 24 23 25 22 21 23 20 19 21 18 17 19 16 15 17 14 13 15 12 11 13 10 9 11 24 23 25 22 21 23 26 25 27 28 27 29 30 29 31 32 31 33 34 33 35 36 35 37 34 33 35 32 31 33 30 29 31 28 27 29 26 25 27 24 23 25 22 21 23 20 19 21 18 17 19 16 15 17 14 13 15 12 11 13 10 9 11 8 7 9 20 19 21 18 17 19 16 15 17 14 13 15 12 11 13 18 17 19 26 25 27 28 27 29 30 29 31 28 27 29 26 25 27 24 23 25 22 21 23 20 19 21 24 23 25 26 25 27 32 31 33 30 29 31 28 27 29 26 25 27 24 23 25 22 21 23 34 33 35 32 31 33 30 29 31 28 27 29 26 25 27 24 23 25 36 35 37 34 33 35 32 31 33 30 29 31 28 27 29 26 25 27 24 23 25 22 21 23 20 19 21 18 17 19 16 15 17 14 13 15 12 11 13 10 9 11 18 17 19 16 15 17 14 13 15 12 11 13 20 19 21 18 17 19 16 15 17 14 13 15 22 21 23 20 19 21 18 17 19 16 15 17 24 23 25 22 21 23 20 19 21 18 17 19 34 33 35 32 31 33 30 29 31 28 27 29 26 25 27 24 23 25 22 21 23 20 19 21 22 21 23 24 23 25 30 29 31 28 27 29 26 25 27 32 31 33 30 29 31 28 27 29 26 25 27 24 23 25 22 21 23
[15.679483s] A=259 K=481 i=3.379968177e+09) 37 35 33 31 29 27 25 23 21 19 17 15 13 11 9 7 5 3 1 36 35 37 34 33 35 32 31 33 30 29 31 28 27 29 26 25 27 24 23 25 22 21 23 20 19 21 18 17 19 16 15 17 14 13 15 12 11 13 10 9 11 8 7 9 6 5 7 4 3 5 2 1 3 0 1 34 33 35 32 31 33 30 29 31 28 27 29 26 25 27 24 23 25 22 21 23 20 19 21 18 17 19 16 15 17 14 13 15 12 11 13 10 9 11 8 7 9 6 5 7 4 3 5 2 1 3 36 35 37 34 33 35 32 31 33 30 29 31 28 27 29 26 25 27 24 23 25 22 21 23 20 19 21 18 17 19 16 15 17 14 13 15 12 11 13 10 9 11 8 7 9 6 5 7 4 3 5 2 1 3 32 31 33 30 29 31 28 27 29 26 25 27 24 23 25 22 21 23 20 19 21 18 17 19 16 15 17 14 13 15 12 11 13 10 9 11 8 7 9 6 5 7 4 3 5 36 35 37 34 33 35 32 31 33 30 29 31 28 27 29 26 25 27 24 23 25 22 21 23 20 19 21 18 17 19 16 15 17 14 13 15 12 11 13 10 9 11 8 7 9 6 5 7 4 3 5 30 29 31 28 27 29 26 25 27 24 23 25 22 21 23 20 19 21 18 17 19 16 15 17 14 13 15 12 11 13 10 9 11 8 7 9 6 5 7 34 33 35 32 31 33 30 29 31 28 27 29 26 25 27 24 23 25 22 21 23 20 19 21 18 17 19 16 15 17 14 13 15 12 11 13 10 9 11 8 7 9 6 5 7 28 27 29 26 25 27 24 23 25 22 21 23 20 19 21 18 17 19 16 15 17 14 13 15 12 11 13 10 9 11 8 7 9 20 19 21 18 17 19 16 15 17 22 21 23 20 19 21 18 17 19 16 15 17 14 13 15 24 23 25 22 21 23 20 19 21 18 17 19 16 15 17 14 13 15 12 11 13 26 25 27 24 23 25 22 21 23 26 25 27 24 23 25 28 27 29 26 25 27 30 29 31 32 31 33 30 29 31 28 27 29 34 33 35 36 35 37 34 33 35 32 31 33 30 29 31 28 27 29 26 25 27 24 23 25 22 21 23 20 19 21 18 17 19 16 15 17 14 13 15 12 11 13 10 9 11 8 7 9 20 19 21 18 17 19 16 15 17 14 13 15 12 11 13 10 9 11 26 25 27 24 23 25 22 21 23 20 19 21 18 17 19 32 31 33 30 29 31 28 27 29 26 25 27 24 23 25 34 33 35 32 31 33 30 29 31 28 27 29 26 25 27 28 27 29 30 29 31 36 35 37 34 33 35 32 31 33 30 29 31 28 27 29 26 25 27 24 23 25 22 21 23 20 19 21 18 17 19 16 15 17 14 13 15 12 11 13 10 9 11 16 15 17 14 13 15 12 11 13 18 17 19 22 21 23 20 19 21 18 17 19 16 15 17 14 13 15 24 23 25 22 21 23 20 19 21 18 17 19 16 15 17 26 25 27 24 23 25 22 21 23 20 19 21 18 17 19 28 27 29 26 25 27 34 33 35 32 31 33 30 29 31 28 27 29 26 25 27 24 23 25 22 21 23 20 19 21 24 23 25 22 21 23 26 25 27 24 23 25 32 31 33 30 29 31 28 27 29 26 25 27
[15.683398s] A=259 K=481 i=3.38058119e+09) 37 35 33 31 29 27 25 23 21 19 17 15 13 11 9 7 5 3 1 36 35 37 34 33 35 32 31 33 30 29 31 28 27 29 26 25 27 24 23 25 22 21 23 20 19 21 18 17 19 16 15 17 14 13 15 12 11 13 10 9 11 8 7 9 6 5 7 4 3 5 2 1 3 0 1 34 33 35 32 31 33 30 29 31 28 27 29 26 25 27 24 23 25 22 21 23 20 19 21 18 17 19 16 15 17 14 13 15 12 11 13 10 9 11 8 7 9 6 5 7 4 3 5 2 1 3 36 35 37 34 33 35 32 31 33 30 29 31 28 27 29 26 25 27 24 23 25 22 21 23 20 19 21 18 17 19 16 15 17 14 13 15 12 11 13 10 9 11 8 7 9 6 5 7 4 3 5 2 1 3 32 31 33 30 29 31 28 27 29 26 25 27 24 23 25 22 21 23 20 19 21 18 17 19 16 15 17 14 13 15 12 11 13 10 9 11 8 7 9 6 5 7 4 3 5 36 35 37 34 33 35 32 31 33 30 29 31 28 27 29 26 25 27 24 23 25 22 21 23 20 19 21 18 17 19 16 15 17 14 13 15 12 11 13 10 9 11 8 7 9 6 5 7 4 3 5 30 29 31 28 27 29 26 25 27 24 23 25 22 21 23 20 19 21 18 17 19 16 15 17 14 13 15 12 11 13 10 9 11 8 7 9 6 5 7 34 33 35 32 31 33 30 29 31 28 27 29 26 25 27 24 23 25 22 21 23 20 19 21 18 17 19 16 15 17 14 13 15 12 11 13 10 9 11 8 7 9 6 5 7 28 27 29 26 25 27 24 23 25 22 21 23 20 19 21 18 17 19 16 15 17 14 13 15 12 11 13 10 9 11 8 7 9 20 19 21 18 17 19 16 15 17 22 21 23 20 19 21 18 17 19 16 15 17 14 13 15 24 23 25 22 21 23 20 19 21 18 17 19 16 15 17 14 13 15 12 11 13 26 25 27 24 23 25 22 21 23 26 25 27 24 23 25 28 27 29 30 29 31 32 31 33 30 29 31 28 27 29 26 25 27 34 33 35 36 35 37 34 33 35 32 31 33 30 29 31 28 27 29 26 25 27 24 23 25 22 21 23 20 19 21 18 17 19 16 15 17 14 13 15 12 11 13 10 9 11 8 7 9 20 19 21 18 17 19 16 15 17 14 13 15 12 11 13 10 9 11 24 23 25 22 21 23 20 19 21 18 17 19 26 25 27 32 31 33 30 29 31 28 27 29 26 25 27 24 23 25 34 33 35 32 31 33 30 29 31 28 27 29 26 25 27 28 27 29 30 29 31 34 33 35 32 31 33 36 35 37 34 33 35 32 31 33 30 29 31 28 27 29 26 25 27 24 23 25 22 21 23 20 19 21 18 17 19 16 15 17 14 13 15 12 11 13 10 9 11 16 15 17 14 13 15 12 11 13 18 17 19 22 21 23 20 19 21 18 17 19 16 15 17 14 13 15 24 23 25 22 21 23 20 19 21 18 17 19 16 15 17 26 25 27 24 23 25 22 21 23 20 19 21 18 17 19 28 27 29 26 25 27 30 29 31 28 27 29 26 25 27 24 23 25 22 21 23 20 19 21 24 23 25 22 21 23 26 25 27 24 23 25 32 31 33 30 29 31 28 27 29 26 25 27
[15.966748s] A=259 K=481 i=3.437878124e+09) 37 35 33 31 29 27 25 23 21 19 17 15 13 11 9 7 5 3 1 36 35 37 34 33 35 32 31 33 30 29 31 28 27 29 26 25 27 24 23 25 22 21 23 20 19 21 18 17 19 16 15 17 14 13 15 12 11 13 10 9 11 8 7 9 6 5 7 4 3 5 2 1 3 0 1 34 33 35 32 31 33 30 29 31 28 27 29 26 25 27 24 23 25 22 21 23 20 19 21 18 17 19 16 15 17 14 13 15 12 11 13 10 9 11 8 7 9 6 5 7 4 3 5 2 1 3 36 35 37 34 33 35 32 31 33 30 29 31 28 27 29 26 25 27 24 23 25 22 21 23 20 19 21 18 17 19 16 15 17 14 13 15 12 11 13 10 9 11 8 7 9 6 5 7 4 3 5 2 1 3 32 31 33 30 29 31 28 27 29 26 25 27 24 23 25 22 21 23 20 19 21 18 17 19 16 15 17 14 13 15 12 11 13 10 9 11 8 7 9 6 5 7 4 3 5 36 35 37 34 33 35 32 31 33 30 29 31 28 27 29 26 25 27 24 23 25 22 21 23 20 19 21 18 17 19 16 15 17 14 13 15 12 11 13 10 9 11 8 7 9 6 5 7 4 3 5 30 29 31 28 27 29 26 25 27 24 23 25 22 21 23 20 19 21 18 17 19 16 15 17 14 13 15 12 11 13 10 9 11 8 7 9 6 5 7 34 33 35 32 31 33 30 29 31 28 27 29 26 25 27 24 23 25 22 21 23 20 19 21 18 17 19 16 15 17 14 13 15 12 11 13 10 9 11 8 7 9 6 5 7 28 27 29 26 25 27 24 23 25 22 21 23 20 19 21 18 17 19 16 15 17 14 13 15 12 11 13 10 9 11 8 7 9 20 19 21 18 17 19 16 15 17 22 21 23 20 19 21 18 17 19 16 15 17 14 13 15 22 21 23 24 23 25 26 25 27 24 23 25 22 21 23 20 19 21 18 17 19 16 15 17 14 13 15 12 11 13 10 9 11 22 21 23 28 27 29 26 25 27 24 23 25 30 29 31 28 27 29 32 31 33 30 29 31 34 33 35 32 31 33 36 35 37 34 33 35 32 31 33 30 29 31 28 27 29 26 25 27 24 23 25 22 21 23 20 19 21 18 17 19 16 15 17 14 13 15 12 11 13 10 9 11 8 7 9 20 19 21 18 17 19 16 15 17 14 13 15 12 11 13 18 17 19 28 27 29 26 25 27 24 23 25 22 21 23 20 19 21 30 29 31 28 27 29 26 25 27 24 23 25 22 21 23 26 25 27 28 27 29 32 31 33 30 29 31 34 33 35 32 31 33 30 29 31 28 27 29 26 25 27 24 23 25 36 35 37 34 33 35 32 31 33 30 29 31 28 27 29 26 25 27 24 23 25 22 21 23 20 19 21 18 17 19 16 15 17 14 13 15 12 11 13 10 9 11 18 17 19 16 15 17 14 13 15 12 11 13 20 19 21 18 17 19 16 15 17 14 13 15 22 21 23 20 19 21 18 17 19 16 15 17 24 23 25 22 21 23 20 19 21 18 17 19 28 27 29 26 25 27 24 23 25 22 21 23 20 19 21 22 21 23 24 23 25 30 29 31 28 27 29 26 25 27 32 31 33 30 29 31 28 27 29 26 25 27 24 23 25 22 21 23
[15.967217s] A=259 K=481 i=3.437934915e+09) 37 35 33 31 29 27 25 23 21 19 17 15 13 11 9 7 5 3 1 36 35 37 34 33 35 32 31 33 30 29 31 28 27 29 26 25 27 24 23 25 22 21 23 20 19 21 18 17 19 16 15 17 14 13 15 12 11 13 10 9 11 8 7 9 6 5 7 4 3 5 2 1 3 0 1 34 33 35 32 31 33 30 29 31 28 27 29 26 25 27 24 23 25 22 21 23 20 19 21 18 17 19 16 15 17 14 13 15 12 11 13 10 9 11 8 7 9 6 5 7 4 3 5 2 1 3 36 35 37 34 33 35 32 31 33 30 29 31 28 27 29 26 25 27 24 23 25 22 21 23 20 19 21 18 17 19 16 15 17 14 13 15 12 11 13 10 9 11 8 7 9 6 5 7 4 3 5 2 1 3 32 31 33 30 29 31 28 27 29 26 25 27 24 23 25 22 21 23 20 19 21 18 17 19 16 15 17 14 13 15 12 11 13 10 9 11 8 7 9 6 5 7 4 3 5 36 35 37 34 33 35 32 31 33 30 29 31 28 27 29 26 25 27 24 23 25 22 21 23 20 19 21 18 17 19 16 15 17 14 13 15 12 11 13 10 9 11 8 7 9 6 5 7 4 3 5 30 29 31 28 27 29 26 25 27 24 23 25 22 21 23 20 19 21 18 17 19 16 15 17 14 13 15 12 11 13 10 9 11 8 7 9 6 5 7 34 33 35 32 31 33 30 29 31 28 27 29 26 25 27 24 23 25 22 21 23 20 19 21 18 17 19 16 15 17 14 13 15 12 11 13 10 9 11 8 7 9 6 5 7 28 27 29 26 25 27 24 23 25 22 21 23 20 19 21 18 17 19 16 15 17 14 13 15 12 11 13 10 9 11 8 7 9 20 19 21 18 17 19 16 15 17 22 21 23 20 19 21 18 17 19 16 15 17 14 13 15 22 21 23 24 23 25 26 25 27 24 23 25 22 21 23 20 19 21 18 17 19 16 15 17 14 13 15 12 11 13 10 9 11 22 21 23 28 27 29 26 25 27 24 23 25 30 29 31 32 31 33 34 33 35 36 35 37 34 33 35 32 31 33 30 29 31 28 27 29 26 25 27 24 23 25 22 21 23 20 19 21 18 17 19 16 15 17 14 13 15 12 11 13 10 9 11 8 7 9 20 19 21 18 17 19 16 15 17 14 13 15 12 11 13 18 17 19 30 29 31 28 27 29 26 25 27 24 23 25 22 21 23 20 19 21 32 31 33 30 29 31 28 27 29 26 25 27 24 23 25 22 21 23 34 33 35 32 31 33 30 29 31 28 27 29 26 25 27 24 23 25 28 27 29 26 25 27 30 29 31 34 33 35 32 31 33 36 35 37 34 33 35 32 31 33 30 29 31 28 27 29 26 25 27 24 23 25 22 21 23 20 19 21 18 17 19 16 15 17 14 13 15 12 11 13 10 9 11 18 17 19 16 15 17 14 13 15 12 11 13 20 19 21 18 17 19 16 15 17 14 13 15 22 21 23 20 19 21 18 17 19 16 15 17 24 23 25 22 21 23 20 19 21 18 17 19 30 29 31 28 27 29 26 25 27 24 23 25 22 21 23 20 19 21 22 21 23 24 23 25 28 27 29 26 25 27 32 31 33 30 29 31 28 27 29 26 25 27 24 23 25 22 21 23
[16.365808s] A=259 K=481 i=3.505795985e+09) 37 35 33 31 29 27 25 23 21 19 17 15 13 11 9 7 5 3 1 36 35 37 34 33 35 32 31 33 30 29 31 28 27 29 26 25 27 24 23 25 22 21 23 20 19 21 18 17 19 16 15 17 14 13 15 12 11 13 10 9 11 8 7 9 6 5 7 4 3 5 2 1 3 0 1 34 33 35 32 31 33 30 29 31 28 27 29 26 25 27 24 23 25 22 21 23 20 19 21 18 17 19 16 15 17 14 13 15 12 11 13 10 9 11 8 7 9 6 5 7 4 3 5 2 1 3 36 35 37 34 33 35 32 31 33 30 29 31 28 27 29 26 25 27 24 23 25 22 21 23 20 19 21 18 17 19 16 15 17 14 13 15 12 11 13 10 9 11 8 7 9 6 5 7 4 3 5 2 1 3 32 31 33 30 29 31 28 27 29 26 25 27 24 23 25 22 21 23 20 19 21 18 17 19 16 15 17 14 13 15 12 11 13 10 9 11 8 7 9 6 5 7 4 3 5 36 35 37 34 33 35 32 31 33 30 29 31 28 27 29 26 25 27 24 23 25 22 21 23 20 19 21 18 17 19 16 15 17 14 13 15 12 11 13 10 9 11 8 7 9 6 5 7 4 3 5 30 29 31 28 27 29 26 25 27 24 23 25 22 21 23 20 19 21 18 17 19 16 15 17 14 13 15 12 11 13 10 9 11 8 7 9 6 5 7 34 33 35 32 31 33 30 29 31 28 27 29 26 25 27 24 23 25 22 21 23 20 19 21 18 17 19 16 15 17 14 13 15 12 11 13 10 9 11 8 7 9 6 5 7 28 27 29 26 25 27 24 23 25 22 21 23 20 19 21 18 17 19 16 15 17 14 13 15 12 11 13 10 9 11 8 7 9 20 19 21 18 17 19 16 15 17 22 21 23 20 19 21 18 17 19 24 23 25 22 21 23 20 19 21 18 17 19 16 15 17 14 13 15 12 11 13 16 15 17 14 13 15 18 17 19 26 25 27 24 23 25 22 21 23 20 19 21 28 27 29 26 25 27 24 23 25 22 21 23 30 29 31 28 27 29 26 25 27 24 23 25 32 31 33 30 29 31 28 27 29 26 25 27 24 23 25 22 21 23 34 33 35 32 31 33 30 29 31 28 27 29 26 25 27 34 33 35 32 31 33 30 29 31 36 35 37 34 33 35 32 31 33 30 29 31 28 27 29 26 25 27 24 23 25 22 21 23 20 19 21 18 17 19 16 15 17 14 13 15 12 11 13 10 9 11 8 7 9 18 17 19 16 15 17 14 13 15 12 11 13 10 9 11 20 19 21 36 35 37 34 33 35 32 31 33 30 29 31 28 27 29 26 25 27 24 23 25 22 21 23 20 19 21 18 17 19 16 15 17 14 13 15 12 11 13 10 9 11 18 17 19 16 15 17 14 13 15 12 11 13 24 23 25 22 21 23 20 19 21 18 17 19 16 15 17 14 13 15 20 19 21 22 21 23 28 27 29 26 25 27 24 23 25 22 21 23 20 19 21 18 17 19 16 15 17 20 19 21 18 17 19 22 21 23 30 29 31 28 27 29 26 25 27 24 23 25 32 31 33 30 29 31 28 27 29 26 25 27 24 23 25 22 21 23 20 19 21 22 21 23 24 23 25 32 31 33 30 29 31 28 27 29 26 25 27
[16.374257s] A=259 K=481 i=3.507871215e+09) 37 35 33 31 29 27 25 23 21 19 17 15 13 11 9 7 5 3 1 36 35 37 34 33 35 32 31 33 30 29 31 28 27 29 26 25 27 24 23 25 22 21 23 20 19 21 18 17 19 16 15 17 14 13 15 12 11 13 10 9 11 8 7 9 6 5 7 4 3 5 2 1 3 0 1 34 33 35 32 31 33 30 29 31 28 27 29 26 25 27 24 23 25 22 21 23 20 19 21 18 17 19 16 15 17 14 13 15 12 11 13 10 9 11 8 7 9 6 5 7 4 3 5 2 1 3 36 35 37 34 33 35 32 31 33 30 29 31 28 27 29 26 25 27 24 23 25 22 21 23 20 19 21 18 17 19 16 15 17 14 13 15 12 11 13 10 9 11 8 7 9 6 5 7 4 3 5 2 1 3 32 31 33 30 29 31 28 27 29 26 25 27 24 23 25 22 21 23 20 19 21 18 17 19 16 15 17 14 13 15 12 11 13 10 9 11 8 7 9 6 5 7 4 3 5 36 35 37 34 33 35 32 31 33 30 29 31 28 27 29 26 25 27 24 23 25 22 21 23 20 19 21 18 17 19 16 15 17 14 13 15 12 11 13 10 9 11 8 7 9 6 5 7 4 3 5 30 29 31 28 27 29 26 25 27 24 23 25 22 21 23 20 19 21 18 17 19 16 15 17 14 13 15 12 11 13 10 9 11 8 7 9 6 5 7 34 33 35 32 31 33 30 29 31 28 27 29 26 25 27 24 23 25 22 21 23 20 19 21 18 17 19 16 15 17 14 13 15 12 11 13 10 9 11 8 7 9 6 5 7 28 27 29 26 25 27 24 23 25 22 21 23 20 19 21 18 17 19 16 15 17 14 13 15 12 11 13 10 9 11 8 7 9 20 19 21 18 17 19 16 15 17 22 21 23 20 19 21 18 17 19 24 23 25 22 21 23 20 19 21 18 17 19 16 15 17 14 13 15 12 11 13 16 15 17 14 13 15 18 17 19 26 25 27 24 23 25 22 21 23 20 19 21 26 25 27 24 23 25 22 21 23 28 27 29 30 29 31 32 31 33 30 29 31 28 27 29 26 25 27 24 23 25 22 21 23 28 27 29 26 25 27 24 23 25 30 29 31 34 33 35 32 31 33 30 29 31 28 27 29 26 25 27 36 35 37 34 33 35 32 31 33 30 29 31 28 27 29 26 25 27 24 23 25 22 21 23 20 19 21 18 17 19 16 15 17 14 13 15 12 11 13 10 9 11 8 7 9 18 17 19 16 15 17 14 13 15 12 11 13 10 9 11 20 19 21 36 35 37 34 33 35 32 31 33 30 29 31 28 27 29 26 25 27 24 23 25 22 21 23 20 19 21 18 17 19 16 15 17 14 13 15 12 11 13 10 9 11 18 17 19 16 15 17 14 13 15 12 11 13 24 23 25 22 21 23 20 19 21 18 17 19 16 15 17 14 13 15 20 19 21 22 21 23 26 25 27 28 27 29 34 33 35 32 31 33 30 29 31 28 27 29 26 25 27 24 23 25 22 21 23 20 19 21 18 17 19 16 15 17 20 19 21 18 17 19 22 21 23 26 25 27 24 23 25 32 31 33 30 29 31 28 27 29 26 25 27 24 23 25 22 21 23 20 19 21 22 21 23 24 23 25 30 29 31 28 27 29 26 25 27
[16.378031s] A=259 K=481 i=3.508996472e+09) 37 35 33 31 29 27 25 23 21 19 17 15 13 11 9 7 5 3 1 36 35 37 34 33 35 32 31 33 30 29 31 28 27 29 26 25 27 24 23 25 22 21 23 20 19 21 18 17 19 16 15 17 14 13 15 12 11 13 10 9 11 8 7 9 6 5 7 4 3 5 2 1 3 0 1 34 33 35 32 31 33 30 29 31 28 27 29 26 25 27 24 23 25 22 21 23 20 19 21 18 17 19 16 15 17 14 13 15 12 11 13 10 9 11 8 7 9 6 5 7 4 3 5 2 1 3 36 35 37 34 33 35 32 31 33 30 29 31 28 27 29 26 25 27 24 23 25 22 21 23 20 19 21 18 17 19 16 15 17 14 13 15 12 11 13 10 9 11 8 7 9 6 5 7 4 3 5 2 1 3 32 31 33 30 29 31 28 27 29 26 25 27 24 23 25 22 21 23 20 19 21 18 17 19 16 15 17 14 13 15 12 11 13 10 9 11 8 7 9 6 5 7 4 3 5 36 35 37 34 33 35 32 31 33 30 29 31 28 27 29 26 25 27 24 23 25 22 21 23 20 19 21 18 17 19 16 15 17 14 13 15 12 11 13 10 9 11 8 7 9 6 5 7 4 3 5 30 29 31 28 27 29 26 25 27 24 23 25 22 21 23 20 19 21 18 17 19 16 15 17 14 13 15 12 11 13 10 9 11 8 7 9 6 5 7 34 33 35 32 31 33 30 29 31 28 27 29 26 25 27 24 23 25 22 21 23 20 19 21 18 17 19 16 15 17 14 13 15 12 11 13 10 9 11 8 7 9 6 5 7 28 27 29 26 25 27 24 23 25 22 21 23 20 19 21 18 17 19 16 15 17 14 13 15 12 11 13 10 9 11 8 7 9 20 19 21 18 17 19 16 15 17 22 21 23 20 19 21 18 17 19 24 23 25 22 21 23 20 19 21 18 17 19 16 15 17 14 13 15 12 11 13 16 15 17 14 13 15 18 17 19 24 23 25 22 21 23 26 25 27 24 23 25 22 21 23 20 19 21 28 27 29 26 25 27 30 29 31 28 27 29 26 25 27 24 23 25 32 31 33 30 29 31 28 27 29 26 25 27 24 23 25 22 21 23 34 33 35 32 31 33 30 29 31 36 35 37 34 33 35 32 31 33 30 29 31 28 27 29 26 25 27 24 23 25 22 21 23 20 19 21 18 17 19 16 15 17 14 13 15 12 11 13 10 9 11 8 7 9 18 17 19 16 15 17 14 13 15 12 11 13 10 9 11 20 19 21 36 35 37 34 33 35 32 31 33 30 29 31 28 27 29 26 25 27 24 23 25 22 21 23 20 19 21 18 17 19 16 15 17 14 13 15 12 11 13 10 9 11 18 17 19 16 15 17 14 13 15 12 11 13 28 27 29 26 25 27 24 23 25 22 21 23 20 19 21 18 17 19 16 15 17 14 13 15 20 19 21 22 21 23 30 29 31 32 31 33 34 33 35 32 31 33 30 29 31 28 27 29 26 25 27 24 23 25 22 21 23 20 19 21 18 17 19 16 15 17 20 19 21 18 17 19 22 21 23 28 27 29 26 25 27 24 23 25 30 29 31 28 27 29 26 25 27 24 23 25 22 21 23 20 19 21 22 21 23 24 23 25 32 31 33 30 29 31 28 27 29 26 25 27
[16.787503s] A=259 K=481 i=3.590389954e+09) 37 35 33 31 29 27 25 23 21 19 17 15 13 11 9 7 5 3 1 36 35 37 34 33 35 32 31 33 30 29 31 28 27 29 26 25 27 24 23 25 22 21 23 20 19 21 18 17 19 16 15 17 14 13 15 12 11 13 10 9 11 8 7 9 6 5 7 4 3 5 2 1 3 0 1 34 33 35 32 31 33 30 29 31 28 27 29 26 25 27 24 23 25 22 21 23 20 19 21 18 17 19 16 15 17 14 13 15 12 11 13 10 9 11 8 7 9 6 5 7 4 3 5 2 1 3 36 35 37 34 33 35 32 31 33 30 29 31 28 27 29 26 25 27 24 23 25 22 21 23 20 19 21 18 17 19 16 15 17 14 13 15 12 11 13 10 9 11 8 7 9 6 5 7 4 3 5 2 1 3 32 31 33 30 29 31 28 27 29 26 25 27 24 23 25 22 21 23 20 19 21 18 17 19 16 15 17 14 13 15 12 11 13 10 9 11 8 7 9 6 5 7 4 3 5 36 35 37 34 33 35 32 31 33 30 29 31 28 27 29 26 25 27 24 23 25 22 21 23 20 19 21 18 17 19 16 15 17 14 13 15 12 11 13 10 9 11 8 7 9 6 5 7 4 3 5 30 29 31 28 27 29 26 25 27 24 23 25 22 21 23 20 19 21 18 17 19 16 15 17 14 13 15 12 11 13 10 9 11 8 7 9 6 5 7 34 33 35 32 31 33 30 29 31 28 27 29 26 25 27 24 23 25 22 21 23 20 19 21 18 17 19 16 15 17 14 13 15 12 11 13 10 9 11 8 7 9 6 5 7 28 27 29 26 25 27 24 23 25 22 21 23 20 19 21 18 17 19 16 15 17 14 13 15 12 11 13 10 9 11 8 7 9 20 19 21 18 17 19 16 15 17 22 21 23 20 19 21 18 17 19 24 23 25 22 21 23 26 25 27 24 23 25 26 25 27 28 27 29 36 35 37 34 33 35 32 31 33 30 29 31 28 27 29 26 25 27 24 23 25 22 21 23 20 19 21 18 17 19 16 15 17 14 13 15 12 11 13 10 9 11 8 7 9 16 15 17 14 13 15 12 11 13 22 21 23 20 19 21 18 17 19 16 15 17 14 13 15 12 11 13 10 9 11 20 19 21 18 17 19 16 15 17 14 13 15 12 11 13 26 25 27 24 23 25 32 31 33 30 29 31 28 27 29 26 25 27 24 23 25 22 21 23 20 19 21 18 17 19 16 15 17 14 13 15 28 27 29 30 29 31 34 33 35 32 31 33 36 35 37 34 33 35 32 31 33 30 29 31 28 27 29 26 25 27 24 23 25 22 21 23 20 19 21 18 17 19 16 15 17 14 13 15 12 11 13 10 9 11 12 11 13 18 17 19 28 27 29 26 25 27 24 23 25 22 21 23 20 19 21 30 29 31 28 27 29 26 25 27 24 23 25 22 21 23 20 19 21 18 17 19 16 15 17 14 13 15 36 35 37 34 33 35 32 31 33 30 29 31 28 27 29 26 25 27 24 23 25 22 21 23 20 19 21 18 17 19 16 15 17 18 17 19 20 19 21 32 31 33 30 29 31 28 27 29 26 25 27 34 33 35 32 31 33 30 29 31 28 27 29 26 25 27 24 23 25 22 21 23 20 19 21 24 23 25 22 21 23 26 25 27
[16.814796s] A=259 K=481 i=3.595379486e+09) 37 35 33 31 29 27 25 23 21 19 17 15 13 11 9 7 5 3 1 36 35 37 34 33 35 32 31 33 30 29 31 28 27 29 26 25 27 24 23 25 22 21 23 20 19 21 18 17 19 16 15 17 14 13 15 12 11 13 10 9 11 8 7 9 6 5 7 4 3 5 2 1 3 0 1 34 33 35 32 31 33 30 29 31 28 27 29 26 25 27 24 23 25 22 21 23 20 19 21 18 17 19 16 15 17 14 13 15 12 11 13 10 9 11 8 7 9 6 5 7 4 3 5 2 1 3 36 35 37 34 33 35 32 31 33 30 29 31 28 27 29 26 25 27 24 23 25 22 21 23 20 19 21 18 17 19 16 15 17 14 13 15 12 11 13 10 9 11 8 7 9 6 5 7 4 3 5 2 1 3 32 31 33 30 29 31 28 27 29 26 25 27 24 23 25 22 21 23 20 19 21 18 17 19 16 15 17 14 13 15 12 11 13 10 9 11 8 7 9 6 5 7 4 3 5 36 35 37 34 33 35 32 31 33 30 29 31 28 27 29 26 25 27 24 23 25 22 21 23 20 19 21 18 17 19 16 15 17 14 13 15 12 11 13 10 9 11 8 7 9 6 5 7 4 3 5 30 29 31 28 27 29 26 25 27 24 23 25 22 21 23 20 19 21 18 17 19 16 15 17 14 13 15 12 11 13 10 9 11 8 7 9 6 5 7 34 33 35 32 31 33 30 29 31 28 27 29 26 25 27 24 23 25 22 21 23 20 19 21 18 17 19 16 15 17 14 13 15 12 11 13 10 9 11 8 7 9 6 5 7 28 27 29 26 25 27 24 23 25 22 21 23 20 19 21 18 17 19 16 15 17 14 13 15 12 11 13 10 9 11 8 7 9 20 19 21 18 17 19 16 15 17 22 21 23 20 19 21 18 17 19 22 21 23 24 23 25 26 25 27 24 23 25 22 21 23 20 19 21 18 17 19 16 15 17 14 13 15 12 11 13 10 9 11 16 15 17 14 13 15 12 11 13 18 17 19 22 21 23 20 19 21 28 27 29 26 25 27 24 23 25 22 21 23 30 29 31 28 27 29 26 25 27 24 23 25 32 31 33 30 29 31 28 27 29 26 25 27 24 23 25 22 21 23 34 33 35 32 31 33 30 29 31 28 27 29 26 25 27 36 35 37 34 33 35 32 31 33 30 29 31 28 27 29 26 25 27 24 23 25 22 21 23 20 19 21 18 17 19 16 15 17 14 13 15 12 11 13 10 9 11 8 7 9 18 17 19 16 15 17 14 13 15 12 11 13 20 19 21 18 17 19 16 15 17 14 13 15 34 33 35 32 31 33 30 29 31 36 35 37 34 33 35 32 31 33 30 29 31 28 27 29 26 25 27 24 23 25 22 21 23 20 19 21 18 17 19 16 15 17 14 13 15 12 11 13 10 9 11 12 11 13 24 23 25 22 21 23 20 19 21 18 17 19 16 15 17 14 13 15 28 27 29 26 25 27 24 23 25 22 21 23 20 19 21 18 17 19 16 15 17 22 21 23 20 19 21 18 17 19 20 19 21 30 29 31 28 27 29 26 25 27 24 23 25 22 21 23 24 23 25 30 29 31 28 27 29 26 25 27 32 31 33 30 29 31 28 27 29 26 25 27 24 23 25 22 21 23 20 19 21
[16.814940s] A=259 K=481 i=3.595401927e+09) 37 35 33 31 29 27 25 23 21 19 17 15 13 11 9 7 5 3 1 36 35 37 34 33 35 32 31 33 30 29 31 28 27 29 26 25 27 24 23 25 22 21 23 20 19 21 18 17 19 16 15 17 14 13 15 12 11 13 10 9 11 8 7 9 6 5 7 4 3 5 2 1 3 0 1 34 33 35 32 31 33 30 29 31 28 27 29 26 25 27 24 23 25 22 21 23 20 19 21 18 17 19 16 15 17 14 13 15 12 11 13 10 9 11 8 7 9 6 5 7 4 3 5 2 1 3 36 35 37 34 33 35 32 31 33 30 29 31 28 27 29 26 25 27 24 23 25 22 21 23 20 19 21 18 17 19 16 15 17 14 13 15 12 11 13 10 9 11 8 7 9 6 5 7 4 3 5 2 1 3 32 31 33 30 29 31 28 27 29 26 25 27 24 23 25 22 21 23 20 19 21 18 17 19 16 15 17 14 13 15 12 11 13 10 9 11 8 7 9 6 5 7 4 3 5 36 35 37 34 33 35 32 31 33 30 29 31 28 27 29 26 25 27 24 23 25 22 21 23 20 19 21 18 17 19 16 15 17 14 13 15 12 11 13 10 9 11 8 7 9 6 5 7 4 3 5 30 29 31 28 27 29 26 25 27 24 23 25 22 21 23 20 19 21 18 17 19 16 15 17 14 13 15 12 11 13 10 9 11 8 7 9 6 5 7 34 33 35 32 31 33 30 29 31 28 27 29 26 25 27 24 23 25 22 21 23 20 19 21 18 17 19 16 15 17 14 13 15 12 11 13 10 9 11 8 7 9 6 5 7 28 27 29 26 25 27 24 23 25 22 21 23 20 19 21 18 17 19 16 15 17 14 13 15 12 11 13 10 9 11 8 7 9 20 19 21 18 17 19 16 15 17 22 21 23 20 19 21 18 17 19 22 21 23 24 23 25 26 25 27 24 23 25 22 21 23 20 19 21 18 17 19 16 15 17 14 13 15 12 11 13 10 9 11 16 15 17 14 13 15 12 11 13 18 17 19 22 21 23 20 19 21 28 27 29 26 25 27 24 23 25 22 21 23 30 29 31 28 27 29 26 25 27 24 23 25 32 31 33 30 29 31 28 27 29 26 25 27 24 23 25 22 21 23 30 29 31 34 33 35 32 31 33 36 35 37 34 33 35 32 31 33 30 29 31 28 27 29 26 25 27 24 23 25 22 21 23 20 19 21 18 17 19 16 15 17 14 13 15 12 11 13 10 9 11 8 7 9 18 17 19 16 15 17 14 13 15 12 11 13 20 19 21 18 17 19 16 15 17 14 13 15 30 29 31 28 27 29 26 25 27 36 35 37 34 33 35 32 31 33 30 29 31 28 27 29 26 25 27 24 23 25 22 21 23 20 19 21 18 17 19 16 15 17 14 13 15 12 11 13 10 9 11 12 11 13 24 23 25 22 21 23 20 19 21 18 17 19 16 15 17 14 13 15 34 33 35 32 31 33 30 29 31 28 27 29 26 25 27 24 23 25 22 21 23 20 19 21 18 17 19 16 15 17 22 21 23 20 19 21 18 17 19 20 19 21 28 27 29 26 25 27 24 23 25 22 21 23 24 23 25 30 29 31 28 27 29 26 25 27 32 31 33 30 29 31 28 27 29 26 25 27 24 23 25 22 21 23 20 19 21
[17.113713s] A=259 K=481 i=3.661451046e+09) 37 35 33 31 29 27 25 23 21 19 17 15 13 11 9 7 5 3 1 36 35 37 34 33 35 32 31 33 30 29 31 28 27 29 26 25 27 24 23 25 22 21 23 20 19 21 18 17 19 16 15 17 14 13 15 12 11 13 10 9 11 8 7 9 6 5 7 4 3 5 2 1 3 0 1 34 33 35 32 31 33 30 29 31 28 27 29 26 25 27 24 23 25 22 21 23 20 19 21 18 17 19 16 15 17 14 13 15 12 11 13 10 9 11 8 7 9 6 5 7 4 3 5 2 1 3 36 35 37 34 33 35 32 31 33 30 29 31 28 27 29 26 25 27 24 23 25 22 21 23 20 19 21 18 17 19 16 15 17 14 13 15 12 11 13 10 9 11 8 7 9 6 5 7 4 3 5 2 1 3 32 31 33 30 29 31 28 27 29 26 25 27 24 23 25 22 21 23 20 19 21 18 17 19 16 15 17 14 13 15 12 11 13 10 9 11 8 7 9 6 5 7 4 3 5 36 35 37 34 33 35 32 31 33 30 29 31 28 27 29 26 25 27 24 23 25 22 21 23 20 19 21 18 17 19 16 15 17 14 13 15 12 11 13 10 9 11 8 7 9 6 5 7 4 3 5 30 29 31 28 27 29 26 25 27 24 23 25 22 21 23 20 19 21 18 17 19 16 15 17 14 13 15 12 11 13 10 9 11 8 7 9 6 5 7 34 33 35 32 31 33 30 29 31 28 27 29 26 25 27 24 23 25 22 21 23 20 19 21 18 17 19 16 15 17 14 13 15 12 11 13 10 9 11 8 7 9 6 5 7 28 27 29 26 25 27 24 23 25 22 21 23 20 19 21 18 17 19 16 15 17 14 13 15 12 11 13 10 9 11 8 7 9 20 19 21 18 17 19 16 15 17 22 21 23 24 23 25 22 21 23 20 19 21 18 17 19 16 15 17 14 13 15 12 11 13 26 25 27 24 23 25 22 21 23 20 19 21 18 17 19 16 15 17 14 13 15 12 11 13 10 9 11 30 29 31 28 27 29 36 35 37 34 33 35 32 31 33 30 29 31 28 27 29 26 25 27 24 23 25 22 21 23 20 19 21 18 17 19 16 15 17 14 13 15 12 11 13 10 9 11 8 7 9 20 19 21 18 17 19 16 15 17 14 13 15 26 25 27 24 23 25 28 27 29 26 25 27 32 31 33 30 29 31 28 27 29 36 35 37 34 33 35 32 31 33 30 29 31 28 27 29 26 25 27 24 23 25 22 21 23 20 19 21 18 17 19 16 15 17 14 13 15 12 11 13 10 9 11 26 25 27 24 23 25 22 21 23 20 19 21 18 17 19 16 15 17 14 13 15 12 11 13 34 33 35 32 31 33 30 29 31 28 27 29 26 25 27 24 23 25 22 21 23 20 19 21 18 17 19 16 15 17 14 13 15 18 17 19 22 21 23 20 19 21 36 35 37 34 33 35 32 31 33 30 29 31 28 27 29 26 25 27 24 23 25 22 21 23 20 19 21 18 17 19 16 15 17 18 17 19 30 29 31 28 27 29 26 25 27 24 23 25 32 31 33 30 29 31 28 27 29 36 35 37 34 33 35 32 31 33 30 29 31 28 27 29 26 25 27 24 23 25 22 21 23 20 19 21 22 21 23 24 23 25 26 25 27 28 27 29
[17.114023s] A=259 K=481 i=3.661479979e+09) 37 35 33 31 29 27 25 23 21 19 17 15 13 11 9 7 5 3 1 36 35 37 34 33 35 32 31 33 30 29 31 28 27 29 26 25 27 24 23 25 22 21 23 20 19 21 18 17 19 16 15 17 14 13 15 12 11 13 10 9 11 8 7 9 6 5 7 4 3 5 2 1 3 0 1 34 33 35 32 31 33 30 29 31 28 27 29 26 25 27 24 23 25 22 21 23 20 19 21 18 17 19 16 15 17 14 13 15 12 11 13 10 9 11 8 7 9 6 5 7 4 3 5 2 1 3 36 35 37 34 33 35 32 31 33 30 29 31 28 27 29 26 25 27 24 23 25 22 21 23 20 19 21 18 17 19 16 15 17 14 13 15 12 11 13 10 9 11 8 7 9 6 5 7 4 3 5 2 1 3 32 31 33 30 29 31 28 27 29 26 25 27 24 23 25 22 21 23 20 19 21 18 17 19 16 15 17 14 13 15 12 11 13 10 9 11 8 7 9 6 5 7 4 3 5 36 35 37 34 33 35 32 31 33 30 29 31 28 27 29 26 25 27 24 23 25 22 21 23 20 19 21 18 17 19 16 15 17 14 13 15 12 11 13 10 9 11 8 7 9 6 5 7 4 3 5 30 29 31 28 27 29 26 25 27 24 23 25 22 21 23 20 19 21 18 17 19 16 15 17 14 13 15 12 11 13 10 9 11 8 7 9 6 5 7 34 33 35 32 31 33 30 29 31 28 27 29 26 25 27 24 23 25 22 21 23 20 19 21 18 17 19 16 15 17 14 13 15 12 11 13 10 9 11 8 7 9 6 5 7 28 27 29 26 25 27 24 23 25 22 21 23 20 19 21 18 17 19 16 15 17 14 13 15 12 11 13 10 9 11 8 7 9 20 19 21 18 17 19 16 15 17 22 21 23 24 23 25 22 21 23 20 19 21 18 17 19 16 15 17 14 13 15 12 11 13 26 25 27 24 23 25 22 21 23 20 19 21 18 17 19 16 15 17 14 13 15 12 11 13 10 9 11 30 29 31 28 27 29 36 35 37 34 33 35 32 31 33 30 29 31 28 27 29 26 25 27 24 23 25 22 21 23 20 19 21 18 17 19 16 15 17 14 13 15 12 11 13 10 9 11 8 7 9 20 19 21 18 17 19 26 25 27 24 23 25 28 27 29 26 25 27 32 31 33 30 29 31 28 27 29 36 35 37 34 33 35 32 31 33 30 29 31 28 27 29 26 25 27 24 23 25 22 21 23 20 19 21 18 17 19 16 15 17 14 13 15 12 11 13 10 9 11 16 15 17 14 13 15 18 17 19 26 25 27 24 23 25 22 21 23 20 19 21 18 17 19 16 15 17 14 13 15 12 11 13 34 33 35 32 31 33 30 29 31 28 27 29 26 25 27 24 23 25 22 21 23 20 19 21 18 17 19 16 15 17 14 13 15 36 35 37 34 33 35 32 31 33 30 29 31 28 27 29 26 25 27 24 23 25 22 21 23 20 19 21 18 17 19 16 15 17 22 21 23 20 19 21 18 17 19 30 29 31 28 27 29 26 25 27 24 23 25 32 31 33 30 29 31 28 27 29 36 35 37 34 33 35 32 31 33 30 29 31 28 27 29 26 25 27 24 23 25 22 21 23 20 19 21 22 21 23 24 23 25 26 25 27 28 27 29
[17.116888s] A=259 K=481 i=3.661999128e+09) 37 35 33 31 29 27 25 23 21 19 17 15 13 11 9 7 5 3 1 36 35 37 34 33 35 32 31 33 30 29 31 28 27 29 26 25 27 24 23 25 22 21 23 20 19 21 18 17 19 16 15 17 14 13 15 12 11 13 10 9 11 8 7 9 6 5 7 4 3 5 2 1 3 0 1 34 33 35 32 31 33 30 29 31 28 27 29 26 25 27 24 23 25 22 21 23 20 19 21 18 17 19 16 15 17 14 13 15 12 11 13 10 9 11 8 7 9 6 5 7 4 3 5 2 1 3 36 35 37 34 33 35 32 31 33 30 29 31 28 27 29 26 25 27 24 23 25 22 21 23 20 19 21 18 17 19 16 15 17 14 13 15 12 11 13 10 9 11 8 7 9 6 5 7 4 3 5 2 1 3 32 31 33 30 29 31 28 27 29 26 25 27 24 23 25 22 21 23 20 19 21 18 17 19 16 15 17 14 13 15 12 11 13 10 9 11 8 7 9 6 5 7 4 3 5 36 35 37 34 33 35 32 31 33 30 29 31 28 27 29 26 25 27 24 23 25 22 21 23 20 19 21 18 17 19 16 15 17 14 13 15 12 11 13 10 9 11 8 7 9 6 5 7 4 3 5 30 29 31 28 27 29 26 25 27 24 23 25 22 21 23 20 19 21 18 17 19 16 15 17 14 13 15 12 11 13 10 9 11 8 7 9 6 5 7 34 33 35 32 31 33 30 29 31 28 27 29 26 25 27 24 23 25 22 21 23 20 19 21 18 17 19 16 15 17 14 13 15 12 11 13 10 9 11 8 7 9 6 5 7 28 27 29 26 25 27 24 23 25 22 21 23 20 19 21 18 17 19 16 15 17 14 13 15 12 11 13 10 9 11 8 7 9 20 19 21 18 17 19 16 15 17 22 21 23 24 23 25 22 21 23 20 19 21 18 17 19 16 15 17 14 13 15 12 11 13 26 25 27 24 23 25 22 21 23 20 19 21 18 17 19 16 15 17 14 13 15 12 11 13 10 9 11 28 27 29 26 25 27 24 23 25 36 35 37 34 33 35 32 31 33 30 29 31 28 27 29 26 25 27 24 23 25 22 21 23 20 19 21 18 17 19 16 15 17 14 13 15 12 11 13 10 9 11 8 7 9 20 19 21 18 17 19 28 27 29 32 31 33 30 29 31 36 35 37 34 33 35 32 31 33 30 29 31 28 27 29 26 25 27 24 23 25 22 21 23 20 19 21 18 17 19 16 15 17 14 13 15 12 11 13 10 9 11 16 15 17 14 13 15 18 17 19 28 27 29 26 25 27 24 23 25 22 21 23 20 19 21 18 17 19 16 15 17 14 13 15 12 11 13 34 33 35 32 31 33 30 29 31 28 27 29 26 25 27 24 23 25 22 21 23 20 19 21 18 17 19 16 15 17 14 13 15 30 29 31 28 27 29 26 25 27 24 23 25 32 31 33 30 29 31 28 27 29 26 25 27 36 35 37 34 33 35 32 31 33 30 29 31 28 27 29 26 25 27 24 23 25 22 21 23 20 19 21 18 17 19 16 15 17 22 21 23 20 19 21 18 17 19 24 23 25 36 35 37 34 33 35 32 31 33 30 29 31 28 27 29 26 25 27 24 23 25 22 21 23 20 19 21 22 21 23 24 23 25 26 25 27 28 27 29
[17.166231s] A=259 K=481 i=3.674113064e+09) 37 35 33 31 29 27 25 23 21 19 17 15 13 11 9 7 5 3 1 36 35 37 34 33 35 32 31 33 30 29 31 28 27 29 26 25 27 24 23 25 22 21 23 20 19 21 18 17 19 16 15 17 14 13 15 12 11 13 10 9 11 8 7 9 6 5 7 4 3 5 2 1 3 0 1 34 33 35 32 31 33 30 29 31 28 27 29 26 25 27 24 23 25 22 21 23 20 19 21 18 17 19 16 15 17 14 13 15 12 11 13 10 9 11 8 7 9 6 5 7 4 3 5 2 1 3 36 35 37 34 33 35 32 31 33 30 29 31 28 27 29 26 25 27 24 23 25 22 21 23 20 19 21 18 17 19 16 15 17 14 13 15 12 11 13 10 9 11 8 7 9 6 5 7 4 3 5 2 1 3 32 31 33 30 29 31 28 27 29 26 25 27 24 23 25 22 21 23 20 19 21 18 17 19 16 15 17 14 13 15 12 11 13 10 9 11 8 7 9 6 5 7 4 3 5 36 35 37 34 33 35 32 31 33 30 29 31 28 27 29 26 25 27 24 23 25 22 21 23 20 19 21 18 17 19 16 15 17 14 13 15 12 11 13 10 9 11 8 7 9 6 5 7 4 3 5 30 29 31 28 27 29 26 25 27 24 23 25 22 21 23 20 19 21 18 17 19 16 15 17 14 13 15 12 11 13 10 9 11 8 7 9 6 5 7 34 33 35 32 31 33 30 29 31 28 27 29 26 25 27 24 23 25 22 21 23 20 19 21 18 17 19 16 15 17 14 13 15 12 11 13 10 9 11 8 7 9 6 5 7 28 27 29 26 25 27 24 23 25 22 21 23 20 19 21 18 17 19 16 15 17 14 13 15 12 11 13 10 9 11 8 7 9 20 19 21 18 17 19 16 15 17 22 21 23 24 23 25 22 21 23 20 19 21 18 17 19 16 15 17 14 13 15 12 11 13 26 25 27 24 23 25 22 21 23 20 19 21 18 17 19 16 15 17 14 13 15 36 35 37 34 33 35 32 31 33 30 29 31 28 27 29 26 25 27 24 23 25 22 21 23 20 19 21 18 17 19 16 15 17 14 13 15 12 11 13 10 9 11 8 7 9 12 11 13 10 9 11 20 19 21 18 17 19 16 15 17 14 13 15 30 29 31 28 27 29 26 25 27 24 23 25 28 27 29 26 25 27 32 31 33 30 29 31 28 27 29 34 33 35 32 31 33 30 29 31 34 33 35 32 31 33 36 35 37 34 33 35 32 31 33 30 29 31 28 27 29 26 25 27 24 23 25 22 21 23 20 19 21 18 17 19 16 15 17 14 13 15 12 11 13 10 9 11 26 25 27 24 23 25 22 21 23 20 19 21 18 17 19 16 15 17 14 13 15 12 11 13 28 27 29 26 25 27 24 23 25 22 21 23 20 19 21 18 17 19 16 15 17 14 13 15 18 17 19 22 21 23 20 19 21 28 27 29 30 29 31 32 31 33 36 35 37 34 33 35 32 31 33 30 29 31 28 27 29 26 25 27 24 23 25 22 21 23 20 19 21 18 17 19 16 15 17 18 17 19 28 27 29 26 25 27 24 23 25 22 21 23 20 19 21 30 29 31 28 27 29 26 25 27 24 23 25 22 21 23 24 23 25 32 31 33 30 29 31 28 27 29 26 25 27
[17.166745s] A=259 K=481 i=3.67425359e+09) 37 35 33 31 29 27 25 23 21 19 17 15 13 11 9 7 5 3 1 36 35 37 34 33 35 32 31 33 30 29 31 28 27 29 26 25 27 24 23 25 22 21 23 20 19 21 18 17 19 16 15 17 14 13 15 12 11 13 10 9 11 8 7 9 6 5 7 4 3 5 2 1 3 0 1 34 33 35 32 31 33 30 29 31 28 27 29 26 25 27 24 23 25 22 21 23 20 19 21 18 17 19 16 15 17 14 13 15 12 11 13 10 9 11 8 7 9 6 5 7 4 3 5 2 1 3 36 35 37 34 33 35 32 31 33 30 29 31 28 27 29 26 25 27 24 23 25 22 21 23 20 19 21 18 17 19 16 15 17 14 13 15 12 11 13 10 9 11 8 7 9 6 5 7 4 3 5 2 1 3 32 31 33 30 29 31 28 27 29 26 25 27 24 23 25 22 21 23 20 19 21 18 17 19 16 15 17 14 13 15 12 11 13 10 9 11 8 7 9 6 5 7 4 3 5 36 35 37 34 33 35 32 31 33 30 29 31 28 27 29 26 25 27 24 23 25 22 21 23 20 19 21 18 17 19 16 15 17 14 13 15 12 11 13 10 9 11 8 7 9 6 5 7 4 3 5 30 29 31 28 27 29 26 25 27 24 23 25 22 21 23 20 19 21 18 17 19 16 15 17 14 13 15 12 11 13 10 9 11 8 7 9 6 5 7 34 33 35 32 31 33 30 29 31 28 27 29 26 25 27 24 23 25 22 21 23 20 19 21 18 17 19 16 15 17 14 13 15 12 11 13 10 9 11 8 7 9 6 5 7 28 27 29 26 25 27 24 23 25 22 21 23 20 19 21 18 17 19 16 15 17 14 13 15 12 11 13 10 9 11 8 7 9 20 19 21 18 17 19 16 15 17 22 21 23 24 23 25 22 21 23 20 19 21 18 17 19 16 15 17 14 13 15 12 11 13 26 25 27 24 23 25 22 21 23 20 19 21 18 17 19 16 15 17 14 13 15 36 35 37 34 33 35 32 31 33 30 29 31 28 27 29 26 25 27 24 23 25 22 21 23 20 19 21 18 17 19 16 15 17 14 13 15 12 11 13 10 9 11 8 7 9 12 11 13 10 9 11 20 19 21 18 17 19 30 29 31 28 27 29 26 25 27 24 23 25 28 27 29 26 25 27 32 31 33 30 29 31 28 27 29 34 33 35 32 31 33 30 29 31 34 33 35 32 31 33 36 35 37 34 33 35 32 31 33 30 29 31 28 27 29 26 25 27 24 23 25 22 21 23 20 19 21 18 17 19 16 15 17 14 13 15 12 11 13 10 9 11 16 15 17 14 13 15 18 17 19 26 25 27 24 23 25 22 21 23 20 19 21 18 17 19 16 15 17 14 13 15 12 11 13 28 27 29 26 25 27 24 23 25 22 21 23 20 19 21 18 17 19 16 15 17 14 13 15 28 27 29 30 29 31 32 31 33 36 35 37 34 33 35 32 31 33 30 29 31 28 27 29 26 25 27 24 23 25 22 21 23 20 19 21 18 17 19 16 15 17 22 21 23 20 19 21 18 17 19 28 27 29 26 25 27 24 23 25 22 21 23 20 19 21 30 29 31 28 27 29 26 25 27 24 23 25 22 21 23 24 23 25 32 31 33 30 29 31 28 27 29 26 25 27
[17.427766s] A=259 K=481 i=3.732213166e+09) 37 35 33 31 29 27 25 23 21 19 17 15 13 11 9 7 5 3 1 36 35 37 34 33 35 32 31 33 30 29 31 28 27 29 26 25 27 24 23 25 22 21 23 20 19 21 18 17 19 16 15 17 14 13 15 12 11 13 10 9 11 8 7 9 6 5 7 4 3 5 2 1 3 0 1 34 33 35 32 31 33 30 29 31 28 27 29 26 25 27 24 23 25 22 21 23 20 19 21 18 17 19 16 15 17 14 13 15 12 11 13 10 9 11 8 7 9 6 5 7 4 3 5 2 1 3 36 35 37 34 33 35 32 31 33 30 29 31 28 27 29 26 25 27 24 23 25 22 21 23 20 19 21 18 17 19 16 15 17 14 13 15 12 11 13 10 9 11 8 7 9 6 5 7 4 3 5 2 1 3 32 31 33 30 29 31 28 27 29 26 25 27 24 23 25 22 21 23 20 19 21 18 17 19 16 15 17 14 13 15 12 11 13 10 9 11 8 7 9 6 5 7 4 3 5 36 35 37 34 33 35 32 31 33 30 29 31 28 27 29 26 25 27 24 23 25 22 21 23 20 19 21 18 17 19 16 15 17 14 13 15 12 11 13 10 9 11 8 7 9 6 5 7 4 3 5 30 29 31 28 27 29 26 25 27 24 23 25 22 21 23 20 19 21 18 17 19 16 15 17 14 13 15 12 11 13 10 9 11 8 7 9 6 5 7 34 33 35 32 31 33 30 29 31 28 27 29 26 25 27 24 23 25 22 21 23 20 19 21 18 17 19 16 15 17 14 13 15 12 11 13 10 9 11 8 7 9 6 5 7 28 27 29 26 25 27 24 23 25 22 21 23 20 19 21 18 17 19 16 15 17 14 13 15 12 11 13 10 9 11 8 7 9 20 19 21 18 17 19 16 15 17 22 21 23 24 23 25 22 21 23 20 19 21 18 17 19 26 25 27 24 23 25 22 21 23 20 19 21 18 17 19 16 15 17 14 13 15 12 11 13 10 9 11 16 15 17 14 13 15 12 11 13 28 27 29 26 25 27 24 23 25 36 35 37 34 33 35 32 31 33 30 29 31 28 27 29 26 25 27 24 23 25 22 21 23 20 19 21 18 17 19 16 15 17 14 13 15 12 11 13 10 9 11 8 7 9 20 19 21 18 17 19 16 15 17 14 13 15 28 27 29 32 31 33 30 29 31 36 35 37 34 33 35 32 31 33 30 29 31 28 27 29 26 25 27 24 23 25 22 21 23 20 19 21 18 17 19 16 15 17 14 13 15 12 11 13 10 9 11 28 27 29 26 25 27 24 23 25 22 21 23 20 19 21 18 17 19 16 15 17 14 13 15 12 11 13 34 33 35 32 31 33 30 29 31 28 27 29 26 25 27 24 23 25 22 21 23 20 19 21 18 17 19 16 15 17 14 13 15 18 17 19 30 29 31 28 27 29 26 25 27 24 23 25 22 21 23 20 19 21 32 31 33 30 29 31 28 27 29 26 25 27 36 35 37 34 33 35 32 31 33 30 29 31 28 27 29 26 25 27 24 23 25 22 21 23 20 19 21 18 17 19 16 15 17 18 17 19 20 19 21 24 23 25 22 21 23 36 35 37 34 33 35 32 31 33 30 29 31 28 27 29 26 25 27 24 23 25 22 21 23 20 19 21 26 25 27 28 27 29
[17.448082s] A=259 K=481 i=3.736471051e+09) 37 35 33 31 29 27 25 23 21 19 17 15 13 11 9 7 5 3 1 36 35 37 34 33 35 32 31 33 30 29 31 28 27 29 26 25 27 24 23 25 22 21 23 20 19 21 18 17 19 16 15 17 14 13 15 12 11 13 10 9 11 8 7 9 6 5 7 4 3 5 2 1 3 0 1 34 33 35 32 31 33 30 29 31 28 27 29 26 25 27 24 23 25 22 21 23 20 19 21 18 17 19 16 15 17 14 13 15 12 11 13 10 9 11 8 7 9 6 5 7 4 3 5 2 1 3 36 35 37 34 33 35 32 31 33 30 29 31 28 27 29 26 25 27 24 23 25 22 21 23 20 19 21 18 17 19 16 15 17 14 13 15 12 11 13 10 9 11 8 7 9 6 5 7 4 3 5 2 1 3 32 31 33 30 29 31 28 27 29 26 25 27 24 23 25 22 21 23 20 19 21 18 17 19 16 15 17 14 13 15 12 11 13 10 9 11 8 7 9 6 5 7 4 3 5 36 35 37 34 33 35 32 31 33 30 29 31 28 27 29 26 25 27 24 23 25 22 21 23 20 19 21 18 17 19 16 15 17 14 13 15 12 11 13 10 9 11 8 7 9 6 5 7 4 3 5 30 29 31 28 27 29 26 25 27 24 23 25 22 21 23 20 19 21 18 17 19 16 15 17 14 13 15 12 11 13 10 9 11 8 7 9 6 5 7 34 33 35 32 31 33 30 29 31 28 27 29 26 25 27 24 23 25 22 21 23 20 19 21 18 17 19 16 15 17 14 13 15 12 11 13 10 9 11 8 7 9 6 5 7 28 27 29 26 25 27 24 23 25 22 21 23 20 19 21 18 17 19 16 15 17 14 13 15 12 11 13 10 9 11 8 7 9 20 19 21 18 17 19 16 15 17 22 21 23 24 23 25 22 21 23 20 19 21 18 17 19 26 25 27 24 23 25 22 21 23 20 19 21 18 17 19 16 15 17 14 13 15 12 11 13 10 9 11 16 15 17 14 13 15 12 11 13 18 17 19 30 29 31 28 27 29 36 35 37 34 33 35 32 31 33 30 29 31 28 27 29 26 25 27 24 23 25 22 21 23 20 19 21 18 17 19 16 15 17 14 13 15 12 11 13 10 9 11 8 7 9 26 25 27 24 23 25 28 27 29 26 25 27 32 31 33 30 29 31 28 27 29 36 35 37 34 33 35 32 31 33 30 29 31 28 27 29 26 25 27 24 23 25 22 21 23 20 19 21 18 17 19 16 15 17 14 13 15 12 11 13 10 9 11 20 19 21 18 17 19 16 15 17 14 13 15 26 25 27 24 23 25 22 21 23 20 19 21 18 17 19 16 15 17 14 13 15 12 11 13 34 33 35 32 31 33 30 29 31 28 27 29 26 25 27 24 23 25 22 21 23 20 19 21 18 17 19 16 15 17 14 13 15 36 35 37 34 33 35 32 31 33 30 29 31 28 27 29 26 25 27 24 23 25 22 21 23 20 19 21 18 17 19 16 15 17 22 21 23 20 19 21 18 17 19 30 29 31 28 27 29 26 25 27 24 23 25 32 31 33 30 29 31 28 27 29 36 35 37 34 33 35 32 31 33 30 29 31 28 27 29 26 25 27 24 23 25 22 21 23 20 19 21 22 21 23 24 23 25 26 25 27 28 27 29
[17.449253s] A=259 K=481 i=3.736809265e+09) 37 35 33 31 29 27 25 23 21 19 17 15 13 11 9 7 5 3 1 36 35 37 34 33 35 32 31 33 30 29 31 28 27 29 26 25 27 24 23 25 22 21 23 20 19 21 18 17 19 16 15 17 14 13 15 12 11 13 10 9 11 8 7 9 6 5 7 4 3 5 2 1 3 0 1 34 33 35 32 31 33 30 29 31 28 27 29 26 25 27 24 23 25 22 21 23 20 19 21 18 17 19 16 15 17 14 13 15 12 11 13 10 9 11 8 7 9 6 5 7 4 3 5 2 1 3 36 35 37 34 33 35 32 31 33 30 29 31 28 27 29 26 25 27 24 23 25 22 21 23 20 19 21 18 17 19 16 15 17 14 13 15 12 11 13 10 9 11 8 7 9 6 5 7 4 3 5 2 1 3 32 31 33 30 29 31 28 27 29 26 25 27 24 23 25 22 21 23 20 19 21 18 17 19 16 15 17 14 13 15 12 11 13 10 9 11 8 7 9 6 5 7 4 3 5 36 35 37 34 33 35 32 31 33 30 29 31 28 27 29 26 25 27 24 23 25 22 21 23 20 19 21 18 17 19 16 15 17 14 13 15 12 11 13 10 9 11 8 7 9 6 5 7 4 3 5 30 29 31 28 27 29 26 25 27 24 23 25 22 21 23 20 19 21 18 17 19 16 15 17 14 13 15 12 11 13 10 9 11 8 7 9 6 5 7 34 33 35 32 31 33 30 29 31 28 27 29 26 25 27 24 23 25 22 21 23 20 19 21 18 17 19 16 15 17 14 13 15 12 11 13 10 9 11 8 7 9 6 5 7 28 27 29 26 25 27 24 23 25 22 21 23 20 19 21 18 17 19 16 15 17 14 13 15 12 11 13 10 9 11 8 7 9 20 19 21 18 17 19 16 15 17 22 21 23 24 23 25 22 21 23 20 19 21 18 17 19 26 25 27 24 23 25 22 21 23 20 19 21 18 17 19 16 15 17 14 13 15 12 11 13 10 9 11 16 15 17 14 13 15 12 11 13 18 17 19 28 27 29 26 25 27 24 23 25 36 35 37 34 33 35 32 31 33 30 29 31 28 27 29 26 25 27 24 23 25 22 21 23 20 19 21 18 17 19 16 15 17 14 13 15 12 11 13 10 9 11 8 7 9 28 27 29 32 31 33 30 29 31 36 35 37 34 33 35 32 31 33 30 29 31 28 27 29 26 25 27 24 23 25 22 21 23 20 19 21 18 17 19 16 15 17 14 13 15 12 11 13 10 9 11 20 19 21 18 17 19 16 15 17 14 13 15 28 27 29 26 25 27 24 23 25 22 21 23 20 19 21 18 17 19 16 15 17 14 13 15 12 11 13 34 33 35 32 31 33 30 29 31 28 27 29 26 25 27 24 23 25 22 21 23 20 19 21 18 17 19 16 15 17 14 13 15 30 29 31 28 27 29 26 25 27 24 23 25 32 31 33 30 29 31 28 27 29 26 25 27 36 35 37 34 33 35 32 31 33 30 29 31 28 27 29 26 25 27 24 23 25 22 21 23 20 19 21 18 17 19 16 15 17 22 21 23 20 19 21 18 17 19 24 23 25 36 35 37 34 33 35 32 31 33 30 29 31 28 27 29 26 25 27 24 23 25 22 21 23 20 19 21 22 21 23 24 23 25 26 25 27 28 27 29
[17.666005s] A=259 K=481 i=3.780142258e+09) 37 35 33 31 29 27 25 23 21 19 17 15 13 11 9 7 5 3 1 36 35 37 34 33 35 32 31 33 30 29 31 28 27 29 26 25 27 24 23 25 22 21 23 20 19 21 18 17 19 16 15 17 14 13 15 12 11 13 10 9 11 8 7 9 6 5 7 4 3 5 2 1 3 0 1 34 33 35 32 31 33 30 29 31 28 27 29 26 25 27 24 23 25 22 21 23 20 19 21 18 17 19 16 15 17 14 13 15 12 11 13 10 9 11 8 7 9 6 5 7 4 3 5 2 1 3 36 35 37 34 33 35 32 31 33 30 29 31 28 27 29 26 25 27 24 23 25 22 21 23 20 19 21 18 17 19 16 15 17 14 13 15 12 11 13 10 9 11 8 7 9 6 5 7 4 3 5 2 1 3 32 31 33 30 29 31 28 27 29 26 25 27 24 23 25 22 21 23 20 19 21 18 17 19 16 15 17 14 13 15 12 11 13 10 9 11 8 7 9 6 5 7 4 3 5 36 35 37 34 33 35 32 31 33 30 29 31 28 27 29 26 25 27 24 23 25 22 21 23 20 19 21 18 17 19 16 15 17 14 13 15 12 11 13 10 9 11 8 7 9 6 5 7 4 3 5 30 29 31 28 27 29 26 25 27 24 23 25 22 21 23 20 19 21 18 17 19 16 15 17 14 13 15 12 11 13 10 9 11 8 7 9 6 5 7 34 33 35 32 31 33 30 29 31 28 27 29 26 25 27 24 23 25 22 21 23 20 19 21 18 17 19 16 15 17 14 13 15 12 11 13 10 9 11 8 7 9 6 5 7 28 27 29 26 25 27 24 23 25 22 21 23 20 19 21 18 17 19 16 15 17 14 13 15 12 11 13 10 9 11 8 7 9 20 19 21 18 17 19 16 15 17 22 21 23 24 23 25 26 25 27 24 23 25 22 21 23 20 19 21 18 17 19 16 15 17 14 13 15 12 11 13 10 9 11 22 21 23 20 19 21 18 17 19 16 15 17 14 13 15 12 11 13 24 23 25 26 25 27 28 27 29 36 35 37 34 33 35 32 31 33 30 29 31 28 27 29 26 25 27 24 23 25 22 21 23 20 19 21 18 17 19 16 15 17 14 13 15 12 11 13 10 9 11 8 7 9 20 19 21 18 17 19 16 15 17 32 31 33 30 29 31 28 27 29 26 25 27 24 23 25 22 21 23 20 19 21 18 17 19 26 25 27 24 23 25 28 27 29 30 29 31 34 33 35 32 31 33 36 35 37 34 33 35 32 31 33 30 29 31 28 27 29 26 25 27 24 23 25 22 21 23 20 19 21 18 17 19 16 15 17 14 13 15 12 11 13 10 9 11 16 15 17 14 13 15 12 11 13 14 13 15 16 15 17 18 17 19 30 29 31 28 27 29 26 25 27 24 23 25 22 21 23 20 19 21 18 17 19 16 15 17 14 13 15 36 35 37 34 33 35 32 31 33 30 29 31 28 27 29 26 25 27 24 23 25 22 21 23 20 19 21 18 17 19 16 15 17 28 27 29 26 25 27 24 23 25 22 21 23 20 19 21 18 17 19 32 31 33 30 29 31 28 27 29 26 25 27 34 33 35 32 31 33 30 29 31 28 27 29 26 25 27 24 23 25 22 21 23 20 19 21 24 23 25 22 21 23 26 25 27
[17.886662s] A=259 K=481 i=3.828526293e+09) 37 35 33 31 29 27 25 23 21 19 17 15 13 11 9 7 5 3 1 36 35 37 34 33 35 32 31 33 30 29 31 28 27 29 26 25 27 24 23 25 22 21 23 20 19 21 18 17 19 16 15 17 14 13 15 12 11 13 10 9 11 8 7 9 6 5 7 4 3 5 2 1 3 0 1 34 33 35 32 31 33 30 29 31 28 27 29 26 25 27 24 23 25 22 21 23 20 19 21 18 17 19 16 15 17 14 13 15 12 11 13 10 9 11 8 7 9 6 5 7 4 3 5 2 1 3 36 35 37 34 33 35 32 31 33 30 29 31 28 27 29 26 25 27 24 23 25 22 21 23 20 19 21 18 17 19 16 15 17 14 13 15 12 11 13 10 9 11 8 7 9 6 5 7 4 3 5 2 1 3 32 31 33 30 29 31 28 27 29 26 25 27 24 23 25 22 21 23 20 19 21 18 17 19 16 15 17 14 13 15 12 11 13 10 9 11 8 7 9 6 5 7 4 3 5 36 35 37 34 33 35 32 31 33 30 29 31 28 27 29 26 25 27 24 23 25 22 21 23 20 19 21 18 17 19 16 15 17 14 13 15 12 11 13 10 9 11 8 7 9 6 5 7 4 3 5 30 29 31 28 27 29 26 25 27 24 23 25 22 21 23 20 19 21 18 17 19 16 15 17 14 13 15 12 11 13 10 9 11 8 7 9 6 5 7 34 33 35 32 31 33 30 29 31 28 27 29 26 25 27 24 23 25 22 21 23 20 19 21 18 17 19 16 15 17 14 13 15 12 11 13 10 9 11 8 7 9 6 5 7 28 27 29 26 25 27 24 23 25 22 21 23 20 19 21 18 17 19 16 15 17 14 13 15 12 11 13 10 9 11 8 7 9 20 19 21 18 17 19 26 25 27 24 23 25 22 21 23 20 19 21 18 17 19 16 15 17 14 13 15 12 11 13 10 9 11 24 23 25 22 21 23 26 25 27 28 27 29 36 35 37 34 33 35 32 31 33 30 29 31 28 27 29 26 25 27 24 23 25 22 21 23 20 19 21 18 17 19 16 15 17 14 13 15 12 11 13 10 9 11 8 7 9 20 19 21 18 17 19 16 15 17 14 13 15 12 11 13 22 21 23 20 19 21 18 17 19 16 15 17 14 13 15 26 25 27 24 23 25 28 27 29 26 25 27 32 31 33 30 29 31 28 27 29 36 35 37 34 33 35 32 31 33 30 29 31 28 27 29 26 25 27 24 23 25 22 21 23 20 19 21 18 17 19 16 15 17 14 13 15 12 11 13 10 9 11 26 25 27 24 23 25 22 21 23 20 19 21 18 17 19 16 15 17 14 13 15 12 11 13 34 33 35 32 31 33 30 29 31 28 27 29 26 25 27 24 23 25 22 21 23 20 19 21 18 17 19 16 15 17 14 13 15 16 15 17 18 17 19 20 19 21 30 29 31 28 27 29 26 25 27 24 23 25 22 21 23 36 35 37 34 33 35 32 31 33 30 29 31 28 27 29 26 25 27 24 23 25 22 21 23 20 19 21 18 17 19 16 15 17 20 19 21 18 17 19 32 31 33 30 29 31 28 27 29 26 25 27 24 23 25 22 21 23 36 35 37 34 33 35 32 31 33 30 29 31 28 27 29 26 25 27 24 23 25 22 21 23 20 19 21
[17.886737s] A=259 K=481 i=3.828530393e+09) 37 35 33 31 29 27 25 23 21 19 17 15 13 11 9 7 5 3 1 36 35 37 34 33 35 32 31 33 30 29 31 28 27 29 26 25 27 24 23 25 22 21 23 20 19 21 18 17 19 16 15 17 14 13 15 12 11 13 10 9 11 8 7 9 6 5 7 4 3 5 2 1 3 0 1 34 33 35 32 31 33 30 29 31 28 27 29 26 25 27 24 23 25 22 21 23 20 19 21 18 17 19 16 15 17 14 13 15 12 11 13 10 9 11 8 7 9 6 5 7 4 3 5 2 1 3 36 35 37 34 33 35 32 31 33 30 29 31 28 27 29 26 25 27 24 23 25 22 21 23 20 19 21 18 17 19 16 15 17 14 13 15 12 11 13 10 9 11 8 7 9 6 5 7 4 3 5 2 1 3 32 31 33 30 29 31 28 27 29 26 25 27 24 23 25 22 21 23 20 19 21 18 17 19 16 15 17 14 13 15 12 11 13 10 9 11 8 7 9 6 5 7 4 3 5 36 35 37 34 33 35 32 31 33 30 29 31 28 27 29 26 25 27 24 23 25 22 21 23 20 19 21 18 17 19 16 15 17 14 13 15 12 11 13 10 9 11 8 7 9 6 5 7 4 3 5 30 29 31 28 27 29 26 25 27 24 23 25 22 21 23 20 19 21 18 17 19 16 15 17 14 13 15 12 11 13 10 9 11 8 7 9 6 5 7 34 33 35 32 31 33 30 29 31 28 27 29 26 25 27 24 23 25 22 21 23 20 19 21 18 17 19 16 15 17 14 13 15 12 11 13 10 9 11 8 7 9 6 5 7 28 27 29 26 25 27 24 23 25 22 21 23 20 19 21 18 17 19 16 15 17 14 13 15 12 11 13 10 9 11 8 7 9 20 19 21 18 17 19 26 25 27 24 23 25 22 21 23 20 19 21 18 17 19 16 15 17 14 13 15 12 11 13 10 9 11 24 23 25 22 21 23 26 25 27 28 27 29 36 35 37 34 33 35 32 31 33 30 29 31 28 27 29 26 25 27 24 23 25 22 21 23 20 19 21 18 17 19 16 15 17 14 13 15 12 11 13 10 9 11 8 7 9 20 19 21 18 17 19 16 15 17 14 13 15 12 11 13 22 21 23 20 19 21 18 17 19 16 15 17 14 13 15 26 25 27 24 23 25 28 27 29 32 31 33 30 29 31 28 27 29 26 25 27 24 23 25 22 21 23 20 19 21 18 17 19 16 15 17 36 35 37 34 33 35 32 31 33 30 29 31 28 27 29 26 25 27 24 23 25 22 21 23 20 19 21 18 17 19 16 15 17 14 13 15 12 11 13 10 9 11 14 13 15 12 11 13 26 25 27 30 29 31 28 27 29 34 33 35 32 31 33 30 29 31 28 27 29 26 25 27 24 23 25 22 21 23 20 19 21 18 17 19 16 15 17 14 13 15 16 15 17 18 17 19 20 19 21 26 25 27 24 23 25 22 21 23 36 35 37 34 33 35 32 31 33 30 29 31 28 27 29 26 25 27 24 23 25 22 21 23 20 19 21 18 17 19 16 15 17 20 19 21 18 17 19 36 35 37 34 33 35 32 31 33 30 29 31 28 27 29 26 25 27 24 23 25 22 21 23 20 19 21 32 31 33 30 29 31 28 27 29 26 25 27 24 23 25 22 21 23
[17.886830s] A=259 K=481 i=3.828547865e+09) 37 35 33 31 29 27 25 23 21 19 17 15 13 11 9 7 5 3 1 36 35 37 34 33 35 32 31 33 30 29 31 28 27 29 26 25 27 24 23 25 22 21 23 20 19 21 18 17 19 16 15 17 14 13 15 12 11 13 10 9 11 8 7 9 6 5 7 4 3 5 2 1 3 0 1 34 33 35 32 31 33 30 29 31 28 27 29 26 25 27 24 23 25 22 21 23 20 19 21 18 17 19 16 15 17 14 13 15 12 11 13 10 9 11 8 7 9 6 5 7 4 3 5 2 1 3 36 35 37 34 33 35 32 31 33 30 29 31 28 27 29 26 25 27 24 23 25 22 21 23 20 19 21 18 17 19 16 15 17 14 13 15 12 11 13 10 9 11 8 7 9 6 5 7 4 3 5 2 1 3 32 31 33 30 29 31 28 27 29 26 25 27 24 23 25 22 21 23 20 19 21 18 17 19 16 15 17 14 13 15 12 11 13 10 9 11 8 7 9 6 5 7 4 3 5 36 35 37 34 33 35 32 31 33 30 29 31 28 27 29 26 25 27 24 23 25 22 21 23 20 19 21 18 17 19 16 15 17 14 13 15 12 11 13 10 9 11 8 7 9 6 5 7 4 3 5 30 29 31 28 27 29 26 25 27 24 23 25 22 21 23 20 19 21 18 17 19 16 15 17 14 13 15 12 11 13 10 9 11 8 7 9 6 5 7 34 33 35 32 31 33 30 29 31 28 27 29 26 25 27 24 23 25 22 21 23 20 19 21 18 17 19 16 15 17 14 13 15 12 11 13 10 9 11 8 7 9 6 5 7 28 27 29 26 25 27 24 23 25 22 21 23 20 19 21 18 17 19 16 15 17 14 13 15 12 11 13 10 9 11 8 7 9 20 19 21 18 17 19 26 25 27 24 23 25 22 21 23 20 19 21 18 17 19 16 15 17 14 13 15 12 11 13 10 9 11 24 23 25 22 21 23 26 25 27 28 27 29 36 35 37 34 33 35 32 31 33 30 29 31 28 27 29 26 25 27 24 23 25 22 21 23 20 19 21 18 17 19 16 15 17 14 13 15 12 11 13 10 9 11 8 7 9 20 19 21 18 17 19 16 15 17 14 13 15 12 11 13 22 21 23 20 19 21 18 17 19 16 15 17 26 25 27 24 23 25 28 27 29 32 31 33 30 29 31 28 27 29 26 25 27 24 23 25 22 21 23 20 19 21 18 17 19 16 15 17 14 13 15 36 35 37 34 33 35 32 31 33 30 29 31 28 27 29 26 25 27 24 23 25 22 21 23 20 19 21 18 17 19 16 15 17 14 13 15 12 11 13 10 9 11 12 11 13 14 13 15 16 15 17 18 17 19 26 25 27 30 29 31 28 27 29 34 33 35 32 31 33 30 29 31 28 27 29 26 25 27 24 23 25 22 21 23 20 19 21 18 17 19 16 15 17 14 13 15 26 25 27 24 23 25 22 21 23 20 19 21 36 35 37 34 33 35 32 31 33 30 29 31 28 27 29 26 25 27 24 23 25 22 21 23 20 19 21 18 17 19 16 15 17 18 17 19 20 19 21 36 35 37 34 33 35 32 31 33 30 29 31 28 27 29 26 25 27 24 23 25 22 21 23 20 19 21 32 31 33 30 29 31 28 27 29 26 25 27 24 23 25 22 21 23
[17.886957s] A=259 K=481 i=3.828573742e+09) 37 35 33 31 29 27 25 23 21 19 17 15 13 11 9 7 5 3 1 36 35 37 34 33 35 32 31 33 30 29 31 28 27 29 26 25 27 24 23 25 22 21 23 20 19 21 18 17 19 16 15 17 14 13 15 12 11 13 10 9 11 8 7 9 6 5 7 4 3 5 2 1 3 0 1 34 33 35 32 31 33 30 29 31 28 27 29 26 25 27 24 23 25 22 21 23 20 19 21 18 17 19 16 15 17 14 13 15 12 11 13 10 9 11 8 7 9 6 5 7 4 3 5 2 1 3 36 35 37 34 33 35 32 31 33 30 29 31 28 27 29 26 25 27 24 23 25 22 21 23 20 19 21 18 17 19 16 15 17 14 13 15 12 11 13 10 9 11 8 7 9 6 5 7 4 3 5 2 1 3 32 31 33 30 29 31 28 27 29 26 25 27 24 23 25 22 21 23 20 19 21 18 17 19 16 15 17 14 13 15 12 11 13 10 9 11 8 7 9 6 5 7 4 3 5 36 35 37 34 33 35 32 31 33 30 29 31 28 27 29 26 25 27 24 23 25 22 21 23 20 19 21 18 17 19 16 15 17 14 13 15 12 11 13 10 9 11 8 7 9 6 5 7 4 3 5 30 29 31 28 27 29 26 25 27 24 23 25 22 21 23 20 19 21 18 17 19 16 15 17 14 13 15 12 11 13 10 9 11 8 7 9 6 5 7 34 33 35 32 31 33 30 29 31 28 27 29 26 25 27 24 23 25 22 21 23 20 19 21 18 17 19 16 15 17 14 13 15 12 11 13 10 9 11 8 7 9 6 5 7 28 27 29 26 25 27 24 23 25 22 21 23 20 19 21 18 17 19 16 15 17 14 13 15 12 11 13 10 9 11 8 7 9 20 19 21 18 17 19 26 25 27 24 23 25 22 21 23 20 19 21 18 17 19 16 15 17 14 13 15 12 11 13 10 9 11 24 23 25 22 21 23 26 25 27 28 27 29 36 35 37 34 33 35 32 31 33 30 29 31 28 27 29 26 25 27 24 23 25 22 21 23 20 19 21 18 17 19 16 15 17 14 13 15 12 11 13 10 9 11 8 7 9 20 19 21 18 17 19 16 15 17 14 13 15 22 21 23 20 19 21 18 17 19 16 15 17 26 25 27 24 23 25 28 27 29 26 25 27 32 31 33 30 29 31 28 27 29 36 35 37 34 33 35 32 31 33 30 29 31 28 27 29 26 25 27 24 23 25 22 21 23 20 19 21 18 17 19 16 15 17 14 13 15 12 11 13 10 9 11 12 11 13 14 13 15 16 15 17 26 25 27 24 23 25 22 21 23 20 19 21 18 17 19 16 15 17 14 13 15 12 11 13 34 33 35 32 31 33 30 29 31 28 27 29 26 25 27 24 23 25 22 21 23 20 19 21 18 17 19 16 15 17 14 13 15 18 17 19 30 29 31 28 27 29 26 25 27 24 23 25 22 21 23 20 19 21 36 35 37 34 33 35 32 31 33 30 29 31 28 27 29 26 25 27 24 23 25 22 21 23 20 19 21 18 17 19 16 15 17 18 17 19 20 19 21 32 31 33 30 29 31 28 27 29 26 25 27 24 23 25 22 21 23 36 35 37 34 33 35 32 31 33 30 29 31 28 27 29 26 25 27 24 23 25 22 21 23 20 19 21
[17.890684s] A=259 K=481 i=3.829702511e+09) 37 35 33 31 29 27 25 23 21 19 17 15 13 11 9 7 5 3 1 36 35 37 34 33 35 32 31 33 30 29 31 28 27 29 26 25 27 24 23 25 22 21 23 20 19 21 18 17 19 16 15 17 14 13 15 12 11 13 10 9 11 8 7 9 6 5 7 4 3 5 2 1 3 0 1 34 33 35 32 31 33 30 29 31 28 27 29 26 25 27 24 23 25 22 21 23 20 19 21 18 17 19 16 15 17 14 13 15 12 11 13 10 9 11 8 7 9 6 5 7 4 3 5 2 1 3 36 35 37 34 33 35 32 31 33 30 29 31 28 27 29 26 25 27 24 23 25 22 21 23 20 19 21 18 17 19 16 15 17 14 13 15 12 11 13 10 9 11 8 7 9 6 5 7 4 3 5 2 1 3 32 31 33 30 29 31 28 27 29 26 25 27 24 23 25 22 21 23 20 19 21 18 17 19 16 15 17 14 13 15 12 11 13 10 9 11 8 7 9 6 5 7 4 3 5 36 35 37 34 33 35 32 31 33 30 29 31 28 27 29 26 25 27 24 23 25 22 21 23 20 19 21 18 17 19 16 15 17 14 13 15 12 11 13 10 9 11 8 7 9 6 5 7 4 3 5 30 29 31 28 27 29 26 25 27 24 23 25 22 21 23 20 19 21 18 17 19 16 15 17 14 13 15 12 11 13 10 9 11 8 7 9 6 5 7 34 33 35 32 31 33 30 29 31 28 27 29 26 25 27 24 23 25 22 21 23 20 19 21 18 17 19 16 15 17 14 13 15 12 11 13 10 9 11 8 7 9 6 5 7 28 27 29 26 25 27 24 23 25 22 21 23 20 19 21 18 17 19 16 15 17 14 13 15 12 11 13 10 9 11 8 7 9 20 19 21 18 17 19 26 25 27 24 23 25 22 21 23 20 19 21 18 17 19 16 15 17 14 13 15 12 11 13 10 9 11 22 21 23 24 23 25 26 25 27 28 27 29 36 35 37 34 33 35 32 31 33 30 29 31 28 27 29 26 25 27 24 23 25 22 21 23 20 19 21 18 17 19 16 15 17 14 13 15 12 11 13 10 9 11 8 7 9 20 19 21 18 17 19 16 15 17 14 13 15 22 21 23 20 19 21 18 17 19 16 15 17 26 25 27 24 23 25 28 27 29 26 25 27 32 31 33 30 29 31 28 27 29 34 33 35 32 31 33 30 29 31 36 35 37 34 33 35 32 31 33 30 29 31 28 27 29 26 25 27 24 23 25 22 21 23 20 19 21 18 17 19 16 15 17 14 13 15 12 11 13 10 9 11 14 13 15 12 11 13 26 25 27 24 23 25 22 21 23 20 19 21 18 17 19 16 15 17 14 13 15 12 11 13 16 15 17 18 17 19 28 27 29 26 25 27 24 23 25 22 21 23 20 19 21 18 17 19 16 15 17 14 13 15 30 29 31 28 27 29 26 25 27 24 23 25 22 21 23 20 19 21 30 29 31 34 33 35 32 31 33 36 35 37 34 33 35 32 31 33 30 29 31 28 27 29 26 25 27 24 23 25 22 21 23 20 19 21 18 17 19 16 15 17 18 17 19 20 19 21 30 29 31 28 27 29 26 25 27 24 23 25 22 21 23 20 19 21 32 31 33 30 29 31 28 27 29 26 25 27 24 23 25 22 21 23
[17.890727s] A=259 K=481 i=3.82970486e+09) 37 35 33 31 29 27 25 23 21 19 17 15 13 11 9 7 5 3 1 36 35 37 34 33 35 32 31 33 30 29 31 28 27 29 26 25 27 24 23 25 22 21 23 20 19 21 18 17 19 16 15 17 14 13 15 12 11 13 10 9 11 8 7 9 6 5 7 4 3 5 2 1 3 0 1 34 33 35 32 31 33 30 29 31 28 27 29 26 25 27 24 23 25 22 21 23 20 19 21 18 17 19 16 15 17 14 13 15 12 11 13 10 9 11 8 7 9 6 5 7 4 3 5 2 1 3 36 35 37 34 33 35 32 31 33 30 29 31 28 27 29 26 25 27 24 23 25 22 21 23 20 19 21 18 17 19 16 15 17 14 13 15 12 11 13 10 9 11 8 7 9 6 5 7 4 3 5 2 1 3 32 31 33 30 29 31 28 27 29 26 25 27 24 23 25 22 21 23 20 19 21 18 17 19 16 15 17 14 13 15 12 11 13 10 9 11 8 7 9 6 5 7 4 3 5 36 35 37 34 33 35 32 31 33 30 29 31 28 27 29 26 25 27 24 23 25 22 21 23 20 19 21 18 17 19 16 15 17 14 13 15 12 11 13 10 9 11 8 7 9 6 5 7 4 3 5 30 29 31 28 27 29 26 25 27 24 23 25 22 21 23 20 19 21 18 17 19 16 15 17 14 13 15 12 11 13 10 9 11 8 7 9 6 5 7 34 33 35 32 31 33 30 29 31 28 27 29 26 25 27 24 23 25 22 21 23 20 19 21 18 17 19 16 15 17 14 13 15 12 11 13 10 9 11 8 7 9 6 5 7 28 27 29 26 25 27 24 23 25 22 21 23 20 19 21 18 17 19 16 15 17 14 13 15 12 11 13 10 9 11 8 7 9 20 19 21 18 17 19 26 25 27 24 23 25 22 21 23 20 19 21 18 17 19 16 15 17 14 13 15 12 11 13 10 9 11 22 21 23 24 23 25 26 25 27 28 27 29 36 35 37 34 33 35 32 31 33 30 29 31 28 27 29 26 25 27 24 23 25 22 21 23 20 19 21 18 17 19 16 15 17 14 13 15 12 11 13 10 9 11 8 7 9 20 19 21 18 17 19 16 15 17 14 13 15 22 21 23 20 19 21 18 17 19 16 15 17 26 25 27 24 23 25 28 27 29 26 25 27 32 31 33 30 29 31 28 27 29 34 33 35 36 35 37 34 33 35 32 31 33 30 29 31 28 27 29 26 25 27 24 23 25 22 21 23 20 19 21 18 17 19 16 15 17 14 13 15 12 11 13 10 9 11 14 13 15 12 11 13 26 25 27 24 23 25 22 21 23 20 19 21 18 17 19 16 15 17 14 13 15 12 11 13 16 15 17 18 17 19 32 31 33 30 29 31 28 27 29 26 25 27 24 23 25 22 21 23 20 19 21 18 17 19 16 15 17 14 13 15 30 29 31 28 27 29 26 25 27 24 23 25 22 21 23 20 19 21 34 33 35 36 35 37 34 33 35 32 31 33 30 29 31 28 27 29 26 25 27 24 23 25 22 21 23 20 19 21 18 17 19 16 15 17 18 17 19 20 19 21 32 31 33 30 29 31 28 27 29 26 25 27 24 23 25 22 21 23 20 19 21 34 33 35 32 31 33 30 29 31 28 27 29 26 25 27 24 23 25 22 21 23
[17.890766s] A=259 K=481 i=3.829706055e+09) 37 35 33 31 29 27 25 23 21 19 17 15 13 11 9 7 5 3 1 36 35 37 34 33 35 32 31 33 30 29 31 28 27 29 26 25 27 24 23 25 22 21 23 20 19 21 18 17 19 16 15 17 14 13 15 12 11 13 10 9 11 8 7 9 6 5 7 4 3 5 2 1 3 0 1 34 33 35 32 31 33 30 29 31 28 27 29 26 25 27 24 23 25 22 21 23 20 19 21 18 17 19 16 15 17 14 13 15 12 11 13 10 9 11 8 7 9 6 5 7 4 3 5 2 1 3 36 35 37 34 33 35 32 31 33 30 29 31 28 27 29 26 25 27 24 23 25 22 21 23 20 19 21 18 17 19 16 15 17 14 13 15 12 11 13 10 9 11 8 7 9 6 5 7 4 3 5 2 1 3 32 31 33 30 29 31 28 27 29 26 25 27 24 23 25 22 21 23 20 19 21 18 17 19 16 15 17 14 13 15 12 11 13 10 9 11 8 7 9 6 5 7 4 3 5 36 35 37 34 33 35 32 31 33 30 29 31 28 27 29 26 25 27 24 23 25 22 21 23 20 19 21 18 17 19 16 15 17 14 13 15 12 11 13 10 9 11 8 7 9 6 5 7 4 3 5 30 29 31 28 27 29 26 25 27 24 23 25 22 21 23 20 19 21 18 17 19 16 15 17 14 13 15 12 11 13 10 9 11 8 7 9 6 5 7 34 33 35 32 31 33 30 29 31 28 27 29 26 25 27 24 23 25 22 21 23 20 19 21 18 17 19 16 15 17 14 13 15 12 11 13 10 9 11 8 7 9 6 5 7 28 27 29 26 25 27 24 23 25 22 21 23 20 19 21 18 17 19 16 15 17 14 13 15 12 11 13 10 9 11 8 7 9 20 19 21 18 17 19 26 25 27 24 23 25 22 21 23 20 19 21 18 17 19 16 15 17 14 13 15 12 11 13 10 9 11 22 21 23 24 23 25 26 25 27 28 27 29 36 35 37 34 33 35 32 31 33 30 29 31 28 27 29 26 25 27 24 23 25 22 21 23 20 19 21 18 17 19 16 15 17 14 13 15 12 11 13 10 9 11 8 7 9 20 19 21 18 17 19 16 15 17 14 13 15 22 21 23 20 19 21 18 17 19 16 15 17 26 25 27 24 23 25 28 27 29 26 25 27 32 31 33 30 29 31 28 27 29 30 29 31 34 33 35 32 31 33 36 35 37 34 33 35 32 31 33 30 29 31 28 27 29 26 25 27 24 23 25 22 21 23 20 19 21 18 17 19 16 15 17 14 13 15 12 11 13 10 9 11 14 13 15 12 11 13 26 25 27 24 23 25 22 21 23 20 19 21 18 17 19 16 15 17 14 13 15 12 11 13 16 15 17 18 17 19 30 29 31 28 27 29 26 25 27 24 23 25 22 21 23 20 19 21 18 17 19 16 15 17 14 13 15 28 27 29 26 25 27 24 23 25 22 21 23 20 19 21 30 29 31 36 35 37 34 33 35 32 31 33 30 29 31 28 27 29 26 25 27 24 23 25 22 21 23 20 19 21 18 17 19 16 15 17 18 17 19 20 19 21 34 33 35 32 31 33 30 29 31 28 27 29 26 25 27 24 23 25 22 21 23 20 19 21 32 31 33 30 29 31 28 27 29 26 25 27 24 23 25 22 21 23
[17.928948s] A=259 K=481 i=3.836906428e+09) 37 35 33 31 29 27 25 23 21 19 17 15 13 11 9 7 5 3 1 36 35 37 34 33 35 32 31 33 30 29 31 28 27 29 26 25 27 24 23 25 22 21 23 20 19 21 18 17 19 16 15 17 14 13 15 12 11 13 10 9 11 8 7 9 6 5 7 4 3 5 2 1 3 0 1 34 33 35 32 31 33 30 29 31 28 27 29 26 25 27 24 23 25 22 21 23 20 19 21 18 17 19 16 15 17 14 13 15 12 11 13 10 9 11 8 7 9 6 5 7 4 3 5 2 1 3 36 35 37 34 33 35 32 31 33 30 29 31 28 27 29 26 25 27 24 23 25 22 21 23 20 19 21 18 17 19 16 15 17 14 13 15 12 11 13 10 9 11 8 7 9 6 5 7 4 3 5 2 1 3 32 31 33 30 29 31 28 27 29 26 25 27 24 23 25 22 21 23 20 19 21 18 17 19 16 15 17 14 13 15 12 11 13 10 9 11 8 7 9 6 5 7 4 3 5 36 35 37 34 33 35 32 31 33 30 29 31 28 27 29 26 25 27 24 23 25 22 21 23 20 19 21 18 17 19 16 15 17 14 13 15 12 11 13 10 9 11 8 7 9 6 5 7 4 3 5 30 29 31 28 27 29 26 25 27 24 23 25 22 21 23 20 19 21 18 17 19 16 15 17 14 13 15 12 11 13 10 9 11 8 7 9 6 5 7 34 33 35 32 31 33 30 29 31 28 27 29 26 25 27 24 23 25 22 21 23 20 19 21 18 17 19 16 15 17 14 13 15 12 11 13 10 9 11 8 7 9 6 5 7 28 27 29 26 25 27 24 23 25 22 21 23 20 19 21 18 17 19 16 15 17 14 13 15 12 11 13 10 9 11 8 7 9 20 19 21 18 17 19 24 23 25 22 21 23 20 19 21 18 17 19 16 15 17 14 13 15 12 11 13 10 9 11 22 21 23 26 25 27 24 23 25 26 25 27 28 27 29 36 35 37 34 33 35 32 31 33 30 29 31 28 27 29 26 25 27 24 23 25 22 21 23 20 19 21 18 17 19 16 15 17 14 13 15 12 11 13 10 9 11 8 7 9 20 19 21 18 17 19 16 15 17 14 13 15 22 21 23 20 19 21 18 17 19 16 15 17 14 13 15 12 11 13 10 9 11 26 25 27 24 23 25 32 31 33 30 29 31 28 27 29 26 25 27 24 23 25 22 21 23 20 19 21 18 17 19 16 15 17 14 13 15 12 11 13 28 27 29 26 25 27 30 29 31 34 33 35 32 31 33 30 29 31 28 27 29 36 35 37 34 33 35 32 31 33 30 29 31 28 27 29 26 25 27 24 23 25 22 21 23 20 19 21 18 17 19 16 15 17 14 13 15 12 11 13 10 9 11 16 15 17 18 17 19 26 25 27 24 23 25 22 21 23 20 19 21 18 17 19 16 15 17 14 13 15 28 27 29 26 25 27 24 23 25 22 21 23 20 19 21 36 35 37 34 33 35 32 31 33 30 29 31 28 27 29 26 25 27 24 23 25 22 21 23 20 19 21 18 17 19 16 15 17 18 17 19 20 19 21 32 31 33 30 29 31 28 27 29 26 25 27 24 23 25 22 21 23 34 33 35 32 31 33 30 29 31 28 27 29 26 25 27 24 23 25 22 21 23 20 19 21
[17.938710s] A=259 K=481 i=3.83949989e+09) 37 35 33 31 29 27 25 23 21 19 17 15 13 11 9 7 5 3 1 36 35 37 34 33 35 32 31 33 30 29 31 28 27 29 26 25 27 24 23 25 22 21 23 20 19 21 18 17 19 16 15 17 14 13 15 12 11 13 10 9 11 8 7 9 6 5 7 4 3 5 2 1 3 0 1 34 33 35 32 31 33 30 29 31 28 27 29 26 25 27 24 23 25 22 21 23 20 19 21 18 17 19 16 15 17 14 13 15 12 11 13 10 9 11 8 7 9 6 5 7 4 3 5 2 1 3 36 35 37 34 33 35 32 31 33 30 29 31 28 27 29 26 25 27 24 23 25 22 21 23 20 19 21 18 17 19 16 15 17 14 13 15 12 11 13 10 9 11 8 7 9 6 5 7 4 3 5 2 1 3 32 31 33 30 29 31 28 27 29 26 25 27 24 23 25 22 21 23 20 19 21 18 17 19 16 15 17 14 13 15 12 11 13 10 9 11 8 7 9 6 5 7 4 3 5 36 35 37 34 33 35 32 31 33 30 29 31 28 27 29 26 25 27 24 23 25 22 21 23 20 19 21 18 17 19 16 15 17 14 13 15 12 11 13 10 9 11 8 7 9 6 5 7 4 3 5 30 29 31 28 27 29 26 25 27 24 23 25 22 21 23 20 19 21 18 17 19 16 15 17 14 13 15 12 11 13 10 9 11 8 7 9 6 5 7 34 33 35 32 31 33 30 29 31 28 27 29 26 25 27 24 23 25 22 21 23 20 19 21 18 17 19 16 15 17 14 13 15 12 11 13 10 9 11 8 7 9 6 5 7 28 27 29 26 25 27 24 23 25 22 21 23 20 19 21 18 17 19 16 15 17 14 13 15 12 11 13 10 9 11 8 7 9 20 19 21 18 17 19 24 23 25 22 21 23 20 19 21 18 17 19 16 15 17 14 13 15 12 11 13 10 9 11 22 21 23 24 23 25 26 25 27 24 23 25 28 27 29 26 25 27 36 35 37 34 33 35 32 31 33 30 29 31 28 27 29 26 25 27 24 23 25 22 21 23 20 19 21 18 17 19 16 15 17 14 13 15 12 11 13 10 9 11 8 7 9 20 19 21 18 17 19 16 15 17 14 13 15 22 21 23 20 19 21 18 17 19 16 15 17 14 13 15 12 11 13 10 9 11 24 23 25 32 31 33 30 29 31 28 27 29 26 25 27 24 23 25 22 21 23 20 19 21 18 17 19 16 15 17 14 13 15 12 11 13 28 27 29 26 25 27 30 29 31 34 33 35 32 31 33 36 35 37 34 33 35 32 31 33 30 29 31 28 27 29 26 25 27 24 23 25 22 21 23 20 19 21 18 17 19 16 15 17 14 13 15 12 11 13 10 9 11 16 15 17 18 17 19 30 29 31 28 27 29 26 25 27 24 23 25 22 21 23 20 19 21 18 17 19 16 15 17 14 13 15 28 27 29 26 25 27 24 23 25 22 21 23 20 19 21 36 35 37 34 33 35 32 31 33 30 29 31 28 27 29 26 25 27 24 23 25 22 21 23 20 19 21 18 17 19 16 15 17 18 17 19 20 19 21 32 31 33 30 29 31 28 27 29 26 25 27 24 23 25 22 21 23 34 33 35 32 31 33 30 29 31 28 27 29 26 25 27 24 23 25 22 21 23 20 19 21
[18.148999s] A=259 K=481 i=3.887575651e+09) 37 35 33 31 29 27 25 23 21 19 17 15 13 11 9 7 5 3 1 36 35 37 34 33 35 32 31 33 30 29 31 28 27 29 26 25 27 24 23 25 22 21 23 20 19 21 18 17 19 16 15 17 14 13 15 12 11 13 10 9 11 8 7 9 6 5 7 4 3 5 2 1 3 0 1 34 33 35 32 31 33 30 29 31 28 27 29 26 25 27 24 23 25 22 21 23 20 19 21 18 17 19 16 15 17 14 13 15 12 11 13 10 9 11 8 7 9 6 5 7 4 3 5 2 1 3 36 35 37 34 33 35 32 31 33 30 29 31 28 27 29 26 25 27 24 23 25 22 21 23 20 19 21 18 17 19 16 15 17 14 13 15 12 11 13 10 9 11 8 7 9 6 5 7 4 3 5 2 1 3 32 31 33 30 29 31 28 27 29 26 25 27 24 23 25 22 21 23 20 19 21 18 17 19 16 15 17 14 13 15 12 11 13 10 9 11 8 7 9 6 5 7 4 3 5 36 35 37 34 33 35 32 31 33 30 29 31 28 27 29 26 25 27 24 23 25 22 21 23 20 19 21 18 17 19 16 15 17 14 13 15 12 11 13 10 9 11 8 7 9 6 5 7 4 3 5 30 29 31 28 27 29 26 25 27 24 23 25 22 21 23 20 19 21 18 17 19 16 15 17 14 13 15 12 11 13 10 9 11 8 7 9 6 5 7 34 33 35 32 31 33 30 29 31 28 27 29 26 25 27 24 23 25 22 21 23 20 19 21 18 17 19 16 15 17 14 13 15 12 11 13 10 9 11 8 7 9 6 5 7 28 27 29 26 25 27 24 23 25 22 21 23 20 19 21 18 17 19 16 15 17 14 13 15 12 11 13 10 9 11 8 7 9 20 19 21 18 17 19 22 21 23 20 19 21 18 17 19 16 15 17 14 13 15 12 11 13 24 23 25 22 21 23 26 25 27 24 23 25 26 25 27 28 27 29 36 35 37 34 33 35 32 31 33 30 29 31 28 27 29 26 25 27 24 23 25 22 21 23 20 19 21 18 17 19 16 15 17 14 13 15 12 11 13 10 9 11 8 7 9 20 19 21 18 17 19 16 15 17 22 21 23 20 19 21 18 17 19 16 15 17 14 13 15 12 11 13 10 9 11 14 13 15 12 11 13 16 15 17 26 25 27 24 23 25 32 31 33 30 29 31 28 27 29 26 25 27 24 23 25 22 21 23 20 19 21 18 17 19 16 15 17 14 13 15 28 27 29 30 29 31 34 33 35 32 31 33 36 35 37 34 33 35 32 31 33 30 29 31 28 27 29 26 25 27 24 23 25 22 21 23 20 19 21 18 17 19 16 15 17 14 13 15 12 11 13 10 9 11 12 11 13 18 17 19 28 27 29 26 25 27 24 23 25 22 21 23 20 19 21 30 29 31 28 27 29 26 25 27 24 23 25 22 21 23 20 19 21 18 17 19 16 15 17 14 13 15 36 35 37 34 33 35 32 31 33 30 29 31 28 27 29 26 25 27 24 23 25 22 21 23 20 19 21 18 17 19 16 15 17 18 17 19 20 19 21 32 31 33 30 29 31 28 27 29 26 25 27 34 33 35 32 31 33 30 29 31 28 27 29 26 25 27 24 23 25 22 21 23 20 19 21 24 23 25 22 21 23 26 25 27
[18.473526s] A=259 K=481 i=3.959022905e+09) 37 35 33 31 29 27 25 23 21 19 17 15 13 11 9 7 5 3 1 36 35 37 34 33 35 32 31 33 30 29 31 28 27 29 26 25 27 24 23 25 22 21 23 20 19 21 18 17 19 16 15 17 14 13 15 12 11 13 10 9 11 8 7 9 6 5 7 4 3 5 2 1 3 0 1 34 33 35 32 31 33 30 29 31 28 27 29 26 25 27 24 23 25 22 21 23 20 19 21 18 17 19 16 15 17 14 13 15 12 11 13 10 9 11 8 7 9 6 5 7 4 3 5 2 1 3 36 35 37 34 33 35 32 31 33 30 29 31 28 27 29 26 25 27 24 23 25 22 21 23 20 19 21 18 17 19 16 15 17 14 13 15 12 11 13 10 9 11 8 7 9 6 5 7 4 3 5 2 1 3 32 31 33 30 29 31 28 27 29 26 25 27 24 23 25 22 21 23 20 19 21 18 17 19 16 15 17 14 13 15 12 11 13 10 9 11 8 7 9 6 5 7 4 3 5 36 35 37 34 33 35 32 31 33 30 29 31 28 27 29 26 25 27 24 23 25 22 21 23 20 19 21 18 17 19 16 15 17 14 13 15 12 11 13 10 9 11 8 7 9 6 5 7 4 3 5 30 29 31 28 27 29 26 25 27 24 23 25 22 21 23 20 19 21 18 17 19 16 15 17 14 13 15 12 11 13 10 9 11 8 7 9 6 5 7 34 33 35 32 31 33 30 29 31 28 27 29 26 25 27 24 23 25 22 21 23 20 19 21 18 17 19 16 15 17 14 13 15 12 11 13 10 9 11 8 7 9 6 5 7 28 27 29 26 25 27 24 23 25 22 21 23 20 19 21 18 17 19 16 15 17 14 13 15 12 11 13 10 9 11 8 7 9 20 19 21 18 17 19 22 21 23 20 19 21 24 23 25 22 21 23 26 25 27 24 23 25 28 27 29 26 25 27 36 35 37 34 33 35 32 31 33 30 29 31 28 27 29 26 25 27 24 23 25 22 21 23 20 19 21 18 17 19 16 15 17 14 13 15 12 11 13 10 9 11 8 7 9 18 17 19 16 15 17 14 13 15 12 11 13 20 19 21 18 17 19 16 15 17 14 13 15 22 21 23 20 19 21 18 17 19 16 15 17 14 13 15 12 11 13 10 9 11 12 11 13 24 23 25 32 31 33 30 29 31 28 27 29 26 25 27 24 23 25 22 21 23 20 19 21 18 17 19 16 15 17 14 13 15 28 27 29 26 25 27 36 35 37 34 33 35 32 31 33 30 29 31 28 27 29 26 25 27 24 23 25 22 21 23 20 19 21 18 17 19 16 15 17 14 13 15 12 11 13 10 9 11 12 11 13 34 33 35 32 31 33 30 29 31 28 27 29 26 25 27 24 23 25 22 21 23 20 19 21 18 17 19 16 15 17 14 13 15 16 15 17 20 19 21 18 17 19 36 35 37 34 33 35 32 31 33 30 29 31 28 27 29 26 25 27 24 23 25 22 21 23 20 19 21 18 17 19 16 15 17 30 29 31 28 27 29 26 25 27 24 23 25 22 21 23 20 19 21 18 17 19 32 31 33 30 29 31 28 27 29 26 25 27 24 23 25 22 21 23 36 35 37 34 33 35 32 31 33 30 29 31 28 27 29 26 25 27 24 23 25 22 21 23 20 19 21
[18.530145s] A=259 K=481 i=3.971713459e+09) 37 35 33 31 29 27 25 23 21 19 17 15 13 11 9 7 5 3 1 36 35 37 34 33 35 32 31 33 30 29 31 28 27 29 26 25 27 24 23 25 22 21 23 20 19 21 18 17 19 16 15 17 14 13 15 12 11 13 10 9 11 8 7 9 6 5 7 4 3 5 2 1 3 0 1 34 33 35 32 31 33 30 29 31 28 27 29 26 25 27 24 23 25 22 21 23 20 19 21 18 17 19 16 15 17 14 13 15 12 11 13 10 9 11 8 7 9 6 5 7 4 3 5 2 1 3 36 35 37 34 33 35 32 31 33 30 29 31 28 27 29 26 25 27 24 23 25 22 21 23 20 19 21 18 17 19 16 15 17 14 13 15 12 11 13 10 9 11 8 7 9 6 5 7 4 3 5 2 1 3 32 31 33 30 29 31 28 27 29 26 25 27 24 23 25 22 21 23 20 19 21 18 17 19 16 15 17 14 13 15 12 11 13 10 9 11 8 7 9 6 5 7 4 3 5 36 35 37 34 33 35 32 31 33 30 29 31 28 27 29 26 25 27 24 23 25 22 21 23 20 19 21 18 17 19 16 15 17 14 13 15 12 11 13 10 9 11 8 7 9 6 5 7 4 3 5 30 29 31 28 27 29 26 25 27 24 23 25 22 21 23 20 19 21 18 17 19 16 15 17 14 13 15 12 11 13 10 9 11 8 7 9 6 5 7 34 33 35 32 31 33 30 29 31 28 27 29 26 25 27 24 23 25 22 21 23 20 19 21 18 17 19 16 15 17 14 13 15 12 11 13 10 9 11 8 7 9 6 5 7 28 27 29 26 25 27 24 23 25 22 21 23 20 19 21 18 17 19 16 15 17 14 13 15 12 11 13 10 9 11 8 7 9 20 19 21 18 17 19 22 21 23 20 19 21 24 23 25 22 21 23 26 25 27 24 23 25 26 25 27 28 27 29 36 35 37 34 33 35 32 31 33 30 29 31 28 27 29 26 25 27 24 23 25 22 21 23 20 19 21 18 17 19 16 15 17 14 13 15 12 11 13 10 9 11 8 7 9 18 17 19 16 15 17 14 13 15 20 19 21 18 17 19 16 15 17 14 13 15 12 11 13 22 21 23 20 19 21 18 17 19 16 15 17 14 13 15 12 11 13 10 9 11 26 25 27 24 23 25 32 31 33 30 29 31 28 27 29 26 25 27 24 23 25 22 21 23 20 19 21 18 17 19 16 15 17 28 27 29 34 33 35 32 31 33 30 29 31 36 35 37 34 33 35 32 31 33 30 29 31 28 27 29 26 25 27 24 23 25 22 21 23 20 19 21 18 17 19 16 15 17 14 13 15 12 11 13 10 9 11 14 13 15 12 11 13 16 15 17 20 19 21 18 17 19 28 27 29 26 25 27 24 23 25 22 21 23 20 19 21 18 17 19 16 15 17 14 13 15 30 29 31 28 27 29 26 25 27 24 23 25 22 21 23 34 33 35 32 31 33 30 29 31 28 27 29 26 25 27 24 23 25 32 31 33 30 29 31 28 27 29 26 25 27 36 35 37 34 33 35 32 31 33 30 29 31 28 27 29 26 25 27 24 23 25 22 21 23 20 19 21 18 17 19 16 15 17 20 19 21 18 17 19 22 21 23 20 19 21 24 23 25 22 21 23 24 23 25 26 25 27
[18.530254s] A=259 K=481 i=3.971724318e+09) 37 35 33 31 29 27 25 23 21 19 17 15 13 11 9 7 5 3 1 36 35 37 34 33 35 32 31 33 30 29 31 28 27 29 26 25 27 24 23 25 22 21 23 20 19 21 18 17 19 16 15 17 14 13 15 12 11 13 10 9 11 8 7 9 6 5 7 4 3 5 2 1 3 0 1 34 33 35 32 31 33 30 29 31 28 27 29 26 25 27 24 23 25 22 21 23 20 19 21 18 17 19 16 15 17 14 13 15 12 11 13 10 9 11 8 7 9 6 5 7 4 3 5 2 1 3 36 35 37 34 33 35 32 31 33 30 29 31 28 27 29 26 25 27 24 23 25 22 21 23 20 19 21 18 17 19 16 15 17 14 13 15 12 11 13 10 9 11 8 7 9 6 5 7 4 3 5 2 1 3 32 31 33 30 29 31 28 27 29 26 25 27 24 23 25 22 21 23 20 19 21 18 17 19 16 15 17 14 13 15 12 11 13 10 9 11 8 7 9 6 5 7 4 3 5 36 35 37 34 33 35 32 31 33 30 29 31 28 27 29 26 25 27 24 23 25 22 21 23 20 19 21 18 17 19 16 15 17 14 13 15 12 11 13 10 9 11 8 7 9 6 5 7 4 3 5 30 29 31 28 27 29 26 25 27 24 23 25 22 21 23 20 19 21 18 17 19 16 15 17 14 13 15 12 11 13 10 9 11 8 7 9 6 5 7 34 33 35 32 31 33 30 29 31 28 27 29 26 25 27 24 23 25 22 21 23 20 19 21 18 17 19 16 15 17 14 13 15 12 11 13 10 9 11 8 7 9 6 5 7 28 27 29 26 25 27 24 23 25 22 21 23 20 19 21 18 17 19 16 15 17 14 13 15 12 11 13 10 9 11 8 7 9 20 19 21 18 17 19 22 21 23 20 19 21 24 23 25 22 21 23 26 25 27 24 23 25 26 25 27 28 27 29 36 35 37 34 33 35 32 31 33 30 29 31 28 27 29 26 25 27 24 23 25 22 21 23 20 19 21 18 17 19 16 15 17 14 13 15 12 11 13 10 9 11 8 7 9 18 17 19 16 15 17 14 13 15 20 19 21 18 17 19 16 15 17 14 13 15 12 11 13 22 21 23 20 19 21 18 17 19 16 15 17 14 13 15 12 11 13 10 9 11 24 23 25 26 25 27 32 31 33 30 29 31 28 27 29 26 25 27 24 23 25 22 21 23 20 19 21 18 17 19 16 15 17 34 33 35 32 31 33 30 29 31 28 27 29 36 35 37 34 33 35 32 31 33 30 29 31 28 27 29 26 25 27 24 23 25 22 21 23 20 19 21 18 17 19 16 15 17 14 13 15 12 11 13 10 9 11 14 13 15 12 11 13 16 15 17 20 19 21 18 17 19 26 25 27 24 23 25 22 21 23 20 19 21 18 17 19 16 15 17 14 13 15 28 27 29 30 29 31 28 27 29 26 25 27 24 23 25 22 21 23 34 33 35 32 31 33 30 29 31 28 27 29 26 25 27 24 23 25 36 35 37 34 33 35 32 31 33 30 29 31 28 27 29 26 25 27 24 23 25 22 21 23 20 19 21 18 17 19 16 15 17 20 19 21 18 17 19 22 21 23 20 19 21 32 31 33 30 29 31 28 27 29 26 25 27 24 23 25 22 21 23 24 23 25 26 25 27
[18.660958s] A=259 K=481 i=3.998892302e+09) 37 35 33 31 29 27 25 23 21 19 17 15 13 11 9 7 5 3 1 36 35 37 34 33 35 32 31 33 30 29 31 28 27 29 26 25 27 24 23 25 22 21 23 20 19 21 18 17 19 16 15 17 14 13 15 12 11 13 10 9 11 8 7 9 6 5 7 4 3 5 2 1 3 0 1 34 33 35 32 31 33 30 29 31 28 27 29 26 25 27 24 23 25 22 21 23 20 19 21 18 17 19 16 15 17 14 13 15 12 11 13 10 9 11 8 7 9 6 5 7 4 3 5 2 1 3 36 35 37 34 33 35 32 31 33 30 29 31 28 27 29 26 25 27 24 23 25 22 21 23 20 19 21 18 17 19 16 15 17 14 13 15 12 11 13 10 9 11 8 7 9 6 5 7 4 3 5 2 1 3 32 31 33 30 29 31 28 27 29 26 25 27 24 23 25 22 21 23 20 19 21 18 17 19 16 15 17 14 13 15 12 11 13 10 9 11 8 7 9 6 5 7 4 3 5 36 35 37 34 33 35 32 31 33 30 29 31 28 27 29 26 25 27 24 23 25 22 21 23 20 19 21 18 17 19 16 15 17 14 13 15 12 11 13 10 9 11 8 7 9 6 5 7 4 3 5 30 29 31 28 27 29 26 25 27 24 23 25 22 21 23 20 19 21 18 17 19 16 15 17 14 13 15 12 11 13 10 9 11 8 7 9 6 5 7 34 33 35 32 31 33 30 29 31 28 27 29 26 25 27 24 23 25 22 21 23 20 19 21 18 17 19 16 15 17 14 13 15 12 11 13 10 9 11 8 7 9 6 5 7 28 27 29 26 25 27 24 23 25 22 21 23 20 19 21 18 17 19 16 15 17 14 13 15 12 11 13 10 9 11 8 7 9 20 19 21 18 17 19 22 21 23 24 23 25 22 21 23 20 19 21 18 17 19 16 15 17 14 13 15 12 11 13 26 25 27 24 23 25 22 21 23 20 19 21 18 17 19 16 15 17 14 13 15 12 11 13 10 9 11 20 19 21 18 17 19 16 15 17 28 27 29 26 25 27 24 23 25 36 35 37 34 33 35 32 31 33 30 29 31 28 27 29 26 25 27 24 23 25 22 21 23 20 19 21 18 17 19 16 15 17 14 13 15 12 11 13 10 9 11 8 7 9 14 13 15 16 15 17 28 27 29 32 31 33 30 29 31 36 35 37 34 33 35 32 31 33 30 29 31 28 27 29 26 25 27 24 23 25 22 21 23 20 19 21 18 17 19 16 15 17 14 13 15 12 11 13 10 9 11 28 27 29 26 25 27 24 23 25 22 21 23 20 19 21 18 17 19 16 15 17 14 13 15 12 11 13 34 33 35 32 31 33 30 29 31 28 27 29 26 25 27 24 23 25 22 21 23 20 19 21 18 17 19 16 15 17 14 13 15 18 17 19 30 29 31 28 27 29 26 25 27 24 23 25 22 21 23 20 19 21 32 31 33 30 29 31 28 27 29 26 25 27 36 35 37 34 33 35 32 31 33 30 29 31 28 27 29 26 25 27 24 23 25 22 21 23 20 19 21 18 17 19 16 15 17 18 17 19 20 19 21 24 23 25 22 21 23 36 35 37 34 33 35 32 31 33 30 29 31 28 27 29 26 25 27 24 23 25 22 21 23 20 19 21 26 25 27 28 27 29
[19.465690s] A=259 K=481 i=4.162760568e+09) 37 35 33 31 29 27 25 23 21 19 17 15 13 11 9 7 5 3 1 36 35 37 34 33 35 32 31 33 30 29 31 28 27 29 26 25 27 24 23 25 22 21 23 20 19 21 18 17 19 16 15 17 14 13 15 12 11 13 10 9 11 8 7 9 6 5 7 4 3 5 2 1 3 0 1 34 33 35 32 31 33 30 29 31 28 27 29 26 25 27 24 23 25 22 21 23 20 19 21 18 17 19 16 15 17 14 13 15 12 11 13 10 9 11 8 7 9 6 5 7 4 3 5 2 1 3 36 35 37 34 33 35 32 31 33 30 29 31 28 27 29 26 25 27 24 23 25 22 21 23 20 19 21 18 17 19 16 15 17 14 13 15 12 11 13 10 9 11 8 7 9 6 5 7 4 3 5 2 1 3 32 31 33 30 29 31 28 27 29 26 25 27 24 23 25 22 21 23 20 19 21 18 17 19 16 15 17 14 13 15 12 11 13 10 9 11 8 7 9 6 5 7 4 3 5 36 35 37 34 33 35 32 31 33 30 29 31 28 27 29 26 25 27 24 23 25 22 21 23 20 19 21 18 17 19 16 15 17 14 13 15 12 11 13 10 9 11 8 7 9 6 5 7 4 3 5 30 29 31 28 27 29 26 25 27 24 23 25 22 21 23 20 19 21 18 17 19 16 15 17 14 13 15 12 11 13 10 9 11 8 7 9 6 5 7 34 33 35 32 31 33 30 29 31 28 27 29 26 25 27 24 23 25 22 21 23 20 19 21 18 17 19 16 15 17 14 13 15 12 11 13 10 9 11 8 7 9 6 5 7 28 27 29 26 25 27 24 23 25 22 21 23 20 19 21 18 17 19 16 15 17 14 13 15 12 11 13 10 9 11 8 7 9 20 19 21 22 21 23 24 23 25 26 25 27 24 23 25 22 21 23 20 19 21 18 17 19 16 15 17 14 13 15 12 11 13 10 9 11 20 19 21 18 17 19 16 15 17 22 21 23 20 19 21 18 17 19 16 15 17 14 13 15 12 11 13 24 23 25 26 25 27 28 27 29 36 35 37 34 33 35 32 31 33 30 29 31 28 27 29 26 25 27 24 23 25 22 21 23 20 19 21 18 17 19 16 15 17 14 13 15 12 11 13 10 9 11 8 7 9 18 17 19 32 31 33 30 29 31 28 27 29 26 25 27 24 23 25 22 21 23 20 19 21 26 25 27 24 23 25 28 27 29 30 29 31 34 33 35 32 31 33 36 35 37 34 33 35 32 31 33 30 29 31 28 27 29 26 25 27 24 23 25 22 21 23 20 19 21 18 17 19 16 15 17 14 13 15 12 11 13 10 9 11 18 17 19 16 15 17 14 13 15 12 11 13 14 13 15 16 15 17 20 19 21 18 17 19 30 29 31 28 27 29 26 25 27 24 23 25 22 21 23 20 19 21 18 17 19 16 15 17 14 13 15 36 35 37 34 33 35 32 31 33 30 29 31 28 27 29 26 25 27 24 23 25 22 21 23 20 19 21 18 17 19 16 15 17 28 27 29 26 25 27 24 23 25 22 21 23 20 19 21 18 17 19 32 31 33 30 29 31 28 27 29 26 25 27 34 33 35 32 31 33 30 29 31 28 27 29 26 25 27 24 23 25 22 21 23 20 19 21 24 23 25 22 21 23 26 25 27
[19.491739s] A=259 K=481 i=4.166821434e+09) 37 35 33 31 29 27 25 23 21 19 17 15 13 11 9 7 5 3 1 36 35 37 34 33 35 32 31 33 30 29 31 28 27 29 26 25 27 24 23 25 22 21 23 20 19 21 18 17 19 16 15 17 14 13 15 12 11 13 10 9 11 8 7 9 6 5 7 4 3 5 2 1 3 0 1 34 33 35 32 31 33 30 29 31 28 27 29 26 25 27 24 23 25 22 21 23 20 19 21 18 17 19 16 15 17 14 13 15 12 11 13 10 9 11 8 7 9 6 5 7 4 3 5 2 1 3 36 35 37 34 33 35 32 31 33 30 29 31 28 27 29 26 25 27 24 23 25 22 21 23 20 19 21 18 17 19 16 15 17 14 13 15 12 11 13 10 9 11 8 7 9 6 5 7 4 3 5 2 1 3 32 31 33 30 29 31 28 27 29 26 25 27 24 23 25 22 21 23 20 19 21 18 17 19 16 15 17 14 13 15 12 11 13 10 9 11 8 7 9 6 5 7 4 3 5 36 35 37 34 33 35 32 31 33 30 29 31 28 27 29 26 25 27 24 23 25 22 21 23 20 19 21 18 17 19 16 15 17 14 13 15 12 11 13 10 9 11 8 7 9 6 5 7 4 3 5 30 29 31 28 27 29 26 25 27 24 23 25 22 21 23 20 19 21 18 17 19 16 15 17 14 13 15 12 11 13 10 9 11 8 7 9 6 5 7 34 33 35 32 31 33 30 29 31 28 27 29 26 25 27 24 23 25 22 21 23 20 19 21 18 17 19 16 15 17 14 13 15 12 11 13 10 9 11 8 7 9 6 5 7 28 27 29 26 25 27 24 23 25 22 21 23 20 19 21 18 17 19 16 15 17 14 13 15 12 11 13 10 9 11 8 7 9 20 19 21 22 21 23 24 23 25 26 25 27 24 23 25 22 21 23 20 19 21 18 17 19 16 15 17 14 13 15 12 11 13 10 9 11 20 19 21 18 17 19 16 15 17 22 21 23 20 19 21 18 17 19 28 27 29 36 35 37 34 33 35 32 31 33 30 29 31 28 27 29 26 25 27 24 23 25 22 21 23 20 19 21 18 17 19 16 15 17 14 13 15 12 11 13 10 9 11 8 7 9 16 15 17 14 13 15 12 11 13 18 17 19 26 25 27 24 23 25 28 27 29 26 25 27 32 31 33 30 29 31 28 27 29 36 35 37 34 33 35 32 31 33 30 29 31 28 27 29 26 25 27 24 23 25 22 21 23 20 19 21 18 17 19 16 15 17 14 13 15 12 11 13 10 9 11 26 25 27 24 23 25 22 21 23 20 19 21 18 17 19 16 15 17 14 13 15 12 11 13 14 13 15 16 15 17 20 19 21 18 17 19 34 33 35 32 31 33 30 29 31 28 27 29 26 25 27 24 23 25 22 21 23 20 19 21 18 17 19 16 15 17 14 13 15 28 27 29 30 29 31 36 35 37 34 33 35 32 31 33 30 29 31 28 27 29 26 25 27 24 23 25 22 21 23 20 19 21 18 17 19 16 15 17 28 27 29 26 25 27 24 23 25 22 21 23 20 19 21 18 17 19 36 35 37 34 33 35 32 31 33 30 29 31 28 27 29 26 25 27 24 23 25 22 21 23 20 19 21 32 31 33 30 29 31 28 27 29 26 25 27 24 23 25 22 21 23
[19.497529s] A=259 K=481 i=4.168224204e+09) 37 35 33 31 29 27 25 23 21 19 17 15 13 11 9 7 5 3 1 36 35 37 34 33 35 32 31 33 30 29 31 28 27 29 26 25 27 24 23 25 22 21 23 20 19 21 18 17 19 16 15 17 14 13 15 12 11 13 10 9 11 8 7 9 6 5 7 4 3 5 2 1 3 0 1 34 33 35 32 31 33 30 29 31 28 27 29 26 25 27 24 23 25 22 21 23 20 19 21 18 17 19 16 15 17 14 13 15 12 11 13 10 9 11 8 7 9 6 5 7 4 3 5 2 1 3 36 35 37 34 33 35 32 31 33 30 29 31 28 27 29 26 25 27 24 23 25 22 21 23 20 19 21 18 17 19 16 15 17 14 13 15 12 11 13 10 9 11 8 7 9 6 5 7 4 3 5 2 1 3 32 31 33 30 29 31 28 27 29 26 25 27 24 23 25 22 21 23 20 19 21 18 17 19 16 15 17 14 13 15 12 11 13 10 9 11 8 7 9 6 5 7 4 3 5 36 35 37 34 33 35 32 31 33 30 29 31 28 27 29 26 25 27 24 23 25 22 21 23 20 19 21 18 17 19 16 15 17 14 13 15 12 11 13 10 9 11 8 7 9 6 5 7 4 3 5 30 29 31 28 27 29 26 25 27 24 23 25 22 21 23 20 19 21 18 17 19 16 15 17 14 13 15 12 11 13 10 9 11 8 7 9 6 5 7 34 33 35 32 31 33 30 29 31 28 27 29 26 25 27 24 23 25 22 21 23 20 19 21 18 17 19 16 15 17 14 13 15 12 11 13 10 9 11 8 7 9 6 5 7 28 27 29 26 25 27 24 23 25 22 21 23 20 19 21 18 17 19 16 15 17 14 13 15 12 11 13 10 9 11 8 7 9 20 19 21 22 21 23 24 23 25 26 25 27 24 23 25 22 21 23 20 19 21 18 17 19 16 15 17 14 13 15 12 11 13 10 9 11 20 19 21 18 17 19 16 15 17 22 21 23 20 19 21 18 17 19 24 23 25 26 25 27 28 27 29 36 35 37 34 33 35 32 31 33 30 29 31 28 27 29 26 25 27 24 23 25 22 21 23 20 19 21 18 17 19 16 15 17 14 13 15 12 11 13 10 9 11 8 7 9 16 15 17 14 13 15 12 11 13 18 17 19 26 25 27 24 23 25 32 31 33 30 29 31 28 27 29 26 25 27 28 27 29 34 33 35 32 31 33 30 29 31 36 35 37 34 33 35 32 31 33 30 29 31 28 27 29 26 25 27 24 23 25 22 21 23 20 19 21 18 17 19 16 15 17 14 13 15 12 11 13 10 9 11 24 23 25 22 21 23 20 19 21 18 17 19 16 15 17 14 13 15 12 11 13 14 13 15 16 15 17 20 19 21 18 17 19 26 25 27 28 27 29 26 25 27 24 23 25 22 21 23 20 19 21 18 17 19 16 15 17 14 13 15 30 29 31 34 33 35 32 31 33 36 35 37 34 33 35 32 31 33 30 29 31 28 27 29 26 25 27 24 23 25 22 21 23 20 19 21 18 17 19 16 15 17 28 27 29 26 25 27 24 23 25 22 21 23 20 19 21 18 17 19 30 29 31 28 27 29 26 25 27 24 23 25 22 21 23 20 19 21 32 31 33 30 29 31 28 27 29 26 25 27 24 23 25 22 21 23
[19.665452s] A=259 K=481 i=4.200094763e+09) 37 35 33 31 29 27 25 23 21 19 17 15 13 11 9 7 5 3 1 36 35 37 34 33 35 32 31 33 30 29 31 28 27 29 26 25 27 24 23 25 22 21 23 20 19 21 18 17 19 16 15 17 14 13 15 12 11 13 10 9 11 8 7 9 6 5 7 4 3 5 2 1 3 0 1 34 33 35 32 31 33 30 29 31 28 27 29 26 25 27 24 23 25 22 21 23 20 19 21 18 17 19 16 15 17 14 13 15 12 11 13 10 9 11 8 7 9 6 5 7 4 3 5 2 1 3 36 35 37 34 33 35 32 31 33 30 29 31 28 27 29 26 25 27 24 23 25 22 21 23 20 19 21 18 17 19 16 15 17 14 13 15 12 11 13 10 9 11 8 7 9 6 5 7 4 3 5 2 1 3 32 31 33 30 29 31 28 27 29 26 25 27 24 23 25 22 21 23 20 19 21 18 17 19 16 15 17 14 13 15 12 11 13 10 9 11 8 7 9 6 5 7 4 3 5 36 35 37 34 33 35 32 31 33 30 29 31 28 27 29 26 25 27 24 23 25 22 21 23 20 19 21 18 17 19 16 15 17 14 13 15 12 11 13 10 9 11 8 7 9 6 5 7 4 3 5 30 29 31 28 27 29 26 25 27 24 23 25 22 21 23 20 19 21 18 17 19 16 15 17 14 13 15 12 11 13 10 9 11 8 7 9 6 5 7 34 33 35 32 31 33 30 29 31 28 27 29 26 25 27 24 23 25 22 21 23 20 19 21 18 17 19 16 15 17 14 13 15 12 11 13 10 9 11 8 7 9 6 5 7 28 27 29 26 25 27 24 23 25 22 21 23 20 19 21 18 17 19 16 15 17 14 13 15 12 11 13 10 9 11 8 7 9 18 17 19 16 15 17 14 13 15 12 11 13 10 9 11 20 19 21 22 21 23 20 19 21 18 17 19 16 15 17 14 13 15 24 23 25 22 21 23 20 19 21 18 17 19 16 15 17 14 13 15 12 11 13 26 25 27 24 23 25 22 21 23 20 19 21 18 17 19 30 29 31 28 27 29 26 25 27 24 23 25 22 21 23 30 29 31 28 27 29 26 25 27 24 23 25 32 31 33 30 29 31 28 27 29 26 25 27 36 35 37 34 33 35 32 31 33 30 29 31 28 27 29 26 25 27 24 23 25 22 21 23 20 19 21 18 17 19 16 15 17 14 13 15 12 11 13 10 9 11 8 7 9 16 15 17 14 13 15 12 11 13 10 9 11 18 17 19 16 15 17 24 23 25 22 21 23 20 19 21 18 17 19 36 35 37 34 33 35 32 31 33 30 29 31 28 27 29 26 25 27 24 23 25 22 21 23 20 19 21 18 17 19 16 15 17 14 13 15 12 11 13 10 9 11 16 15 17 14 13 15 12 11 13 28 27 29 26 25 27 34 33 35 32 31 33 30 29 31 28 27 29 26 25 27 24 23 25 22 21 23 20 19 21 18 17 19 16 15 17 14 13 15 20 19 21 18 17 19 36 35 37 34 33 35 32 31 33 30 29 31 28 27 29 26 25 27 24 23 25 22 21 23 20 19 21 18 17 19 16 15 17 22 21 23 24 23 25 32 31 33 30 29 31 28 27 29 26 25 27 24 23 25 22 21 23 20 19 21 30 29 31 28 27 29 26 25 27
[19.665588s] A=259 K=481 i=4.200095901e+09) 37 35 33 31 29 27 25 23 21 19 17 15 13 11 9 7 5 3 1 36 35 37 34 33 35 32 31 33 30 29 31 28 27 29 26 25 27 24 23 25 22 21 23 20 19 21 18 17 19 16 15 17 14 13 15 12 11 13 10 9 11 8 7 9 6 5 7 4 3 5 2 1 3 0 1 34 33 35 32 31 33 30 29 31 28 27 29 26 25 27 24 23 25 22 21 23 20 19 21 18 17 19 16 15 17 14 13 15 12 11 13 10 9 11 8 7 9 6 5 7 4 3 5 2 1 3 36 35 37 34 33 35 32 31 33 30 29 31 28 27 29 26 25 27 24 23 25 22 21 23 20 19 21 18 17 19 16 15 17 14 13 15 12 11 13 10 9 11 8 7 9 6 5 7 4 3 5 2 1 3 32 31 33 30 29 31 28 27 29 26 25 27 24 23 25 22 21 23 20 19 21 18 17 19 16 15 17 14 13 15 12 11 13 10 9 11 8 7 9 6 5 7 4 3 5 36 35 37 34 33 35 32 31 33 30 29 31 28 27 29 26 25 27 24 23 25 22 21 23 20 19 21 18 17 19 16 15 17 14 13 15 12 11 13 10 9 11 8 7 9 6 5 7 4 3 5 30 29 31 28 27 29 26 25 27 24 23 25 22 21 23 20 19 21 18 17 19 16 15 17 14 13 15 12 11 13 10 9 11 8 7 9 6 5 7 34 33 35 32 31 33 30 29 31 28 27 29 26 25 27 24 23 25 22 21 23 20 19 21 18 17 19 16 15 17 14 13 15 12 11 13 10 9 11 8 7 9 6 5 7 28 27 29 26 25 27 24 23 25 22 21 23 20 19 21 18 17 19 16 15 17 14 13 15 12 11 13 10 9 11 8 7 9 18 17 19 16 15 17 14 13 15 12 11 13 10 9 11 20 19 21 22 21 23 20 19 21 18 17 19 16 15 17 14 13 15 24 23 25 22 21 23 20 19 21 18 17 19 16 15 17 14 13 15 12 11 13 26 25 27 24 23 25 22 21 23 20 19 21 18 17 19 30 29 31 28 27 29 26 25 27 24 23 25 22 21 23 30 29 31 28 27 29 26 25 27 24 23 25 32 31 33 30 29 31 28 27 29 26 25 27 36 35 37 34 33 35 32 31 33 30 29 31 28 27 29 26 25 27 24 23 25 22 21 23 20 19 21 18 17 19 16 15 17 14 13 15 12 11 13 10 9 11 8 7 9 16 15 17 14 13 15 12 11 13 10 9 11 18 17 19 24 23 25 22 21 23 20 19 21 18 17 19 16 15 17 36 35 37 34 33 35 32 31 33 30 29 31 28 27 29 26 25 27 24 23 25 22 21 23 20 19 21 18 17 19 16 15 17 14 13 15 12 11 13 10 9 11 14 13 15 12 11 13 16 15 17 28 27 29 26 25 27 34 33 35 32 31 33 30 29 31 28 27 29 26 25 27 24 23 25 22 21 23 20 19 21 18 17 19 16 15 17 14 13 15 20 19 21 18 17 19 22 21 23 36 35 37 34 33 35 32 31 33 30 29 31 28 27 29 26 25 27 24 23 25 22 21 23 20 19 21 18 17 19 16 15 17 32 31 33 30 29 31 28 27 29 26 25 27 24 23 25 22 21 23 20 19 21 24 23 25 30 29 31 28 27 29 26 25 27
[19.666617s] A=259 K=481 i=4.200225961e+09) 37 35 33 31 29 27 25 23 21 19 17 15 13 11 9 7 5 3 1 36 35 37 34 33 35 32 31 33 30 29 31 28 27 29 26 25 27 24 23 25 22 21 23 20 19 21 18 17 19 16 15 17 14 13 15 12 11 13 10 9 11 8 7 9 6 5 7 4 3 5 2 1 3 0 1 34 33 35 32 31 33 30 29 31 28 27 29 26 25 27 24 23 25 22 21 23 20 19 21 18 17 19 16 15 17 14 13 15 12 11 13 10 9 11 8 7 9 6 5 7 4 3 5 2 1 3 36 35 37 34 33 35 32 31 33 30 29 31 28 27 29 26 25 27 24 23 25 22 21 23 20 19 21 18 17 19 16 15 17 14 13 15 12 11 13 10 9 11 8 7 9 6 5 7 4 3 5 2 1 3 32 31 33 30 29 31 28 27 29 26 25 27 24 23 25 22 21 23 20 19 21 18 17 19 16 15 17 14 13 15 12 11 13 10 9 11 8 7 9 6 5 7 4 3 5 36 35 37 34 33 35 32 31 33 30 29 31 28 27 29 26 25 27 24 23 25 22 21 23 20 19 21 18 17 19 16 15 17 14 13 15 12 11 13 10 9 11 8 7 9 6 5 7 4 3 5 30 29 31 28 27 29 26 25 27 24 23 25 22 21 23 20 19 21 18 17 19 16 15 17 14 13 15 12 11 13 10 9 11 8 7 9 6 5 7 34 33 35 32 31 33 30 29 31 28 27 29 26 25 27 24 23 25 22 21 23 20 19 21 18 17 19 16 15 17 14 13 15 12 11 13 10 9 11 8 7 9 6 5 7 28 27 29 26 25 27 24 23 25 22 21 23 20 19 21 18 17 19 16 15 17 14 13 15 12 11 13 10 9 11 8 7 9 18 17 19 16 15 17 14 13 15 12 11 13 10 9 11 20 19 21 22 21 23 20 19 21 18 17 19 16 15 17 14 13 15 24 23 25 22 21 23 20 19 21 18 17 19 16 15 17 14 13 15 12 11 13 26 25 27 24 23 25 22 21 23 20 19 21 18 17 19 28 27 29 26 25 27 24 23 25 22 21 23 30 29 31 28 27 29 26 25 27 24 23 25 32 31 33 30 29 31 28 27 29 26 25 27 30 29 31 34 33 35 32 31 33 36 35 37 34 33 35 32 31 33 30 29 31 28 27 29 26 25 27 24 23 25 22 21 23 20 19 21 18 17 19 16 15 17 14 13 15 12 11 13 10 9 11 8 7 9 16 15 17 14 13 15 12 11 13 10 9 11 18 17 19 24 23 25 22 21 23 20 19 21 18 17 19 16 15 17 30 29 31 28 27 29 26 25 27 24 23 25 22 21 23 28 27 29 26 25 27 36 35 37 34 33 35 32 31 33 30 29 31 28 27 29 26 25 27 24 23 25 22 21 23 20 19 21 18 17 19 16 15 17 14 13 15 12 11 13 10 9 11 14 13 15 12 11 13 16 15 17 20 19 21 18 17 19 16 15 17 14 13 15 22 21 23 20 19 21 18 17 19 34 33 35 32 31 33 30 29 31 28 27 29 26 25 27 24 23 25 22 21 23 20 19 21 18 17 19 16 15 17 24 23 25 22 21 23 32 31 33 30 29 31 28 27 29 26 25 27 24 23 25 22 21 23 20 19 21 30 29 31 28 27 29 26 25 27
[19.666870s] A=259 K=481 i=4.200252022e+09) 37 35 33 31 29 27 25 23 21 19 17 15 13 11 9 7 5 3 1 36 35 37 34 33 35 32 31 33 30 29 31 28 27 29 26 25 27 24 23 25 22 21 23 20 19 21 18 17 19 16 15 17 14 13 15 12 11 13 10 9 11 8 7 9 6 5 7 4 3 5 2 1 3 0 1 34 33 35 32 31 33 30 29 31 28 27 29 26 25 27 24 23 25 22 21 23 20 19 21 18 17 19 16 15 17 14 13 15 12 11 13 10 9 11 8 7 9 6 5 7 4 3 5 2 1 3 36 35 37 34 33 35 32 31 33 30 29 31 28 27 29 26 25 27 24 23 25 22 21 23 20 19 21 18 17 19 16 15 17 14 13 15 12 11 13 10 9 11 8 7 9 6 5 7 4 3 5 2 1 3 32 31 33 30 29 31 28 27 29 26 25 27 24 23 25 22 21 23 20 19 21 18 17 19 16 15 17 14 13 15 12 11 13 10 9 11 8 7 9 6 5 7 4 3 5 36 35 37 34 33 35 32 31 33 30 29 31 28 27 29 26 25 27 24 23 25 22 21 23 20 19 21 18 17 19 16 15 17 14 13 15 12 11 13 10 9 11 8 7 9 6 5 7 4 3 5 30 29 31 28 27 29 26 25 27 24 23 25 22 21 23 20 19 21 18 17 19 16 15 17 14 13 15 12 11 13 10 9 11 8 7 9 6 5 7 34 33 35 32 31 33 30 29 31 28 27 29 26 25 27 24 23 25 22 21 23 20 19 21 18 17 19 16 15 17 14 13 15 12 11 13 10 9 11 8 7 9 6 5 7 28 27 29 26 25 27 24 23 25 22 21 23 20 19 21 18 17 19 16 15 17 14 13 15 12 11 13 10 9 11 8 7 9 18 17 19 16 15 17 14 13 15 12 11 13 10 9 11 20 19 21 22 21 23 20 19 21 18 17 19 16 15 17 14 13 15 24 23 25 22 21 23 20 19 21 18 17 19 16 15 17 14 13 15 12 11 13 26 25 27 24 23 25 22 21 23 20 19 21 18 17 19 28 27 29 26 25 27 24 23 25 30 29 31 28 27 29 26 25 27 24 23 25 22 21 23 32 31 33 30 29 31 28 27 29 36 35 37 34 33 35 32 31 33 30 29 31 28 27 29 26 25 27 24 23 25 22 21 23 20 19 21 18 17 19 16 15 17 14 13 15 12 11 13 10 9 11 8 7 9 16 15 17 14 13 15 12 11 13 10 9 11 18 17 19 16 15 17 26 25 27 24 23 25 22 21 23 20 19 21 18 17 19 28 27 29 36 35 37 34 33 35 32 31 33 30 29 31 28 27 29 26 25 27 24 23 25 22 21 23 20 19 21 18 17 19 16 15 17 14 13 15 12 11 13 10 9 11 16 15 17 14 13 15 12 11 13 34 33 35 32 31 33 30 29 31 28 27 29 26 25 27 24 23 25 22 21 23 20 19 21 18 17 19 16 15 17 14 13 15 20 19 21 18 17 19 30 29 31 28 27 29 26 25 27 36 35 37 34 33 35 32 31 33 30 29 31 28 27 29 26 25 27 24 23 25 22 21 23 20 19 21 18 17 19 16 15 17 24 23 25 22 21 23 32 31 33 30 29 31 28 27 29 26 25 27 24 23 25 22 21 23 20 19 21 26 25 27 28 27 29
[19.667136s] A=259 K=481 i=4.200292066e+09) 37 35 33 31 29 27 25 23 21 19 17 15 13 11 9 7 5 3 1 36 35 37 34 33 35 32 31 33 30 29 31 28 27 29 26 25 27 24 23 25 22 21 23 20 19 21 18 17 19 16 15 17 14 13 15 12 11 13 10 9 11 8 7 9 6 5 7 4 3 5 2 1 3 0 1 34 33 35 32 31 33 30 29 31 28 27 29 26 25 27 24 23 25 22 21 23 20 19 21 18 17 19 16 15 17 14 13 15 12 11 13 10 9 11 8 7 9 6 5 7 4 3 5 2 1 3 36 35 37 34 33 35 32 31 33 30 29 31 28 27 29 26 25 27 24 23 25 22 21 23 20 19 21 18 17 19 16 15 17 14 13 15 12 11 13 10 9 11 8 7 9 6 5 7 4 3 5 2 1 3 32 31 33 30 29 31 28 27 29 26 25 27 24 23 25 22 21 23 20 19 21 18 17 19 16 15 17 14 13 15 12 11 13 10 9 11 8 7 9 6 5 7 4 3 5 36 35 37 34 33 35 32 31 33 30 29 31 28 27 29 26 25 27 24 23 25 22 21 23 20 19 21 18 17 19 16 15 17 14 13 15 12 11 13 10 9 11 8 7 9 6 5 7 4 3 5 30 29 31 28 27 29 26 25 27 24 23 25 22 21 23 20 19 21 18 17 19 16 15 17 14 13 15 12 11 13 10 9 11 8 7 9 6 5 7 34 33 35 32 31 33 30 29 31 28 27 29 26 25 27 24 23 25 22 21 23 20 19 21 18 17 19 16 15 17 14 13 15 12 11 13 10 9 11 8 7 9 6 5 7 28 27 29 26 25 27 24 23 25 22 21 23 20 19 21 18 17 19 16 15 17 14 13 15 12 11 13 10 9 11 8 7 9 18 17 19 16 15 17 14 13 15 12 11 13 10 9 11 20 19 21 22 21 23 20 19 21 18 17 19 16 15 17 14 13 15 24 23 25 22 21 23 20 19 21 18 17 19 16 15 17 14 13 15 12 11 13 26 25 27 24 23 25 22 21 23 20 19 21 18 17 19 28 27 29 26 25 27 24 23 25 30 29 31 28 27 29 26 25 27 24 23 25 22 21 23 32 31 33 30 29 31 28 27 29 30 29 31 34 33 35 32 31 33 36 35 37 34 33 35 32 31 33 30 29 31 28 27 29 26 25 27 24 23 25 22 21 23 20 19 21 18 17 19 16 15 17 14 13 15 12 11 13 10 9 11 8 7 9 16 15 17 14 13 15 12 11 13 10 9 11 18 17 19 16 15 17 26 25 27 24 23 25 22 21 23 20 19 21 18 17 19 28 27 29 26 25 27 30 29 31 28 27 29 36 35 37 34 33 35 32 31 33 30 29 31 28 27 29 26 25 27 24 23 25 22 21 23 20 19 21 18 17 19 16 15 17 14 13 15 12 11 13 10 9 11 16 15 17 14 13 15 12 11 13 26 25 27 24 23 25 22 21 23 20 19 21 18 17 19 16 15 17 14 13 15 20 19 21 18 17 19 34 33 35 32 31 33 30 29 31 28 27 29 26 25 27 24 23 25 22 21 23 20 19 21 18 17 19 16 15 17 24 23 25 22 21 23 30 29 31 28 27 29 32 31 33 30 29 31 28 27 29 26 25 27 24 23 25 22 21 23 20 19 21 26 25 27 28 27 29
[19.667402s] A=259 K=481 i=4.200356411e+09) 37 35 33 31 29 27 25 23 21 19 17 15 13 11 9 7 5 3 1 36 35 37 34 33 35 32 31 33 30 29 31 28 27 29 26 25 27 24 23 25 22 21 23 20 19 21 18 17 19 16 15 17 14 13 15 12 11 13 10 9 11 8 7 9 6 5 7 4 3 5 2 1 3 0 1 34 33 35 32 31 33 30 29 31 28 27 29 26 25 27 24 23 25 22 21 23 20 19 21 18 17 19 16 15 17 14 13 15 12 11 13 10 9 11 8 7 9 6 5 7 4 3 5 2 1 3 36 35 37 34 33 35 32 31 33 30 29 31 28 27 29 26 25 27 24 23 25 22 21 23 20 19 21 18 17 19 16 15 17 14 13 15 12 11 13 10 9 11 8 7 9 6 5 7 4 3 5 2 1 3 32 31 33 30 29 31 28 27 29 26 25 27 24 23 25 22 21 23 20 19 21 18 17 19 16 15 17 14 13 15 12 11 13 10 9 11 8 7 9 6 5 7 4 3 5 36 35 37 34 33 35 32 31 33 30 29 31 28 27 29 26 25 27 24 23 25 22 21 23 20 19 21 18 17 19 16 15 17 14 13 15 12 11 13 10 9 11 8 7 9 6 5 7 4 3 5 30 29 31 28 27 29 26 25 27 24 23 25 22 21 23 20 19 21 18 17 19 16 15 17 14 13 15 12 11 13 10 9 11 8 7 9 6 5 7 34 33 35 32 31 33 30 29 31 28 27 29 26 25 27 24 23 25 22 21 23 20 19 21 18 17 19 16 15 17 14 13 15 12 11 13 10 9 11 8 7 9 6 5 7 28 27 29 26 25 27 24 23 25 22 21 23 20 19 21 18 17 19 16 15 17 14 13 15 12 11 13 10 9 11 8 7 9 18 17 19 16 15 17 14 13 15 12 11 13 10 9 11 20 19 21 22 21 23 20 19 21 18 17 19 16 15 17 14 13 15 24 23 25 22 21 23 20 19 21 18 17 19 16 15 17 14 13 15 12 11 13 26 25 27 24 23 25 22 21 23 20 19 21 18 17 19 28 27 29 26 25 27 30 29 31 28 27 29 26 25 27 24 23 25 22 21 23 32 31 33 30 29 31 36 35 37 34 33 35 32 31 33 30 29 31 28 27 29 26 25 27 24 23 25 22 21 23 20 19 21 18 17 19 16 15 17 14 13 15 12 11 13 10 9 11 8 7 9 16 15 17 14 13 15 12 11 13 10 9 11 18 17 19 16 15 17 28 27 29 26 25 27 24 23 25 22 21 23 20 19 21 18 17 19 30 29 31 28 27 29 26 25 27 24 23 25 36 35 37 34 33 35 32 31 33 30 29 31 28 27 29 26 25 27 24 23 25 22 21 23 20 19 21 18 17 19 16 15 17 14 13 15 12 11 13 10 9 11 16 15 17 14 13 15 12 11 13 34 33 35 32 31 33 30 29 31 28 27 29 26 25 27 24 23 25 22 21 23 20 19 21 18 17 19 16 15 17 14 13 15 20 19 21 18 17 19 36 35 37 34 33 35 32 31 33 30 29 31 28 27 29 26 25 27 24 23 25 22 21 23 20 19 21 18 17 19 16 15 17 22 21 23 24 23 25 32 31 33 30 29 31 28 27 29 26 25 27 24 23 25 22 21 23 20 19 21 30 29 31 28 27 29 26 25 27
[19.667444s] A=259 K=481 i=4.200357797e+09) 37 35 33 31 29 27 25 23 21 19 17 15 13 11 9 7 5 3 1 36 35 37 34 33 35 32 31 33 30 29 31 28 27 29 26 25 27 24 23 25 22 21 23 20 19 21 18 17 19 16 15 17 14 13 15 12 11 13 10 9 11 8 7 9 6 5 7 4 3 5 2 1 3 0 1 34 33 35 32 31 33 30 29 31 28 27 29 26 25 27 24 23 25 22 21 23 20 19 21 18 17 19 16 15 17 14 13 15 12 11 13 10 9 11 8 7 9 6 5 7 4 3 5 2 1 3 36 35 37 34 33 35 32 31 33 30 29 31 28 27 29 26 25 27 24 23 25 22 21 23 20 19 21 18 17 19 16 15 17 14 13 15 12 11 13 10 9 11 8 7 9 6 5 7 4 3 5 2 1 3 32 31 33 30 29 31 28 27 29 26 25 27 24 23 25 22 21 23 20 19 21 18 17 19 16 15 17 14 13 15 12 11 13 10 9 11 8 7 9 6 5 7 4 3 5 36 35 37 34 33 35 32 31 33 30 29 31 28 27 29 26 25 27 24 23 25 22 21 23 20 19 21 18 17 19 16 15 17 14 13 15 12 11 13 10 9 11 8 7 9 6 5 7 4 3 5 30 29 31 28 27 29 26 25 27 24 23 25 22 21 23 20 19 21 18 17 19 16 15 17 14 13 15 12 11 13 10 9 11 8 7 9 6 5 7 34 33 35 32 31 33 30 29 31 28 27 29 26 25 27 24 23 25 22 21 23 20 19 21 18 17 19 16 15 17 14 13 15 12 11 13 10 9 11 8 7 9 6 5 7 28 27 29 26 25 27 24 23 25 22 21 23 20 19 21 18 17 19 16 15 17 14 13 15 12 11 13 10 9 11 8 7 9 18 17 19 16 15 17 14 13 15 12 11 13 10 9 11 20 19 21 22 21 23 20 19 21 18 17 19 16 15 17 14 13 15 24 23 25 22 21 23 20 19 21 18 17 19 16 15 17 14 13 15 12 11 13 26 25 27 24 23 25 22 21 23 20 19 21 18 17 19 28 27 29 26 25 27 30 29 31 28 27 29 26 25 27 24 23 25 22 21 23 32 31 33 30 29 31 36 35 37 34 33 35 32 31 33 30 29 31 28 27 29 26 25 27 24 23 25 22 21 23 20 19 21 18 17 19 16 15 17 14 13 15 12 11 13 10 9 11 8 7 9 16 15 17 14 13 15 12 11 13 10 9 11 18 17 19 28 27 29 26 25 27 24 23 25 22 21 23 20 19 21 18 17 19 16 15 17 30 29 31 28 27 29 26 25 27 24 23 25 36 35 37 34 33 35 32 31 33 30 29 31 28 27 29 26 25 27 24 23 25 22 21 23 20 19 21 18 17 19 16 15 17 14 13 15 12 11 13 10 9 11 14 13 15 12 11 13 16 15 17 34 33 35 32 31 33 30 29 31 28 27 29 26 25 27 24 23 25 22 21 23 20 19 21 18 17 19 16 15 17 14 13 15 20 19 21 18 17 19 22 21 23 36 35 37 34 33 35 32 31 33 30 29 31 28 27 29 26 25 27 24 23 25 22 21 23 20 19 21 18 17 19 16 15 17 32 31 33 30 29 31 28 27 29 26 25 27 24 23 25 22 21 23 20 19 21 24 23 25 30 29 31 28 27 29 26 25 27
[19.671728s] A=259 K=481 i=4.201586743e+09) 37 35 33 31 29 27 25 23 21 19 17 15 13 11 9 7 5 3 1 36 35 37 34 33 35 32 31 33 30 29 31 28 27 29 26 25 27 24 23 25 22 21 23 20 19 21 18 17 19 16 15 17 14 13 15 12 11 13 10 9 11 8 7 9 6 5 7 4 3 5 2 1 3 0 1 34 33 35 32 31 33 30 29 31 28 27 29 26 25 27 24 23 25 22 21 23 20 19 21 18 17 19 16 15 17 14 13 15 12 11 13 10 9 11 8 7 9 6 5 7 4 3 5 2 1 3 36 35 37 34 33 35 32 31 33 30 29 31 28 27 29 26 25 27 24 23 25 22 21 23 20 19 21 18 17 19 16 15 17 14 13 15 12 11 13 10 9 11 8 7 9 6 5 7 4 3 5 2 1 3 32 31 33 30 29 31 28 27 29 26 25 27 24 23 25 22 21 23 20 19 21 18 17 19 16 15 17 14 13 15 12 11 13 10 9 11 8 7 9 6 5 7 4 3 5 36 35 37 34 33 35 32 31 33 30 29 31 28 27 29 26 25 27 24 23 25 22 21 23 20 19 21 18 17 19 16 15 17 14 13 15 12 11 13 10 9 11 8 7 9 6 5 7 4 3 5 30 29 31 28 27 29 26 25 27 24 23 25 22 21 23 20 19 21 18 17 19 16 15 17 14 13 15 12 11 13 10 9 11 8 7 9 6 5 7 34 33 35 32 31 33 30 29 31 28 27 29 26 25 27 24 23 25 22 21 23 20 19 21 18 17 19 16 15 17 14 13 15 12 11 13 10 9 11 8 7 9 6 5 7 28 27 29 26 25 27 24 23 25 22 21 23 20 19 21 18 17 19 16 15 17 14 13 15 12 11 13 10 9 11 8 7 9 18 17 19 16 15 17 14 13 15 12 11 13 10 9 11 20 19 21 22 21 23 20 19 21 18 17 19 16 15 17 14 13 15 24 23 25 22 21 23 20 19 21 18 17 19 16 15 17 26 25 27 24 23 25 22 21 23 20 19 21 18 17 19 28 27 29 26 25 27 24 23 25 30 29 31 28 27 29 26 25 27 24 23 25 22 21 23 32 31 33 30 29 31 28 27 29 36 35 37 34 33 35 32 31 33 30 29 31 28 27 29 26 25 27 24 23 25 22 21 23 20 19 21 18 17 19 16 15 17 14 13 15 12 11 13 10 9 11 8 7 9 14 13 15 12 11 13 16 15 17 14 13 15 12 11 13 10 9 11 18 17 19 16 15 17 26 25 27 24 23 25 22 21 23 20 19 21 18 17 19 28 27 29 36 35 37 34 33 35 32 31 33 30 29 31 28 27 29 26 25 27 24 23 25 22 21 23 20 19 21 18 17 19 16 15 17 14 13 15 12 11 13 10 9 11 16 15 17 14 13 15 12 11 13 34 33 35 32 31 33 30 29 31 28 27 29 26 25 27 24 23 25 22 21 23 20 19 21 18 17 19 16 15 17 14 13 15 20 19 21 18 17 19 30 29 31 28 27 29 26 25 27 36 35 37 34 33 35 32 31 33 30 29 31 28 27 29 26 25 27 24 23 25 22 21 23 20 19 21 18 17 19 16 15 17 32 31 33 30 29 31 28 27 29 26 25 27 24 23 25 22 21 23 20 19 21 24 23 25 22 21 23 26 25 27 28 27 29
[19.671969s] A=259 K=481 i=4.201651779e+09) 37 35 33 31 29 27 25 23 21 19 17 15 13 11 9 7 5 3 1 36 35 37 34 33 35 32 31 33 30 29 31 28 27 29 26 25 27 24 23 25 22 21 23 20 19 21 18 17 19 16 15 17 14 13 15 12 11 13 10 9 11 8 7 9 6 5 7 4 3 5 2 1 3 0 1 34 33 35 32 31 33 30 29 31 28 27 29 26 25 27 24 23 25 22 21 23 20 19 21 18 17 19 16 15 17 14 13 15 12 11 13 10 9 11 8 7 9 6 5 7 4 3 5 2 1 3 36 35 37 34 33 35 32 31 33 30 29 31 28 27 29 26 25 27 24 23 25 22 21 23 20 19 21 18 17 19 16 15 17 14 13 15 12 11 13 10 9 11 8 7 9 6 5 7 4 3 5 2 1 3 32 31 33 30 29 31 28 27 29 26 25 27 24 23 25 22 21 23 20 19 21 18 17 19 16 15 17 14 13 15 12 11 13 10 9 11 8 7 9 6 5 7 4 3 5 36 35 37 34 33 35 32 31 33 30 29 31 28 27 29 26 25 27 24 23 25 22 21 23 20 19 21 18 17 19 16 15 17 14 13 15 12 11 13 10 9 11 8 7 9 6 5 7 4 3 5 30 29 31 28 27 29 26 25 27 24 23 25 22 21 23 20 19 21 18 17 19 16 15 17 14 13 15 12 11 13 10 9 11 8 7 9 6 5 7 34 33 35 32 31 33 30 29 31 28 27 29 26 25 27 24 23 25 22 21 23 20 19 21 18 17 19 16 15 17 14 13 15 12 11 13 10 9 11 8 7 9 6 5 7 28 27 29 26 25 27 24 23 25 22 21 23 20 19 21 18 17 19 16 15 17 14 13 15 12 11 13 10 9 11 8 7 9 18 17 19 16 15 17 14 13 15 12 11 13 10 9 11 20 19 21 22 21 23 20 19 21 18 17 19 16 15 17 14 13 15 24 23 25 22 21 23 20 19 21 18 17 19 16 15 17 26 25 27 24 23 25 22 21 23 20 19 21 18 17 19 28 27 29 26 25 27 24 23 25 30 29 31 28 27 29 26 25 27 24 23 25 22 21 23 32 31 33 30 29 31 28 27 29 30 29 31 34 33 35 32 31 33 36 35 37 34 33 35 32 31 33 30 29 31 28 27 29 26 25 27 24 23 25 22 21 23 20 19 21 18 17 19 16 15 17 14 13 15 12 11 13 10 9 11 8 7 9 14 13 15 12 11 13 16 15 17 14 13 15 12 11 13 10 9 11 18 17 19 16 15 17 26 25 27 24 23 25 22 21 23 20 19 21 18 17 19 28 27 29 26 25 27 30 29 31 28 27 29 36 35 37 34 33 35 32 31 33 30 29 31 28 27 29 26 25 27 24 23 25 22 21 23 20 19 21 18 17 19 16 15 17 14 13 15 12 11 13 10 9 11 16 15 17 14 13 15 12 11 13 26 25 27 24 23 25 22 21 23 20 19 21 18 17 19 16 15 17 14 13 15 20 19 21 18 17 19 34 33 35 32 31 33 30 29 31 28 27 29 26 25 27 24 23 25 22 21 23 20 19 21 18 17 19 16 15 17 30 29 31 28 27 29 32 31 33 30 29 31 28 27 29 26 25 27 24 23 25 22 21 23 20 19 21 24 23 25 22 21 23 26 25 27 28 27 29
[19.685291s] A=259 K=481 i=4.20524176e+09) 37 35 33 31 29 27 25 23 21 19 17 15 13 11 9 7 5 3 1 36 35 37 34 33 35 32 31 33 30 29 31 28 27 29 26 25 27 24 23 25 22 21 23 20 19 21 18 17 19 16 15 17 14 13 15 12 11 13 10 9 11 8 7 9 6 5 7 4 3 5 2 1 3 0 1 34 33 35 32 31 33 30 29 31 28 27 29 26 25 27 24 23 25 22 21 23 20 19 21 18 17 19 16 15 17 14 13 15 12 11 13 10 9 11 8 7 9 6 5 7 4 3 5 2 1 3 36 35 37 34 33 35 32 31 33 30 29 31 28 27 29 26 25 27 24 23 25 22 21 23 20 19 21 18 17 19 16 15 17 14 13 15 12 11 13 10 9 11 8 7 9 6 5 7 4 3 5 2 1 3 32 31 33 30 29 31 28 27 29 26 25 27 24 23 25 22 21 23 20 19 21 18 17 19 16 15 17 14 13 15 12 11 13 10 9 11 8 7 9 6 5 7 4 3 5 36 35 37 34 33 35 32 31 33 30 29 31 28 27 29 26 25 27 24 23 25 22 21 23 20 19 21 18 17 19 16 15 17 14 13 15 12 11 13 10 9 11 8 7 9 6 5 7 4 3 5 30 29 31 28 27 29 26 25 27 24 23 25 22 21 23 20 19 21 18 17 19 16 15 17 14 13 15 12 11 13 10 9 11 8 7 9 6 5 7 34 33 35 32 31 33 30 29 31 28 27 29 26 25 27 24 23 25 22 21 23 20 19 21 18 17 19 16 15 17 14 13 15 12 11 13 10 9 11 8 7 9 6 5 7 28 27 29 26 25 27 24 23 25 22 21 23 20 19 21 18 17 19 16 15 17 14 13 15 12 11 13 10 9 11 8 7 9 18 17 19 16 15 17 14 13 15 12 11 13 10 9 11 20 19 21 22 21 23 20 19 21 18 17 19 16 15 17 24 23 25 22 21 23 20 19 21 18 17 19 26 25 27 24 23 25 22 21 23 20 19 21 18 17 19 16 15 17 14 13 15 12 11 13 16 15 17 14 13 15 18 17 19 28 27 29 26 25 27 24 23 25 22 21 23 30 29 31 28 27 29 26 25 27 24 23 25 32 31 33 30 29 31 28 27 29 26 25 27 36 35 37 34 33 35 32 31 33 30 29 31 28 27 29 26 25 27 24 23 25 22 21 23 20 19 21 18 17 19 16 15 17 14 13 15 12 11 13 10 9 11 8 7 9 10 9 11 12 11 13 14 13 15 24 23 25 22 21 23 36 35 37 34 33 35 32 31 33 30 29 31 28 27 29 26 25 27 24 23 25 22 21 23 20 19 21 18 17 19 16 15 17 14 13 15 12 11 13 10 9 11 20 19 21 18 17 19 16 15 17 14 13 15 12 11 13 16 15 17 22 21 23 20 19 21 18 17 19 28 27 29 26 25 27 34 33 35 32 31 33 30 29 31 28 27 29 26 25 27 24 23 25 22 21 23 20 19 21 18 17 19 16 15 17 14 13 15 36 35 37 34 33 35 32 31 33 30 29 31 28 27 29 26 25 27 24 23 25 22 21 23 20 19 21 18 17 19 16 15 17 32 31 33 30 29 31 28 27 29 26 25 27 24 23 25 22 21 23 20 19 21 30 29 31 28 27 29 26 25 27 24 23 25 22 21 23
[19.903954s] A=259 K=481 i=4.25165577e+09) 37 35 33 31 29 27 25 23 21 19 17 15 13 11 9 7 5 3 1 36 35 37 34 33 35 32 31 33 30 29 31 28 27 29 26 25 27 24 23 25 22 21 23 20 19 21 18 17 19 16 15 17 14 13 15 12 11 13 10 9 11 8 7 9 6 5 7 4 3 5 2 1 3 0 1 34 33 35 32 31 33 30 29 31 28 27 29 26 25 27 24 23 25 22 21 23 20 19 21 18 17 19 16 15 17 14 13 15 12 11 13 10 9 11 8 7 9 6 5 7 4 3 5 2 1 3 36 35 37 34 33 35 32 31 33 30 29 31 28 27 29 26 25 27 24 23 25 22 21 23 20 19 21 18 17 19 16 15 17 14 13 15 12 11 13 10 9 11 8 7 9 6 5 7 4 3 5 2 1 3 32 31 33 30 29 31 28 27 29 26 25 27 24 23 25 22 21 23 20 19 21 18 17 19 16 15 17 14 13 15 12 11 13 10 9 11 8 7 9 6 5 7 4 3 5 36 35 37 34 33 35 32 31 33 30 29 31 28 27 29 26 25 27 24 23 25 22 21 23 20 19 21 18 17 19 16 15 17 14 13 15 12 11 13 10 9 11 8 7 9 6 5 7 4 3 5 30 29 31 28 27 29 26 25 27 24 23 25 22 21 23 20 19 21 18 17 19 16 15 17 14 13 15 12 11 13 10 9 11 8 7 9 6 5 7 34 33 35 32 31 33 30 29 31 28 27 29 26 25 27 24 23 25 22 21 23 20 19 21 18 17 19 16 15 17 14 13 15 12 11 13 10 9 11 8 7 9 6 5 7 28 27 29 26 25 27 24 23 25 22 21 23 20 19 21 18 17 19 16 15 17 14 13 15 12 11 13 10 9 11 8 7 9 18 17 19 16 15 17 14 13 15 12 11 13 20 19 21 22 21 23 20 19 21 18 17 19 16 15 17 14 13 15 12 11 13 24 23 25 22 21 23 20 19 21 18 17 19 16 15 17 26 25 27 24 23 25 22 21 23 20 19 21 18 17 19 16 15 17 14 13 15 28 27 29 26 25 27 24 23 25 22 21 23 30 29 31 28 27 29 26 25 27 24 23 25 32 31 33 30 29 31 28 27 29 26 25 27 24 23 25 22 21 23 20 19 21 34 33 35 32 31 33 30 29 31 28 27 29 26 25 27 24 23 25 22 21 23 36 35 37 34 33 35 32 31 33 30 29 31 28 27 29 26 25 27 24 23 25 22 21 23 20 19 21 18 17 19 16 15 17 14 13 15 12 11 13 10 9 11 8 7 9 12 11 13 10 9 11 14 13 15 12 11 13 18 17 19 16 15 17 14 13 15 20 19 21 18 17 19 16 15 17 20 19 21 18 17 19 22 21 23 20 19 21 34 33 35 32 31 33 30 29 31 28 27 29 26 25 27 24 23 25 22 21 23 30 29 31 28 27 29 26 25 27 36 35 37 34 33 35 32 31 33 30 29 31 28 27 29 26 25 27 24 23 25 22 21 23 20 19 21 18 17 19 16 15 17 14 13 15 12 11 13 10 9 11 12 11 13 14 13 15 16 15 17 18 17 19 20 19 21 18 17 19 16 15 17 32 31 33 30 29 31 28 27 29 26 25 27 24 23 25 22 21 23 20 19 21 24 23 25 22 21 23 28 27 29 26 25 27
[19.954723s] A=259 K=481 i=4.263789958e+09) 37 35 33 31 29 27 25 23 21 19 17 15 13 11 9 7 5 3 1 36 35 37 34 33 35 32 31 33 30 29 31 28 27 29 26 25 27 24 23 25 22 21 23 20 19 21 18 17 19 16 15 17 14 13 15 12 11 13 10 9 11 8 7 9 6 5 7 4 3 5 2 1 3 0 1 34 33 35 32 31 33 30 29 31 28 27 29 26 25 27 24 23 25 22 21 23 20 19 21 18 17 19 16 15 17 14 13 15 12 11 13 10 9 11 8 7 9 6 5 7 4 3 5 2 1 3 36 35 37 34 33 35 32 31 33 30 29 31 28 27 29 26 25 27 24 23 25 22 21 23 20 19 21 18 17 19 16 15 17 14 13 15 12 11 13 10 9 11 8 7 9 6 5 7 4 3 5 2 1 3 32 31 33 30 29 31 28 27 29 26 25 27 24 23 25 22 21 23 20 19 21 18 17 19 16 15 17 14 13 15 12 11 13 10 9 11 8 7 9 6 5 7 4 3 5 36 35 37 34 33 35 32 31 33 30 29 31 28 27 29 26 25 27 24 23 25 22 21 23 20 19 21 18 17 19 16 15 17 14 13 15 12 11 13 10 9 11 8 7 9 6 5 7 4 3 5 30 29 31 28 27 29 26 25 27 24 23 25 22 21 23 20 19 21 18 17 19 16 15 17 14 13 15 12 11 13 10 9 11 8 7 9 6 5 7 34 33 35 32 31 33 30 29 31 28 27 29 26 25 27 24 23 25 22 21 23 20 19 21 18 17 19 16 15 17 14 13 15 12 11 13 10 9 11 8 7 9 6 5 7 28 27 29 26 25 27 24 23 25 22 21 23 20 19 21 18 17 19 16 15 17 14 13 15 12 11 13 10 9 11 8 7 9 18 17 19 16 15 17 14 13 15 12 11 13 20 19 21 22 21 23 20 19 21 18 17 19 16 15 17 14 13 15 24 23 25 26 25 27 24 23 25 22 21 23 20 19 21 18 17 19 16 15 17 14 13 15 12 11 13 10 9 11 22 21 23 20 19 21 18 17 19 16 15 17 14 13 15 12 11 13 24 23 25 28 27 29 26 25 27 30 29 31 28 27 29 26 25 27 24 23 25 22 21 23 32 31 33 30 29 31 28 27 29 26 25 27 24 23 25 22 21 23 20 19 21 18 17 19 34 33 35 32 31 33 36 35 37 34 33 35 32 31 33 30 29 31 28 27 29 26 25 27 24 23 25 22 21 23 20 19 21 18 17 19 16 15 17 14 13 15 12 11 13 10 9 11 8 7 9 16 15 17 18 17 19 20 19 21 30 29 31 28 27 29 26 25 27 24 23 25 22 21 23 32 31 33 30 29 31 28 27 29 26 25 27 24 23 25 36 35 37 34 33 35 32 31 33 30 29 31 28 27 29 26 25 27 24 23 25 22 21 23 20 19 21 18 17 19 16 15 17 14 13 15 12 11 13 10 9 11 14 13 15 12 11 13 20 19 21 18 17 19 16 15 17 14 13 15 16 15 17 18 17 19 20 19 21 22 21 23 34 33 35 32 31 33 30 29 31 28 27 29 26 25 27 24 23 25 22 21 23 20 19 21 18 17 19 16 15 17 20 19 21 32 31 33 30 29 31 28 27 29 26 25 27 24 23 25 22 21 23 24 23 25 28 27 29 26 25 27
[20.119814s] A=259 K=481 i=4.299242342e+09) 37 35 33 31 29 27 25 23 21 19 17 15 13 11 9 7 5 3 1 36 35 37 34 33 35 32 31 33 30 29 31 28 27 29 26 25 27 24 23 25 22 21 23 20 19 21 18 17 19 16 15 17 14 13 15 12 11 13 10 9 11 8 7 9 6 5 7 4 3 5 2 1 3 0 1 34 33 35 32 31 33 30 29 31 28 27 29 26 25 27 24 23 25 22 21 23 20 19 21 18 17 19 16 15 17 14 13 15 12 11 13 10 9 11 8 7 9 6 5 7 4 3 5 2 1 3 36 35 37 34 33 35 32 31 33 30 29 31 28 27 29 26 25 27 24 23 25 22 21 23 20 19 21 18 17 19 16 15 17 14 13 15 12 11 13 10 9 11 8 7 9 6 5 7 4 3 5 2 1 3 32 31 33 30 29 31 28 27 29 26 25 27 24 23 25 22 21 23 20 19 21 18 17 19 16 15 17 14 13 15 12 11 13 10 9 11 8 7 9 6 5 7 4 3 5 36 35 37 34 33 35 32 31 33 30 29 31 28 27 29 26 25 27 24 23 25 22 21 23 20 19 21 18 17 19 16 15 17 14 13 15 12 11 13 10 9 11 8 7 9 6 5 7 4 3 5 30 29 31 28 27 29 26 25 27 24 23 25 22 21 23 20 19 21 18 17 19 16 15 17 14 13 15 12 11 13 10 9 11 8 7 9 6 5 7 34 33 35 32 31 33 30 29 31 28 27 29 26 25 27 24 23 25 22 21 23 20 19 21 18 17 19 16 15 17 14 13 15 12 11 13 10 9 11 8 7 9 6 5 7 28 27 29 26 25 27 24 23 25 22 21 23 20 19 21 18 17 19 16 15 17 14 13 15 12 11 13 10 9 11 8 7 9 18 17 19 16 15 17 14 13 15 24 23 25 22 21 23 20 19 21 18 17 19 16 15 17 14 13 15 12 11 13 22 21 23 20 19 21 24 23 25 26 25 27 24 23 25 22 21 23 20 19 21 18 17 19 16 15 17 14 13 15 12 11 13 10 9 11 28 27 29 26 25 27 36 35 37 34 33 35 32 31 33 30 29 31 28 27 29 26 25 27 24 23 25 22 21 23 20 19 21 18 17 19 16 15 17 14 13 15 12 11 13 10 9 11 8 7 9 18 17 19 16 15 17 14 13 15 32 31 33 30 29 31 28 27 29 26 25 27 24 23 25 22 21 23 20 19 21 18 17 19 16 15 17 34 33 35 32 31 33 30 29 31 28 27 29 26 25 27 24 23 25 22 21 23 20 19 21 18 17 19 20 19 21 30 29 31 28 27 29 26 25 27 24 23 25 22 21 23 32 31 33 30 29 31 28 27 29 26 25 27 24 23 25 36 35 37 34 33 35 32 31 33 30 29 31 28 27 29 26 25 27 24 23 25 22 21 23 20 19 21 18 17 19 16 15 17 14 13 15 12 11 13 10 9 11 14 13 15 12 11 13 16 15 17 14 13 15 18 17 19 16 15 17 20 19 21 18 17 19 36 35 37 34 33 35 32 31 33 30 29 31 28 27 29 26 25 27 24 23 25 22 21 23 20 19 21 18 17 19 16 15 17 22 21 23 24 23 25 34 33 35 32 31 33 30 29 31 28 27 29 26 25 27 24 23 25 22 21 23 20 19 21 28 27 29 26 25 27
[20.279669s] A=259 K=481 i=4.334474206e+09) 37 35 33 31 29 27 25 23 21 19 17 15 13 11 9 7 5 3 1 36 35 37 34 33 35 32 31 33 30 29 31 28 27 29 26 25 27 24 23 25 22 21 23 20 19 21 18 17 19 16 15 17 14 13 15 12 11 13 10 9 11 8 7 9 6 5 7 4 3 5 2 1 3 0 1 34 33 35 32 31 33 30 29 31 28 27 29 26 25 27 24 23 25 22 21 23 20 19 21 18 17 19 16 15 17 14 13 15 12 11 13 10 9 11 8 7 9 6 5 7 4 3 5 2 1 3 36 35 37 34 33 35 32 31 33 30 29 31 28 27 29 26 25 27 24 23 25 22 21 23 20 19 21 18 17 19 16 15 17 14 13 15 12 11 13 10 9 11 8 7 9 6 5 7 4 3 5 2 1 3 32 31 33 30 29 31 28 27 29 26 25 27 24 23 25 22 21 23 20 19 21 18 17 19 16 15 17 14 13 15 12 11 13 10 9 11 8 7 9 6 5 7 4 3 5 36 35 37 34 33 35 32 31 33 30 29 31 28 27 29 26 25 27 24 23 25 22 21 23 20 19 21 18 17 19 16 15 17 14 13 15 12 11 13 10 9 11 8 7 9 6 5 7 4 3 5 30 29 31 28 27 29 26 25 27 24 23 25 22 21 23 20 19 21 18 17 19 16 15 17 14 13 15 12 11 13 10 9 11 8 7 9 6 5 7 34 33 35 32 31 33 30 29 31 28 27 29 26 25 27 24 23 25 22 21 23 20 19 21 18 17 19 16 15 17 14 13 15 12 11 13 10 9 11 8 7 9 6 5 7 28 27 29 26 25 27 24 23 25 22 21 23 20 19 21 18 17 19 16 15 17 14 13 15 12 11 13 10 9 11 8 7 9 18 17 19 16 15 17 14 13 15 22 21 23 20 19 21 24 23 25 22 21 23 20 19 21 18 17 19 16 15 17 14 13 15 12 11 13 26 25 27 24 23 25 22 21 23 20 19 21 18 17 19 16 15 17 14 13 15 12 11 13 10 9 11 28 27 29 26 25 27 24 23 25 28 27 29 26 25 27 30 29 31 32 31 33 30 29 31 28 27 29 34 33 35 36 35 37 34 33 35 32 31 33 30 29 31 28 27 29 26 25 27 24 23 25 22 21 23 20 19 21 18 17 19 16 15 17 14 13 15 12 11 13 10 9 11 8 7 9 18 17 19 16 15 17 14 13 15 26 25 27 24 23 25 22 21 23 20 19 21 18 17 19 16 15 17 32 31 33 30 29 31 28 27 29 26 25 27 24 23 25 22 21 23 20 19 21 18 17 19 20 19 21 28 27 29 26 25 27 24 23 25 22 21 23 30 29 31 28 27 29 26 25 27 34 33 35 32 31 33 30 29 31 28 27 29 34 33 35 32 31 33 30 29 31 36 35 37 34 33 35 32 31 33 30 29 31 28 27 29 26 25 27 24 23 25 22 21 23 20 19 21 18 17 19 16 15 17 14 13 15 12 11 13 10 9 11 14 13 15 12 11 13 16 15 17 14 13 15 18 17 19 16 15 17 20 19 21 18 17 19 26 25 27 24 23 25 22 21 23 20 19 21 18 17 19 16 15 17 24 23 25 22 21 23 28 27 29 26 25 27 24 23 25 22 21 23 20 19 21 26 25 27 30 29 31 28 27 29
[20.280000s] A=259 K=481 i=4.334563413e+09) 37 35 33 31 29 27 25 23 21 19 17 15 13 11 9 7 5 3 1 36 35 37 34 33 35 32 31 33 30 29 31 28 27 29 26 25 27 24 23 25 22 21 23 20 19 21 18 17 19 16 15 17 14 13 15 12 11 13 10 9 11 8 7 9 6 5 7 4 3 5 2 1 3 0 1 34 33 35 32 31 33 30 29 31 28 27 29 26 25 27 24 23 25 22 21 23 20 19 21 18 17 19 16 15 17 14 13 15 12 11 13 10 9 11 8 7 9 6 5 7 4 3 5 2 1 3 36 35 37 34 33 35 32 31 33 30 29 31 28 27 29 26 25 27 24 23 25 22 21 23 20 19 21 18 17 19 16 15 17 14 13 15 12 11 13 10 9 11 8 7 9 6 5 7 4 3 5 2 1 3 32 31 33 30 29 31 28 27 29 26 25 27 24 23 25 22 21 23 20 19 21 18 17 19 16 15 17 14 13 15 12 11 13 10 9 11 8 7 9 6 5 7 4 3 5 36 35 37 34 33 35 32 31 33 30 29 31 28 27 29 26 25 27 24 23 25 22 21 23 20 19 21 18 17 19 16 15 17 14 13 15 12 11 13 10 9 11 8 7 9 6 5 7 4 3 5 30 29 31 28 27 29 26 25 27 24 23 25 22 21 23 20 19 21 18 17 19 16 15 17 14 13 15 12 11 13 10 9 11 8 7 9 6 5 7 34 33 35 32 31 33 30 29 31 28 27 29 26 25 27 24 23 25 22 21 23 20 19 21 18 17 19 16 15 17 14 13 15 12 11 13 10 9 11 8 7 9 6 5 7 28 27 29 26 25 27 24 23 25 22 21 23 20 19 21 18 17 19 16 15 17 14 13 15 12 11 13 10 9 11 8 7 9 18 17 19 16 15 17 14 13 15 22 21 23 20 19 21 24 23 25 22 21 23 20 19 21 18 17 19 16 15 17 14 13 15 12 11 13 26 25 27 24 23 25 22 21 23 20 19 21 18 17 19 16 15 17 14 13 15 12 11 13 10 9 11 28 27 29 26 25 27 24 23 25 28 27 29 30 29 31 32 31 33 30 29 31 28 27 29 26 25 27 34 33 35 36 35 37 34 33 35 32 31 33 30 29 31 28 27 29 26 25 27 24 23 25 22 21 23 20 19 21 18 17 19 16 15 17 14 13 15 12 11 13 10 9 11 8 7 9 18 17 19 16 15 17 14 13 15 24 23 25 22 21 23 20 19 21 18 17 19 16 15 17 26 25 27 28 27 29 30 29 31 32 31 33 30 29 31 28 27 29 26 25 27 24 23 25 22 21 23 20 19 21 18 17 19 20 19 21 26 25 27 24 23 25 22 21 23 28 27 29 26 25 27 34 33 35 32 31 33 30 29 31 28 27 29 36 35 37 34 33 35 32 31 33 30 29 31 28 27 29 26 25 27 24 23 25 22 21 23 20 19 21 18 17 19 16 15 17 14 13 15 12 11 13 10 9 11 14 13 15 12 11 13 16 15 17 14 13 15 18 17 19 16 15 17 20 19 21 18 17 19 26 25 27 24 23 25 22 21 23 20 19 21 18 17 19 16 15 17 24 23 25 22 21 23 34 33 35 32 31 33 30 29 31 28 27 29 26 25 27 24 23 25 22 21 23 20 19 21 26 25 27 30 29 31 28 27 29
[20.282263s] A=259 K=481 i=4.335233858e+09) 37 35 33 31 29 27 25 23 21 19 17 15 13 11 9 7 5 3 1 36 35 37 34 33 35 32 31 33 30 29 31 28 27 29 26 25 27 24 23 25 22 21 23 20 19 21 18 17 19 16 15 17 14 13 15 12 11 13 10 9 11 8 7 9 6 5 7 4 3 5 2 1 3 0 1 34 33 35 32 31 33 30 29 31 28 27 29 26 25 27 24 23 25 22 21 23 20 19 21 18 17 19 16 15 17 14 13 15 12 11 13 10 9 11 8 7 9 6 5 7 4 3 5 2 1 3 36 35 37 34 33 35 32 31 33 30 29 31 28 27 29 26 25 27 24 23 25 22 21 23 20 19 21 18 17 19 16 15 17 14 13 15 12 11 13 10 9 11 8 7 9 6 5 7 4 3 5 2 1 3 32 31 33 30 29 31 28 27 29 26 25 27 24 23 25 22 21 23 20 19 21 18 17 19 16 15 17 14 13 15 12 11 13 10 9 11 8 7 9 6 5 7 4 3 5 36 35 37 34 33 35 32 31 33 30 29 31 28 27 29 26 25 27 24 23 25 22 21 23 20 19 21 18 17 19 16 15 17 14 13 15 12 11 13 10 9 11 8 7 9 6 5 7 4 3 5 30 29 31 28 27 29 26 25 27 24 23 25 22 21 23 20 19 21 18 17 19 16 15 17 14 13 15 12 11 13 10 9 11 8 7 9 6 5 7 34 33 35 32 31 33 30 29 31 28 27 29 26 25 27 24 23 25 22 21 23 20 19 21 18 17 19 16 15 17 14 13 15 12 11 13 10 9 11 8 7 9 6 5 7 28 27 29 26 25 27 24 23 25 22 21 23 20 19 21 18 17 19 16 15 17 14 13 15 12 11 13 10 9 11 8 7 9 18 17 19 16 15 17 14 13 15 22 21 23 20 19 21 24 23 25 22 21 23 20 19 21 18 17 19 16 15 17 14 13 15 12 11 13 26 25 27 24 23 25 22 21 23 20 19 21 18 17 19 16 15 17 14 13 15 12 11 13 10 9 11 26 25 27 24 23 25 28 27 29 26 25 27 30 29 31 28 27 29 32 31 33 30 29 31 28 27 29 34 33 35 32 31 33 30 29 31 36 35 37 34 33 35 32 31 33 30 29 31 28 27 29 26 25 27 24 23 25 22 21 23 20 19 21 18 17 19 16 15 17 14 13 15 12 11 13 10 9 11 8 7 9 18 17 19 16 15 17 14 13 15 26 25 27 24 23 25 22 21 23 20 19 21 18 17 19 16 15 17 28 27 29 26 25 27 24 23 25 22 21 23 20 19 21 18 17 19 20 19 21 28 27 29 26 25 27 24 23 25 22 21 23 30 29 31 28 27 29 26 25 27 24 23 25 32 31 33 30 29 31 28 27 29 34 33 35 32 31 33 30 29 31 36 35 37 34 33 35 32 31 33 30 29 31 28 27 29 26 25 27 24 23 25 22 21 23 20 19 21 18 17 19 16 15 17 14 13 15 12 11 13 10 9 11 14 13 15 12 11 13 16 15 17 14 13 15 18 17 19 16 15 17 20 19 21 18 17 19 28 27 29 26 25 27 24 23 25 22 21 23 20 19 21 18 17 19 16 15 17 22 21 23 24 23 25 26 25 27 24 23 25 22 21 23 20 19 21 30 29 31 28 27 29 26 25 27
[20.497428s] A=259 K=481 i=4.382677704e+09) 37 35 33 31 29 27 25 23 21 19 17 15 13 11 9 7 5 3 1 36 35 37 34 33 35 32 31 33 30 29 31 28 27 29 26 25 27 24 23 25 22 21 23 20 19 21 18 17 19 16 15 17 14 13 15 12 11 13 10 9 11 8 7 9 6 5 7 4 3 5 2 1 3 0 1 34 33 35 32 31 33 30 29 31 28 27 29 26 25 27 24 23 25 22 21 23 20 19 21 18 17 19 16 15 17 14 13 15 12 11 13 10 9 11 8 7 9 6 5 7 4 3 5 2 1 3 36 35 37 34 33 35 32 31 33 30 29 31 28 27 29 26 25 27 24 23 25 22 21 23 20 19 21 18 17 19 16 15 17 14 13 15 12 11 13 10 9 11 8 7 9 6 5 7 4 3 5 2 1 3 32 31 33 30 29 31 28 27 29 26 25 27 24 23 25 22 21 23 20 19 21 18 17 19 16 15 17 14 13 15 12 11 13 10 9 11 8 7 9 6 5 7 4 3 5 36 35 37 34 33 35 32 31 33 30 29 31 28 27 29 26 25 27 24 23 25 22 21 23 20 19 21 18 17 19 16 15 17 14 13 15 12 11 13 10 9 11 8 7 9 6 5 7 4 3 5 30 29 31 28 27 29 26 25 27 24 23 25 22 21 23 20 19 21 18 17 19 16 15 17 14 13 15 12 11 13 10 9 11 8 7 9 6 5 7 34 33 35 32 31 33 30 29 31 28 27 29 26 25 27 24 23 25 22 21 23 20 19 21 18 17 19 16 15 17 14 13 15 12 11 13 10 9 11 8 7 9 6 5 7 28 27 29 26 25 27 24 23 25 22 21 23 20 19 21 18 17 19 16 15 17 14 13 15 12 11 13 10 9 11 8 7 9 18 17 19 16 15 17 14 13 15 20 19 21 18 17 19 22 21 23 20 19 21 24 23 25 22 21 23 20 19 21 18 17 19 16 15 17 14 13 15 12 11 13 10 9 11 18 17 19 16 15 17 14 13 15 12 11 13 16 15 17 26 25 27 24 23 25 22 21 23 20 19 21 18 17 19 28 27 29 26 25 27 24 23 25 22 21 23 30 29 31 28 27 29 26 25 27 24 23 25 32 31 33 30 29 31 28 27 29 26 25 27 24 23 25 22 21 23 20 19 21 34 33 35 32 31 33 30 29 31 28 27 29 26 25 27 24 23 25 22 21 23 36 35 37 34 33 35 32 31 33 30 29 31 28 27 29 26 25 27 24 23 25 22 21 23 20 19 21 18 17 19 16 15 17 14 13 15 12 11 13 10 9 11 8 7 9 16 15 17 14 13 15 12 11 13 10 9 11 18 17 19 16 15 17 14 13 15 12 11 13 20 19 21 18 17 19 16 15 17 14 13 15 22 21 23 20 19 21 36 35 37 34 33 35 32 31 33 30 29 31 28 27 29 26 25 27 24 23 25 22 21 23 20 19 21 18 17 19 16 15 17 14 13 15 12 11 13 10 9 11 18 17 19 20 19 21 30 29 31 28 27 29 26 25 27 34 33 35 32 31 33 30 29 31 28 27 29 26 25 27 24 23 25 22 21 23 20 19 21 18 17 19 16 15 17 24 23 25 22 21 23 32 31 33 30 29 31 28 27 29 26 25 27 24 23 25 22 21 23 20 19 21 28 27 29 26 25 27
[20.787497s] A=259 K=481 i=4.443814984e+09) 37 35 33 31 29 27 25 23 21 19 17 15 13 11 9 7 5 3 1 36 35 37 34 33 35 32 31 33 30 29 31 28 27 29 26 25 27 24 23 25 22 21 23 20 19 21 18 17 19 16 15 17 14 13 15 12 11 13 10 9 11 8 7 9 6 5 7 4 3 5 2 1 3 0 1 34 33 35 32 31 33 30 29 31 28 27 29 26 25 27 24 23 25 22 21 23 20 19 21 18 17 19 16 15 17 14 13 15 12 11 13 10 9 11 8 7 9 6 5 7 4 3 5 2 1 3 36 35 37 34 33 35 32 31 33 30 29 31 28 27 29 26 25 27 24 23 25 22 21 23 20 19 21 18 17 19 16 15 17 14 13 15 12 11 13 10 9 11 8 7 9 6 5 7 4 3 5 2 1 3 32 31 33 30 29 31 28 27 29 26 25 27 24 23 25 22 21 23 20 19 21 18 17 19 16 15 17 14 13 15 12 11 13 10 9 11 8 7 9 6 5 7 4 3 5 36 35 37 34 33 35 32 31 33 30 29 31 28 27 29 26 25 27 24 23 25 22 21 23 20 19 21 18 17 19 16 15 17 14 13 15 12 11 13 10 9 11 8 7 9 6 5 7 4 3 5 30 29 31 28 27 29 26 25 27 24 23 25 22 21 23 20 19 21 18 17 19 16 15 17 14 13 15 12 11 13 10 9 11 8 7 9 6 5 7 34 33 35 32 31 33 30 29 31 28 27 29 26 25 27 24 23 25 22 21 23 20 19 21 18 17 19 16 15 17 14 13 15 12 11 13 10 9 11 8 7 9 6 5 7 28 27 29 26 25 27 24 23 25 22 21 23 20 19 21 18 17 19 16 15 17 14 13 15 12 11 13 10 9 11 8 7 9 18 17 19 16 15 17 14 13 15 20 19 21 22 21 23 20 19 21 18 17 19 16 15 17 14 13 15 24 23 25 22 21 23 20 19 21 18 17 19 16 15 17 26 25 27 24 23 25 22 21 23 20 19 21 18 17 19 28 27 29 26 25 27 24 23 25 30 29 31 32 31 33 30 29 31 28 27 29 26 25 27 24 23 25 22 21 23 34 33 35 36 35 37 34 33 35 32 31 33 30 29 31 28 27 29 26 25 27 24 23 25 22 21 23 20 19 21 18 17 19 16 15 17 14 13 15 12 11 13 10 9 11 8 7 9 14 13 15 12 11 13 16 15 17 14 13 15 12 11 13 10 9 11 18 17 19 20 19 21 18 17 19 16 15 17 32 31 33 30 29 31 28 27 29 26 25 27 24 23 25 22 21 23 28 27 29 26 25 27 34 33 35 32 31 33 30 29 31 28 27 29 26 25 27 24 23 25 34 33 35 32 31 33 30 29 31 36 35 37 34 33 35 32 31 33 30 29 31 28 27 29 26 25 27 24 23 25 22 21 23 20 19 21 18 17 19 16 15 17 14 13 15 12 11 13 10 9 11 14 13 15 12 11 13 16 15 17 20 19 21 18 17 19 16 15 17 14 13 15 22 21 23 20 19 21 18 17 19 16 15 17 24 23 25 22 21 23 20 19 21 18 17 19 28 27 29 26 25 27 24 23 25 22 21 23 20 19 21 30 29 31 28 27 29 26 25 27 24 23 25 22 21 23 24 23 25 32 31 33 30 29 31 28 27 29 26 25 27
[20.843674s] A=259 K=481 i=4.455416043e+09) 37 35 33 31 29 27 25 23 21 19 17 15 13 11 9 7 5 3 1 36 35 37 34 33 35 32 31 33 30 29 31 28 27 29 26 25 27 24 23 25 22 21 23 20 19 21 18 17 19 16 15 17 14 13 15 12 11 13 10 9 11 8 7 9 6 5 7 4 3 5 2 1 3 0 1 34 33 35 32 31 33 30 29 31 28 27 29 26 25 27 24 23 25 22 21 23 20 19 21 18 17 19 16 15 17 14 13 15 12 11 13 10 9 11 8 7 9 6 5 7 4 3 5 2 1 3 36 35 37 34 33 35 32 31 33 30 29 31 28 27 29 26 25 27 24 23 25 22 21 23 20 19 21 18 17 19 16 15 17 14 13 15 12 11 13 10 9 11 8 7 9 6 5 7 4 3 5 2 1 3 32 31 33 30 29 31 28 27 29 26 25 27 24 23 25 22 21 23 20 19 21 18 17 19 16 15 17 14 13 15 12 11 13 10 9 11 8 7 9 6 5 7 4 3 5 36 35 37 34 33 35 32 31 33 30 29 31 28 27 29 26 25 27 24 23 25 22 21 23 20 19 21 18 17 19 16 15 17 14 13 15 12 11 13 10 9 11 8 7 9 6 5 7 4 3 5 30 29 31 28 27 29 26 25 27 24 23 25 22 21 23 20 19 21 18 17 19 16 15 17 14 13 15 12 11 13 10 9 11 8 7 9 6 5 7 34 33 35 32 31 33 30 29 31 28 27 29 26 25 27 24 23 25 22 21 23 20 19 21 18 17 19 16 15 17 14 13 15 12 11 13 10 9 11 8 7 9 6 5 7 28 27 29 26 25 27 24 23 25 22 21 23 20 19 21 18 17 19 16 15 17 14 13 15 12 11 13 10 9 11 8 7 9 18 17 19 16 15 17 14 13 15 20 19 21 22 21 23 20 19 21 18 17 19 16 15 17 24 23 25 22 21 23 20 19 21 18 17 19 16 15 17 14 13 15 12 11 13 26 25 27 24 23 25 22 21 23 20 19 21 18 17 19 16 15 17 14 13 15 12 11 13 10 9 11 24 23 25 22 21 23 28 27 29 26 25 27 30 29 31 28 27 29 26 25 27 24 23 25 32 31 33 30 29 31 28 27 29 26 25 27 24 23 25 22 21 23 34 33 35 32 31 33 30 29 31 36 35 37 34 33 35 32 31 33 30 29 31 28 27 29 26 25 27 24 23 25 22 21 23 20 19 21 18 17 19 16 15 17 14 13 15 12 11 13 10 9 11 8 7 9 20 19 21 18 17 19 36 35 37 34 33 35 32 31 33 30 29 31 28 27 29 26 25 27 24 23 25 22 21 23 20 19 21 18 17 19 16 15 17 14 13 15 12 11 13 10 9 11 16 15 17 14 13 15 12 11 13 14 13 15 18 17 19 16 15 17 22 21 23 20 19 21 18 17 19 28 27 29 26 25 27 24 23 25 22 21 23 20 19 21 18 17 19 16 15 17 14 13 15 32 31 33 30 29 31 34 33 35 32 31 33 30 29 31 28 27 29 26 25 27 24 23 25 22 21 23 20 19 21 18 17 19 16 15 17 28 27 29 26 25 27 24 23 25 22 21 23 20 19 21 30 29 31 28 27 29 26 25 27 24 23 25 22 21 23 24 23 25 32 31 33 30 29 31 28 27 29 26 25 27
[20.912398s] A=259 K=481 i=4.468577391e+09) 37 35 33 31 29 27 25 23 21 19 17 15 13 11 9 7 5 3 1 36 35 37 34 33 35 32 31 33 30 29 31 28 27 29 26 25 27 24 23 25 22 21 23 20 19 21 18 17 19 16 15 17 14 13 15 12 11 13 10 9 11 8 7 9 6 5 7 4 3 5 2 1 3 0 1 34 33 35 32 31 33 30 29 31 28 27 29 26 25 27 24 23 25 22 21 23 20 19 21 18 17 19 16 15 17 14 13 15 12 11 13 10 9 11 8 7 9 6 5 7 4 3 5 2 1 3 36 35 37 34 33 35 32 31 33 30 29 31 28 27 29 26 25 27 24 23 25 22 21 23 20 19 21 18 17 19 16 15 17 14 13 15 12 11 13 10 9 11 8 7 9 6 5 7 4 3 5 2 1 3 32 31 33 30 29 31 28 27 29 26 25 27 24 23 25 22 21 23 20 19 21 18 17 19 16 15 17 14 13 15 12 11 13 10 9 11 8 7 9 6 5 7 4 3 5 36 35 37 34 33 35 32 31 33 30 29 31 28 27 29 26 25 27 24 23 25 22 21 23 20 19 21 18 17 19 16 15 17 14 13 15 12 11 13 10 9 11 8 7 9 6 5 7 4 3 5 30 29 31 28 27 29 26 25 27 24 23 25 22 21 23 20 19 21 18 17 19 16 15 17 14 13 15 12 11 13 10 9 11 8 7 9 6 5 7 34 33 35 32 31 33 30 29 31 28 27 29 26 25 27 24 23 25 22 21 23 20 19 21 18 17 19 16 15 17 14 13 15 12 11 13 10 9 11 8 7 9 6 5 7 28 27 29 26 25 27 24 23 25 22 21 23 20 19 21 18 17 19 16 15 17 14 13 15 12 11 13 10 9 11 8 7 9 18 17 19 16 15 17 14 13 15 20 19 21 22 21 23 20 19 21 18 17 19 16 15 17 24 23 25 22 21 23 20 19 21 18 17 19 26 25 27 24 23 25 22 21 23 20 19 21 18 17 19 16 15 17 14 13 15 12 11 13 10 9 11 16 15 17 14 13 15 12 11 13 18 17 19 24 23 25 22 21 23 28 27 29 26 25 27 30 29 31 28 27 29 26 25 27 24 23 25 32 31 33 30 29 31 28 27 29 26 25 27 24 23 25 22 21 23 34 33 35 32 31 33 30 29 31 36 35 37 34 33 35 32 31 33 30 29 31 28 27 29 26 25 27 24 23 25 22 21 23 20 19 21 18 17 19 16 15 17 14 13 15 12 11 13 10 9 11 8 7 9 36 35 37 34 33 35 32 31 33 30 29 31 28 27 29 26 25 27 24 23 25 22 21 23 20 19 21 18 17 19 16 15 17 14 13 15 12 11 13 10 9 11 20 19 21 18 17 19 16 15 17 14 13 15 12 11 13 14 13 15 16 15 17 22 21 23 20 19 21 18 17 19 28 27 29 26 25 27 24 23 25 22 21 23 20 19 21 18 17 19 16 15 17 14 13 15 32 31 33 30 29 31 34 33 35 32 31 33 30 29 31 28 27 29 26 25 27 24 23 25 22 21 23 20 19 21 18 17 19 16 15 17 28 27 29 26 25 27 24 23 25 22 21 23 20 19 21 30 29 31 28 27 29 26 25 27 24 23 25 22 21 23 24 23 25 32 31 33 30 29 31 28 27 29 26 25 27
[21.059988s] A=259 K=481 i=4.495832139e+09) 37 35 33 31 29 27 25 23 21 19 17 15 13 11 9 7 5 3 1 36 35 37 34 33 35 32 31 33 30 29 31 28 27 29 26 25 27 24 23 25 22 21 23 20 19 21 18 17 19 16 15 17 14 13 15 12 11 13 10 9 11 8 7 9 6 5 7 4 3 5 2 1 3 0 1 34 33 35 32 31 33 30 29 31 28 27 29 26 25 27 24 23 25 22 21 23 20 19 21 18 17 19 16 15 17 14 13 15 12 11 13 10 9 11 8 7 9 6 5 7 4 3 5 2 1 3 36 35 37 34 33 35 32 31 33 30 29 31 28 27 29 26 25 27 24 23 25 22 21 23 20 19 21 18 17 19 16 15 17 14 13 15 12 11 13 10 9 11 8 7 9 6 5 7 4 3 5 2 1 3 32 31 33 30 29 31 28 27 29 26 25 27 24 23 25 22 21 23 20 19 21 18 17 19 16 15 17 14 13 15 12 11 13 10 9 11 8 7 9 6 5 7 4 3 5 36 35 37 34 33 35 32 31 33 30 29 31 28 27 29 26 25 27 24 23 25 22 21 23 20 19 21 18 17 19 16 15 17 14 13 15 12 11 13 10 9 11 8 7 9 6 5 7 4 3 5 30 29 31 28 27 29 26 25 27 24 23 25 22 21 23 20 19 21 18 17 19 16 15 17 14 13 15 12 11 13 10 9 11 8 7 9 6 5 7 34 33 35 32 31 33 30 29 31 28 27 29 26 25 27 24 23 25 22 21 23 20 19 21 18 17 19 16 15 17 14 13 15 12 11 13 10 9 11 8 7 9 6 5 7 28 27 29 26 25 27 24 23 25 22 21 23 20 19 21 18 17 19 16 15 17 14 13 15 12 11 13 10 9 11 8 7 9 18 17 19 16 15 17 14 13 15 20 19 21 22 21 23 20 19 21 18 17 19 24 23 25 26 25 27 24 23 25 22 21 23 20 19 21 18 17 19 16 15 17 14 13 15 12 11 13 10 9 11 22 21 23 28 27 29 26 25 27 24 23 25 36 35 37 34 33 35 32 31 33 30 29 31 28 27 29 26 25 27 24 23 25 22 21 23 20 19 21 18 17 19 16 15 17 14 13 15 12 11 13 10 9 11 8 7 9 16 15 17 14 13 15 20 19 21 18 17 19 16 15 17 28 27 29 26 25 27 32 31 33 30 29 31 28 27 29 26 25 27 24 23 25 22 21 23 20 19 21 18 17 19 34 33 35 32 31 33 30 29 31 36 35 37 34 33 35 32 31 33 30 29 31 28 27 29 26 25 27 24 23 25 22 21 23 20 19 21 18 17 19 16 15 17 14 13 15 12 11 13 10 9 11 14 13 15 12 11 13 16 15 17 14 13 15 12 11 13 28 27 29 26 25 27 24 23 25 22 21 23 20 19 21 18 17 19 16 15 17 14 13 15 18 17 19 16 15 17 20 19 21 30 29 31 28 27 29 26 25 27 24 23 25 22 21 23 20 19 21 18 17 19 36 35 37 34 33 35 32 31 33 30 29 31 28 27 29 26 25 27 24 23 25 22 21 23 20 19 21 18 17 19 16 15 17 32 31 33 30 29 31 28 27 29 26 25 27 24 23 25 22 21 23 34 33 35 32 31 33 30 29 31 28 27 29 26 25 27 24 23 25 22 21 23 20 19 21
[21.067656s] A=259 K=481 i=4.497095477e+09) 37 35 33 31 29 27 25 23 21 19 17 15 13 11 9 7 5 3 1 36 35 37 34 33 35 32 31 33 30 29 31 28 27 29 26 25 27 24 23 25 22 21 23 20 19 21 18 17 19 16 15 17 14 13 15 12 11 13 10 9 11 8 7 9 6 5 7 4 3 5 2 1 3 0 1 34 33 35 32 31 33 30 29 31 28 27 29 26 25 27 24 23 25 22 21 23 20 19 21 18 17 19 16 15 17 14 13 15 12 11 13 10 9 11 8 7 9 6 5 7 4 3 5 2 1 3 36 35 37 34 33 35 32 31 33 30 29 31 28 27 29 26 25 27 24 23 25 22 21 23 20 19 21 18 17 19 16 15 17 14 13 15 12 11 13 10 9 11 8 7 9 6 5 7 4 3 5 2 1 3 32 31 33 30 29 31 28 27 29 26 25 27 24 23 25 22 21 23 20 19 21 18 17 19 16 15 17 14 13 15 12 11 13 10 9 11 8 7 9 6 5 7 4 3 5 36 35 37 34 33 35 32 31 33 30 29 31 28 27 29 26 25 27 24 23 25 22 21 23 20 19 21 18 17 19 16 15 17 14 13 15 12 11 13 10 9 11 8 7 9 6 5 7 4 3 5 30 29 31 28 27 29 26 25 27 24 23 25 22 21 23 20 19 21 18 17 19 16 15 17 14 13 15 12 11 13 10 9 11 8 7 9 6 5 7 34 33 35 32 31 33 30 29 31 28 27 29 26 25 27 24 23 25 22 21 23 20 19 21 18 17 19 16 15 17 14 13 15 12 11 13 10 9 11 8 7 9 6 5 7 28 27 29 26 25 27 24 23 25 22 21 23 20 19 21 18 17 19 16 15 17 14 13 15 12 11 13 10 9 11 8 7 9 18 17 19 16 15 17 14 13 15 20 19 21 22 21 23 20 19 21 18 17 19 24 23 25 26 25 27 24 23 25 22 21 23 20 19 21 22 21 23 28 27 29 26 25 27 24 23 25 36 35 37 34 33 35 32 31 33 30 29 31 28 27 29 26 25 27 24 23 25 22 21 23 20 19 21 18 17 19 16 15 17 14 13 15 12 11 13 10 9 11 8 7 9 18 17 19 16 15 17 14 13 15 12 11 13 10 9 11 16 15 17 14 13 15 20 19 21 18 17 19 16 15 17 28 27 29 26 25 27 32 31 33 30 29 31 28 27 29 26 25 27 24 23 25 22 21 23 20 19 21 18 17 19 34 33 35 32 31 33 30 29 31 36 35 37 34 33 35 32 31 33 30 29 31 28 27 29 26 25 27 24 23 25 22 21 23 20 19 21 18 17 19 16 15 17 14 13 15 12 11 13 10 9 11 14 13 15 12 11 13 16 15 17 14 13 15 12 11 13 28 27 29 26 25 27 24 23 25 22 21 23 20 19 21 18 17 19 16 15 17 14 13 15 20 19 21 18 17 19 16 15 17 30 29 31 28 27 29 26 25 27 24 23 25 22 21 23 20 19 21 18 17 19 36 35 37 34 33 35 32 31 33 30 29 31 28 27 29 26 25 27 24 23 25 22 21 23 20 19 21 18 17 19 16 15 17 32 31 33 30 29 31 28 27 29 26 25 27 24 23 25 22 21 23 34 33 35 32 31 33 30 29 31 28 27 29 26 25 27 24 23 25 22 21 23 20 19 21
[21.069514s] A=259 K=481 i=4.497659387e+09) 37 35 33 31 29 27 25 23 21 19 17 15 13 11 9 7 5 3 1 36 35 37 34 33 35 32 31 33 30 29 31 28 27 29 26 25 27 24 23 25 22 21 23 20 19 21 18 17 19 16 15 17 14 13 15 12 11 13 10 9 11 8 7 9 6 5 7 4 3 5 2 1 3 0 1 34 33 35 32 31 33 30 29 31 28 27 29 26 25 27 24 23 25 22 21 23 20 19 21 18 17 19 16 15 17 14 13 15 12 11 13 10 9 11 8 7 9 6 5 7 4 3 5 2 1 3 36 35 37 34 33 35 32 31 33 30 29 31 28 27 29 26 25 27 24 23 25 22 21 23 20 19 21 18 17 19 16 15 17 14 13 15 12 11 13 10 9 11 8 7 9 6 5 7 4 3 5 2 1 3 32 31 33 30 29 31 28 27 29 26 25 27 24 23 25 22 21 23 20 19 21 18 17 19 16 15 17 14 13 15 12 11 13 10 9 11 8 7 9 6 5 7 4 3 5 36 35 37 34 33 35 32 31 33 30 29 31 28 27 29 26 25 27 24 23 25 22 21 23 20 19 21 18 17 19 16 15 17 14 13 15 12 11 13 10 9 11 8 7 9 6 5 7 4 3 5 30 29 31 28 27 29 26 25 27 24 23 25 22 21 23 20 19 21 18 17 19 16 15 17 14 13 15 12 11 13 10 9 11 8 7 9 6 5 7 34 33 35 32 31 33 30 29 31 28 27 29 26 25 27 24 23 25 22 21 23 20 19 21 18 17 19 16 15 17 14 13 15 12 11 13 10 9 11 8 7 9 6 5 7 28 27 29 26 25 27 24 23 25 22 21 23 20 19 21 18 17 19 16 15 17 14 13 15 12 11 13 10 9 11 8 7 9 18 17 19 16 15 17 14 13 15 20 19 21 22 21 23 20 19 21 24 23 25 22 21 23 26 25 27 24 23 25 22 21 23 20 19 21 18 17 19 16 15 17 14 13 15 12 11 13 10 9 11 20 19 21 18 17 19 16 15 17 14 13 15 12 11 13 28 27 29 26 25 27 24 23 25 36 35 37 34 33 35 32 31 33 30 29 31 28 27 29 26 25 27 24 23 25 22 21 23 20 19 21 18 17 19 16 15 17 14 13 15 12 11 13 10 9 11 8 7 9 18 17 19 16 15 17 32 31 33 30 29 31 28 27 29 26 25 27 24 23 25 22 21 23 20 19 21 18 17 19 16 15 17 14 13 15 34 33 35 32 31 33 30 29 31 28 27 29 26 25 27 24 23 25 22 21 23 20 19 21 36 35 37 34 33 35 32 31 33 30 29 31 28 27 29 26 25 27 24 23 25 22 21 23 20 19 21 18 17 19 16 15 17 14 13 15 12 11 13 10 9 11 12 11 13 14 13 15 18 17 19 16 15 17 14 13 15 20 19 21 18 17 19 16 15 17 30 29 31 28 27 29 26 25 27 24 23 25 22 21 23 20 19 21 18 17 19 32 31 33 30 29 31 28 27 29 26 25 27 34 33 35 32 31 33 30 29 31 28 27 29 26 25 27 24 23 25 22 21 23 20 19 21 24 23 25 22 21 23 36 35 37 34 33 35 32 31 33 30 29 31 28 27 29 26 25 27 24 23 25 22 21 23 20 19 21 18 17 19 16 15 17 28 27 29 26 25 27
[21.107316s] A=259 K=481 i=4.507339993e+09) 37 35 33 31 29 27 25 23 21 19 17 15 13 11 9 7 5 3 1 36 35 37 34 33 35 32 31 33 30 29 31 28 27 29 26 25 27 24 23 25 22 21 23 20 19 21 18 17 19 16 15 17 14 13 15 12 11 13 10 9 11 8 7 9 6 5 7 4 3 5 2 1 3 0 1 34 33 35 32 31 33 30 29 31 28 27 29 26 25 27 24 23 25 22 21 23 20 19 21 18 17 19 16 15 17 14 13 15 12 11 13 10 9 11 8 7 9 6 5 7 4 3 5 2 1 3 36 35 37 34 33 35 32 31 33 30 29 31 28 27 29 26 25 27 24 23 25 22 21 23 20 19 21 18 17 19 16 15 17 14 13 15 12 11 13 10 9 11 8 7 9 6 5 7 4 3 5 2 1 3 32 31 33 30 29 31 28 27 29 26 25 27 24 23 25 22 21 23 20 19 21 18 17 19 16 15 17 14 13 15 12 11 13 10 9 11 8 7 9 6 5 7 4 3 5 36 35 37 34 33 35 32 31 33 30 29 31 28 27 29 26 25 27 24 23 25 22 21 23 20 19 21 18 17 19 16 15 17 14 13 15 12 11 13 10 9 11 8 7 9 6 5 7 4 3 5 30 29 31 28 27 29 26 25 27 24 23 25 22 21 23 20 19 21 18 17 19 16 15 17 14 13 15 12 11 13 10 9 11 8 7 9 6 5 7 34 33 35 32 31 33 30 29 31 28 27 29 26 25 27 24 23 25 22 21 23 20 19 21 18 17 19 16 15 17 14 13 15 12 11 13 10 9 11 8 7 9 6 5 7 28 27 29 26 25 27 24 23 25 22 21 23 20 19 21 18 17 19 16 15 17 14 13 15 12 11 13 10 9 11 8 7 9 18 17 19 16 15 17 14 13 15 20 19 21 22 21 23 24 23 25 22 21 23 20 19 21 18 17 19 16 15 17 14 13 15 12 11 13 26 25 27 24 23 25 22 21 23 20 19 21 18 17 19 16 15 17 14 13 15 12 11 13 10 9 11 28 27 29 26 25 27 24 23 25 26 25 27 30 29 31 28 27 29 32 31 33 30 29 31 28 27 29 34 33 35 32 31 33 30 29 31 36 35 37 34 33 35 32 31 33 30 29 31 28 27 29 26 25 27 24 23 25 22 21 23 20 19 21 18 17 19 16 15 17 14 13 15 12 11 13 10 9 11 8 7 9 26 25 27 24 23 25 22 21 23 20 19 21 18 17 19 16 15 17 14 13 15 20 19 21 18 17 19 16 15 17 28 27 29 26 25 27 24 23 25 22 21 23 20 19 21 18 17 19 28 27 29 26 25 27 24 23 25 30 29 31 28 27 29 26 25 27 32 31 33 30 29 31 28 27 29 34 33 35 32 31 33 30 29 31 36 35 37 34 33 35 32 31 33 30 29 31 28 27 29 26 25 27 24 23 25 22 21 23 20 19 21 18 17 19 16 15 17 14 13 15 12 11 13 10 9 11 12 11 13 14 13 15 16 15 17 14 13 15 18 17 19 16 15 17 22 21 23 20 19 21 18 17 19 24 23 25 22 21 23 26 25 27 24 23 25 28 27 29 26 25 27 24 23 25 22 21 23 20 19 21 18 17 19 16 15 17 22 21 23 20 19 21 24 23 25 30 29 31 28 27 29 26 25 27
[21.107363s] A=259 K=481 i=4.507341399e+09) 37 35 33 31 29 27 25 23 21 19 17 15 13 11 9 7 5 3 1 36 35 37 34 33 35 32 31 33 30 29 31 28 27 29 26 25 27 24 23 25 22 21 23 20 19 21 18 17 19 16 15 17 14 13 15 12 11 13 10 9 11 8 7 9 6 5 7 4 3 5 2 1 3 0 1 34 33 35 32 31 33 30 29 31 28 27 29 26 25 27 24 23 25 22 21 23 20 19 21 18 17 19 16 15 17 14 13 15 12 11 13 10 9 11 8 7 9 6 5 7 4 3 5 2 1 3 36 35 37 34 33 35 32 31 33 30 29 31 28 27 29 26 25 27 24 23 25 22 21 23 20 19 21 18 17 19 16 15 17 14 13 15 12 11 13 10 9 11 8 7 9 6 5 7 4 3 5 2 1 3 32 31 33 30 29 31 28 27 29 26 25 27 24 23 25 22 21 23 20 19 21 18 17 19 16 15 17 14 13 15 12 11 13 10 9 11 8 7 9 6 5 7 4 3 5 36 35 37 34 33 35 32 31 33 30 29 31 28 27 29 26 25 27 24 23 25 22 21 23 20 19 21 18 17 19 16 15 17 14 13 15 12 11 13 10 9 11 8 7 9 6 5 7 4 3 5 30 29 31 28 27 29 26 25 27 24 23 25 22 21 23 20 19 21 18 17 19 16 15 17 14 13 15 12 11 13 10 9 11 8 7 9 6 5 7 34 33 35 32 31 33 30 29 31 28 27 29 26 25 27 24 23 25 22 21 23 20 19 21 18 17 19 16 15 17 14 13 15 12 11 13 10 9 11 8 7 9 6 5 7 28 27 29 26 25 27 24 23 25 22 21 23 20 19 21 18 17 19 16 15 17 14 13 15 12 11 13 10 9 11 8 7 9 18 17 19 16 15 17 14 13 15 20 19 21 22 21 23 24 23 25 22 21 23 20 19 21 18 17 19 16 15 17 14 13 15 12 11 13 26 25 27 24 23 25 22 21 23 20 19 21 18 17 19 16 15 17 14 13 15 12 11 13 10 9 11 28 27 29 26 25 27 24 23 25 26 25 27 30 29 31 28 27 29 32 31 33 30 29 31 28 27 29 34 33 35 32 31 33 30 29 31 36 35 37 34 33 35 32 31 33 30 29 31 28 27 29 26 25 27 24 23 25 22 21 23 20 19 21 18 17 19 16 15 17 14 13 15 12 11 13 10 9 11 8 7 9 26 25 27 24 23 25 22 21 23 20 19 21 18 17 19 16 15 17 14 13 15 20 19 21 18 17 19 16 15 17 28 27 29 26 25 27 24 23 25 22 21 23 28 27 29 26 25 27 24 23 25 30 29 31 28 27 29 26 25 27 32 31 33 30 29 31 28 27 29 34 33 35 32 31 33 30 29 31 36 35 37 34 33 35 32 31 33 30 29 31 28 27 29 26 25 27 24 23 25 22 21 23 20 19 21 18 17 19 16 15 17 14 13 15 12 11 13 10 9 11 12 11 13 14 13 15 20 19 21 18 17 19 16 15 17 14 13 15 18 17 19 16 15 17 22 21 23 20 19 21 18 17 19 24 23 25 22 21 23 26 25 27 24 23 25 22 21 23 20 19 21 28 27 29 26 25 27 24 23 25 22 21 23 20 19 21 18 17 19 16 15 17 24 23 25 30 29 31 28 27 29 26 25 27
[21.112590s] A=259 K=481 i=4.508879145e+09) 37 35 33 31 29 27 25 23 21 19 17 15 13 11 9 7 5 3 1 36 35 37 34 33 35 32 31 33 30 29 31 28 27 29 26 25 27 24 23 25 22 21 23 20 19 21 18 17 19 16 15 17 14 13 15 12 11 13 10 9 11 8 7 9 6 5 7 4 3 5 2 1 3 0 1 34 33 35 32 31 33 30 29 31 28 27 29 26 25 27 24 23 25 22 21 23 20 19 21 18 17 19 16 15 17 14 13 15 12 11 13 10 9 11 8 7 9 6 5 7 4 3 5 2 1 3 36 35 37 34 33 35 32 31 33 30 29 31 28 27 29 26 25 27 24 23 25 22 21 23 20 19 21 18 17 19 16 15 17 14 13 15 12 11 13 10 9 11 8 7 9 6 5 7 4 3 5 2 1 3 32 31 33 30 29 31 28 27 29 26 25 27 24 23 25 22 21 23 20 19 21 18 17 19 16 15 17 14 13 15 12 11 13 10 9 11 8 7 9 6 5 7 4 3 5 36 35 37 34 33 35 32 31 33 30 29 31 28 27 29 26 25 27 24 23 25 22 21 23 20 19 21 18 17 19 16 15 17 14 13 15 12 11 13 10 9 11 8 7 9 6 5 7 4 3 5 30 29 31 28 27 29 26 25 27 24 23 25 22 21 23 20 19 21 18 17 19 16 15 17 14 13 15 12 11 13 10 9 11 8 7 9 6 5 7 34 33 35 32 31 33 30 29 31 28 27 29 26 25 27 24 23 25 22 21 23 20 19 21 18 17 19 16 15 17 14 13 15 12 11 13 10 9 11 8 7 9 6 5 7 28 27 29 26 25 27 24 23 25 22 21 23 20 19 21 18 17 19 16 15 17 14 13 15 12 11 13 10 9 11 8 7 9 18 17 19 16 15 17 14 13 15 20 19 21 22 21 23 24 23 25 22 21 23 20 19 21 18 17 19 16 15 17 14 13 15 12 11 13 26 25 27 24 23 25 22 21 23 20 19 21 18 17 19 16 15 17 14 13 15 12 11 13 10 9 11 24 23 25 28 27 29 26 25 27 30 29 31 32 31 33 30 29 31 28 27 29 26 25 27 24 23 25 22 21 23 20 19 21 24 23 25 26 25 27 28 27 29 30 29 31 34 33 35 32 31 33 30 29 31 28 27 29 26 25 27 36 35 37 34 33 35 32 31 33 30 29 31 28 27 29 26 25 27 24 23 25 22 21 23 20 19 21 18 17 19 16 15 17 14 13 15 12 11 13 10 9 11 8 7 9 18 17 19 16 15 17 14 13 15 20 19 21 18 17 19 16 15 17 24 23 25 22 21 23 20 19 21 18 17 19 20 19 21 26 25 27 24 23 25 22 21 23 28 27 29 26 25 27 36 35 37 34 33 35 32 31 33 30 29 31 28 27 29 26 25 27 24 23 25 22 21 23 20 19 21 18 17 19 16 15 17 14 13 15 12 11 13 10 9 11 12 11 13 14 13 15 16 15 17 14 13 15 18 17 19 16 15 17 20 19 21 18 17 19 32 31 33 30 29 31 34 33 35 32 31 33 30 29 31 28 27 29 26 25 27 24 23 25 22 21 23 20 19 21 18 17 19 16 15 17 24 23 25 22 21 23 28 27 29 26 25 27 24 23 25 22 21 23 20 19 21 30 29 31 28 27 29 26 25 27
[21.112741s] A=259 K=481 i=4.508885134e+09) 37 35 33 31 29 27 25 23 21 19 17 15 13 11 9 7 5 3 1 36 35 37 34 33 35 32 31 33 30 29 31 28 27 29 26 25 27 24 23 25 22 21 23 20 19 21 18 17 19 16 15 17 14 13 15 12 11 13 10 9 11 8 7 9 6 5 7 4 3 5 2 1 3 0 1 34 33 35 32 31 33 30 29 31 28 27 29 26 25 27 24 23 25 22 21 23 20 19 21 18 17 19 16 15 17 14 13 15 12 11 13 10 9 11 8 7 9 6 5 7 4 3 5 2 1 3 36 35 37 34 33 35 32 31 33 30 29 31 28 27 29 26 25 27 24 23 25 22 21 23 20 19 21 18 17 19 16 15 17 14 13 15 12 11 13 10 9 11 8 7 9 6 5 7 4 3 5 2 1 3 32 31 33 30 29 31 28 27 29 26 25 27 24 23 25 22 21 23 20 19 21 18 17 19 16 15 17 14 13 15 12 11 13 10 9 11 8 7 9 6 5 7 4 3 5 36 35 37 34 33 35 32 31 33 30 29 31 28 27 29 26 25 27 24 23 25 22 21 23 20 19 21 18 17 19 16 15 17 14 13 15 12 11 13 10 9 11 8 7 9 6 5 7 4 3 5 30 29 31 28 27 29 26 25 27 24 23 25 22 21 23 20 19 21 18 17 19 16 15 17 14 13 15 12 11 13 10 9 11 8 7 9 6 5 7 34 33 35 32 31 33 30 29 31 28 27 29 26 25 27 24 23 25 22 21 23 20 19 21 18 17 19 16 15 17 14 13 15 12 11 13 10 9 11 8 7 9 6 5 7 28 27 29 26 25 27 24 23 25 22 21 23 20 19 21 18 17 19 16 15 17 14 13 15 12 11 13 10 9 11 8 7 9 18 17 19 16 15 17 14 13 15 20 19 21 22 21 23 24 23 25 22 21 23 20 19 21 18 17 19 16 15 17 14 13 15 12 11 13 26 25 27 24 23 25 22 21 23 20 19 21 18 17 19 16 15 17 14 13 15 12 11 13 10 9 11 24 23 25 28 27 29 26 25 27 30 29 31 32 31 33 34 33 35 36 35 37 34 33 35 32 31 33 30 29 31 28 27 29 26 25 27 24 23 25 22 21 23 20 19 21 18 17 19 16 15 17 14 13 15 12 11 13 10 9 11 8 7 9 30 29 31 28 27 29 26 25 27 24 23 25 22 21 23 20 19 21 18 17 19 16 15 17 14 13 15 20 19 21 18 17 19 16 15 17 32 31 33 30 29 31 28 27 29 26 25 27 24 23 25 22 21 23 20 19 21 18 17 19 28 27 29 26 25 27 24 23 25 30 29 31 32 31 33 34 33 35 36 35 37 34 33 35 32 31 33 30 29 31 28 27 29 26 25 27 24 23 25 22 21 23 20 19 21 18 17 19 16 15 17 14 13 15 12 11 13 10 9 11 12 11 13 14 13 15 16 15 17 14 13 15 18 17 19 16 15 17 22 21 23 20 19 21 18 17 19 24 23 25 30 29 31 28 27 29 26 25 27 32 31 33 30 29 31 28 27 29 26 25 27 24 23 25 22 21 23 20 19 21 18 17 19 16 15 17 24 23 25 22 21 23 34 33 35 32 31 33 30 29 31 28 27 29 26 25 27 24 23 25 22 21 23 20 19 21 28 27 29 26 25 27
[21.148768s] A=259 K=481 i=4.516290545e+09) 37 35 33 31 29 27 25 23 21 19 17 15 13 11 9 7 5 3 1 36 35 37 34 33 35 32 31 33 30 29 31 28 27 29 26 25 27 24 23 25 22 21 23 20 19 21 18 17 19 16 15 17 14 13 15 12 11 13 10 9 11 8 7 9 6 5 7 4 3 5 2 1 3 0 1 34 33 35 32 31 33 30 29 31 28 27 29 26 25 27 24 23 25 22 21 23 20 19 21 18 17 19 16 15 17 14 13 15 12 11 13 10 9 11 8 7 9 6 5 7 4 3 5 2 1 3 36 35 37 34 33 35 32 31 33 30 29 31 28 27 29 26 25 27 24 23 25 22 21 23 20 19 21 18 17 19 16 15 17 14 13 15 12 11 13 10 9 11 8 7 9 6 5 7 4 3 5 2 1 3 32 31 33 30 29 31 28 27 29 26 25 27 24 23 25 22 21 23 20 19 21 18 17 19 16 15 17 14 13 15 12 11 13 10 9 11 8 7 9 6 5 7 4 3 5 36 35 37 34 33 35 32 31 33 30 29 31 28 27 29 26 25 27 24 23 25 22 21 23 20 19 21 18 17 19 16 15 17 14 13 15 12 11 13 10 9 11 8 7 9 6 5 7 4 3 5 30 29 31 28 27 29 26 25 27 24 23 25 22 21 23 20 19 21 18 17 19 16 15 17 14 13 15 12 11 13 10 9 11 8 7 9 6 5 7 34 33 35 32 31 33 30 29 31 28 27 29 26 25 27 24 23 25 22 21 23 20 19 21 18 17 19 16 15 17 14 13 15 12 11 13 10 9 11 8 7 9 6 5 7 28 27 29 26 25 27 24 23 25 22 21 23 20 19 21 18 17 19 16 15 17 14 13 15 12 11 13 10 9 11 8 7 9 18 17 19 16 15 17 14 13 15 20 19 21 22 21 23 24 23 25 22 21 23 20 19 21 18 17 19 16 15 17 14 13 15 12 11 13 20 19 21 18 17 19 16 15 17 14 13 15 22 21 23 26 25 27 24 23 25 22 21 23 20 19 21 18 17 19 16 15 17 28 27 29 26 25 27 24 23 25 30 29 31 28 27 29 26 25 27 32 31 33 30 29 31 28 27 29 26 25 27 24 23 25 22 21 23 34 33 35 32 31 33 30 29 31 36 35 37 34 33 35 32 31 33 30 29 31 28 27 29 26 25 27 24 23 25 22 21 23 20 19 21 18 17 19 16 15 17 14 13 15 12 11 13 10 9 11 8 7 9 14 13 15 12 11 13 10 9 11 20 19 21 28 27 29 26 25 27 24 23 25 22 21 23 24 23 25 30 29 31 28 27 29 26 25 27 36 35 37 34 33 35 32 31 33 30 29 31 28 27 29 26 25 27 24 23 25 22 21 23 20 19 21 18 17 19 16 15 17 14 13 15 12 11 13 10 9 11 18 17 19 16 15 17 14 13 15 12 11 13 20 19 21 18 17 19 16 15 17 14 13 15 20 19 21 18 17 19 16 15 17 22 21 23 20 19 21 18 17 19 24 23 25 22 21 23 32 31 33 30 29 31 28 27 29 26 25 27 24 23 25 22 21 23 20 19 21 34 33 35 32 31 33 30 29 31 28 27 29 26 25 27 24 23 25 22 21 23 20 19 21 18 17 19 16 15 17 24 23 25 30 29 31 28 27 29 26 25 27
[21.184009s] A=259 K=481 i=4.523851084e+09) 37 35 33 31 29 27 25 23 21 19 17 15 13 11 9 7 5 3 1 36 35 37 34 33 35 32 31 33 30 29 31 28 27 29 26 25 27 24 23 25 22 21 23 20 19 21 18 17 19 16 15 17 14 13 15 12 11 13 10 9 11 8 7 9 6 5 7 4 3 5 2 1 3 0 1 34 33 35 32 31 33 30 29 31 28 27 29 26 25 27 24 23 25 22 21 23 20 19 21 18 17 19 16 15 17 14 13 15 12 11 13 10 9 11 8 7 9 6 5 7 4 3 5 2 1 3 36 35 37 34 33 35 32 31 33 30 29 31 28 27 29 26 25 27 24 23 25 22 21 23 20 19 21 18 17 19 16 15 17 14 13 15 12 11 13 10 9 11 8 7 9 6 5 7 4 3 5 2 1 3 32 31 33 30 29 31 28 27 29 26 25 27 24 23 25 22 21 23 20 19 21 18 17 19 16 15 17 14 13 15 12 11 13 10 9 11 8 7 9 6 5 7 4 3 5 36 35 37 34 33 35 32 31 33 30 29 31 28 27 29 26 25 27 24 23 25 22 21 23 20 19 21 18 17 19 16 15 17 14 13 15 12 11 13 10 9 11 8 7 9 6 5 7 4 3 5 30 29 31 28 27 29 26 25 27 24 23 25 22 21 23 20 19 21 18 17 19 16 15 17 14 13 15 12 11 13 10 9 11 8 7 9 6 5 7 34 33 35 32 31 33 30 29 31 28 27 29 26 25 27 24 23 25 22 21 23 20 19 21 18 17 19 16 15 17 14 13 15 12 11 13 10 9 11 8 7 9 6 5 7 28 27 29 26 25 27 24 23 25 22 21 23 20 19 21 18 17 19 16 15 17 14 13 15 12 11 13 10 9 11 8 7 9 18 17 19 16 15 17 14 13 15 20 19 21 22 21 23 24 23 25 22 21 23 20 19 21 18 17 19 16 15 17 26 25 27 24 23 25 22 21 23 20 19 21 18 17 19 16 15 17 14 13 15 12 11 13 10 9 11 14 13 15 12 11 13 28 27 29 26 25 27 24 23 25 30 29 31 32 31 33 36 35 37 34 33 35 32 31 33 30 29 31 28 27 29 26 25 27 24 23 25 22 21 23 20 19 21 18 17 19 16 15 17 14 13 15 12 11 13 10 9 11 8 7 9 18 17 19 30 29 31 28 27 29 26 25 27 24 23 25 22 21 23 20 19 21 36 35 37 34 33 35 32 31 33 30 29 31 28 27 29 26 25 27 24 23 25 22 21 23 20 19 21 18 17 19 16 15 17 14 13 15 12 11 13 10 9 11 18 17 19 16 15 17 14 13 15 12 11 13 20 19 21 18 17 19 16 15 17 14 13 15 16 15 17 28 27 29 26 25 27 24 23 25 22 21 23 20 19 21 18 17 19 32 31 33 30 29 31 28 27 29 26 25 27 34 33 35 32 31 33 30 29 31 28 27 29 26 25 27 24 23 25 22 21 23 20 19 21 18 17 19 16 15 17 14 13 15 34 33 35 32 31 33 30 29 31 36 35 37 34 33 35 32 31 33 30 29 31 28 27 29 26 25 27 24 23 25 22 21 23 20 19 21 18 17 19 16 15 17 24 23 25 22 21 23 20 19 21 28 27 29 26 25 27 24 23 25 22 21 23 30 29 31 28 27 29 26 25 27
[21.184050s] A=259 K=481 i=4.523851343e+09) 37 35 33 31 29 27 25 23 21 19 17 15 13 11 9 7 5 3 1 36 35 37 34 33 35 32 31 33 30 29 31 28 27 29 26 25 27 24 23 25 22 21 23 20 19 21 18 17 19 16 15 17 14 13 15 12 11 13 10 9 11 8 7 9 6 5 7 4 3 5 2 1 3 0 1 34 33 35 32 31 33 30 29 31 28 27 29 26 25 27 24 23 25 22 21 23 20 19 21 18 17 19 16 15 17 14 13 15 12 11 13 10 9 11 8 7 9 6 5 7 4 3 5 2 1 3 36 35 37 34 33 35 32 31 33 30 29 31 28 27 29 26 25 27 24 23 25 22 21 23 20 19 21 18 17 19 16 15 17 14 13 15 12 11 13 10 9 11 8 7 9 6 5 7 4 3 5 2 1 3 32 31 33 30 29 31 28 27 29 26 25 27 24 23 25 22 21 23 20 19 21 18 17 19 16 15 17 14 13 15 12 11 13 10 9 11 8 7 9 6 5 7 4 3 5 36 35 37 34 33 35 32 31 33 30 29 31 28 27 29 26 25 27 24 23 25 22 21 23 20 19 21 18 17 19 16 15 17 14 13 15 12 11 13 10 9 11 8 7 9 6 5 7 4 3 5 30 29 31 28 27 29 26 25 27 24 23 25 22 21 23 20 19 21 18 17 19 16 15 17 14 13 15 12 11 13 10 9 11 8 7 9 6 5 7 34 33 35 32 31 33 30 29 31 28 27 29 26 25 27 24 23 25 22 21 23 20 19 21 18 17 19 16 15 17 14 13 15 12 11 13 10 9 11 8 7 9 6 5 7 28 27 29 26 25 27 24 23 25 22 21 23 20 19 21 18 17 19 16 15 17 14 13 15 12 11 13 10 9 11 8 7 9 18 17 19 16 15 17 14 13 15 20 19 21 22 21 23 24 23 25 22 21 23 20 19 21 18 17 19 16 15 17 26 25 27 24 23 25 22 21 23 20 19 21 18 17 19 16 15 17 14 13 15 12 11 13 10 9 11 14 13 15 12 11 13 28 27 29 26 25 27 24 23 25 30 29 31 32 31 33 36 35 37 34 33 35 32 31 33 30 29 31 28 27 29 26 25 27 24 23 25 22 21 23 20 19 21 18 17 19 16 15 17 14 13 15 12 11 13 10 9 11 8 7 9 18 17 19 30 29 31 28 27 29 26 25 27 24 23 25 22 21 23 20 19 21 36 35 37 34 33 35 32 31 33 30 29 31 28 27 29 26 25 27 24 23 25 22 21 23 20 19 21 18 17 19 16 15 17 14 13 15 12 11 13 10 9 11 18 17 19 16 15 17 14 13 15 12 11 13 20 19 21 18 17 19 16 15 17 14 13 15 16 15 17 28 27 29 26 25 27 24 23 25 22 21 23 20 19 21 18 17 19 30 29 31 32 31 33 34 33 35 32 31 33 30 29 31 28 27 29 26 25 27 24 23 25 22 21 23 20 19 21 18 17 19 16 15 17 14 13 15 30 29 31 28 27 29 26 25 27 36 35 37 34 33 35 32 31 33 30 29 31 28 27 29 26 25 27 24 23 25 22 21 23 20 19 21 18 17 19 16 15 17 24 23 25 22 21 23 20 19 21 34 33 35 32 31 33 30 29 31 28 27 29 26 25 27 24 23 25 22 21 23 28 27 29 26 25 27
[21.184241s] A=259 K=481 i=4.523900793e+09) 37 35 33 31 29 27 25 23 21 19 17 15 13 11 9 7 5 3 1 36 35 37 34 33 35 32 31 33 30 29 31 28 27 29 26 25 27 24 23 25 22 21 23 20 19 21 18 17 19 16 15 17 14 13 15 12 11 13 10 9 11 8 7 9 6 5 7 4 3 5 2 1 3 0 1 34 33 35 32 31 33 30 29 31 28 27 29 26 25 27 24 23 25 22 21 23 20 19 21 18 17 19 16 15 17 14 13 15 12 11 13 10 9 11 8 7 9 6 5 7 4 3 5 2 1 3 36 35 37 34 33 35 32 31 33 30 29 31 28 27 29 26 25 27 24 23 25 22 21 23 20 19 21 18 17 19 16 15 17 14 13 15 12 11 13 10 9 11 8 7 9 6 5 7 4 3 5 2 1 3 32 31 33 30 29 31 28 27 29 26 25 27 24 23 25 22 21 23 20 19 21 18 17 19 16 15 17 14 13 15 12 11 13 10 9 11 8 7 9 6 5 7 4 3 5 36 35 37 34 33 35 32 31 33 30 29 31 28 27 29 26 25 27 24 23 25 22 21 23 20 19 21 18 17 19 16 15 17 14 13 15 12 11 13 10 9 11 8 7 9 6 5 7 4 3 5 30 29 31 28 27 29 26 25 27 24 23 25 22 21 23 20 19 21 18 17 19 16 15 17 14 13 15 12 11 13 10 9 11 8 7 9 6 5 7 34 33 35 32 31 33 30 29 31 28 27 29 26 25 27 24 23 25 22 21 23 20 19 21 18 17 19 16 15 17 14 13 15 12 11 13 10 9 11 8 7 9 6 5 7 28 27 29 26 25 27 24 23 25 22 21 23 20 19 21 18 17 19 16 15 17 14 13 15 12 11 13 10 9 11 8 7 9 18 17 19 16 15 17 14 13 15 20 19 21 22 21 23 24 23 25 22 21 23 20 19 21 18 17 19 16 15 17 26 25 27 24 23 25 22 21 23 20 19 21 18 17 19 16 15 17 14 13 15 12 11 13 10 9 11 14 13 15 12 11 13 28 27 29 26 25 27 24 23 25 26 25 27 32 31 33 30 29 31 28 27 29 36 35 37 34 33 35 32 31 33 30 29 31 28 27 29 26 25 27 24 23 25 22 21 23 20 19 21 18 17 19 16 15 17 14 13 15 12 11 13 10 9 11 8 7 9 26 25 27 24 23 25 22 21 23 20 19 21 18 17 19 16 15 17 14 13 15 20 19 21 18 17 19 16 15 17 34 33 35 32 31 33 30 29 31 28 27 29 26 25 27 24 23 25 22 21 23 20 19 21 18 17 19 36 35 37 34 33 35 32 31 33 30 29 31 28 27 29 26 25 27 24 23 25 22 21 23 20 19 21 18 17 19 16 15 17 14 13 15 12 11 13 10 9 11 12 11 13 14 13 15 16 15 17 14 13 15 18 17 19 16 15 17 30 29 31 28 27 29 26 25 27 24 23 25 22 21 23 20 19 21 18 17 19 32 31 33 30 29 31 28 27 29 26 25 27 34 33 35 32 31 33 30 29 31 28 27 29 36 35 37 34 33 35 32 31 33 30 29 31 28 27 29 26 25 27 24 23 25 22 21 23 20 19 21 18 17 19 16 15 17 24 23 25 22 21 23 20 19 21 26 25 27 24 23 25 22 21 23 28 27 29 26 25 27
[21.233820s] A=259 K=481 i=4.53504681e+09) 37 35 33 31 29 27 25 23 21 19 17 15 13 11 9 7 5 3 1 36 35 37 34 33 35 32 31 33 30 29 31 28 27 29 26 25 27 24 23 25 22 21 23 20 19 21 18 17 19 16 15 17 14 13 15 12 11 13 10 9 11 8 7 9 6 5 7 4 3 5 2 1 3 0 1 34 33 35 32 31 33 30 29 31 28 27 29 26 25 27 24 23 25 22 21 23 20 19 21 18 17 19 16 15 17 14 13 15 12 11 13 10 9 11 8 7 9 6 5 7 4 3 5 2 1 3 36 35 37 34 33 35 32 31 33 30 29 31 28 27 29 26 25 27 24 23 25 22 21 23 20 19 21 18 17 19 16 15 17 14 13 15 12 11 13 10 9 11 8 7 9 6 5 7 4 3 5 2 1 3 32 31 33 30 29 31 28 27 29 26 25 27 24 23 25 22 21 23 20 19 21 18 17 19 16 15 17 14 13 15 12 11 13 10 9 11 8 7 9 6 5 7 4 3 5 36 35 37 34 33 35 32 31 33 30 29 31 28 27 29 26 25 27 24 23 25 22 21 23 20 19 21 18 17 19 16 15 17 14 13 15 12 11 13 10 9 11 8 7 9 6 5 7 4 3 5 30 29 31 28 27 29 26 25 27 24 23 25 22 21 23 20 19 21 18 17 19 16 15 17 14 13 15 12 11 13 10 9 11 8 7 9 6 5 7 34 33 35 32 31 33 30 29 31 28 27 29 26 25 27 24 23 25 22 21 23 20 19 21 18 17 19 16 15 17 14 13 15 12 11 13 10 9 11 8 7 9 6 5 7 28 27 29 26 25 27 24 23 25 22 21 23 20 19 21 18 17 19 16 15 17 14 13 15 12 11 13 10 9 11 8 7 9 18 17 19 16 15 17 14 13 15 20 19 21 22 21 23 24 23 25 22 21 23 20 19 21 18 17 19 16 15 17 26 25 27 28 27 29 36 35 37 34 33 35 32 31 33 30 29 31 28 27 29 26 25 27 24 23 25 22 21 23 20 19 21 18 17 19 16 15 17 14 13 15 12 11 13 10 9 11 8 7 9 14 13 15 12 11 13 24 23 25 22 21 23 20 19 21 18 17 19 16 15 17 14 13 15 12 11 13 10 9 11 26 25 27 24 23 25 28 27 29 26 25 27 32 31 33 30 29 31 28 27 29 26 25 27 24 23 25 22 21 23 20 19 21 18 17 19 16 15 17 20 19 21 18 17 19 34 33 35 32 31 33 30 29 31 28 27 29 36 35 37 34 33 35 32 31 33 30 29 31 28 27 29 26 25 27 24 23 25 22 21 23 20 19 21 18 17 19 16 15 17 14 13 15 12 11 13 10 9 11 14 13 15 12 11 13 16 15 17 14 13 15 18 17 19 16 15 17 26 25 27 24 23 25 22 21 23 20 19 21 18 17 19 16 15 17 14 13 15 28 27 29 30 29 31 28 27 29 26 25 27 24 23 25 22 21 23 20 19 21 18 17 19 34 33 35 32 31 33 36 35 37 34 33 35 32 31 33 30 29 31 28 27 29 26 25 27 24 23 25 22 21 23 20 19 21 18 17 19 16 15 17 30 29 31 28 27 29 26 25 27 24 23 25 22 21 23 20 19 21 32 31 33 30 29 31 28 27 29 26 25 27 24 23 25 22 21 23
[21.277778s] A=259 K=481 i=4.544728087e+09) 37 35 33 31 29 27 25 23 21 19 17 15 13 11 9 7 5 3 1 36 35 37 34 33 35 32 31 33 30 29 31 28 27 29 26 25 27 24 23 25 22 21 23 20 19 21 18 17 19 16 15 17 14 13 15 12 11 13 10 9 11 8 7 9 6 5 7 4 3 5 2 1 3 0 1 34 33 35 32 31 33 30 29 31 28 27 29 26 25 27 24 23 25 22 21 23 20 19 21 18 17 19 16 15 17 14 13 15 12 11 13 10 9 11 8 7 9 6 5 7 4 3 5 2 1 3 36 35 37 34 33 35 32 31 33 30 29 31 28 27 29 26 25 27 24 23 25 22 21 23 20 19 21 18 17 19 16 15 17 14 13 15 12 11 13 10 9 11 8 7 9 6 5 7 4 3 5 2 1 3 32 31 33 30 29 31 28 27 29 26 25 27 24 23 25 22 21 23 20 19 21 18 17 19 16 15 17 14 13 15 12 11 13 10 9 11 8 7 9 6 5 7 4 3 5 36 35 37 34 33 35 32 31 33 30 29 31 28 27 29 26 25 27 24 23 25 22 21 23 20 19 21 18 17 19 16 15 17 14 13 15 12 11 13 10 9 11 8 7 9 6 5 7 4 3 5 30 29 31 28 27 29 26 25 27 24 23 25 22 21 23 20 19 21 18 17 19 16 15 17 14 13 15 12 11 13 10 9 11 8 7 9 6 5 7 34 33 35 32 31 33 30 29 31 28 27 29 26 25 27 24 23 25 22 21 23 20 19 21 18 17 19 16 15 17 14 13 15 12 11 13 10 9 11 8 7 9 6 5 7 28 27 29 26 25 27 24 23 25 22 21 23 20 19 21 18 17 19 16 15 17 14 13 15 12 11 13 10 9 11 8 7 9 18 17 19 16 15 17 14 13 15 20 19 21 22 21 23 24 23 25 26 25 27 24 23 25 22 21 23 20 19 21 18 17 19 16 15 17 14 13 15 12 11 13 10 9 11 22 21 23 20 19 21 18 17 19 16 15 17 14 13 15 12 11 13 24 23 25 28 27 29 26 25 27 30 29 31 32 31 33 34 33 35 36 35 37 34 33 35 32 31 33 30 29 31 28 27 29 26 25 27 24 23 25 22 21 23 20 19 21 18 17 19 16 15 17 14 13 15 12 11 13 10 9 11 8 7 9 30 29 31 28 27 29 26 25 27 24 23 25 22 21 23 20 19 21 18 17 19 16 15 17 14 13 15 20 19 21 18 17 19 16 15 17 32 31 33 30 29 31 28 27 29 26 25 27 24 23 25 22 21 23 20 19 21 18 17 19 28 27 29 26 25 27 24 23 25 22 21 23 30 29 31 32 31 33 30 29 31 28 27 29 26 25 27 24 23 25 34 33 35 36 35 37 34 33 35 32 31 33 30 29 31 28 27 29 26 25 27 24 23 25 22 21 23 20 19 21 18 17 19 16 15 17 14 13 15 12 11 13 10 9 11 12 11 13 14 13 15 16 15 17 14 13 15 18 17 19 16 15 17 20 19 21 18 17 19 22 21 23 32 31 33 30 29 31 28 27 29 26 25 27 24 23 25 22 21 23 20 19 21 18 17 19 16 15 17 34 33 35 32 31 33 30 29 31 28 27 29 26 25 27 24 23 25 22 21 23 20 19 21 24 23 25 28 27 29 26 25 27
[21.395150s] A=259 K=481 i=4.570909739e+09) 37 35 33 31 29 27 25 23 21 19 17 15 13 11 9 7 5 3 1 36 35 37 34 33 35 32 31 33 30 29 31 28 27 29 26 25 27 24 23 25 22 21 23 20 19 21 18 17 19 16 15 17 14 13 15 12 11 13 10 9 11 8 7 9 6 5 7 4 3 5 2 1 3 0 1 34 33 35 32 31 33 30 29 31 28 27 29 26 25 27 24 23 25 22 21 23 20 19 21 18 17 19 16 15 17 14 13 15 12 11 13 10 9 11 8 7 9 6 5 7 4 3 5 2 1 3 36 35 37 34 33 35 32 31 33 30 29 31 28 27 29 26 25 27 24 23 25 22 21 23 20 19 21 18 17 19 16 15 17 14 13 15 12 11 13 10 9 11 8 7 9 6 5 7 4 3 5 2 1 3 32 31 33 30 29 31 28 27 29 26 25 27 24 23 25 22 21 23 20 19 21 18 17 19 16 15 17 14 13 15 12 11 13 10 9 11 8 7 9 6 5 7 4 3 5 36 35 37 34 33 35 32 31 33 30 29 31 28 27 29 26 25 27 24 23 25 22 21 23 20 19 21 18 17 19 16 15 17 14 13 15 12 11 13 10 9 11 8 7 9 6 5 7 4 3 5 30 29 31 28 27 29 26 25 27 24 23 25 22 21 23 20 19 21 18 17 19 16 15 17 14 13 15 12 11 13 10 9 11 8 7 9 6 5 7 34 33 35 32 31 33 30 29 31 28 27 29 26 25 27 24 23 25 22 21 23 20 19 21 18 17 19 16 15 17 14 13 15 12 11 13 10 9 11 8 7 9 6 5 7 28 27 29 26 25 27 24 23 25 22 21 23 20 19 21 18 17 19 16 15 17 14 13 15 12 11 13 10 9 11 8 7 9 18 17 19 16 15 17 24 23 25 22 21 23 20 19 21 18 17 19 16 15 17 14 13 15 12 11 13 22 21 23 20 19 21 26 25 27 24 23 25 22 21 23 20 19 21 18 17 19 16 15 17 14 13 15 12 11 13 10 9 11 18 17 19 16 15 17 14 13 15 26 25 27 24 23 25 28 27 29 26 25 27 32 31 33 30 29 31 28 27 29 36 35 37 34 33 35 32 31 33 30 29 31 28 27 29 26 25 27 24 23 25 22 21 23 20 19 21 18 17 19 16 15 17 14 13 15 12 11 13 10 9 11 8 7 9 26 25 27 24 23 25 22 21 23 20 19 21 18 17 19 34 33 35 32 31 33 30 29 31 28 27 29 26 25 27 24 23 25 22 21 23 20 19 21 30 29 31 28 27 29 26 25 27 24 23 25 36 35 37 34 33 35 32 31 33 30 29 31 28 27 29 26 25 27 24 23 25 22 21 23 20 19 21 18 17 19 16 15 17 14 13 15 12 11 13 10 9 11 16 15 17 14 13 15 12 11 13 18 17 19 16 15 17 14 13 15 20 19 21 18 17 19 16 15 17 22 21 23 20 19 21 18 17 19 32 31 33 30 29 31 28 27 29 36 35 37 34 33 35 32 31 33 30 29 31 28 27 29 26 25 27 24 23 25 22 21 23 20 19 21 18 17 19 16 15 17 26 25 27 24 23 25 22 21 23 20 19 21 24 23 25 28 27 29 26 25 27 34 33 35 32 31 33 30 29 31 28 27 29 26 25 27 24 23 25 22 21 23
[21.399666s] A=259 K=481 i=4.572238481e+09) 37 35 33 31 29 27 25 23 21 19 17 15 13 11 9 7 5 3 1 36 35 37 34 33 35 32 31 33 30 29 31 28 27 29 26 25 27 24 23 25 22 21 23 20 19 21 18 17 19 16 15 17 14 13 15 12 11 13 10 9 11 8 7 9 6 5 7 4 3 5 2 1 3 0 1 34 33 35 32 31 33 30 29 31 28 27 29 26 25 27 24 23 25 22 21 23 20 19 21 18 17 19 16 15 17 14 13 15 12 11 13 10 9 11 8 7 9 6 5 7 4 3 5 2 1 3 36 35 37 34 33 35 32 31 33 30 29 31 28 27 29 26 25 27 24 23 25 22 21 23 20 19 21 18 17 19 16 15 17 14 13 15 12 11 13 10 9 11 8 7 9 6 5 7 4 3 5 2 1 3 32 31 33 30 29 31 28 27 29 26 25 27 24 23 25 22 21 23 20 19 21 18 17 19 16 15 17 14 13 15 12 11 13 10 9 11 8 7 9 6 5 7 4 3 5 36 35 37 34 33 35 32 31 33 30 29 31 28 27 29 26 25 27 24 23 25 22 21 23 20 19 21 18 17 19 16 15 17 14 13 15 12 11 13 10 9 11 8 7 9 6 5 7 4 3 5 30 29 31 28 27 29 26 25 27 24 23 25 22 21 23 20 19 21 18 17 19 16 15 17 14 13 15 12 11 13 10 9 11 8 7 9 6 5 7 34 33 35 32 31 33 30 29 31 28 27 29 26 25 27 24 23 25 22 21 23 20 19 21 18 17 19 16 15 17 14 13 15 12 11 13 10 9 11 8 7 9 6 5 7 28 27 29 26 25 27 24 23 25 22 21 23 20 19 21 18 17 19 16 15 17 14 13 15 12 11 13 10 9 11 8 7 9 18 17 19 16 15 17 24 23 25 22 21 23 20 19 21 18 17 19 16 15 17 14 13 15 12 11 13 22 21 23 20 19 21 26 25 27 24 23 25 22 21 23 20 19 21 18 17 19 16 15 17 14 13 15 12 11 13 10 9 11 18 17 19 26 25 27 24 23 25 28 27 29 30 29 31 32 31 33 30 29 31 28 27 29 26 25 27 24 23 25 22 21 23 20 19 21 28 27 29 26 25 27 24 23 25 26 25 27 34 33 35 32 31 33 30 29 31 28 27 29 36 35 37 34 33 35 32 31 33 30 29 31 28 27 29 26 25 27 24 23 25 22 21 23 20 19 21 18 17 19 16 15 17 14 13 15 12 11 13 10 9 11 8 7 9 18 17 19 16 15 17 14 13 15 16 15 17 20 19 21 18 17 19 34 33 35 32 31 33 30 29 31 36 35 37 34 33 35 32 31 33 30 29 31 28 27 29 26 25 27 24 23 25 22 21 23 20 19 21 18 17 19 16 15 17 14 13 15 12 11 13 10 9 11 12 11 13 14 13 15 16 15 17 26 25 27 24 23 25 22 21 23 20 19 21 18 17 19 16 15 17 14 13 15 28 27 29 26 25 27 24 23 25 22 21 23 20 19 21 18 17 19 16 15 17 22 21 23 20 19 21 18 17 19 30 29 31 28 27 29 26 25 27 24 23 25 32 31 33 30 29 31 28 27 29 26 25 27 24 23 25 22 21 23 20 19 21 22 21 23 24 23 25 34 33 35 32 31 33 30 29 31 28 27 29 26 25 27
[21.430711s] A=259 K=481 i=4.5780031e+09) 37 35 33 31 29 27 25 23 21 19 17 15 13 11 9 7 5 3 1 36 35 37 34 33 35 32 31 33 30 29 31 28 27 29 26 25 27 24 23 25 22 21 23 20 19 21 18 17 19 16 15 17 14 13 15 12 11 13 10 9 11 8 7 9 6 5 7 4 3 5 2 1 3 0 1 34 33 35 32 31 33 30 29 31 28 27 29 26 25 27 24 23 25 22 21 23 20 19 21 18 17 19 16 15 17 14 13 15 12 11 13 10 9 11 8 7 9 6 5 7 4 3 5 2 1 3 36 35 37 34 33 35 32 31 33 30 29 31 28 27 29 26 25 27 24 23 25 22 21 23 20 19 21 18 17 19 16 15 17 14 13 15 12 11 13 10 9 11 8 7 9 6 5 7 4 3 5 2 1 3 32 31 33 30 29 31 28 27 29 26 25 27 24 23 25 22 21 23 20 19 21 18 17 19 16 15 17 14 13 15 12 11 13 10 9 11 8 7 9 6 5 7 4 3 5 36 35 37 34 33 35 32 31 33 30 29 31 28 27 29 26 25 27 24 23 25 22 21 23 20 19 21 18 17 19 16 15 17 14 13 15 12 11 13 10 9 11 8 7 9 6 5 7 4 3 5 30 29 31 28 27 29 26 25 27 24 23 25 22 21 23 20 19 21 18 17 19 16 15 17 14 13 15 12 11 13 10 9 11 8 7 9 6 5 7 34 33 35 32 31 33 30 29 31 28 27 29 26 25 27 24 23 25 22 21 23 20 19 21 18 17 19 16 15 17 14 13 15 12 11 13 10 9 11 8 7 9 6 5 7 28 27 29 26 25 27 24 23 25 22 21 23 20 19 21 18 17 19 16 15 17 14 13 15 12 11 13 10 9 11 8 7 9 18 17 19 16 15 17 24 23 25 22 21 23 20 19 21 18 17 19 16 15 17 14 13 15 12 11 13 22 21 23 20 19 21 24 23 25 26 25 27 24 23 25 22 21 23 20 19 21 18 17 19 16 15 17 14 13 15 12 11 13 10 9 11 18 17 19 28 27 29 26 25 27 30 29 31 32 31 33 30 29 31 28 27 29 26 25 27 24 23 25 22 21 23 20 19 21 34 33 35 36 35 37 34 33 35 32 31 33 30 29 31 28 27 29 26 25 27 24 23 25 22 21 23 20 19 21 18 17 19 16 15 17 14 13 15 12 11 13 10 9 11 8 7 9 18 17 19 16 15 17 14 13 15 16 15 17 20 19 21 18 17 19 28 27 29 26 25 27 24 23 25 30 29 31 32 31 33 34 33 35 36 35 37 34 33 35 32 31 33 30 29 31 28 27 29 26 25 27 24 23 25 22 21 23 20 19 21 18 17 19 16 15 17 14 13 15 12 11 13 10 9 11 12 11 13 14 13 15 16 15 17 30 29 31 28 27 29 26 25 27 24 23 25 22 21 23 20 19 21 18 17 19 16 15 17 14 13 15 32 31 33 30 29 31 28 27 29 26 25 27 24 23 25 22 21 23 20 19 21 18 17 19 16 15 17 22 21 23 20 19 21 18 17 19 28 27 29 26 25 27 24 23 25 34 33 35 32 31 33 30 29 31 28 27 29 26 25 27 24 23 25 22 21 23 20 19 21 22 21 23 24 23 25 34 33 35 32 31 33 30 29 31 28 27 29 26 25 27
[21.487072s] A=259 K=481 i=4.590079459e+09) 37 35 33 31 29 27 25 23 21 19 17 15 13 11 9 7 5 3 1 36 35 37 34 33 35 32 31 33 30 29 31 28 27 29 26 25 27 24 23 25 22 21 23 20 19 21 18 17 19 16 15 17 14 13 15 12 11 13 10 9 11 8 7 9 6 5 7 4 3 5 2 1 3 0 1 34 33 35 32 31 33 30 29 31 28 27 29 26 25 27 24 23 25 22 21 23 20 19 21 18 17 19 16 15 17 14 13 15 12 11 13 10 9 11 8 7 9 6 5 7 4 3 5 2 1 3 36 35 37 34 33 35 32 31 33 30 29 31 28 27 29 26 25 27 24 23 25 22 21 23 20 19 21 18 17 19 16 15 17 14 13 15 12 11 13 10 9 11 8 7 9 6 5 7 4 3 5 2 1 3 32 31 33 30 29 31 28 27 29 26 25 27 24 23 25 22 21 23 20 19 21 18 17 19 16 15 17 14 13 15 12 11 13 10 9 11 8 7 9 6 5 7 4 3 5 36 35 37 34 33 35 32 31 33 30 29 31 28 27 29 26 25 27 24 23 25 22 21 23 20 19 21 18 17 19 16 15 17 14 13 15 12 11 13 10 9 11 8 7 9 6 5 7 4 3 5 30 29 31 28 27 29 26 25 27 24 23 25 22 21 23 20 19 21 18 17 19 16 15 17 14 13 15 12 11 13 10 9 11 8 7 9 6 5 7 34 33 35 32 31 33 30 29 31 28 27 29 26 25 27 24 23 25 22 21 23 20 19 21 18 17 19 16 15 17 14 13 15 12 11 13 10 9 11 8 7 9 6 5 7 28 27 29 26 25 27 24 23 25 22 21 23 20 19 21 18 17 19 16 15 17 14 13 15 12 11 13 10 9 11 8 7 9 18 17 19 16 15 17 24 23 25 22 21 23 20 19 21 18 17 19 22 21 23 20 19 21 26 25 27 24 23 25 22 21 23 20 19 21 18 17 19 16 15 17 14 13 15 12 11 13 10 9 11 16 15 17 14 13 15 12 11 13 18 17 19 16 15 17 26 25 27 24 23 25 28 27 29 30 29 31 32 31 33 30 29 31 28 27 29 26 25 27 24 23 25 22 21 23 20 19 21 18 17 19 28 27 29 26 25 27 24 23 25 26 25 27 34 33 35 32 31 33 30 29 31 28 27 29 36 35 37 34 33 35 32 31 33 30 29 31 28 27 29 26 25 27 24 23 25 22 21 23 20 19 21 18 17 19 16 15 17 14 13 15 12 11 13 10 9 11 8 7 9 16 15 17 14 13 15 34 33 35 32 31 33 30 29 31 36 35 37 34 33 35 32 31 33 30 29 31 28 27 29 26 25 27 24 23 25 22 21 23 20 19 21 18 17 19 16 15 17 14 13 15 12 11 13 10 9 11 12 11 13 14 13 15 20 19 21 18 17 19 16 15 17 26 25 27 24 23 25 22 21 23 20 19 21 18 17 19 16 15 17 14 13 15 28 27 29 26 25 27 24 23 25 22 21 23 20 19 21 18 17 19 16 15 17 22 21 23 20 19 21 18 17 19 30 29 31 28 27 29 26 25 27 24 23 25 32 31 33 30 29 31 28 27 29 26 25 27 24 23 25 22 21 23 20 19 21 22 21 23 24 23 25 34 33 35 32 31 33 30 29 31 28 27 29 26 25 27
[21.521569s] A=259 K=481 i=4.597090908e+09) 37 35 33 31 29 27 25 23 21 19 17 15 13 11 9 7 5 3 1 36 35 37 34 33 35 32 31 33 30 29 31 28 27 29 26 25 27 24 23 25 22 21 23 20 19 21 18 17 19 16 15 17 14 13 15 12 11 13 10 9 11 8 7 9 6 5 7 4 3 5 2 1 3 0 1 34 33 35 32 31 33 30 29 31 28 27 29 26 25 27 24 23 25 22 21 23 20 19 21 18 17 19 16 15 17 14 13 15 12 11 13 10 9 11 8 7 9 6 5 7 4 3 5 2 1 3 36 35 37 34 33 35 32 31 33 30 29 31 28 27 29 26 25 27 24 23 25 22 21 23 20 19 21 18 17 19 16 15 17 14 13 15 12 11 13 10 9 11 8 7 9 6 5 7 4 3 5 2 1 3 32 31 33 30 29 31 28 27 29 26 25 27 24 23 25 22 21 23 20 19 21 18 17 19 16 15 17 14 13 15 12 11 13 10 9 11 8 7 9 6 5 7 4 3 5 36 35 37 34 33 35 32 31 33 30 29 31 28 27 29 26 25 27 24 23 25 22 21 23 20 19 21 18 17 19 16 15 17 14 13 15 12 11 13 10 9 11 8 7 9 6 5 7 4 3 5 30 29 31 28 27 29 26 25 27 24 23 25 22 21 23 20 19 21 18 17 19 16 15 17 14 13 15 12 11 13 10 9 11 8 7 9 6 5 7 34 33 35 32 31 33 30 29 31 28 27 29 26 25 27 24 23 25 22 21 23 20 19 21 18 17 19 16 15 17 14 13 15 12 11 13 10 9 11 8 7 9 6 5 7 28 27 29 26 25 27 24 23 25 22 21 23 20 19 21 18 17 19 16 15 17 14 13 15 12 11 13 10 9 11 8 7 9 18 17 19 16 15 17 24 23 25 22 21 23 20 19 21 18 17 19 22 21 23 20 19 21 24 23 25 26 25 27 24 23 25 22 21 23 20 19 21 18 17 19 16 15 17 14 13 15 12 11 13 10 9 11 16 15 17 14 13 15 12 11 13 18 17 19 16 15 17 28 27 29 26 25 27 30 29 31 32 31 33 30 29 31 28 27 29 26 25 27 24 23 25 22 21 23 20 19 21 18 17 19 34 33 35 36 35 37 34 33 35 32 31 33 30 29 31 28 27 29 26 25 27 24 23 25 22 21 23 20 19 21 18 17 19 16 15 17 14 13 15 12 11 13 10 9 11 8 7 9 16 15 17 14 13 15 28 27 29 26 25 27 24 23 25 30 29 31 32 31 33 34 33 35 36 35 37 34 33 35 32 31 33 30 29 31 28 27 29 26 25 27 24 23 25 22 21 23 20 19 21 18 17 19 16 15 17 14 13 15 12 11 13 10 9 11 12 11 13 14 13 15 20 19 21 18 17 19 16 15 17 30 29 31 28 27 29 26 25 27 24 23 25 22 21 23 20 19 21 18 17 19 16 15 17 14 13 15 32 31 33 30 29 31 28 27 29 26 25 27 24 23 25 22 21 23 20 19 21 18 17 19 16 15 17 22 21 23 20 19 21 18 17 19 28 27 29 26 25 27 24 23 25 34 33 35 32 31 33 30 29 31 28 27 29 26 25 27 24 23 25 22 21 23 20 19 21 22 21 23 24 23 25 34 33 35 32 31 33 30 29 31 28 27 29 26 25 27
[21.563677s] A=259 K=481 i=4.607802593e+09) 37 35 33 31 29 27 25 23 21 19 17 15 13 11 9 7 5 3 1 36 35 37 34 33 35 32 31 33 30 29 31 28 27 29 26 25 27 24 23 25 22 21 23 20 19 21 18 17 19 16 15 17 14 13 15 12 11 13 10 9 11 8 7 9 6 5 7 4 3 5 2 1 3 0 1 34 33 35 32 31 33 30 29 31 28 27 29 26 25 27 24 23 25 22 21 23 20 19 21 18 17 19 16 15 17 14 13 15 12 11 13 10 9 11 8 7 9 6 5 7 4 3 5 2 1 3 36 35 37 34 33 35 32 31 33 30 29 31 28 27 29 26 25 27 24 23 25 22 21 23 20 19 21 18 17 19 16 15 17 14 13 15 12 11 13 10 9 11 8 7 9 6 5 7 4 3 5 2 1 3 32 31 33 30 29 31 28 27 29 26 25 27 24 23 25 22 21 23 20 19 21 18 17 19 16 15 17 14 13 15 12 11 13 10 9 11 8 7 9 6 5 7 4 3 5 36 35 37 34 33 35 32 31 33 30 29 31 28 27 29 26 25 27 24 23 25 22 21 23 20 19 21 18 17 19 16 15 17 14 13 15 12 11 13 10 9 11 8 7 9 6 5 7 4 3 5 30 29 31 28 27 29 26 25 27 24 23 25 22 21 23 20 19 21 18 17 19 16 15 17 14 13 15 12 11 13 10 9 11 8 7 9 6 5 7 34 33 35 32 31 33 30 29 31 28 27 29 26 25 27 24 23 25 22 21 23 20 19 21 18 17 19 16 15 17 14 13 15 12 11 13 10 9 11 8 7 9 6 5 7 28 27 29 26 25 27 24 23 25 22 21 23 20 19 21 18 17 19 16 15 17 14 13 15 12 11 13 10 9 11 8 7 9 18 17 19 16 15 17 22 21 23 20 19 21 18 17 19 16 15 17 14 13 15 24 23 25 22 21 23 20 19 21 26 25 27 24 23 25 22 21 23 20 19 21 18 17 19 16 15 17 14 13 15 12 11 13 10 9 11 18 17 19 16 15 17 14 13 15 12 11 13 32 31 33 30 29 31 28 27 29 26 25 27 24 23 25 22 21 23 20 19 21 28 27 29 26 25 27 30 29 31 28 27 29 26 25 27 24 23 25 34 33 35 32 31 33 30 29 31 34 33 35 32 31 33 36 35 37 34 33 35 32 31 33 30 29 31 28 27 29 26 25 27 24 23 25 22 21 23 20 19 21 18 17 19 16 15 17 14 13 15 12 11 13 10 9 11 8 7 9 18 17 19 16 15 17 20 19 21 18 17 19 28 27 29 26 25 27 24 23 25 22 21 23 20 19 21 30 29 31 28 27 29 26 25 27 24 23 25 22 21 23 32 31 33 36 35 37 34 33 35 32 31 33 30 29 31 28 27 29 26 25 27 24 23 25 22 21 23 20 19 21 18 17 19 16 15 17 14 13 15 12 11 13 10 9 11 14 13 15 12 11 13 16 15 17 18 17 19 16 15 17 14 13 15 20 19 21 18 17 19 16 15 17 22 21 23 20 19 21 18 17 19 30 29 31 28 27 29 26 25 27 24 23 25 22 21 23 20 19 21 22 21 23 24 23 25 32 31 33 30 29 31 28 27 29 26 25 27 34 33 35 32 31 33 30 29 31 28 27 29 26 25 27 24 23 25 22 21 23
[21.749132s] A=259 K=481 i=4.646849094e+09) 37 35 33 31 29 27 25 23 21 19 17 15 13 11 9 7 5 3 1 36 35 37 34 33 35 32 31 33 30 29 31 28 27 29 26 25 27 24 23 25 22 21 23 20 19 21 18 17 19 16 15 17 14 13 15 12 11 13 10 9 11 8 7 9 6 5 7 4 3 5 2 1 3 0 1 34 33 35 32 31 33 30 29 31 28 27 29 26 25 27 24 23 25 22 21 23 20 19 21 18 17 19 16 15 17 14 13 15 12 11 13 10 9 11 8 7 9 6 5 7 4 3 5 2 1 3 36 35 37 34 33 35 32 31 33 30 29 31 28 27 29 26 25 27 24 23 25 22 21 23 20 19 21 18 17 19 16 15 17 14 13 15 12 11 13 10 9 11 8 7 9 6 5 7 4 3 5 2 1 3 32 31 33 30 29 31 28 27 29 26 25 27 24 23 25 22 21 23 20 19 21 18 17 19 16 15 17 14 13 15 12 11 13 10 9 11 8 7 9 6 5 7 4 3 5 36 35 37 34 33 35 32 31 33 30 29 31 28 27 29 26 25 27 24 23 25 22 21 23 20 19 21 18 17 19 16 15 17 14 13 15 12 11 13 10 9 11 8 7 9 6 5 7 4 3 5 30 29 31 28 27 29 26 25 27 24 23 25 22 21 23 20 19 21 18 17 19 16 15 17 14 13 15 12 11 13 10 9 11 8 7 9 6 5 7 34 33 35 32 31 33 30 29 31 28 27 29 26 25 27 24 23 25 22 21 23 20 19 21 18 17 19 16 15 17 14 13 15 12 11 13 10 9 11 8 7 9 6 5 7 28 27 29 26 25 27 24 23 25 22 21 23 20 19 21 18 17 19 16 15 17 14 13 15 12 11 13 10 9 11 8 7 9 18 17 19 16 15 17 22 21 23 20 19 21 26 25 27 24 23 25 22 21 23 20 19 21 18 17 19 16 15 17 14 13 15 12 11 13 10 9 11 24 23 25 22 21 23 20 19 21 18 17 19 16 15 17 14 13 15 12 11 13 18 17 19 16 15 17 14 13 15 28 27 29 26 25 27 24 23 25 28 27 29 26 25 27 36 35 37 34 33 35 32 31 33 30 29 31 28 27 29 26 25 27 24 23 25 22 21 23 20 19 21 18 17 19 16 15 17 14 13 15 12 11 13 10 9 11 8 7 9 32 31 33 30 29 31 28 27 29 26 25 27 24 23 25 22 21 23 20 19 21 18 17 19 34 33 35 32 31 33 30 29 31 28 27 29 26 25 27 24 23 25 22 21 23 20 19 21 36 35 37 34 33 35 32 31 33 30 29 31 28 27 29 26 25 27 24 23 25 22 21 23 20 19 21 18 17 19 16 15 17 14 13 15 12 11 13 10 9 11 16 15 17 14 13 15 12 11 13 18 17 19 16 15 17 14 13 15 20 19 21 18 17 19 16 15 17 18 17 19 20 19 21 30 29 31 28 27 29 26 25 27 24 23 25 22 21 23 20 19 21 18 17 19 32 31 33 30 29 31 28 27 29 26 25 27 24 23 25 22 21 23 34 33 35 32 31 33 30 29 31 28 27 29 26 25 27 24 23 25 22 21 23 20 19 21 36 35 37 34 33 35 32 31 33 30 29 31 28 27 29 26 25 27 24 23 25 22 21 23 20 19 21 18 17 19 16 15 17
[21.868438s] A=259 K=481 i=4.66999263e+09) 37 35 33 31 29 27 25 23 21 19 17 15 13 11 9 7 5 3 1 36 35 37 34 33 35 32 31 33 30 29 31 28 27 29 26 25 27 24 23 25 22 21 23 20 19 21 18 17 19 16 15 17 14 13 15 12 11 13 10 9 11 8 7 9 6 5 7 4 3 5 2 1 3 0 1 34 33 35 32 31 33 30 29 31 28 27 29 26 25 27 24 23 25 22 21 23 20 19 21 18 17 19 16 15 17 14 13 15 12 11 13 10 9 11 8 7 9 6 5 7 4 3 5 2 1 3 36 35 37 34 33 35 32 31 33 30 29 31 28 27 29 26 25 27 24 23 25 22 21 23 20 19 21 18 17 19 16 15 17 14 13 15 12 11 13 10 9 11 8 7 9 6 5 7 4 3 5 2 1 3 32 31 33 30 29 31 28 27 29 26 25 27 24 23 25 22 21 23 20 19 21 18 17 19 16 15 17 14 13 15 12 11 13 10 9 11 8 7 9 6 5 7 4 3 5 36 35 37 34 33 35 32 31 33 30 29 31 28 27 29 26 25 27 24 23 25 22 21 23 20 19 21 18 17 19 16 15 17 14 13 15 12 11 13 10 9 11 8 7 9 6 5 7 4 3 5 30 29 31 28 27 29 26 25 27 24 23 25 22 21 23 20 19 21 18 17 19 16 15 17 14 13 15 12 11 13 10 9 11 8 7 9 6 5 7 34 33 35 32 31 33 30 29 31 28 27 29 26 25 27 24 23 25 22 21 23 20 19 21 18 17 19 16 15 17 14 13 15 12 11 13 10 9 11 8 7 9 6 5 7 28 27 29 26 25 27 24 23 25 22 21 23 20 19 21 18 17 19 16 15 17 14 13 15 12 11 13 10 9 11 8 7 9 18 17 19 16 15 17 22 21 23 20 19 21 24 23 25 22 21 23 20 19 21 18 17 19 16 15 17 14 13 15 12 11 13 26 25 27 24 23 25 22 21 23 20 19 21 18 17 19 16 15 17 14 13 15 12 11 13 10 9 11 18 17 19 16 15 17 14 13 15 36 35 37 34 33 35 32 31 33 30 29 31 28 27 29 26 25 27 24 23 25 22 21 23 20 19 21 18 17 19 16 15 17 14 13 15 12 11 13 10 9 11 8 7 9 28 27 29 26 25 27 30 29 31 28 27 29 26 25 27 24 23 25 32 31 33 30 29 31 34 33 35 32 31 33 36 35 37 34 33 35 32 31 33 30 29 31 28 27 29 26 25 27 24 23 25 22 21 23 20 19 21 18 17 19 16 15 17 14 13 15 12 11 13 10 9 11 28 27 29 26 25 27 24 23 25 22 21 23 20 19 21 18 17 19 16 15 17 14 13 15 12 11 13 30 29 31 28 27 29 26 25 27 24 23 25 22 21 23 20 19 21 18 17 19 16 15 17 14 13 15 20 19 21 18 17 19 16 15 17 22 21 23 20 19 21 18 17 19 32 31 33 34 33 35 32 31 33 30 29 31 28 27 29 26 25 27 24 23 25 22 21 23 20 19 21 30 29 31 28 27 29 26 25 27 24 23 25 22 21 23 24 23 25 32 31 33 30 29 31 28 27 29 26 25 27 36 35 37 34 33 35 32 31 33 30 29 31 28 27 29 26 25 27 24 23 25 22 21 23 20 19 21 18 17 19 16 15 17
[21.870247s] A=259 K=481 i=4.670225844e+09) 37 35 33 31 29 27 25 23 21 19 17 15 13 11 9 7 5 3 1 36 35 37 34 33 35 32 31 33 30 29 31 28 27 29 26 25 27 24 23 25 22 21 23 20 19 21 18 17 19 16 15 17 14 13 15 12 11 13 10 9 11 8 7 9 6 5 7 4 3 5 2 1 3 0 1 34 33 35 32 31 33 30 29 31 28 27 29 26 25 27 24 23 25 22 21 23 20 19 21 18 17 19 16 15 17 14 13 15 12 11 13 10 9 11 8 7 9 6 5 7 4 3 5 2 1 3 36 35 37 34 33 35 32 31 33 30 29 31 28 27 29 26 25 27 24 23 25 22 21 23 20 19 21 18 17 19 16 15 17 14 13 15 12 11 13 10 9 11 8 7 9 6 5 7 4 3 5 2 1 3 32 31 33 30 29 31 28 27 29 26 25 27 24 23 25 22 21 23 20 19 21 18 17 19 16 15 17 14 13 15 12 11 13 10 9 11 8 7 9 6 5 7 4 3 5 36 35 37 34 33 35 32 31 33 30 29 31 28 27 29 26 25 27 24 23 25 22 21 23 20 19 21 18 17 19 16 15 17 14 13 15 12 11 13 10 9 11 8 7 9 6 5 7 4 3 5 30 29 31 28 27 29 26 25 27 24 23 25 22 21 23 20 19 21 18 17 19 16 15 17 14 13 15 12 11 13 10 9 11 8 7 9 6 5 7 34 33 35 32 31 33 30 29 31 28 27 29 26 25 27 24 23 25 22 21 23 20 19 21 18 17 19 16 15 17 14 13 15 12 11 13 10 9 11 8 7 9 6 5 7 28 27 29 26 25 27 24 23 25 22 21 23 20 19 21 18 17 19 16 15 17 14 13 15 12 11 13 10 9 11 8 7 9 18 17 19 16 15 17 22 21 23 20 19 21 24 23 25 22 21 23 20 19 21 18 17 19 16 15 17 14 13 15 12 11 13 26 25 27 24 23 25 22 21 23 20 19 21 18 17 19 16 15 17 14 13 15 12 11 13 10 9 11 18 17 19 16 15 17 14 13 15 32 31 33 30 29 31 28 27 29 26 25 27 28 27 29 30 29 31 36 35 37 34 33 35 32 31 33 30 29 31 28 27 29 26 25 27 24 23 25 22 21 23 20 19 21 18 17 19 16 15 17 14 13 15 12 11 13 10 9 11 8 7 9 24 23 25 22 21 23 20 19 21 18 17 19 26 25 27 28 27 29 26 25 27 24 23 25 34 33 35 32 31 33 30 29 31 28 27 29 26 25 27 24 23 25 22 21 23 20 19 21 32 31 33 30 29 31 28 27 29 36 35 37 34 33 35 32 31 33 30 29 31 28 27 29 26 25 27 24 23 25 22 21 23 20 19 21 18 17 19 16 15 17 14 13 15 12 11 13 10 9 11 16 15 17 14 13 15 12 11 13 18 17 19 16 15 17 14 13 15 20 19 21 18 17 19 16 15 17 22 21 23 20 19 21 18 17 19 26 25 27 24 23 25 28 27 29 36 35 37 34 33 35 32 31 33 30 29 31 28 27 29 26 25 27 24 23 25 22 21 23 20 19 21 18 17 19 16 15 17 22 21 23 20 19 21 24 23 25 34 33 35 32 31 33 30 29 31 28 27 29 26 25 27 24 23 25 22 21 23 30 29 31 28 27 29 26 25 27
[21.870845s] A=259 K=481 i=4.670299752e+09) 37 35 33 31 29 27 25 23 21 19 17 15 13 11 9 7 5 3 1 36 35 37 34 33 35 32 31 33 30 29 31 28 27 29 26 25 27 24 23 25 22 21 23 20 19 21 18 17 19 16 15 17 14 13 15 12 11 13 10 9 11 8 7 9 6 5 7 4 3 5 2 1 3 0 1 34 33 35 32 31 33 30 29 31 28 27 29 26 25 27 24 23 25 22 21 23 20 19 21 18 17 19 16 15 17 14 13 15 12 11 13 10 9 11 8 7 9 6 5 7 4 3 5 2 1 3 36 35 37 34 33 35 32 31 33 30 29 31 28 27 29 26 25 27 24 23 25 22 21 23 20 19 21 18 17 19 16 15 17 14 13 15 12 11 13 10 9 11 8 7 9 6 5 7 4 3 5 2 1 3 32 31 33 30 29 31 28 27 29 26 25 27 24 23 25 22 21 23 20 19 21 18 17 19 16 15 17 14 13 15 12 11 13 10 9 11 8 7 9 6 5 7 4 3 5 36 35 37 34 33 35 32 31 33 30 29 31 28 27 29 26 25 27 24 23 25 22 21 23 20 19 21 18 17 19 16 15 17 14 13 15 12 11 13 10 9 11 8 7 9 6 5 7 4 3 5 30 29 31 28 27 29 26 25 27 24 23 25 22 21 23 20 19 21 18 17 19 16 15 17 14 13 15 12 11 13 10 9 11 8 7 9 6 5 7 34 33 35 32 31 33 30 29 31 28 27 29 26 25 27 24 23 25 22 21 23 20 19 21 18 17 19 16 15 17 14 13 15 12 11 13 10 9 11 8 7 9 6 5 7 28 27 29 26 25 27 24 23 25 22 21 23 20 19 21 18 17 19 16 15 17 14 13 15 12 11 13 10 9 11 8 7 9 18 17 19 16 15 17 22 21 23 20 19 21 24 23 25 22 21 23 20 19 21 18 17 19 16 15 17 14 13 15 12 11 13 26 25 27 24 23 25 22 21 23 20 19 21 18 17 19 16 15 17 14 13 15 12 11 13 10 9 11 18 17 19 16 15 17 14 13 15 30 29 31 28 27 29 26 25 27 24 23 25 32 31 33 30 29 31 28 27 29 26 25 27 36 35 37 34 33 35 32 31 33 30 29 31 28 27 29 26 25 27 24 23 25 22 21 23 20 19 21 18 17 19 16 15 17 14 13 15 12 11 13 10 9 11 8 7 9 24 23 25 22 21 23 20 19 21 18 17 19 26 25 27 28 27 29 32 31 33 30 29 31 34 33 35 32 31 33 30 29 31 28 27 29 26 25 27 24 23 25 22 21 23 20 19 21 26 25 27 28 27 29 36 35 37 34 33 35 32 31 33 30 29 31 28 27 29 26 25 27 24 23 25 22 21 23 20 19 21 18 17 19 16 15 17 14 13 15 12 11 13 10 9 11 16 15 17 14 13 15 12 11 13 18 17 19 16 15 17 14 13 15 20 19 21 18 17 19 16 15 17 22 21 23 20 19 21 18 17 19 26 25 27 24 23 25 36 35 37 34 33 35 32 31 33 30 29 31 28 27 29 26 25 27 24 23 25 22 21 23 20 19 21 18 17 19 16 15 17 22 21 23 20 19 21 24 23 25 30 29 31 28 27 29 26 25 27 24 23 25 22 21 23 34 33 35 32 31 33 30 29 31 28 27 29 26 25 27
[21.871642s] A=259 K=481 i=4.67041701e+09) 37 35 33 31 29 27 25 23 21 19 17 15 13 11 9 7 5 3 1 36 35 37 34 33 35 32 31 33 30 29 31 28 27 29 26 25 27 24 23 25 22 21 23 20 19 21 18 17 19 16 15 17 14 13 15 12 11 13 10 9 11 8 7 9 6 5 7 4 3 5 2 1 3 0 1 34 33 35 32 31 33 30 29 31 28 27 29 26 25 27 24 23 25 22 21 23 20 19 21 18 17 19 16 15 17 14 13 15 12 11 13 10 9 11 8 7 9 6 5 7 4 3 5 2 1 3 36 35 37 34 33 35 32 31 33 30 29 31 28 27 29 26 25 27 24 23 25 22 21 23 20 19 21 18 17 19 16 15 17 14 13 15 12 11 13 10 9 11 8 7 9 6 5 7 4 3 5 2 1 3 32 31 33 30 29 31 28 27 29 26 25 27 24 23 25 22 21 23 20 19 21 18 17 19 16 15 17 14 13 15 12 11 13 10 9 11 8 7 9 6 5 7 4 3 5 36 35 37 34 33 35 32 31 33 30 29 31 28 27 29 26 25 27 24 23 25 22 21 23 20 19 21 18 17 19 16 15 17 14 13 15 12 11 13 10 9 11 8 7 9 6 5 7 4 3 5 30 29 31 28 27 29 26 25 27 24 23 25 22 21 23 20 19 21 18 17 19 16 15 17 14 13 15 12 11 13 10 9 11 8 7 9 6 5 7 34 33 35 32 31 33 30 29 31 28 27 29 26 25 27 24 23 25 22 21 23 20 19 21 18 17 19 16 15 17 14 13 15 12 11 13 10 9 11 8 7 9 6 5 7 28 27 29 26 25 27 24 23 25 22 21 23 20 19 21 18 17 19 16 15 17 14 13 15 12 11 13 10 9 11 8 7 9 18 17 19 16 15 17 22 21 23 20 19 21 24 23 25 22 21 23 20 19 21 18 17 19 16 15 17 14 13 15 12 11 13 26 25 27 24 23 25 22 21 23 20 19 21 18 17 19 16 15 17 14 13 15 12 11 13 10 9 11 18 17 19 16 15 17 14 13 15 30 29 31 28 27 29 26 25 27 24 23 25 28 27 29 32 31 33 30 29 31 32 31 33 34 33 35 36 35 37 34 33 35 32 31 33 30 29 31 28 27 29 26 25 27 24 23 25 22 21 23 20 19 21 18 17 19 16 15 17 14 13 15 12 11 13 10 9 11 8 7 9 28 27 29 26 25 27 24 23 25 22 21 23 20 19 21 18 17 19 26 25 27 28 27 29 30 29 31 32 31 33 30 29 31 28 27 29 26 25 27 24 23 25 22 21 23 20 19 21 34 33 35 32 31 33 36 35 37 34 33 35 32 31 33 30 29 31 28 27 29 26 25 27 24 23 25 22 21 23 20 19 21 18 17 19 16 15 17 14 13 15 12 11 13 10 9 11 16 15 17 14 13 15 12 11 13 18 17 19 16 15 17 14 13 15 20 19 21 18 17 19 16 15 17 22 21 23 20 19 21 18 17 19 28 27 29 26 25 27 24 23 25 30 29 31 28 27 29 26 25 27 24 23 25 22 21 23 20 19 21 18 17 19 16 15 17 22 21 23 20 19 21 24 23 25 32 31 33 30 29 31 28 27 29 26 25 27 24 23 25 22 21 23 34 33 35 32 31 33 30 29 31 28 27 29 26 25 27
[21.873581s] A=259 K=481 i=4.670699257e+09) 37 35 33 31 29 27 25 23 21 19 17 15 13 11 9 7 5 3 1 36 35 37 34 33 35 32 31 33 30 29 31 28 27 29 26 25 27 24 23 25 22 21 23 20 19 21 18 17 19 16 15 17 14 13 15 12 11 13 10 9 11 8 7 9 6 5 7 4 3 5 2 1 3 0 1 34 33 35 32 31 33 30 29 31 28 27 29 26 25 27 24 23 25 22 21 23 20 19 21 18 17 19 16 15 17 14 13 15 12 11 13 10 9 11 8 7 9 6 5 7 4 3 5 2 1 3 36 35 37 34 33 35 32 31 33 30 29 31 28 27 29 26 25 27 24 23 25 22 21 23 20 19 21 18 17 19 16 15 17 14 13 15 12 11 13 10 9 11 8 7 9 6 5 7 4 3 5 2 1 3 32 31 33 30 29 31 28 27 29 26 25 27 24 23 25 22 21 23 20 19 21 18 17 19 16 15 17 14 13 15 12 11 13 10 9 11 8 7 9 6 5 7 4 3 5 36 35 37 34 33 35 32 31 33 30 29 31 28 27 29 26 25 27 24 23 25 22 21 23 20 19 21 18 17 19 16 15 17 14 13 15 12 11 13 10 9 11 8 7 9 6 5 7 4 3 5 30 29 31 28 27 29 26 25 27 24 23 25 22 21 23 20 19 21 18 17 19 16 15 17 14 13 15 12 11 13 10 9 11 8 7 9 6 5 7 34 33 35 32 31 33 30 29 31 28 27 29 26 25 27 24 23 25 22 21 23 20 19 21 18 17 19 16 15 17 14 13 15 12 11 13 10 9 11 8 7 9 6 5 7 28 27 29 26 25 27 24 23 25 22 21 23 20 19 21 18 17 19 16 15 17 14 13 15 12 11 13 10 9 11 8 7 9 18 17 19 16 15 17 22 21 23 20 19 21 24 23 25 22 21 23 20 19 21 18 17 19 16 15 17 14 13 15 12 11 13 26 25 27 24 23 25 22 21 23 20 19 21 18 17 19 16 15 17 14 13 15 12 11 13 10 9 11 18 17 19 16 15 17 14 13 15 28 27 29 26 25 27 24 23 25 32 31 33 30 29 31 28 27 29 26 25 27 30 29 31 34 33 35 32 31 33 36 35 37 34 33 35 32 31 33 30 29 31 28 27 29 26 25 27 24 23 25 22 21 23 20 19 21 18 17 19 16 15 17 14 13 15 12 11 13 10 9 11 8 7 9 24 23 25 22 21 23 20 19 21 18 17 19 30 29 31 28 27 29 26 25 27 24 23 25 22 21 23 20 19 21 28 27 29 26 25 27 24 23 25 32 31 33 30 29 31 28 27 29 26 25 27 36 35 37 34 33 35 32 31 33 30 29 31 28 27 29 26 25 27 24 23 25 22 21 23 20 19 21 18 17 19 16 15 17 14 13 15 12 11 13 10 9 11 16 15 17 14 13 15 12 11 13 18 17 19 16 15 17 14 13 15 20 19 21 18 17 19 16 15 17 22 21 23 20 19 21 18 17 19 24 23 25 34 33 35 32 31 33 30 29 31 28 27 29 26 25 27 24 23 25 22 21 23 20 19 21 18 17 19 16 15 17 22 21 23 20 19 21 24 23 25 36 35 37 34 33 35 32 31 33 30 29 31 28 27 29 26 25 27 24 23 25 22 21 23 30 29 31 28 27 29 26 25 27
[21.873734s] A=259 K=481 i=4.670711838e+09) 37 35 33 31 29 27 25 23 21 19 17 15 13 11 9 7 5 3 1 36 35 37 34 33 35 32 31 33 30 29 31 28 27 29 26 25 27 24 23 25 22 21 23 20 19 21 18 17 19 16 15 17 14 13 15 12 11 13 10 9 11 8 7 9 6 5 7 4 3 5 2 1 3 0 1 34 33 35 32 31 33 30 29 31 28 27 29 26 25 27 24 23 25 22 21 23 20 19 21 18 17 19 16 15 17 14 13 15 12 11 13 10 9 11 8 7 9 6 5 7 4 3 5 2 1 3 36 35 37 34 33 35 32 31 33 30 29 31 28 27 29 26 25 27 24 23 25 22 21 23 20 19 21 18 17 19 16 15 17 14 13 15 12 11 13 10 9 11 8 7 9 6 5 7 4 3 5 2 1 3 32 31 33 30 29 31 28 27 29 26 25 27 24 23 25 22 21 23 20 19 21 18 17 19 16 15 17 14 13 15 12 11 13 10 9 11 8 7 9 6 5 7 4 3 5 36 35 37 34 33 35 32 31 33 30 29 31 28 27 29 26 25 27 24 23 25 22 21 23 20 19 21 18 17 19 16 15 17 14 13 15 12 11 13 10 9 11 8 7 9 6 5 7 4 3 5 30 29 31 28 27 29 26 25 27 24 23 25 22 21 23 20 19 21 18 17 19 16 15 17 14 13 15 12 11 13 10 9 11 8 7 9 6 5 7 34 33 35 32 31 33 30 29 31 28 27 29 26 25 27 24 23 25 22 21 23 20 19 21 18 17 19 16 15 17 14 13 15 12 11 13 10 9 11 8 7 9 6 5 7 28 27 29 26 25 27 24 23 25 22 21 23 20 19 21 18 17 19 16 15 17 14 13 15 12 11 13 10 9 11 8 7 9 18 17 19 16 15 17 22 21 23 20 19 21 24 23 25 22 21 23 20 19 21 18 17 19 16 15 17 14 13 15 12 11 13 26 25 27 24 23 25 22 21 23 20 19 21 18 17 19 16 15 17 14 13 15 12 11 13 10 9 11 18 17 19 16 15 17 14 13 15 28 27 29 26 25 27 24 23 25 32 31 33 30 29 31 28 27 29 26 25 27 30 29 31 32 31 33 34 33 35 36 35 37 34 33 35 32 31 33 30 29 31 28 27 29 26 25 27 24 23 25 22 21 23 20 19 21 18 17 19 16 15 17 14 13 15 12 11 13 10 9 11 8 7 9 24 23 25 22 21 23 20 19 21 18 17 19 26 25 27 28 27 29 30 29 31 32 31 33 30 29 31 28 27 29 26 25 27 24 23 25 22 21 23 20 19 21 26 25 27 24 23 25 28 27 29 26 25 27 34 33 35 32 31 33 30 29 31 28 27 29 36 35 37 34 33 35 32 31 33 30 29 31 28 27 29 26 25 27 24 23 25 22 21 23 20 19 21 18 17 19 16 15 17 14 13 15 12 11 13 10 9 11 16 15 17 14 13 15 12 11 13 18 17 19 16 15 17 14 13 15 20 19 21 18 17 19 16 15 17 22 21 23 20 19 21 18 17 19 24 23 25 26 25 27 24 23 25 22 21 23 20 19 21 18 17 19 16 15 17 22 21 23 20 19 21 24 23 25 34 33 35 32 31 33 30 29 31 28 27 29 26 25 27 24 23 25 22 21 23 30 29 31 28 27 29 26 25 27
[21.873802s] A=259 K=481 i=4.670712356e+09) 37 35 33 31 29 27 25 23 21 19 17 15 13 11 9 7 5 3 1 36 35 37 34 33 35 32 31 33 30 29 31 28 27 29 26 25 27 24 23 25 22 21 23 20 19 21 18 17 19 16 15 17 14 13 15 12 11 13 10 9 11 8 7 9 6 5 7 4 3 5 2 1 3 0 1 34 33 35 32 31 33 30 29 31 28 27 29 26 25 27 24 23 25 22 21 23 20 19 21 18 17 19 16 15 17 14 13 15 12 11 13 10 9 11 8 7 9 6 5 7 4 3 5 2 1 3 36 35 37 34 33 35 32 31 33 30 29 31 28 27 29 26 25 27 24 23 25 22 21 23 20 19 21 18 17 19 16 15 17 14 13 15 12 11 13 10 9 11 8 7 9 6 5 7 4 3 5 2 1 3 32 31 33 30 29 31 28 27 29 26 25 27 24 23 25 22 21 23 20 19 21 18 17 19 16 15 17 14 13 15 12 11 13 10 9 11 8 7 9 6 5 7 4 3 5 36 35 37 34 33 35 32 31 33 30 29 31 28 27 29 26 25 27 24 23 25 22 21 23 20 19 21 18 17 19 16 15 17 14 13 15 12 11 13 10 9 11 8 7 9 6 5 7 4 3 5 30 29 31 28 27 29 26 25 27 24 23 25 22 21 23 20 19 21 18 17 19 16 15 17 14 13 15 12 11 13 10 9 11 8 7 9 6 5 7 34 33 35 32 31 33 30 29 31 28 27 29 26 25 27 24 23 25 22 21 23 20 19 21 18 17 19 16 15 17 14 13 15 12 11 13 10 9 11 8 7 9 6 5 7 28 27 29 26 25 27 24 23 25 22 21 23 20 19 21 18 17 19 16 15 17 14 13 15 12 11 13 10 9 11 8 7 9 18 17 19 16 15 17 22 21 23 20 19 21 24 23 25 22 21 23 20 19 21 18 17 19 16 15 17 14 13 15 12 11 13 26 25 27 24 23 25 22 21 23 20 19 21 18 17 19 16 15 17 14 13 15 12 11 13 10 9 11 18 17 19 16 15 17 14 13 15 28 27 29 26 25 27 24 23 25 32 31 33 30 29 31 28 27 29 26 25 27 30 29 31 32 31 33 34 33 35 36 35 37 34 33 35 32 31 33 30 29 31 28 27 29 26 25 27 24 23 25 22 21 23 20 19 21 18 17 19 16 15 17 14 13 15 12 11 13 10 9 11 8 7 9 24 23 25 22 21 23 20 19 21 18 17 19 26 25 27 28 27 29 30 29 31 32 31 33 30 29 31 28 27 29 26 25 27 24 23 25 22 21 23 20 19 21 26 25 27 24 23 25 28 27 29 34 33 35 32 31 33 30 29 31 28 27 29 26 25 27 36 35 37 34 33 35 32 31 33 30 29 31 28 27 29 26 25 27 24 23 25 22 21 23 20 19 21 18 17 19 16 15 17 14 13 15 12 11 13 10 9 11 16 15 17 14 13 15 12 11 13 18 17 19 16 15 17 14 13 15 20 19 21 18 17 19 16 15 17 22 21 23 20 19 21 18 17 19 24 23 25 22 21 23 20 19 21 18 17 19 16 15 17 26 25 27 24 23 25 22 21 23 20 19 21 24 23 25 30 29 31 28 27 29 26 25 27 34 33 35 32 31 33 30 29 31 28 27 29 26 25 27 24 23 25 22 21 23
[21.875012s] A=259 K=481 i=4.670997493e+09) 37 35 33 31 29 27 25 23 21 19 17 15 13 11 9 7 5 3 1 36 35 37 34 33 35 32 31 33 30 29 31 28 27 29 26 25 27 24 23 25 22 21 23 20 19 21 18 17 19 16 15 17 14 13 15 12 11 13 10 9 11 8 7 9 6 5 7 4 3 5 2 1 3 0 1 34 33 35 32 31 33 30 29 31 28 27 29 26 25 27 24 23 25 22 21 23 20 19 21 18 17 19 16 15 17 14 13 15 12 11 13 10 9 11 8 7 9 6 5 7 4 3 5 2 1 3 36 35 37 34 33 35 32 31 33 30 29 31 28 27 29 26 25 27 24 23 25 22 21 23 20 19 21 18 17 19 16 15 17 14 13 15 12 11 13 10 9 11 8 7 9 6 5 7 4 3 5 2 1 3 32 31 33 30 29 31 28 27 29 26 25 27 24 23 25 22 21 23 20 19 21 18 17 19 16 15 17 14 13 15 12 11 13 10 9 11 8 7 9 6 5 7 4 3 5 36 35 37 34 33 35 32 31 33 30 29 31 28 27 29 26 25 27 24 23 25 22 21 23 20 19 21 18 17 19 16 15 17 14 13 15 12 11 13 10 9 11 8 7 9 6 5 7 4 3 5 30 29 31 28 27 29 26 25 27 24 23 25 22 21 23 20 19 21 18 17 19 16 15 17 14 13 15 12 11 13 10 9 11 8 7 9 6 5 7 34 33 35 32 31 33 30 29 31 28 27 29 26 25 27 24 23 25 22 21 23 20 19 21 18 17 19 16 15 17 14 13 15 12 11 13 10 9 11 8 7 9 6 5 7 28 27 29 26 25 27 24 23 25 22 21 23 20 19 21 18 17 19 16 15 17 14 13 15 12 11 13 10 9 11 8 7 9 18 17 19 16 15 17 22 21 23 20 19 21 24 23 25 22 21 23 20 19 21 18 17 19 16 15 17 14 13 15 12 11 13 26 25 27 24 23 25 22 21 23 20 19 21 18 17 19 16 15 17 14 13 15 12 11 13 10 9 11 18 17 19 16 15 17 14 13 15 28 27 29 26 25 27 36 35 37 34 33 35 32 31 33 30 29 31 28 27 29 26 25 27 24 23 25 22 21 23 20 19 21 18 17 19 16 15 17 14 13 15 12 11 13 10 9 11 8 7 9 30 29 31 32 31 33 34 33 35 36 35 37 34 33 35 32 31 33 30 29 31 28 27 29 26 25 27 24 23 25 22 21 23 20 19 21 18 17 19 16 15 17 14 13 15 12 11 13 10 9 11 28 27 29 26 25 27 24 23 25 30 29 31 28 27 29 26 25 27 24 23 25 22 21 23 20 19 21 18 17 19 16 15 17 14 13 15 12 11 13 32 31 33 30 29 31 28 27 29 26 25 27 24 23 25 22 21 23 20 19 21 18 17 19 16 15 17 14 13 15 20 19 21 18 17 19 16 15 17 22 21 23 20 19 21 18 17 19 34 33 35 32 31 33 30 29 31 28 27 29 26 25 27 24 23 25 22 21 23 20 19 21 34 33 35 32 31 33 30 29 31 28 27 29 26 25 27 24 23 25 22 21 23 24 23 25 30 29 31 28 27 29 26 25 27 36 35 37 34 33 35 32 31 33 30 29 31 28 27 29 26 25 27 24 23 25 22 21 23 20 19 21 18 17 19 16 15 17
[21.875271s] A=259 K=481 i=4.671057978e+09) 37 35 33 31 29 27 25 23 21 19 17 15 13 11 9 7 5 3 1 36 35 37 34 33 35 32 31 33 30 29 31 28 27 29 26 25 27 24 23 25 22 21 23 20 19 21 18 17 19 16 15 17 14 13 15 12 11 13 10 9 11 8 7 9 6 5 7 4 3 5 2 1 3 0 1 34 33 35 32 31 33 30 29 31 28 27 29 26 25 27 24 23 25 22 21 23 20 19 21 18 17 19 16 15 17 14 13 15 12 11 13 10 9 11 8 7 9 6 5 7 4 3 5 2 1 3 36 35 37 34 33 35 32 31 33 30 29 31 28 27 29 26 25 27 24 23 25 22 21 23 20 19 21 18 17 19 16 15 17 14 13 15 12 11 13 10 9 11 8 7 9 6 5 7 4 3 5 2 1 3 32 31 33 30 29 31 28 27 29 26 25 27 24 23 25 22 21 23 20 19 21 18 17 19 16 15 17 14 13 15 12 11 13 10 9 11 8 7 9 6 5 7 4 3 5 36 35 37 34 33 35 32 31 33 30 29 31 28 27 29 26 25 27 24 23 25 22 21 23 20 19 21 18 17 19 16 15 17 14 13 15 12 11 13 10 9 11 8 7 9 6 5 7 4 3 5 30 29 31 28 27 29 26 25 27 24 23 25 22 21 23 20 19 21 18 17 19 16 15 17 14 13 15 12 11 13 10 9 11 8 7 9 6 5 7 34 33 35 32 31 33 30 29 31 28 27 29 26 25 27 24 23 25 22 21 23 20 19 21 18 17 19 16 15 17 14 13 15 12 11 13 10 9 11 8 7 9 6 5 7 28 27 29 26 25 27 24 23 25 22 21 23 20 19 21 18 17 19 16 15 17 14 13 15 12 11 13 10 9 11 8 7 9 18 17 19 16 15 17 22 21 23 20 19 21 24 23 25 22 21 23 20 19 21 18 17 19 16 15 17 14 13 15 12 11 13 26 25 27 24 23 25 22 21 23 20 19 21 18 17 19 16 15 17 14 13 15 12 11 13 10 9 11 18 17 19 16 15 17 14 13 15 28 27 29 26 25 27 32 31 33 30 29 31 28 27 29 30 29 31 34 33 35 32 31 33 36 35 37 34 33 35 32 31 33 30 29 31 28 27 29 26 25 27 24 23 25 22 21 23 20 19 21 18 17 19 16 15 17 14 13 15 12 11 13 10 9 11 8 7 9 26 25 27 24 23 25 22 21 23 20 19 21 18 17 19 28 27 29 26 25 27 24 23 25 30 29 31 28 27 29 26 25 27 24 23 25 22 21 23 20 19 21 32 31 33 30 29 31 28 27 29 36 35 37 34 33 35 32 31 33 30 29 31 28 27 29 26 25 27 24 23 25 22 21 23 20 19 21 18 17 19 16 15 17 14 13 15 12 11 13 10 9 11 16 15 17 14 13 15 12 11 13 18 17 19 16 15 17 14 13 15 20 19 21 18 17 19 16 15 17 22 21 23 20 19 21 18 17 19 26 25 27 24 23 25 28 27 29 34 33 35 32 31 33 30 29 31 28 27 29 26 25 27 24 23 25 22 21 23 20 19 21 18 17 19 16 15 17 22 21 23 20 19 21 24 23 25 36 35 37 34 33 35 32 31 33 30 29 31 28 27 29 26 25 27 24 23 25 22 21 23 30 29 31 28 27 29 26 25 27
[21.877678s] A=259 K=481 i=4.671579421e+09) 37 35 33 31 29 27 25 23 21 19 17 15 13 11 9 7 5 3 1 36 35 37 34 33 35 32 31 33 30 29 31 28 27 29 26 25 27 24 23 25 22 21 23 20 19 21 18 17 19 16 15 17 14 13 15 12 11 13 10 9 11 8 7 9 6 5 7 4 3 5 2 1 3 0 1 34 33 35 32 31 33 30 29 31 28 27 29 26 25 27 24 23 25 22 21 23 20 19 21 18 17 19 16 15 17 14 13 15 12 11 13 10 9 11 8 7 9 6 5 7 4 3 5 2 1 3 36 35 37 34 33 35 32 31 33 30 29 31 28 27 29 26 25 27 24 23 25 22 21 23 20 19 21 18 17 19 16 15 17 14 13 15 12 11 13 10 9 11 8 7 9 6 5 7 4 3 5 2 1 3 32 31 33 30 29 31 28 27 29 26 25 27 24 23 25 22 21 23 20 19 21 18 17 19 16 15 17 14 13 15 12 11 13 10 9 11 8 7 9 6 5 7 4 3 5 36 35 37 34 33 35 32 31 33 30 29 31 28 27 29 26 25 27 24 23 25 22 21 23 20 19 21 18 17 19 16 15 17 14 13 15 12 11 13 10 9 11 8 7 9 6 5 7 4 3 5 30 29 31 28 27 29 26 25 27 24 23 25 22 21 23 20 19 21 18 17 19 16 15 17 14 13 15 12 11 13 10 9 11 8 7 9 6 5 7 34 33 35 32 31 33 30 29 31 28 27 29 26 25 27 24 23 25 22 21 23 20 19 21 18 17 19 16 15 17 14 13 15 12 11 13 10 9 11 8 7 9 6 5 7 28 27 29 26 25 27 24 23 25 22 21 23 20 19 21 18 17 19 16 15 17 14 13 15 12 11 13 10 9 11 8 7 9 18 17 19 16 15 17 22 21 23 20 19 21 24 23 25 22 21 23 20 19 21 18 17 19 16 15 17 14 13 15 12 11 13 26 25 27 24 23 25 22 21 23 20 19 21 18 17 19 16 15 17 14 13 15 12 11 13 10 9 11 18 17 19 16 15 17 14 13 15 26 25 27 24 23 25 28 27 29 32 31 33 30 29 31 28 27 29 26 25 27 36 35 37 34 33 35 32 31 33 30 29 31 28 27 29 26 25 27 24 23 25 22 21 23 20 19 21 18 17 19 16 15 17 14 13 15 12 11 13 10 9 11 8 7 9 24 23 25 22 21 23 20 19 21 18 17 19 26 25 27 34 33 35 32 31 33 30 29 31 28 27 29 26 25 27 24 23 25 22 21 23 20 19 21 30 29 31 28 27 29 26 25 27 24 23 25 32 31 33 36 35 37 34 33 35 32 31 33 30 29 31 28 27 29 26 25 27 24 23 25 22 21 23 20 19 21 18 17 19 16 15 17 14 13 15 12 11 13 10 9 11 16 15 17 14 13 15 12 11 13 18 17 19 16 15 17 14 13 15 20 19 21 18 17 19 16 15 17 22 21 23 20 19 21 18 17 19 30 29 31 28 27 29 36 35 37 34 33 35 32 31 33 30 29 31 28 27 29 26 25 27 24 23 25 22 21 23 20 19 21 18 17 19 16 15 17 26 25 27 24 23 25 22 21 23 20 19 21 24 23 25 28 27 29 26 25 27 34 33 35 32 31 33 30 29 31 28 27 29 26 25 27 24 23 25 22 21 23
[21.878405s] A=259 K=481 i=4.671678957e+09) 37 35 33 31 29 27 25 23 21 19 17 15 13 11 9 7 5 3 1 36 35 37 34 33 35 32 31 33 30 29 31 28 27 29 26 25 27 24 23 25 22 21 23 20 19 21 18 17 19 16 15 17 14 13 15 12 11 13 10 9 11 8 7 9 6 5 7 4 3 5 2 1 3 0 1 34 33 35 32 31 33 30 29 31 28 27 29 26 25 27 24 23 25 22 21 23 20 19 21 18 17 19 16 15 17 14 13 15 12 11 13 10 9 11 8 7 9 6 5 7 4 3 5 2 1 3 36 35 37 34 33 35 32 31 33 30 29 31 28 27 29 26 25 27 24 23 25 22 21 23 20 19 21 18 17 19 16 15 17 14 13 15 12 11 13 10 9 11 8 7 9 6 5 7 4 3 5 2 1 3 32 31 33 30 29 31 28 27 29 26 25 27 24 23 25 22 21 23 20 19 21 18 17 19 16 15 17 14 13 15 12 11 13 10 9 11 8 7 9 6 5 7 4 3 5 36 35 37 34 33 35 32 31 33 30 29 31 28 27 29 26 25 27 24 23 25 22 21 23 20 19 21 18 17 19 16 15 17 14 13 15 12 11 13 10 9 11 8 7 9 6 5 7 4 3 5 30 29 31 28 27 29 26 25 27 24 23 25 22 21 23 20 19 21 18 17 19 16 15 17 14 13 15 12 11 13 10 9 11 8 7 9 6 5 7 34 33 35 32 31 33 30 29 31 28 27 29 26 25 27 24 23 25 22 21 23 20 19 21 18 17 19 16 15 17 14 13 15 12 11 13 10 9 11 8 7 9 6 5 7 28 27 29 26 25 27 24 23 25 22 21 23 20 19 21 18 17 19 16 15 17 14 13 15 12 11 13 10 9 11 8 7 9 18 17 19 16 15 17 22 21 23 20 19 21 24 23 25 22 21 23 20 19 21 18 17 19 16 15 17 14 13 15 12 11 13 26 25 27 24 23 25 22 21 23 20 19 21 18 17 19 16 15 17 14 13 15 12 11 13 10 9 11 18 17 19 16 15 17 14 13 15 26 25 27 30 29 31 28 27 29 36 35 37 34 33 35 32 31 33 30 29 31 28 27 29 26 25 27 24 23 25 22 21 23 20 19 21 18 17 19 16 15 17 14 13 15 12 11 13 10 9 11 8 7 9 26 25 27 24 23 25 28 27 29 26 25 27 32 31 33 30 29 31 28 27 29 34 33 35 32 31 33 30 29 31 36 35 37 34 33 35 32 31 33 30 29 31 28 27 29 26 25 27 24 23 25 22 21 23 20 19 21 18 17 19 16 15 17 14 13 15 12 11 13 10 9 11 26 25 27 24 23 25 22 21 23 20 19 21 18 17 19 16 15 17 14 13 15 12 11 13 28 27 29 26 25 27 24 23 25 22 21 23 20 19 21 18 17 19 16 15 17 14 13 15 20 19 21 18 17 19 16 15 17 22 21 23 20 19 21 18 17 19 34 33 35 32 31 33 30 29 31 28 27 29 26 25 27 24 23 25 22 21 23 20 19 21 30 29 31 28 27 29 26 25 27 24 23 25 22 21 23 24 23 25 32 31 33 30 29 31 28 27 29 26 25 27 36 35 37 34 33 35 32 31 33 30 29 31 28 27 29 26 25 27 24 23 25 22 21 23 20 19 21 18 17 19 16 15 17
[21.879262s] A=259 K=481 i=4.671778348e+09) 37 35 33 31 29 27 25 23 21 19 17 15 13 11 9 7 5 3 1 36 35 37 34 33 35 32 31 33 30 29 31 28 27 29 26 25 27 24 23 25 22 21 23 20 19 21 18 17 19 16 15 17 14 13 15 12 11 13 10 9 11 8 7 9 6 5 7 4 3 5 2 1 3 0 1 34 33 35 32 31 33 30 29 31 28 27 29 26 25 27 24 23 25 22 21 23 20 19 21 18 17 19 16 15 17 14 13 15 12 11 13 10 9 11 8 7 9 6 5 7 4 3 5 2 1 3 36 35 37 34 33 35 32 31 33 30 29 31 28 27 29 26 25 27 24 23 25 22 21 23 20 19 21 18 17 19 16 15 17 14 13 15 12 11 13 10 9 11 8 7 9 6 5 7 4 3 5 2 1 3 32 31 33 30 29 31 28 27 29 26 25 27 24 23 25 22 21 23 20 19 21 18 17 19 16 15 17 14 13 15 12 11 13 10 9 11 8 7 9 6 5 7 4 3 5 36 35 37 34 33 35 32 31 33 30 29 31 28 27 29 26 25 27 24 23 25 22 21 23 20 19 21 18 17 19 16 15 17 14 13 15 12 11 13 10 9 11 8 7 9 6 5 7 4 3 5 30 29 31 28 27 29 26 25 27 24 23 25 22 21 23 20 19 21 18 17 19 16 15 17 14 13 15 12 11 13 10 9 11 8 7 9 6 5 7 34 33 35 32 31 33 30 29 31 28 27 29 26 25 27 24 23 25 22 21 23 20 19 21 18 17 19 16 15 17 14 13 15 12 11 13 10 9 11 8 7 9 6 5 7 28 27 29 26 25 27 24 23 25 22 21 23 20 19 21 18 17 19 16 15 17 14 13 15 12 11 13 10 9 11 8 7 9 18 17 19 16 15 17 22 21 23 20 19 21 24 23 25 22 21 23 20 19 21 18 17 19 16 15 17 14 13 15 12 11 13 26 25 27 24 23 25 22 21 23 20 19 21 18 17 19 16 15 17 14 13 15 12 11 13 10 9 11 18 17 19 16 15 17 14 13 15 26 25 27 28 27 29 36 35 37 34 33 35 32 31 33 30 29 31 28 27 29 26 25 27 24 23 25 22 21 23 20 19 21 18 17 19 16 15 17 14 13 15 12 11 13 10 9 11 8 7 9 26 25 27 32 31 33 30 29 31 28 27 29 30 29 31 34 33 35 32 31 33 36 35 37 34 33 35 32 31 33 30 29 31 28 27 29 26 25 27 24 23 25 22 21 23 20 19 21 18 17 19 16 15 17 14 13 15 12 11 13 10 9 11 26 25 27 24 23 25 22 21 23 20 19 21 18 17 19 16 15 17 14 13 15 12 11 13 28 27 29 26 25 27 24 23 25 30 29 31 28 27 29 26 25 27 24 23 25 22 21 23 20 19 21 18 17 19 16 15 17 14 13 15 20 19 21 18 17 19 16 15 17 22 21 23 20 19 21 18 17 19 32 31 33 30 29 31 28 27 29 26 25 27 24 23 25 34 33 35 32 31 33 30 29 31 28 27 29 26 25 27 24 23 25 22 21 23 20 19 21 22 21 23 24 23 25 36 35 37 34 33 35 32 31 33 30 29 31 28 27 29 26 25 27 24 23 25 22 21 23 20 19 21 18 17 19 16 15 17 30 29 31 28 27 29 26 25 27
[21.880985s] A=259 K=481 i=4.672030926e+09) 37 35 33 31 29 27 25 23 21 19 17 15 13 11 9 7 5 3 1 36 35 37 34 33 35 32 31 33 30 29 31 28 27 29 26 25 27 24 23 25 22 21 23 20 19 21 18 17 19 16 15 17 14 13 15 12 11 13 10 9 11 8 7 9 6 5 7 4 3 5 2 1 3 0 1 34 33 35 32 31 33 30 29 31 28 27 29 26 25 27 24 23 25 22 21 23 20 19 21 18 17 19 16 15 17 14 13 15 12 11 13 10 9 11 8 7 9 6 5 7 4 3 5 2 1 3 36 35 37 34 33 35 32 31 33 30 29 31 28 27 29 26 25 27 24 23 25 22 21 23 20 19 21 18 17 19 16 15 17 14 13 15 12 11 13 10 9 11 8 7 9 6 5 7 4 3 5 2 1 3 32 31 33 30 29 31 28 27 29 26 25 27 24 23 25 22 21 23 20 19 21 18 17 19 16 15 17 14 13 15 12 11 13 10 9 11 8 7 9 6 5 7 4 3 5 36 35 37 34 33 35 32 31 33 30 29 31 28 27 29 26 25 27 24 23 25 22 21 23 20 19 21 18 17 19 16 15 17 14 13 15 12 11 13 10 9 11 8 7 9 6 5 7 4 3 5 30 29 31 28 27 29 26 25 27 24 23 25 22 21 23 20 19 21 18 17 19 16 15 17 14 13 15 12 11 13 10 9 11 8 7 9 6 5 7 34 33 35 32 31 33 30 29 31 28 27 29 26 25 27 24 23 25 22 21 23 20 19 21 18 17 19 16 15 17 14 13 15 12 11 13 10 9 11 8 7 9 6 5 7 28 27 29 26 25 27 24 23 25 22 21 23 20 19 21 18 17 19 16 15 17 14 13 15 12 11 13 10 9 11 8 7 9 18 17 19 16 15 17 22 21 23 20 19 21 24 23 25 22 21 23 20 19 21 18 17 19 16 15 17 14 13 15 12 11 13 26 25 27 24 23 25 22 21 23 20 19 21 18 17 19 16 15 17 14 13 15 12 11 13 10 9 11 18 17 19 16 15 17 14 13 15 26 25 27 28 27 29 30 29 31 32 31 33 36 35 37 34 33 35 32 31 33 30 29 31 28 27 29 26 25 27 24 23 25 22 21 23 20 19 21 18 17 19 16 15 17 14 13 15 12 11 13 10 9 11 8 7 9 26 25 27 28 27 29 30 29 31 36 35 37 34 33 35 32 31 33 30 29 31 28 27 29 26 25 27 24 23 25 22 21 23 20 19 21 18 17 19 16 15 17 14 13 15 12 11 13 10 9 11 26 25 27 24 23 25 28 27 29 26 25 27 24 23 25 22 21 23 20 19 21 18 17 19 16 15 17 14 13 15 12 11 13 34 33 35 32 31 33 30 29 31 28 27 29 26 25 27 24 23 25 22 21 23 20 19 21 18 17 19 16 15 17 14 13 15 20 19 21 18 17 19 16 15 17 22 21 23 20 19 21 18 17 19 32 31 33 30 29 31 28 27 29 26 25 27 24 23 25 22 21 23 20 19 21 34 33 35 32 31 33 30 29 31 28 27 29 26 25 27 24 23 25 22 21 23 24 23 25 30 29 31 28 27 29 26 25 27 36 35 37 34 33 35 32 31 33 30 29 31 28 27 29 26 25 27 24 23 25 22 21 23 20 19 21 18 17 19 16 15 17
[22.293808s] A=259 K=481 i=4.758515176e+09) 37 35 33 31 29 27 25 23 21 19 17 15 13 11 9 7 5 3 1 36 35 37 34 33 35 32 31 33 30 29 31 28 27 29 26 25 27 24 23 25 22 21 23 20 19 21 18 17 19 16 15 17 14 13 15 12 11 13 10 9 11 8 7 9 6 5 7 4 3 5 2 1 3 0 1 34 33 35 32 31 33 30 29 31 28 27 29 26 25 27 24 23 25 22 21 23 20 19 21 18 17 19 16 15 17 14 13 15 12 11 13 10 9 11 8 7 9 6 5 7 4 3 5 2 1 3 36 35 37 34 33 35 32 31 33 30 29 31 28 27 29 26 25 27 24 23 25 22 21 23 20 19 21 18 17 19 16 15 17 14 13 15 12 11 13 10 9 11 8 7 9 6 5 7 4 3 5 2 1 3 32 31 33 30 29 31 28 27 29 26 25 27 24 23 25 22 21 23 20 19 21 18 17 19 16 15 17 14 13 15 12 11 13 10 9 11 8 7 9 6 5 7 4 3 5 36 35 37 34 33 35 32 31 33 30 29 31 28 27 29 26 25 27 24 23 25 22 21 23 20 19 21 18 17 19 16 15 17 14 13 15 12 11 13 10 9 11 8 7 9 6 5 7 4 3 5 30 29 31 28 27 29 26 25 27 24 23 25 22 21 23 20 19 21 18 17 19 16 15 17 14 13 15 12 11 13 10 9 11 8 7 9 6 5 7 34 33 35 32 31 33 30 29 31 28 27 29 26 25 27 24 23 25 22 21 23 20 19 21 18 17 19 16 15 17 14 13 15 12 11 13 10 9 11 8 7 9 6 5 7 28 27 29 26 25 27 24 23 25 22 21 23 20 19 21 18 17 19 16 15 17 14 13 15 12 11 13 10 9 11 8 7 9 18 17 19 16 15 17 20 19 21 18 17 19 16 15 17 22 21 23 20 19 21 24 23 25 22 21 23 26 25 27 24 23 25 22 21 23 20 19 21 18 17 19 36 35 37 34 33 35 32 31 33 30 29 31 28 27 29 26 25 27 24 23 25 22 21 23 20 19 21 18 17 19 16 15 17 14 13 15 12 11 13 10 9 11 8 7 9 16 15 17 14 13 15 12 11 13 10 9 11 18 17 19 16 15 17 14 13 15 20 19 21 18 17 19 16 15 17 14 13 15 12 11 13 30 29 31 28 27 29 26 25 27 24 23 25 32 31 33 30 29 31 28 27 29 26 25 27 28 27 29 34 33 35 32 31 33 30 29 31 36 35 37 34 33 35 32 31 33 30 29 31 28 27 29 26 25 27 24 23 25 22 21 23 20 19 21 18 17 19 16 15 17 14 13 15 12 11 13 10 9 11 24 23 25 22 21 23 20 19 21 18 17 19 16 15 17 14 13 15 12 11 13 26 25 27 28 27 29 26 25 27 24 23 25 22 21 23 20 19 21 18 17 19 16 15 17 14 13 15 36 35 37 34 33 35 32 31 33 30 29 31 28 27 29 26 25 27 24 23 25 22 21 23 20 19 21 18 17 19 16 15 17 22 21 23 20 19 21 18 17 19 28 27 29 32 31 33 30 29 31 34 33 35 32 31 33 30 29 31 28 27 29 26 25 27 24 23 25 22 21 23 20 19 21 28 27 29 26 25 27 24 23 25 22 21 23 24 23 25 30 29 31 28 27 29 26 25 27
[22.480836s] A=259 K=481 i=4.79766834e+09) 37 35 33 31 29 27 25 23 21 19 17 15 13 11 9 7 5 3 1 36 35 37 34 33 35 32 31 33 30 29 31 28 27 29 26 25 27 24 23 25 22 21 23 20 19 21 18 17 19 16 15 17 14 13 15 12 11 13 10 9 11 8 7 9 6 5 7 4 3 5 2 1 3 0 1 34 33 35 32 31 33 30 29 31 28 27 29 26 25 27 24 23 25 22 21 23 20 19 21 18 17 19 16 15 17 14 13 15 12 11 13 10 9 11 8 7 9 6 5 7 4 3 5 2 1 3 36 35 37 34 33 35 32 31 33 30 29 31 28 27 29 26 25 27 24 23 25 22 21 23 20 19 21 18 17 19 16 15 17 14 13 15 12 11 13 10 9 11 8 7 9 6 5 7 4 3 5 2 1 3 32 31 33 30 29 31 28 27 29 26 25 27 24 23 25 22 21 23 20 19 21 18 17 19 16 15 17 14 13 15 12 11 13 10 9 11 8 7 9 6 5 7 4 3 5 36 35 37 34 33 35 32 31 33 30 29 31 28 27 29 26 25 27 24 23 25 22 21 23 20 19 21 18 17 19 16 15 17 14 13 15 12 11 13 10 9 11 8 7 9 6 5 7 4 3 5 30 29 31 28 27 29 26 25 27 24 23 25 22 21 23 20 19 21 18 17 19 16 15 17 14 13 15 12 11 13 10 9 11 8 7 9 6 5 7 34 33 35 32 31 33 30 29 31 28 27 29 26 25 27 24 23 25 22 21 23 20 19 21 18 17 19 16 15 17 14 13 15 12 11 13 10 9 11 8 7 9 6 5 7 28 27 29 26 25 27 24 23 25 22 21 23 20 19 21 18 17 19 16 15 17 14 13 15 12 11 13 10 9 11 8 7 9 18 17 19 16 15 17 20 19 21 18 17 19 22 21 23 20 19 21 24 23 25 22 21 23 26 25 27 24 23 25 22 21 23 20 19 21 18 17 19 16 15 17 14 13 15 12 11 13 10 9 11 18 17 19 16 15 17 14 13 15 12 11 13 28 27 29 26 25 27 30 29 31 28 27 29 32 31 33 30 29 31 34 33 35 32 31 33 36 35 37 34 33 35 32 31 33 30 29 31 28 27 29 26 25 27 24 23 25 22 21 23 20 19 21 18 17 19 16 15 17 14 13 15 12 11 13 10 9 11 8 7 9 20 19 21 18 17 19 16 15 17 14 13 15 12 11 13 28 27 29 26 25 27 24 23 25 22 21 23 20 19 21 18 17 19 16 15 17 14 13 15 26 25 27 24 23 25 28 27 29 30 29 31 28 27 29 26 25 27 24 23 25 22 21 23 20 19 21 18 17 19 16 15 17 36 35 37 34 33 35 32 31 33 30 29 31 28 27 29 26 25 27 24 23 25 22 21 23 20 19 21 18 17 19 16 15 17 14 13 15 12 11 13 10 9 11 12 11 13 14 13 15 16 15 17 34 33 35 32 31 33 30 29 31 28 27 29 26 25 27 24 23 25 22 21 23 20 19 21 18 17 19 16 15 17 22 21 23 20 19 21 18 17 19 32 31 33 30 29 31 28 27 29 26 25 27 24 23 25 22 21 23 20 19 21 24 23 25 30 29 31 28 27 29 26 25 27 34 33 35 32 31 33 30 29 31 28 27 29 26 25 27 24 23 25 22 21 23
[22.482769s] A=259 K=481 i=4.797680418e+09) 37 35 33 31 29 27 25 23 21 19 17 15 13 11 9 7 5 3 1 36 35 37 34 33 35 32 31 33 30 29 31 28 27 29 26 25 27 24 23 25 22 21 23 20 19 21 18 17 19 16 15 17 14 13 15 12 11 13 10 9 11 8 7 9 6 5 7 4 3 5 2 1 3 0 1 34 33 35 32 31 33 30 29 31 28 27 29 26 25 27 24 23 25 22 21 23 20 19 21 18 17 19 16 15 17 14 13 15 12 11 13 10 9 11 8 7 9 6 5 7 4 3 5 2 1 3 36 35 37 34 33 35 32 31 33 30 29 31 28 27 29 26 25 27 24 23 25 22 21 23 20 19 21 18 17 19 16 15 17 14 13 15 12 11 13 10 9 11 8 7 9 6 5 7 4 3 5 2 1 3 32 31 33 30 29 31 28 27 29 26 25 27 24 23 25 22 21 23 20 19 21 18 17 19 16 15 17 14 13 15 12 11 13 10 9 11 8 7 9 6 5 7 4 3 5 36 35 37 34 33 35 32 31 33 30 29 31 28 27 29 26 25 27 24 23 25 22 21 23 20 19 21 18 17 19 16 15 17 14 13 15 12 11 13 10 9 11 8 7 9 6 5 7 4 3 5 30 29 31 28 27 29 26 25 27 24 23 25 22 21 23 20 19 21 18 17 19 16 15 17 14 13 15 12 11 13 10 9 11 8 7 9 6 5 7 34 33 35 32 31 33 30 29 31 28 27 29 26 25 27 24 23 25 22 21 23 20 19 21 18 17 19 16 15 17 14 13 15 12 11 13 10 9 11 8 7 9 6 5 7 28 27 29 26 25 27 24 23 25 22 21 23 20 19 21 18 17 19 16 15 17 14 13 15 12 11 13 10 9 11 8 7 9 18 17 19 16 15 17 20 19 21 18 17 19 22 21 23 20 19 21 24 23 25 22 21 23 26 25 27 24 23 25 22 21 23 20 19 21 18 17 19 16 15 17 14 13 15 12 11 13 10 9 11 18 17 19 16 15 17 14 13 15 12 11 13 28 27 29 26 25 27 30 29 31 28 27 29 32 31 33 30 29 31 34 33 35 32 31 33 36 35 37 34 33 35 32 31 33 30 29 31 28 27 29 26 25 27 24 23 25 22 21 23 20 19 21 18 17 19 16 15 17 14 13 15 12 11 13 10 9 11 8 7 9 20 19 21 18 17 19 16 15 17 14 13 15 12 11 13 26 25 27 24 23 25 28 27 29 26 25 27 24 23 25 22 21 23 20 19 21 18 17 19 16 15 17 14 13 15 30 29 31 28 27 29 26 25 27 24 23 25 22 21 23 20 19 21 18 17 19 16 15 17 36 35 37 34 33 35 32 31 33 30 29 31 28 27 29 26 25 27 24 23 25 22 21 23 20 19 21 18 17 19 16 15 17 14 13 15 12 11 13 10 9 11 12 11 13 14 13 15 16 15 17 28 27 29 32 31 33 30 29 31 34 33 35 32 31 33 30 29 31 28 27 29 26 25 27 24 23 25 22 21 23 20 19 21 18 17 19 16 15 17 22 21 23 20 19 21 18 17 19 28 27 29 26 25 27 24 23 25 22 21 23 20 19 21 24 23 25 30 29 31 28 27 29 26 25 27 34 33 35 32 31 33 30 29 31 28 27 29 26 25 27 24 23 25 22 21 23
[22.483231s] A=259 K=481 i=4.797814129e+09) 37 35 33 31 29 27 25 23 21 19 17 15 13 11 9 7 5 3 1 36 35 37 34 33 35 32 31 33 30 29 31 28 27 29 26 25 27 24 23 25 22 21 23 20 19 21 18 17 19 16 15 17 14 13 15 12 11 13 10 9 11 8 7 9 6 5 7 4 3 5 2 1 3 0 1 34 33 35 32 31 33 30 29 31 28 27 29 26 25 27 24 23 25 22 21 23 20 19 21 18 17 19 16 15 17 14 13 15 12 11 13 10 9 11 8 7 9 6 5 7 4 3 5 2 1 3 36 35 37 34 33 35 32 31 33 30 29 31 28 27 29 26 25 27 24 23 25 22 21 23 20 19 21 18 17 19 16 15 17 14 13 15 12 11 13 10 9 11 8 7 9 6 5 7 4 3 5 2 1 3 32 31 33 30 29 31 28 27 29 26 25 27 24 23 25 22 21 23 20 19 21 18 17 19 16 15 17 14 13 15 12 11 13 10 9 11 8 7 9 6 5 7 4 3 5 36 35 37 34 33 35 32 31 33 30 29 31 28 27 29 26 25 27 24 23 25 22 21 23 20 19 21 18 17 19 16 15 17 14 13 15 12 11 13 10 9 11 8 7 9 6 5 7 4 3 5 30 29 31 28 27 29 26 25 27 24 23 25 22 21 23 20 19 21 18 17 19 16 15 17 14 13 15 12 11 13 10 9 11 8 7 9 6 5 7 34 33 35 32 31 33 30 29 31 28 27 29 26 25 27 24 23 25 22 21 23 20 19 21 18 17 19 16 15 17 14 13 15 12 11 13 10 9 11 8 7 9 6 5 7 28 27 29 26 25 27 24 23 25 22 21 23 20 19 21 18 17 19 16 15 17 14 13 15 12 11 13 10 9 11 8 7 9 18 17 19 16 15 17 20 19 21 18 17 19 22 21 23 20 19 21 24 23 25 22 21 23 26 25 27 24 23 25 22 21 23 20 19 21 18 17 19 16 15 17 14 13 15 12 11 13 10 9 11 18 17 19 16 15 17 14 13 15 12 11 13 28 27 29 26 25 27 30 29 31 32 31 33 34 33 35 36 35 37 34 33 35 32 31 33 30 29 31 28 27 29 26 25 27 24 23 25 22 21 23 20 19 21 18 17 19 16 15 17 14 13 15 12 11 13 10 9 11 8 7 9 20 19 21 18 17 19 16 15 17 14 13 15 12 11 13 30 29 31 28 27 29 26 25 27 24 23 25 22 21 23 20 19 21 18 17 19 16 15 17 14 13 15 28 27 29 26 25 27 24 23 25 32 31 33 30 29 31 28 27 29 26 25 27 24 23 25 22 21 23 20 19 21 18 17 19 16 15 17 34 33 35 36 35 37 34 33 35 32 31 33 30 29 31 28 27 29 26 25 27 24 23 25 22 21 23 20 19 21 18 17 19 16 15 17 14 13 15 12 11 13 10 9 11 12 11 13 14 13 15 16 15 17 32 31 33 30 29 31 28 27 29 26 25 27 24 23 25 22 21 23 20 19 21 18 17 19 16 15 17 22 21 23 20 19 21 18 17 19 34 33 35 32 31 33 30 29 31 28 27 29 26 25 27 24 23 25 22 21 23 20 19 21 24 23 25 30 29 31 28 27 29 26 25 27 34 33 35 32 31 33 30 29 31 28 27 29 26 25 27 24 23 25 22 21 23
[22.483835s] A=259 K=481 i=4.797987751e+09) 37 35 33 31 29 27 25 23 21 19 17 15 13 11 9 7 5 3 1 36 35 37 34 33 35 32 31 33 30 29 31 28 27 29 26 25 27 24 23 25 22 21 23 20 19 21 18 17 19 16 15 17 14 13 15 12 11 13 10 9 11 8 7 9 6 5 7 4 3 5 2 1 3 0 1 34 33 35 32 31 33 30 29 31 28 27 29 26 25 27 24 23 25 22 21 23 20 19 21 18 17 19 16 15 17 14 13 15 12 11 13 10 9 11 8 7 9 6 5 7 4 3 5 2 1 3 36 35 37 34 33 35 32 31 33 30 29 31 28 27 29 26 25 27 24 23 25 22 21 23 20 19 21 18 17 19 16 15 17 14 13 15 12 11 13 10 9 11 8 7 9 6 5 7 4 3 5 2 1 3 32 31 33 30 29 31 28 27 29 26 25 27 24 23 25 22 21 23 20 19 21 18 17 19 16 15 17 14 13 15 12 11 13 10 9 11 8 7 9 6 5 7 4 3 5 36 35 37 34 33 35 32 31 33 30 29 31 28 27 29 26 25 27 24 23 25 22 21 23 20 19 21 18 17 19 16 15 17 14 13 15 12 11 13 10 9 11 8 7 9 6 5 7 4 3 5 30 29 31 28 27 29 26 25 27 24 23 25 22 21 23 20 19 21 18 17 19 16 15 17 14 13 15 12 11 13 10 9 11 8 7 9 6 5 7 34 33 35 32 31 33 30 29 31 28 27 29 26 25 27 24 23 25 22 21 23 20 19 21 18 17 19 16 15 17 14 13 15 12 11 13 10 9 11 8 7 9 6 5 7 28 27 29 26 25 27 24 23 25 22 21 23 20 19 21 18 17 19 16 15 17 14 13 15 12 11 13 10 9 11 8 7 9 18 17 19 16 15 17 20 19 21 18 17 19 22 21 23 20 19 21 24 23 25 22 21 23 26 25 27 24 23 25 22 21 23 20 19 21 18 17 19 16 15 17 14 13 15 12 11 13 10 9 11 18 17 19 16 15 17 14 13 15 36 35 37 34 33 35 32 31 33 30 29 31 28 27 29 26 25 27 24 23 25 22 21 23 20 19 21 18 17 19 16 15 17 14 13 15 12 11 13 10 9 11 8 7 9 20 19 21 18 17 19 16 15 17 14 13 15 12 11 13 16 15 17 30 29 31 28 27 29 32 31 33 30 29 31 28 27 29 26 25 27 24 23 25 22 21 23 20 19 21 18 17 19 26 25 27 24 23 25 28 27 29 26 25 27 34 33 35 32 31 33 30 29 31 28 27 29 36 35 37 34 33 35 32 31 33 30 29 31 28 27 29 26 25 27 24 23 25 22 21 23 20 19 21 18 17 19 16 15 17 14 13 15 12 11 13 10 9 11 16 15 17 14 13 15 12 11 13 26 25 27 24 23 25 22 21 23 20 19 21 18 17 19 16 15 17 14 13 15 36 35 37 34 33 35 32 31 33 30 29 31 28 27 29 26 25 27 24 23 25 22 21 23 20 19 21 18 17 19 16 15 17 22 21 23 20 19 21 18 17 19 34 33 35 32 31 33 30 29 31 28 27 29 26 25 27 24 23 25 22 21 23 20 19 21 30 29 31 28 27 29 32 31 33 30 29 31 28 27 29 26 25 27 24 23 25 22 21 23 24 23 25 26 25 27 28 27 29
[22.487283s] A=259 K=481 i=4.799068195e+09) 37 35 33 31 29 27 25 23 21 19 17 15 13 11 9 7 5 3 1 36 35 37 34 33 35 32 31 33 30 29 31 28 27 29 26 25 27 24 23 25 22 21 23 20 19 21 18 17 19 16 15 17 14 13 15 12 11 13 10 9 11 8 7 9 6 5 7 4 3 5 2 1 3 0 1 34 33 35 32 31 33 30 29 31 28 27 29 26 25 27 24 23 25 22 21 23 20 19 21 18 17 19 16 15 17 14 13 15 12 11 13 10 9 11 8 7 9 6 5 7 4 3 5 2 1 3 36 35 37 34 33 35 32 31 33 30 29 31 28 27 29 26 25 27 24 23 25 22 21 23 20 19 21 18 17 19 16 15 17 14 13 15 12 11 13 10 9 11 8 7 9 6 5 7 4 3 5 2 1 3 32 31 33 30 29 31 28 27 29 26 25 27 24 23 25 22 21 23 20 19 21 18 17 19 16 15 17 14 13 15 12 11 13 10 9 11 8 7 9 6 5 7 4 3 5 36 35 37 34 33 35 32 31 33 30 29 31 28 27 29 26 25 27 24 23 25 22 21 23 20 19 21 18 17 19 16 15 17 14 13 15 12 11 13 10 9 11 8 7 9 6 5 7 4 3 5 30 29 31 28 27 29 26 25 27 24 23 25 22 21 23 20 19 21 18 17 19 16 15 17 14 13 15 12 11 13 10 9 11 8 7 9 6 5 7 34 33 35 32 31 33 30 29 31 28 27 29 26 25 27 24 23 25 22 21 23 20 19 21 18 17 19 16 15 17 14 13 15 12 11 13 10 9 11 8 7 9 6 5 7 28 27 29 26 25 27 24 23 25 22 21 23 20 19 21 18 17 19 16 15 17 14 13 15 12 11 13 10 9 11 8 7 9 18 17 19 16 15 17 20 19 21 18 17 19 22 21 23 20 19 21 24 23 25 22 21 23 26 25 27 24 23 25 22 21 23 20 19 21 18 17 19 16 15 17 14 13 15 12 11 13 10 9 11 18 17 19 16 15 17 14 13 15 28 27 29 26 25 27 30 29 31 28 27 29 32 31 33 30 29 31 34 33 35 32 31 33 36 35 37 34 33 35 32 31 33 30 29 31 28 27 29 26 25 27 24 23 25 22 21 23 20 19 21 18 17 19 16 15 17 14 13 15 12 11 13 10 9 11 8 7 9 20 19 21 18 17 19 16 15 17 14 13 15 12 11 13 16 15 17 26 25 27 24 23 25 28 27 29 26 25 27 24 23 25 22 21 23 20 19 21 18 17 19 36 35 37 34 33 35 32 31 33 30 29 31 28 27 29 26 25 27 24 23 25 22 21 23 20 19 21 18 17 19 16 15 17 14 13 15 12 11 13 10 9 11 16 15 17 14 13 15 12 11 13 30 29 31 28 27 29 26 25 27 24 23 25 22 21 23 20 19 21 18 17 19 16 15 17 14 13 15 32 31 33 34 33 35 32 31 33 30 29 31 28 27 29 26 25 27 24 23 25 22 21 23 20 19 21 18 17 19 16 15 17 22 21 23 20 19 21 18 17 19 30 29 31 28 27 29 26 25 27 24 23 25 22 21 23 20 19 21 32 31 33 30 29 31 28 27 29 34 33 35 32 31 33 30 29 31 28 27 29 26 25 27 24 23 25 22 21 23 24 23 25 26 25 27 28 27 29
[22.487344s] A=259 K=481 i=4.799075893e+09) 37 35 33 31 29 27 25 23 21 19 17 15 13 11 9 7 5 3 1 36 35 37 34 33 35 32 31 33 30 29 31 28 27 29 26 25 27 24 23 25 22 21 23 20 19 21 18 17 19 16 15 17 14 13 15 12 11 13 10 9 11 8 7 9 6 5 7 4 3 5 2 1 3 0 1 34 33 35 32 31 33 30 29 31 28 27 29 26 25 27 24 23 25 22 21 23 20 19 21 18 17 19 16 15 17 14 13 15 12 11 13 10 9 11 8 7 9 6 5 7 4 3 5 2 1 3 36 35 37 34 33 35 32 31 33 30 29 31 28 27 29 26 25 27 24 23 25 22 21 23 20 19 21 18 17 19 16 15 17 14 13 15 12 11 13 10 9 11 8 7 9 6 5 7 4 3 5 2 1 3 32 31 33 30 29 31 28 27 29 26 25 27 24 23 25 22 21 23 20 19 21 18 17 19 16 15 17 14 13 15 12 11 13 10 9 11 8 7 9 6 5 7 4 3 5 36 35 37 34 33 35 32 31 33 30 29 31 28 27 29 26 25 27 24 23 25 22 21 23 20 19 21 18 17 19 16 15 17 14 13 15 12 11 13 10 9 11 8 7 9 6 5 7 4 3 5 30 29 31 28 27 29 26 25 27 24 23 25 22 21 23 20 19 21 18 17 19 16 15 17 14 13 15 12 11 13 10 9 11 8 7 9 6 5 7 34 33 35 32 31 33 30 29 31 28 27 29 26 25 27 24 23 25 22 21 23 20 19 21 18 17 19 16 15 17 14 13 15 12 11 13 10 9 11 8 7 9 6 5 7 28 27 29 26 25 27 24 23 25 22 21 23 20 19 21 18 17 19 16 15 17 14 13 15 12 11 13 10 9 11 8 7 9 18 17 19 16 15 17 20 19 21 18 17 19 22 21 23 20 19 21 24 23 25 22 21 23 26 25 27 24 23 25 22 21 23 20 19 21 18 17 19 16 15 17 14 13 15 12 11 13 10 9 11 18 17 19 16 15 17 14 13 15 28 27 29 26 25 27 30 29 31 28 27 29 32 31 33 30 29 31 34 33 35 32 31 33 36 35 37 34 33 35 32 31 33 30 29 31 28 27 29 26 25 27 24 23 25 22 21 23 20 19 21 18 17 19 16 15 17 14 13 15 12 11 13 10 9 11 8 7 9 20 19 21 18 17 19 16 15 17 14 13 15 12 11 13 16 15 17 24 23 25 26 25 27 28 27 29 26 25 27 24 23 25 22 21 23 20 19 21 18 17 19 24 23 25 30 29 31 28 27 29 26 25 27 36 35 37 34 33 35 32 31 33 30 29 31 28 27 29 26 25 27 24 23 25 22 21 23 20 19 21 18 17 19 16 15 17 14 13 15 12 11 13 10 9 11 16 15 17 14 13 15 12 11 13 24 23 25 22 21 23 20 19 21 18 17 19 16 15 17 14 13 15 34 33 35 32 31 33 30 29 31 28 27 29 26 25 27 24 23 25 22 21 23 20 19 21 18 17 19 16 15 17 22 21 23 20 19 21 18 17 19 32 31 33 30 29 31 28 27 29 26 25 27 24 23 25 22 21 23 20 19 21 30 29 31 28 27 29 34 33 35 32 31 33 30 29 31 28 27 29 26 25 27 24 23 25 22 21 23 24 23 25 26 25 27 28 27 29
[22.488469s] A=259 K=481 i=4.799423764e+09) 37 35 33 31 29 27 25 23 21 19 17 15 13 11 9 7 5 3 1 36 35 37 34 33 35 32 31 33 30 29 31 28 27 29 26 25 27 24 23 25 22 21 23 20 19 21 18 17 19 16 15 17 14 13 15 12 11 13 10 9 11 8 7 9 6 5 7 4 3 5 2 1 3 0 1 34 33 35 32 31 33 30 29 31 28 27 29 26 25 27 24 23 25 22 21 23 20 19 21 18 17 19 16 15 17 14 13 15 12 11 13 10 9 11 8 7 9 6 5 7 4 3 5 2 1 3 36 35 37 34 33 35 32 31 33 30 29 31 28 27 29 26 25 27 24 23 25 22 21 23 20 19 21 18 17 19 16 15 17 14 13 15 12 11 13 10 9 11 8 7 9 6 5 7 4 3 5 2 1 3 32 31 33 30 29 31 28 27 29 26 25 27 24 23 25 22 21 23 20 19 21 18 17 19 16 15 17 14 13 15 12 11 13 10 9 11 8 7 9 6 5 7 4 3 5 36 35 37 34 33 35 32 31 33 30 29 31 28 27 29 26 25 27 24 23 25 22 21 23 20 19 21 18 17 19 16 15 17 14 13 15 12 11 13 10 9 11 8 7 9 6 5 7 4 3 5 30 29 31 28 27 29 26 25 27 24 23 25 22 21 23 20 19 21 18 17 19 16 15 17 14 13 15 12 11 13 10 9 11 8 7 9 6 5 7 34 33 35 32 31 33 30 29 31 28 27 29 26 25 27 24 23 25 22 21 23 20 19 21 18 17 19 16 15 17 14 13 15 12 11 13 10 9 11 8 7 9 6 5 7 28 27 29 26 25 27 24 23 25 22 21 23 20 19 21 18 17 19 16 15 17 14 13 15 12 11 13 10 9 11 8 7 9 18 17 19 16 15 17 20 19 21 18 17 19 22 21 23 20 19 21 24 23 25 22 21 23 26 25 27 24 23 25 22 21 23 20 19 21 18 17 19 16 15 17 14 13 15 12 11 13 10 9 11 18 17 19 16 15 17 14 13 15 28 27 29 30 29 31 28 27 29 26 25 27 24 23 25 32 31 33 30 29 31 28 27 29 26 25 27 36 35 37 34 33 35 32 31 33 30 29 31 28 27 29 26 25 27 24 23 25 22 21 23 20 19 21 18 17 19 16 15 17 14 13 15 12 11 13 10 9 11 8 7 9 20 19 21 18 17 19 16 15 17 14 13 15 12 11 13 16 15 17 24 23 25 22 21 23 20 19 21 18 17 19 26 25 27 36 35 37 34 33 35 32 31 33 30 29 31 28 27 29 26 25 27 24 23 25 22 21 23 20 19 21 18 17 19 16 15 17 14 13 15 12 11 13 10 9 11 16 15 17 14 13 15 12 11 13 34 33 35 32 31 33 30 29 31 28 27 29 26 25 27 24 23 25 22 21 23 20 19 21 18 17 19 16 15 17 14 13 15 28 27 29 32 31 33 30 29 31 36 35 37 34 33 35 32 31 33 30 29 31 28 27 29 26 25 27 24 23 25 22 21 23 20 19 21 18 17 19 16 15 17 22 21 23 20 19 21 18 17 19 28 27 29 26 25 27 24 23 25 22 21 23 20 19 21 30 29 31 28 27 29 26 25 27 24 23 25 22 21 23 24 23 25 26 25 27 34 33 35 32 31 33 30 29 31 28 27 29
[22.488607s] A=259 K=481 i=4.799456771e+09) 37 35 33 31 29 27 25 23 21 19 17 15 13 11 9 7 5 3 1 36 35 37 34 33 35 32 31 33 30 29 31 28 27 29 26 25 27 24 23 25 22 21 23 20 19 21 18 17 19 16 15 17 14 13 15 12 11 13 10 9 11 8 7 9 6 5 7 4 3 5 2 1 3 0 1 34 33 35 32 31 33 30 29 31 28 27 29 26 25 27 24 23 25 22 21 23 20 19 21 18 17 19 16 15 17 14 13 15 12 11 13 10 9 11 8 7 9 6 5 7 4 3 5 2 1 3 36 35 37 34 33 35 32 31 33 30 29 31 28 27 29 26 25 27 24 23 25 22 21 23 20 19 21 18 17 19 16 15 17 14 13 15 12 11 13 10 9 11 8 7 9 6 5 7 4 3 5 2 1 3 32 31 33 30 29 31 28 27 29 26 25 27 24 23 25 22 21 23 20 19 21 18 17 19 16 15 17 14 13 15 12 11 13 10 9 11 8 7 9 6 5 7 4 3 5 36 35 37 34 33 35 32 31 33 30 29 31 28 27 29 26 25 27 24 23 25 22 21 23 20 19 21 18 17 19 16 15 17 14 13 15 12 11 13 10 9 11 8 7 9 6 5 7 4 3 5 30 29 31 28 27 29 26 25 27 24 23 25 22 21 23 20 19 21 18 17 19 16 15 17 14 13 15 12 11 13 10 9 11 8 7 9 6 5 7 34 33 35 32 31 33 30 29 31 28 27 29 26 25 27 24 23 25 22 21 23 20 19 21 18 17 19 16 15 17 14 13 15 12 11 13 10 9 11 8 7 9 6 5 7 28 27 29 26 25 27 24 23 25 22 21 23 20 19 21 18 17 19 16 15 17 14 13 15 12 11 13 10 9 11 8 7 9 18 17 19 16 15 17 20 19 21 18 17 19 22 21 23 20 19 21 24 23 25 22 21 23 26 25 27 24 23 25 22 21 23 20 19 21 18 17 19 16 15 17 14 13 15 12 11 13 10 9 11 18 17 19 16 15 17 14 13 15 28 27 29 30 29 31 28 27 29 26 25 27 24 23 25 32 31 33 30 29 31 28 27 29 26 25 27 34 33 35 36 35 37 34 33 35 32 31 33 30 29 31 28 27 29 26 25 27 24 23 25 22 21 23 20 19 21 18 17 19 16 15 17 14 13 15 12 11 13 10 9 11 8 7 9 20 19 21 18 17 19 16 15 17 14 13 15 12 11 13 16 15 17 24 23 25 22 21 23 20 19 21 18 17 19 26 25 27 32 31 33 30 29 31 28 27 29 34 33 35 36 35 37 34 33 35 32 31 33 30 29 31 28 27 29 26 25 27 24 23 25 22 21 23 20 19 21 18 17 19 16 15 17 14 13 15 12 11 13 10 9 11 16 15 17 14 13 15 12 11 13 26 25 27 24 23 25 22 21 23 20 19 21 18 17 19 16 15 17 14 13 15 28 27 29 32 31 33 30 29 31 28 27 29 26 25 27 24 23 25 22 21 23 20 19 21 18 17 19 16 15 17 22 21 23 20 19 21 18 17 19 34 33 35 32 31 33 30 29 31 28 27 29 26 25 27 24 23 25 22 21 23 20 19 21 30 29 31 28 27 29 26 25 27 24 23 25 22 21 23 24 23 25 26 25 27 34 33 35 32 31 33 30 29 31 28 27 29
[22.488980s] A=259 K=481 i=4.79956532e+09) 37 35 33 31 29 27 25 23 21 19 17 15 13 11 9 7 5 3 1 36 35 37 34 33 35 32 31 33 30 29 31 28 27 29 26 25 27 24 23 25 22 21 23 20 19 21 18 17 19 16 15 17 14 13 15 12 11 13 10 9 11 8 7 9 6 5 7 4 3 5 2 1 3 0 1 34 33 35 32 31 33 30 29 31 28 27 29 26 25 27 24 23 25 22 21 23 20 19 21 18 17 19 16 15 17 14 13 15 12 11 13 10 9 11 8 7 9 6 5 7 4 3 5 2 1 3 36 35 37 34 33 35 32 31 33 30 29 31 28 27 29 26 25 27 24 23 25 22 21 23 20 19 21 18 17 19 16 15 17 14 13 15 12 11 13 10 9 11 8 7 9 6 5 7 4 3 5 2 1 3 32 31 33 30 29 31 28 27 29 26 25 27 24 23 25 22 21 23 20 19 21 18 17 19 16 15 17 14 13 15 12 11 13 10 9 11 8 7 9 6 5 7 4 3 5 36 35 37 34 33 35 32 31 33 30 29 31 28 27 29 26 25 27 24 23 25 22 21 23 20 19 21 18 17 19 16 15 17 14 13 15 12 11 13 10 9 11 8 7 9 6 5 7 4 3 5 30 29 31 28 27 29 26 25 27 24 23 25 22 21 23 20 19 21 18 17 19 16 15 17 14 13 15 12 11 13 10 9 11 8 7 9 6 5 7 34 33 35 32 31 33 30 29 31 28 27 29 26 25 27 24 23 25 22 21 23 20 19 21 18 17 19 16 15 17 14 13 15 12 11 13 10 9 11 8 7 9 6 5 7 28 27 29 26 25 27 24 23 25 22 21 23 20 19 21 18 17 19 16 15 17 14 13 15 12 11 13 10 9 11 8 7 9 18 17 19 16 15 17 20 19 21 18 17 19 22 21 23 20 19 21 24 23 25 22 21 23 26 25 27 24 23 25 22 21 23 20 19 21 18 17 19 16 15 17 14 13 15 12 11 13 10 9 11 18 17 19 16 15 17 14 13 15 28 27 29 30 29 31 28 27 29 26 25 27 32 31 33 34 33 35 36 35 37 34 33 35 32 31 33 30 29 31 28 27 29 26 25 27 24 23 25 22 21 23 20 19 21 18 17 19 16 15 17 14 13 15 12 11 13 10 9 11 8 7 9 20 19 21 18 17 19 16 15 17 14 13 15 12 11 13 16 15 17 24 23 25 26 25 27 30 29 31 28 27 29 26 25 27 24 23 25 22 21 23 20 19 21 18 17 19 32 31 33 30 29 31 28 27 29 34 33 35 32 31 33 36 35 37 34 33 35 32 31 33 30 29 31 28 27 29 26 25 27 24 23 25 22 21 23 20 19 21 18 17 19 16 15 17 14 13 15 12 11 13 10 9 11 16 15 17 14 13 15 12 11 13 26 25 27 24 23 25 22 21 23 20 19 21 18 17 19 16 15 17 14 13 15 28 27 29 30 29 31 28 27 29 26 25 27 24 23 25 22 21 23 20 19 21 18 17 19 16 15 17 22 21 23 20 19 21 18 17 19 32 31 33 34 33 35 32 31 33 30 29 31 28 27 29 26 25 27 24 23 25 22 21 23 20 19 21 30 29 31 28 27 29 26 25 27 24 23 25 22 21 23 24 23 25 26 25 27 32 31 33 30 29 31 28 27 29
[22.523837s] A=259 K=481 i=4.807018131e+09) 37 35 33 31 29 27 25 23 21 19 17 15 13 11 9 7 5 3 1 36 35 37 34 33 35 32 31 33 30 29 31 28 27 29 26 25 27 24 23 25 22 21 23 20 19 21 18 17 19 16 15 17 14 13 15 12 11 13 10 9 11 8 7 9 6 5 7 4 3 5 2 1 3 0 1 34 33 35 32 31 33 30 29 31 28 27 29 26 25 27 24 23 25 22 21 23 20 19 21 18 17 19 16 15 17 14 13 15 12 11 13 10 9 11 8 7 9 6 5 7 4 3 5 2 1 3 36 35 37 34 33 35 32 31 33 30 29 31 28 27 29 26 25 27 24 23 25 22 21 23 20 19 21 18 17 19 16 15 17 14 13 15 12 11 13 10 9 11 8 7 9 6 5 7 4 3 5 2 1 3 32 31 33 30 29 31 28 27 29 26 25 27 24 23 25 22 21 23 20 19 21 18 17 19 16 15 17 14 13 15 12 11 13 10 9 11 8 7 9 6 5 7 4 3 5 36 35 37 34 33 35 32 31 33 30 29 31 28 27 29 26 25 27 24 23 25 22 21 23 20 19 21 18 17 19 16 15 17 14 13 15 12 11 13 10 9 11 8 7 9 6 5 7 4 3 5 30 29 31 28 27 29 26 25 27 24 23 25 22 21 23 20 19 21 18 17 19 16 15 17 14 13 15 12 11 13 10 9 11 8 7 9 6 5 7 34 33 35 32 31 33 30 29 31 28 27 29 26 25 27 24 23 25 22 21 23 20 19 21 18 17 19 16 15 17 14 13 15 12 11 13 10 9 11 8 7 9 6 5 7 28 27 29 26 25 27 24 23 25 22 21 23 20 19 21 18 17 19 16 15 17 14 13 15 12 11 13 10 9 11 8 7 9 18 17 19 16 15 17 20 19 21 18 17 19 22 21 23 20 19 21 24 23 25 22 21 23 26 25 27 24 23 25 36 35 37 34 33 35 32 31 33 30 29 31 28 27 29 26 25 27 24 23 25 22 21 23 20 19 21 18 17 19 16 15 17 14 13 15 12 11 13 10 9 11 8 7 9 18 17 19 16 15 17 14 13 15 22 21 23 20 19 21 18 17 19 16 15 17 14 13 15 12 11 13 10 9 11 20 19 21 18 17 19 16 15 17 14 13 15 12 11 13 16 15 17 30 29 31 28 27 29 26 25 27 24 23 25 32 31 33 30 29 31 28 27 29 26 25 27 24 23 25 22 21 23 20 19 21 18 17 19 34 33 35 32 31 33 36 35 37 34 33 35 32 31 33 30 29 31 28 27 29 26 25 27 24 23 25 22 21 23 20 19 21 18 17 19 16 15 17 14 13 15 12 11 13 10 9 11 16 15 17 14 13 15 12 11 13 30 29 31 28 27 29 26 25 27 24 23 25 22 21 23 20 19 21 18 17 19 16 15 17 14 13 15 28 27 29 26 25 27 32 31 33 30 29 31 36 35 37 34 33 35 32 31 33 30 29 31 28 27 29 26 25 27 24 23 25 22 21 23 20 19 21 18 17 19 16 15 17 22 21 23 20 19 21 18 17 19 34 33 35 32 31 33 30 29 31 28 27 29 26 25 27 24 23 25 22 21 23 20 19 21 28 27 29 26 25 27 24 23 25 22 21 23 24 23 25 32 31 33 30 29 31 28 27 29 26 25 27
[22.525724s] A=259 K=481 i=4.807435992e+09) 37 35 33 31 29 27 25 23 21 19 17 15 13 11 9 7 5 3 1 36 35 37 34 33 35 32 31 33 30 29 31 28 27 29 26 25 27 24 23 25 22 21 23 20 19 21 18 17 19 16 15 17 14 13 15 12 11 13 10 9 11 8 7 9 6 5 7 4 3 5 2 1 3 0 1 34 33 35 32 31 33 30 29 31 28 27 29 26 25 27 24 23 25 22 21 23 20 19 21 18 17 19 16 15 17 14 13 15 12 11 13 10 9 11 8 7 9 6 5 7 4 3 5 2 1 3 36 35 37 34 33 35 32 31 33 30 29 31 28 27 29 26 25 27 24 23 25 22 21 23 20 19 21 18 17 19 16 15 17 14 13 15 12 11 13 10 9 11 8 7 9 6 5 7 4 3 5 2 1 3 32 31 33 30 29 31 28 27 29 26 25 27 24 23 25 22 21 23 20 19 21 18 17 19 16 15 17 14 13 15 12 11 13 10 9 11 8 7 9 6 5 7 4 3 5 36 35 37 34 33 35 32 31 33 30 29 31 28 27 29 26 25 27 24 23 25 22 21 23 20 19 21 18 17 19 16 15 17 14 13 15 12 11 13 10 9 11 8 7 9 6 5 7 4 3 5 30 29 31 28 27 29 26 25 27 24 23 25 22 21 23 20 19 21 18 17 19 16 15 17 14 13 15 12 11 13 10 9 11 8 7 9 6 5 7 34 33 35 32 31 33 30 29 31 28 27 29 26 25 27 24 23 25 22 21 23 20 19 21 18 17 19 16 15 17 14 13 15 12 11 13 10 9 11 8 7 9 6 5 7 28 27 29 26 25 27 24 23 25 22 21 23 20 19 21 18 17 19 16 15 17 14 13 15 12 11 13 10 9 11 8 7 9 18 17 19 16 15 17 20 19 21 18 17 19 22 21 23 20 19 21 24 23 25 22 21 23 26 25 27 24 23 25 30 29 31 28 27 29 26 25 27 32 31 33 30 29 31 28 27 29 36 35 37 34 33 35 32 31 33 30 29 31 28 27 29 26 25 27 24 23 25 22 21 23 20 19 21 18 17 19 16 15 17 14 13 15 12 11 13 10 9 11 8 7 9 18 17 19 16 15 17 14 13 15 22 21 23 20 19 21 18 17 19 16 15 17 14 13 15 12 11 13 10 9 11 20 19 21 18 17 19 16 15 17 14 13 15 12 11 13 16 15 17 24 23 25 26 25 27 24 23 25 22 21 23 20 19 21 18 17 19 28 27 29 26 25 27 34 33 35 32 31 33 30 29 31 28 27 29 36 35 37 34 33 35 32 31 33 30 29 31 28 27 29 26 25 27 24 23 25 22 21 23 20 19 21 18 17 19 16 15 17 14 13 15 12 11 13 10 9 11 16 15 17 14 13 15 12 11 13 26 25 27 24 23 25 22 21 23 20 19 21 18 17 19 16 15 17 14 13 15 28 27 29 36 35 37 34 33 35 32 31 33 30 29 31 28 27 29 26 25 27 24 23 25 22 21 23 20 19 21 18 17 19 16 15 17 22 21 23 20 19 21 18 17 19 32 31 33 30 29 31 28 27 29 26 25 27 24 23 25 22 21 23 20 19 21 30 29 31 28 27 29 26 25 27 24 23 25 22 21 23 24 23 25 34 33 35 32 31 33 30 29 31 28 27 29 26 25 27
[22.537820s] A=259 K=481 i=4.809858509e+09) 37 35 33 31 29 27 25 23 21 19 17 15 13 11 9 7 5 3 1 36 35 37 34 33 35 32 31 33 30 29 31 28 27 29 26 25 27 24 23 25 22 21 23 20 19 21 18 17 19 16 15 17 14 13 15 12 11 13 10 9 11 8 7 9 6 5 7 4 3 5 2 1 3 0 1 34 33 35 32 31 33 30 29 31 28 27 29 26 25 27 24 23 25 22 21 23 20 19 21 18 17 19 16 15 17 14 13 15 12 11 13 10 9 11 8 7 9 6 5 7 4 3 5 2 1 3 36 35 37 34 33 35 32 31 33 30 29 31 28 27 29 26 25 27 24 23 25 22 21 23 20 19 21 18 17 19 16 15 17 14 13 15 12 11 13 10 9 11 8 7 9 6 5 7 4 3 5 2 1 3 32 31 33 30 29 31 28 27 29 26 25 27 24 23 25 22 21 23 20 19 21 18 17 19 16 15 17 14 13 15 12 11 13 10 9 11 8 7 9 6 5 7 4 3 5 36 35 37 34 33 35 32 31 33 30 29 31 28 27 29 26 25 27 24 23 25 22 21 23 20 19 21 18 17 19 16 15 17 14 13 15 12 11 13 10 9 11 8 7 9 6 5 7 4 3 5 30 29 31 28 27 29 26 25 27 24 23 25 22 21 23 20 19 21 18 17 19 16 15 17 14 13 15 12 11 13 10 9 11 8 7 9 6 5 7 34 33 35 32 31 33 30 29 31 28 27 29 26 25 27 24 23 25 22 21 23 20 19 21 18 17 19 16 15 17 14 13 15 12 11 13 10 9 11 8 7 9 6 5 7 28 27 29 26 25 27 24 23 25 22 21 23 20 19 21 18 17 19 16 15 17 14 13 15 12 11 13 10 9 11 8 7 9 18 17 19 16 15 17 20 19 21 18 17 19 22 21 23 20 19 21 24 23 25 22 21 23 26 25 27 24 23 25 28 27 29 26 25 27 30 29 31 28 27 29 32 31 33 30 29 31 34 33 35 32 31 33 36 35 37 34 33 35 32 31 33 30 29 31 28 27 29 26 25 27 24 23 25 22 21 23 20 19 21 18 17 19 16 15 17 14 13 15 12 11 13 10 9 11 8 7 9 18 17 19 16 15 17 14 13 15 22 21 23 20 19 21 18 17 19 16 15 17 14 13 15 12 11 13 10 9 11 20 19 21 18 17 19 16 15 17 14 13 15 12 11 13 16 15 17 26 25 27 24 23 25 28 27 29 26 25 27 24 23 25 22 21 23 20 19 21 18 17 19 36 35 37 34 33 35 32 31 33 30 29 31 28 27 29 26 25 27 24 23 25 22 21 23 20 19 21 18 17 19 16 15 17 14 13 15 12 11 13 10 9 11 16 15 17 14 13 15 12 11 13 30 29 31 28 27 29 26 25 27 24 23 25 22 21 23 20 19 21 18 17 19 16 15 17 14 13 15 28 27 29 32 31 33 30 29 31 34 33 35 32 31 33 30 29 31 28 27 29 26 25 27 24 23 25 22 21 23 20 19 21 18 17 19 16 15 17 22 21 23 20 19 21 18 17 19 28 27 29 26 25 27 24 23 25 22 21 23 20 19 21 34 33 35 32 31 33 30 29 31 28 27 29 26 25 27 24 23 25 22 21 23 24 23 25 32 31 33 30 29 31 28 27 29 26 25 27
[22.540893s] A=259 K=481 i=4.810879182e+09) 37 35 33 31 29 27 25 23 21 19 17 15 13 11 9 7 5 3 1 36 35 37 34 33 35 32 31 33 30 29 31 28 27 29 26 25 27 24 23 25 22 21 23 20 19 21 18 17 19 16 15 17 14 13 15 12 11 13 10 9 11 8 7 9 6 5 7 4 3 5 2 1 3 0 1 34 33 35 32 31 33 30 29 31 28 27 29 26 25 27 24 23 25 22 21 23 20 19 21 18 17 19 16 15 17 14 13 15 12 11 13 10 9 11 8 7 9 6 5 7 4 3 5 2 1 3 36 35 37 34 33 35 32 31 33 30 29 31 28 27 29 26 25 27 24 23 25 22 21 23 20 19 21 18 17 19 16 15 17 14 13 15 12 11 13 10 9 11 8 7 9 6 5 7 4 3 5 2 1 3 32 31 33 30 29 31 28 27 29 26 25 27 24 23 25 22 21 23 20 19 21 18 17 19 16 15 17 14 13 15 12 11 13 10 9 11 8 7 9 6 5 7 4 3 5 36 35 37 34 33 35 32 31 33 30 29 31 28 27 29 26 25 27 24 23 25 22 21 23 20 19 21 18 17 19 16 15 17 14 13 15 12 11 13 10 9 11 8 7 9 6 5 7 4 3 5 30 29 31 28 27 29 26 25 27 24 23 25 22 21 23 20 19 21 18 17 19 16 15 17 14 13 15 12 11 13 10 9 11 8 7 9 6 5 7 34 33 35 32 31 33 30 29 31 28 27 29 26 25 27 24 23 25 22 21 23 20 19 21 18 17 19 16 15 17 14 13 15 12 11 13 10 9 11 8 7 9 6 5 7 28 27 29 26 25 27 24 23 25 22 21 23 20 19 21 18 17 19 16 15 17 14 13 15 12 11 13 10 9 11 8 7 9 18 17 19 16 15 17 20 19 21 18 17 19 22 21 23 20 19 21 24 23 25 22 21 23 26 25 27 24 23 25 28 27 29 26 25 27 30 29 31 32 31 33 30 29 31 28 27 29 34 33 35 36 35 37 34 33 35 32 31 33 30 29 31 28 27 29 26 25 27 24 23 25 22 21 23 20 19 21 18 17 19 16 15 17 14 13 15 12 11 13 10 9 11 8 7 9 18 17 19 16 15 17 14 13 15 22 21 23 20 19 21 18 17 19 16 15 17 14 13 15 12 11 13 10 9 11 20 19 21 18 17 19 16 15 17 14 13 15 12 11 13 16 15 17 24 23 25 26 25 27 24 23 25 22 21 23 20 19 21 18 17 19 28 27 29 26 25 27 24 23 25 32 31 33 30 29 31 28 27 29 26 25 27 28 27 29 34 33 35 32 31 33 30 29 31 36 35 37 34 33 35 32 31 33 30 29 31 28 27 29 26 25 27 24 23 25 22 21 23 20 19 21 18 17 19 16 15 17 14 13 15 12 11 13 10 9 11 16 15 17 14 13 15 12 11 13 24 23 25 22 21 23 20 19 21 18 17 19 16 15 17 14 13 15 28 27 29 26 25 27 24 23 25 22 21 23 20 19 21 18 17 19 16 15 17 22 21 23 20 19 21 18 17 19 34 33 35 32 31 33 30 29 31 28 27 29 26 25 27 24 23 25 22 21 23 20 19 21 30 29 31 28 27 29 26 25 27 24 23 25 22 21 23 24 23 25 32 31 33 30 29 31 28 27 29 26 25 27
[22.543438s] A=259 K=481 i=4.811689271e+09) 37 35 33 31 29 27 25 23 21 19 17 15 13 11 9 7 5 3 1 36 35 37 34 33 35 32 31 33 30 29 31 28 27 29 26 25 27 24 23 25 22 21 23 20 19 21 18 17 19 16 15 17 14 13 15 12 11 13 10 9 11 8 7 9 6 5 7 4 3 5 2 1 3 0 1 34 33 35 32 31 33 30 29 31 28 27 29 26 25 27 24 23 25 22 21 23 20 19 21 18 17 19 16 15 17 14 13 15 12 11 13 10 9 11 8 7 9 6 5 7 4 3 5 2 1 3 36 35 37 34 33 35 32 31 33 30 29 31 28 27 29 26 25 27 24 23 25 22 21 23 20 19 21 18 17 19 16 15 17 14 13 15 12 11 13 10 9 11 8 7 9 6 5 7 4 3 5 2 1 3 32 31 33 30 29 31 28 27 29 26 25 27 24 23 25 22 21 23 20 19 21 18 17 19 16 15 17 14 13 15 12 11 13 10 9 11 8 7 9 6 5 7 4 3 5 36 35 37 34 33 35 32 31 33 30 29 31 28 27 29 26 25 27 24 23 25 22 21 23 20 19 21 18 17 19 16 15 17 14 13 15 12 11 13 10 9 11 8 7 9 6 5 7 4 3 5 30 29 31 28 27 29 26 25 27 24 23 25 22 21 23 20 19 21 18 17 19 16 15 17 14 13 15 12 11 13 10 9 11 8 7 9 6 5 7 34 33 35 32 31 33 30 29 31 28 27 29 26 25 27 24 23 25 22 21 23 20 19 21 18 17 19 16 15 17 14 13 15 12 11 13 10 9 11 8 7 9 6 5 7 28 27 29 26 25 27 24 23 25 22 21 23 20 19 21 18 17 19 16 15 17 14 13 15 12 11 13 10 9 11 8 7 9 18 17 19 16 15 17 20 19 21 18 17 19 22 21 23 20 19 21 24 23 25 22 21 23 26 25 27 24 23 25 28 27 29 26 25 27 30 29 31 32 31 33 34 33 35 36 35 37 34 33 35 32 31 33 30 29 31 28 27 29 26 25 27 24 23 25 22 21 23 20 19 21 18 17 19 16 15 17 14 13 15 12 11 13 10 9 11 8 7 9 18 17 19 16 15 17 14 13 15 22 21 23 20 19 21 18 17 19 16 15 17 14 13 15 12 11 13 10 9 11 20 19 21 18 17 19 16 15 17 14 13 15 12 11 13 16 15 17 30 29 31 28 27 29 26 25 27 24 23 25 22 21 23 20 19 21 18 17 19 28 27 29 26 25 27 24 23 25 32 31 33 34 33 35 36 35 37 34 33 35 32 31 33 30 29 31 28 27 29 26 25 27 24 23 25 22 21 23 20 19 21 18 17 19 16 15 17 14 13 15 12 11 13 10 9 11 16 15 17 14 13 15 12 11 13 30 29 31 28 27 29 26 25 27 24 23 25 22 21 23 20 19 21 18 17 19 16 15 17 14 13 15 32 31 33 30 29 31 28 27 29 26 25 27 24 23 25 22 21 23 20 19 21 18 17 19 16 15 17 22 21 23 20 19 21 18 17 19 34 33 35 32 31 33 30 29 31 28 27 29 26 25 27 24 23 25 22 21 23 20 19 21 34 33 35 32 31 33 30 29 31 28 27 29 26 25 27 24 23 25 22 21 23 24 23 25 32 31 33 30 29 31 28 27 29 26 25 27
[22.543489s] A=259 K=481 i=4.811694403e+09) 37 35 33 31 29 27 25 23 21 19 17 15 13 11 9 7 5 3 1 36 35 37 34 33 35 32 31 33 30 29 31 28 27 29 26 25 27 24 23 25 22 21 23 20 19 21 18 17 19 16 15 17 14 13 15 12 11 13 10 9 11 8 7 9 6 5 7 4 3 5 2 1 3 0 1 34 33 35 32 31 33 30 29 31 28 27 29 26 25 27 24 23 25 22 21 23 20 19 21 18 17 19 16 15 17 14 13 15 12 11 13 10 9 11 8 7 9 6 5 7 4 3 5 2 1 3 36 35 37 34 33 35 32 31 33 30 29 31 28 27 29 26 25 27 24 23 25 22 21 23 20 19 21 18 17 19 16 15 17 14 13 15 12 11 13 10 9 11 8 7 9 6 5 7 4 3 5 2 1 3 32 31 33 30 29 31 28 27 29 26 25 27 24 23 25 22 21 23 20 19 21 18 17 19 16 15 17 14 13 15 12 11 13 10 9 11 8 7 9 6 5 7 4 3 5 36 35 37 34 33 35 32 31 33 30 29 31 28 27 29 26 25 27 24 23 25 22 21 23 20 19 21 18 17 19 16 15 17 14 13 15 12 11 13 10 9 11 8 7 9 6 5 7 4 3 5 30 29 31 28 27 29 26 25 27 24 23 25 22 21 23 20 19 21 18 17 19 16 15 17 14 13 15 12 11 13 10 9 11 8 7 9 6 5 7 34 33 35 32 31 33 30 29 31 28 27 29 26 25 27 24 23 25 22 21 23 20 19 21 18 17 19 16 15 17 14 13 15 12 11 13 10 9 11 8 7 9 6 5 7 28 27 29 26 25 27 24 23 25 22 21 23 20 19 21 18 17 19 16 15 17 14 13 15 12 11 13 10 9 11 8 7 9 18 17 19 16 15 17 20 19 21 18 17 19 22 21 23 20 19 21 24 23 25 22 21 23 26 25 27 24 23 25 28 27 29 26 25 27 30 29 31 32 31 33 34 33 35 36 35 37 34 33 35 32 31 33 30 29 31 28 27 29 26 25 27 24 23 25 22 21 23 20 19 21 18 17 19 16 15 17 14 13 15 12 11 13 10 9 11 8 7 9 18 17 19 16 15 17 14 13 15 22 21 23 20 19 21 18 17 19 16 15 17 14 13 15 12 11 13 10 9 11 20 19 21 18 17 19 16 15 17 14 13 15 12 11 13 16 15 17 24 23 25 30 29 31 28 27 29 26 25 27 24 23 25 22 21 23 20 19 21 18 17 19 28 27 29 26 25 27 24 23 25 32 31 33 30 29 31 28 27 29 26 25 27 34 33 35 32 31 33 36 35 37 34 33 35 32 31 33 30 29 31 28 27 29 26 25 27 24 23 25 22 21 23 20 19 21 18 17 19 16 15 17 14 13 15 12 11 13 10 9 11 16 15 17 14 13 15 12 11 13 24 23 25 22 21 23 20 19 21 18 17 19 16 15 17 14 13 15 30 29 31 28 27 29 26 25 27 24 23 25 22 21 23 20 19 21 18 17 19 16 15 17 22 21 23 20 19 21 18 17 19 32 31 33 34 33 35 32 31 33 30 29 31 28 27 29 26 25 27 24 23 25 22 21 23 20 19 21 30 29 31 28 27 29 26 25 27 24 23 25 22 21 23 24 23 25 32 31 33 30 29 31 28 27 29 26 25 27
[22.618377s] A=259 K=481 i=4.831337102e+09) 37 35 33 31 29 27 25 23 21 19 17 15 13 11 9 7 5 3 1 36 35 37 34 33 35 32 31 33 30 29 31 28 27 29 26 25 27 24 23 25 22 21 23 20 19 21 18 17 19 16 15 17 14 13 15 12 11 13 10 9 11 8 7 9 6 5 7 4 3 5 2 1 3 0 1 34 33 35 32 31 33 30 29 31 28 27 29 26 25 27 24 23 25 22 21 23 20 19 21 18 17 19 16 15 17 14 13 15 12 11 13 10 9 11 8 7 9 6 5 7 4 3 5 2 1 3 36 35 37 34 33 35 32 31 33 30 29 31 28 27 29 26 25 27 24 23 25 22 21 23 20 19 21 18 17 19 16 15 17 14 13 15 12 11 13 10 9 11 8 7 9 6 5 7 4 3 5 2 1 3 32 31 33 30 29 31 28 27 29 26 25 27 24 23 25 22 21 23 20 19 21 18 17 19 16 15 17 14 13 15 12 11 13 10 9 11 8 7 9 6 5 7 4 3 5 36 35 37 34 33 35 32 31 33 30 29 31 28 27 29 26 25 27 24 23 25 22 21 23 20 19 21 18 17 19 16 15 17 14 13 15 12 11 13 10 9 11 8 7 9 6 5 7 4 3 5 30 29 31 28 27 29 26 25 27 24 23 25 22 21 23 20 19 21 18 17 19 16 15 17 14 13 15 12 11 13 10 9 11 8 7 9 6 5 7 34 33 35 32 31 33 30 29 31 28 27 29 26 25 27 24 23 25 22 21 23 20 19 21 18 17 19 16 15 17 14 13 15 12 11 13 10 9 11 8 7 9 6 5 7 28 27 29 26 25 27 24 23 25 22 21 23 20 19 21 18 17 19 16 15 17 14 13 15 12 11 13 10 9 11 8 7 9 18 17 19 16 15 17 20 19 21 18 17 19 22 21 23 24 23 25 22 21 23 20 19 21 26 25 27 36 35 37 34 33 35 32 31 33 30 29 31 28 27 29 26 25 27 24 23 25 22 21 23 20 19 21 18 17 19 16 15 17 14 13 15 12 11 13 10 9 11 8 7 9 18 17 19 16 15 17 14 13 15 12 11 13 24 23 25 22 21 23 20 19 21 18 17 19 16 15 17 14 13 15 12 11 13 10 9 11 20 19 21 18 17 19 16 15 17 14 13 15 26 25 27 30 29 31 28 27 29 26 25 27 24 23 25 32 31 33 30 29 31 28 27 29 26 25 27 24 23 25 22 21 23 20 19 21 18 17 19 16 15 17 34 33 35 32 31 33 30 29 31 28 27 29 36 35 37 34 33 35 32 31 33 30 29 31 28 27 29 26 25 27 24 23 25 22 21 23 20 19 21 18 17 19 16 15 17 14 13 15 12 11 13 10 9 11 14 13 15 12 11 13 16 15 17 26 25 27 24 23 25 22 21 23 20 19 21 18 17 19 16 15 17 14 13 15 28 27 29 26 25 27 32 31 33 30 29 31 28 27 29 36 35 37 34 33 35 32 31 33 30 29 31 28 27 29 26 25 27 24 23 25 22 21 23 20 19 21 18 17 19 16 15 17 22 21 23 20 19 21 18 17 19 26 25 27 24 23 25 34 33 35 32 31 33 30 29 31 28 27 29 26 25 27 24 23 25 22 21 23 20 19 21 22 21 23 24 23 25 30 29 31 28 27 29 26 25 27
[22.618519s] A=259 K=481 i=4.83134075e+09) 37 35 33 31 29 27 25 23 21 19 17 15 13 11 9 7 5 3 1 36 35 37 34 33 35 32 31 33 30 29 31 28 27 29 26 25 27 24 23 25 22 21 23 20 19 21 18 17 19 16 15 17 14 13 15 12 11 13 10 9 11 8 7 9 6 5 7 4 3 5 2 1 3 0 1 34 33 35 32 31 33 30 29 31 28 27 29 26 25 27 24 23 25 22 21 23 20 19 21 18 17 19 16 15 17 14 13 15 12 11 13 10 9 11 8 7 9 6 5 7 4 3 5 2 1 3 36 35 37 34 33 35 32 31 33 30 29 31 28 27 29 26 25 27 24 23 25 22 21 23 20 19 21 18 17 19 16 15 17 14 13 15 12 11 13 10 9 11 8 7 9 6 5 7 4 3 5 2 1 3 32 31 33 30 29 31 28 27 29 26 25 27 24 23 25 22 21 23 20 19 21 18 17 19 16 15 17 14 13 15 12 11 13 10 9 11 8 7 9 6 5 7 4 3 5 36 35 37 34 33 35 32 31 33 30 29 31 28 27 29 26 25 27 24 23 25 22 21 23 20 19 21 18 17 19 16 15 17 14 13 15 12 11 13 10 9 11 8 7 9 6 5 7 4 3 5 30 29 31 28 27 29 26 25 27 24 23 25 22 21 23 20 19 21 18 17 19 16 15 17 14 13 15 12 11 13 10 9 11 8 7 9 6 5 7 34 33 35 32 31 33 30 29 31 28 27 29 26 25 27 24 23 25 22 21 23 20 19 21 18 17 19 16 15 17 14 13 15 12 11 13 10 9 11 8 7 9 6 5 7 28 27 29 26 25 27 24 23 25 22 21 23 20 19 21 18 17 19 16 15 17 14 13 15 12 11 13 10 9 11 8 7 9 18 17 19 16 15 17 20 19 21 18 17 19 22 21 23 24 23 25 22 21 23 20 19 21 26 25 27 36 35 37 34 33 35 32 31 33 30 29 31 28 27 29 26 25 27 24 23 25 22 21 23 20 19 21 18 17 19 16 15 17 14 13 15 12 11 13 10 9 11 8 7 9 18 17 19 16 15 17 14 13 15 12 11 13 24 23 25 22 21 23 20 19 21 18 17 19 16 15 17 14 13 15 12 11 13 10 9 11 20 19 21 18 17 19 16 15 17 14 13 15 26 25 27 30 29 31 28 27 29 32 31 33 30 29 31 28 27 29 26 25 27 24 23 25 22 21 23 20 19 21 18 17 19 16 15 17 26 25 27 24 23 25 28 27 29 34 33 35 32 31 33 30 29 31 28 27 29 26 25 27 36 35 37 34 33 35 32 31 33 30 29 31 28 27 29 26 25 27 24 23 25 22 21 23 20 19 21 18 17 19 16 15 17 14 13 15 12 11 13 10 9 11 14 13 15 12 11 13 16 15 17 24 23 25 22 21 23 20 19 21 18 17 19 16 15 17 14 13 15 26 25 27 36 35 37 34 33 35 32 31 33 30 29 31 28 27 29 26 25 27 24 23 25 22 21 23 20 19 21 18 17 19 16 15 17 22 21 23 20 19 21 18 17 19 32 31 33 30 29 31 28 27 29 26 25 27 24 23 25 34 33 35 32 31 33 30 29 31 28 27 29 26 25 27 24 23 25 22 21 23 20 19 21 22 21 23 24 23 25 30 29 31 28 27 29 26 25 27
[22.627756s] A=259 K=481 i=4.832799438e+09) 37 35 33 31 29 27 25 23 21 19 17 15 13 11 9 7 5 3 1 36 35 37 34 33 35 32 31 33 30 29 31 28 27 29 26 25 27 24 23 25 22 21 23 20 19 21 18 17 19 16 15 17 14 13 15 12 11 13 10 9 11 8 7 9 6 5 7 4 3 5 2 1 3 0 1 34 33 35 32 31 33 30 29 31 28 27 29 26 25 27 24 23 25 22 21 23 20 19 21 18 17 19 16 15 17 14 13 15 12 11 13 10 9 11 8 7 9 6 5 7 4 3 5 2 1 3 36 35 37 34 33 35 32 31 33 30 29 31 28 27 29 26 25 27 24 23 25 22 21 23 20 19 21 18 17 19 16 15 17 14 13 15 12 11 13 10 9 11 8 7 9 6 5 7 4 3 5 2 1 3 32 31 33 30 29 31 28 27 29 26 25 27 24 23 25 22 21 23 20 19 21 18 17 19 16 15 17 14 13 15 12 11 13 10 9 11 8 7 9 6 5 7 4 3 5 36 35 37 34 33 35 32 31 33 30 29 31 28 27 29 26 25 27 24 23 25 22 21 23 20 19 21 18 17 19 16 15 17 14 13 15 12 11 13 10 9 11 8 7 9 6 5 7 4 3 5 30 29 31 28 27 29 26 25 27 24 23 25 22 21 23 20 19 21 18 17 19 16 15 17 14 13 15 12 11 13 10 9 11 8 7 9 6 5 7 34 33 35 32 31 33 30 29 31 28 27 29 26 25 27 24 23 25 22 21 23 20 19 21 18 17 19 16 15 17 14 13 15 12 11 13 10 9 11 8 7 9 6 5 7 28 27 29 26 25 27 24 23 25 22 21 23 20 19 21 18 17 19 16 15 17 14 13 15 12 11 13 10 9 11 8 7 9 18 17 19 16 15 17 20 19 21 18 17 19 22 21 23 24 23 25 22 21 23 20 19 21 26 25 27 28 27 29 30 29 31 32 31 33 34 33 35 36 35 37 34 33 35 32 31 33 30 29 31 28 27 29 26 25 27 24 23 25 22 21 23 20 19 21 18 17 19 16 15 17 14 13 15 12 11 13 10 9 11 8 7 9 18 17 19 16 15 17 14 13 15 12 11 13 24 23 25 22 21 23 20 19 21 18 17 19 16 15 17 14 13 15 12 11 13 10 9 11 20 19 21 18 17 19 16 15 17 14 13 15 26 25 27 24 23 25 28 27 29 26 25 27 30 29 31 28 27 29 26 25 27 24 23 25 22 21 23 20 19 21 18 17 19 16 15 17 24 23 25 32 31 33 30 29 31 28 27 29 26 25 27 34 33 35 32 31 33 30 29 31 28 27 29 36 35 37 34 33 35 32 31 33 30 29 31 28 27 29 26 25 27 24 23 25 22 21 23 20 19 21 18 17 19 16 15 17 14 13 15 12 11 13 10 9 11 14 13 15 12 11 13 16 15 17 24 23 25 22 21 23 20 19 21 18 17 19 16 15 17 14 13 15 26 25 27 24 23 25 22 21 23 20 19 21 18 17 19 16 15 17 22 21 23 20 19 21 18 17 19 28 27 29 32 31 33 30 29 31 28 27 29 26 25 27 24 23 25 34 33 35 32 31 33 30 29 31 28 27 29 26 25 27 24 23 25 22 21 23 20 19 21 22 21 23 24 23 25 30 29 31 28 27 29 26 25 27
[22.633301s] A=259 K=481 i=4.834482055e+09) 37 35 33 31 29 27 25 23 21 19 17 15 13 11 9 7 5 3 1 36 35 37 34 33 35 32 31 33 30 29 31 28 27 29 26 25 27 24 23 25 22 21 23 20 19 21 18 17 19 16 15 17 14 13 15 12 11 13 10 9 11 8 7 9 6 5 7 4 3 5 2 1 3 0 1 34 33 35 32 31 33 30 29 31 28 27 29 26 25 27 24 23 25 22 21 23 20 19 21 18 17 19 16 15 17 14 13 15 12 11 13 10 9 11 8 7 9 6 5 7 4 3 5 2 1 3 36 35 37 34 33 35 32 31 33 30 29 31 28 27 29 26 25 27 24 23 25 22 21 23 20 19 21 18 17 19 16 15 17 14 13 15 12 11 13 10 9 11 8 7 9 6 5 7 4 3 5 2 1 3 32 31 33 30 29 31 28 27 29 26 25 27 24 23 25 22 21 23 20 19 21 18 17 19 16 15 17 14 13 15 12 11 13 10 9 11 8 7 9 6 5 7 4 3 5 36 35 37 34 33 35 32 31 33 30 29 31 28 27 29 26 25 27 24 23 25 22 21 23 20 19 21 18 17 19 16 15 17 14 13 15 12 11 13 10 9 11 8 7 9 6 5 7 4 3 5 30 29 31 28 27 29 26 25 27 24 23 25 22 21 23 20 19 21 18 17 19 16 15 17 14 13 15 12 11 13 10 9 11 8 7 9 6 5 7 34 33 35 32 31 33 30 29 31 28 27 29 26 25 27 24 23 25 22 21 23 20 19 21 18 17 19 16 15 17 14 13 15 12 11 13 10 9 11 8 7 9 6 5 7 28 27 29 26 25 27 24 23 25 22 21 23 20 19 21 18 17 19 16 15 17 14 13 15 12 11 13 10 9 11 8 7 9 18 17 19 16 15 17 20 19 21 26 25 27 24 23 25 22 21 23 20 19 21 18 17 19 16 15 17 14 13 15 12 11 13 10 9 11 24 23 25 22 21 23 20 19 21 18 17 19 16 15 17 14 13 15 12 11 13 22 21 23 26 25 27 24 23 25 28 27 29 26 25 27 36 35 37 34 33 35 32 31 33 30 29 31 28 27 29 26 25 27 24 23 25 22 21 23 20 19 21 18 17 19 16 15 17 14 13 15 12 11 13 10 9 11 8 7 9 20 19 21 18 17 19 16 15 17 32 31 33 30 29 31 28 27 29 26 25 27 24 23 25 22 21 23 20 19 21 18 17 19 28 27 29 34 33 35 32 31 33 30 29 31 36 35 37 34 33 35 32 31 33 30 29 31 28 27 29 26 25 27 24 23 25 22 21 23 20 19 21 18 17 19 16 15 17 14 13 15 12 11 13 10 9 11 16 15 17 14 13 15 12 11 13 14 13 15 18 17 19 16 15 17 28 27 29 26 25 27 24 23 25 22 21 23 20 19 21 18 17 19 16 15 17 14 13 15 30 29 31 28 27 29 26 25 27 24 23 25 36 35 37 34 33 35 32 31 33 30 29 31 28 27 29 26 25 27 24 23 25 22 21 23 20 19 21 18 17 19 16 15 17 22 21 23 20 19 21 18 17 19 24 23 25 32 31 33 30 29 31 28 27 29 26 25 27 34 33 35 32 31 33 30 29 31 28 27 29 26 25 27 24 23 25 22 21 23 20 19 21 24 23 25 22 21 23 26 25 27
[22.633430s] A=259 K=481 i=4.834508224e+09) 37 35 33 31 29 27 25 23 21 19 17 15 13 11 9 7 5 3 1 36 35 37 34 33 35 32 31 33 30 29 31 28 27 29 26 25 27 24 23 25 22 21 23 20 19 21 18 17 19 16 15 17 14 13 15 12 11 13 10 9 11 8 7 9 6 5 7 4 3 5 2 1 3 0 1 34 33 35 32 31 33 30 29 31 28 27 29 26 25 27 24 23 25 22 21 23 20 19 21 18 17 19 16 15 17 14 13 15 12 11 13 10 9 11 8 7 9 6 5 7 4 3 5 2 1 3 36 35 37 34 33 35 32 31 33 30 29 31 28 27 29 26 25 27 24 23 25 22 21 23 20 19 21 18 17 19 16 15 17 14 13 15 12 11 13 10 9 11 8 7 9 6 5 7 4 3 5 2 1 3 32 31 33 30 29 31 28 27 29 26 25 27 24 23 25 22 21 23 20 19 21 18 17 19 16 15 17 14 13 15 12 11 13 10 9 11 8 7 9 6 5 7 4 3 5 36 35 37 34 33 35 32 31 33 30 29 31 28 27 29 26 25 27 24 23 25 22 21 23 20 19 21 18 17 19 16 15 17 14 13 15 12 11 13 10 9 11 8 7 9 6 5 7 4 3 5 30 29 31 28 27 29 26 25 27 24 23 25 22 21 23 20 19 21 18 17 19 16 15 17 14 13 15 12 11 13 10 9 11 8 7 9 6 5 7 34 33 35 32 31 33 30 29 31 28 27 29 26 25 27 24 23 25 22 21 23 20 19 21 18 17 19 16 15 17 14 13 15 12 11 13 10 9 11 8 7 9 6 5 7 28 27 29 26 25 27 24 23 25 22 21 23 20 19 21 18 17 19 16 15 17 14 13 15 12 11 13 10 9 11 8 7 9 18 17 19 16 15 17 20 19 21 26 25 27 24 23 25 22 21 23 20 19 21 18 17 19 16 15 17 14 13 15 12 11 13 10 9 11 24 23 25 22 21 23 20 19 21 18 17 19 16 15 17 14 13 15 12 11 13 22 21 23 26 25 27 24 23 25 28 27 29 26 25 27 32 31 33 30 29 31 28 27 29 36 35 37 34 33 35 32 31 33 30 29 31 28 27 29 26 25 27 24 23 25 22 21 23 20 19 21 18 17 19 16 15 17 14 13 15 12 11 13 10 9 11 8 7 9 20 19 21 18 17 19 16 15 17 14 13 15 26 25 27 24 23 25 22 21 23 20 19 21 18 17 19 16 15 17 28 27 29 34 33 35 32 31 33 30 29 31 28 27 29 26 25 27 24 23 25 22 21 23 20 19 21 18 17 19 36 35 37 34 33 35 32 31 33 30 29 31 28 27 29 26 25 27 24 23 25 22 21 23 20 19 21 18 17 19 16 15 17 14 13 15 12 11 13 10 9 11 14 13 15 12 11 13 16 15 17 14 13 15 18 17 19 16 15 17 30 29 31 28 27 29 26 25 27 24 23 25 36 35 37 34 33 35 32 31 33 30 29 31 28 27 29 26 25 27 24 23 25 22 21 23 20 19 21 18 17 19 16 15 17 22 21 23 20 19 21 18 17 19 32 31 33 30 29 31 28 27 29 26 25 27 24 23 25 22 21 23 20 19 21 24 23 25 26 25 27 34 33 35 32 31 33 30 29 31 28 27 29 26 25 27 24 23 25 22 21 23
[22.634404s] A=259 K=481 i=4.834803564e+09) 37 35 33 31 29 27 25 23 21 19 17 15 13 11 9 7 5 3 1 36 35 37 34 33 35 32 31 33 30 29 31 28 27 29 26 25 27 24 23 25 22 21 23 20 19 21 18 17 19 16 15 17 14 13 15 12 11 13 10 9 11 8 7 9 6 5 7 4 3 5 2 1 3 0 1 34 33 35 32 31 33 30 29 31 28 27 29 26 25 27 24 23 25 22 21 23 20 19 21 18 17 19 16 15 17 14 13 15 12 11 13 10 9 11 8 7 9 6 5 7 4 3 5 2 1 3 36 35 37 34 33 35 32 31 33 30 29 31 28 27 29 26 25 27 24 23 25 22 21 23 20 19 21 18 17 19 16 15 17 14 13 15 12 11 13 10 9 11 8 7 9 6 5 7 4 3 5 2 1 3 32 31 33 30 29 31 28 27 29 26 25 27 24 23 25 22 21 23 20 19 21 18 17 19 16 15 17 14 13 15 12 11 13 10 9 11 8 7 9 6 5 7 4 3 5 36 35 37 34 33 35 32 31 33 30 29 31 28 27 29 26 25 27 24 23 25 22 21 23 20 19 21 18 17 19 16 15 17 14 13 15 12 11 13 10 9 11 8 7 9 6 5 7 4 3 5 30 29 31 28 27 29 26 25 27 24 23 25 22 21 23 20 19 21 18 17 19 16 15 17 14 13 15 12 11 13 10 9 11 8 7 9 6 5 7 34 33 35 32 31 33 30 29 31 28 27 29 26 25 27 24 23 25 22 21 23 20 19 21 18 17 19 16 15 17 14 13 15 12 11 13 10 9 11 8 7 9 6 5 7 28 27 29 26 25 27 24 23 25 22 21 23 20 19 21 18 17 19 16 15 17 14 13 15 12 11 13 10 9 11 8 7 9 18 17 19 16 15 17 20 19 21 26 25 27 24 23 25 22 21 23 20 19 21 18 17 19 16 15 17 14 13 15 12 11 13 10 9 11 24 23 25 22 21 23 20 19 21 18 17 19 16 15 17 14 13 15 12 11 13 22 21 23 26 25 27 24 23 25 28 27 29 30 29 31 32 31 33 34 33 35 36 35 37 34 33 35 32 31 33 30 29 31 28 27 29 26 25 27 24 23 25 22 21 23 20 19 21 18 17 19 16 15 17 14 13 15 12 11 13 10 9 11 8 7 9 20 19 21 18 17 19 16 15 17 14 13 15 28 27 29 26 25 27 30 29 31 28 27 29 26 25 27 24 23 25 22 21 23 20 19 21 18 17 19 16 15 17 24 23 25 26 25 27 32 31 33 30 29 31 28 27 29 26 25 27 24 23 25 22 21 23 20 19 21 18 17 19 34 33 35 32 31 33 30 29 31 28 27 29 36 35 37 34 33 35 32 31 33 30 29 31 28 27 29 26 25 27 24 23 25 22 21 23 20 19 21 18 17 19 16 15 17 14 13 15 12 11 13 10 9 11 14 13 15 12 11 13 16 15 17 14 13 15 18 17 19 16 15 17 26 25 27 24 23 25 22 21 23 20 19 21 18 17 19 16 15 17 22 21 23 20 19 21 18 17 19 34 33 35 32 31 33 30 29 31 28 27 29 26 25 27 24 23 25 22 21 23 20 19 21 24 23 25 30 29 31 28 27 29 26 25 27 32 31 33 30 29 31 28 27 29 26 25 27 24 23 25 22 21 23
[22.721942s] A=259 K=481 i=4.853615286e+09) 37 35 33 31 29 27 25 23 21 19 17 15 13 11 9 7 5 3 1 36 35 37 34 33 35 32 31 33 30 29 31 28 27 29 26 25 27 24 23 25 22 21 23 20 19 21 18 17 19 16 15 17 14 13 15 12 11 13 10 9 11 8 7 9 6 5 7 4 3 5 2 1 3 0 1 34 33 35 32 31 33 30 29 31 28 27 29 26 25 27 24 23 25 22 21 23 20 19 21 18 17 19 16 15 17 14 13 15 12 11 13 10 9 11 8 7 9 6 5 7 4 3 5 2 1 3 36 35 37 34 33 35 32 31 33 30 29 31 28 27 29 26 25 27 24 23 25 22 21 23 20 19 21 18 17 19 16 15 17 14 13 15 12 11 13 10 9 11 8 7 9 6 5 7 4 3 5 2 1 3 32 31 33 30 29 31 28 27 29 26 25 27 24 23 25 22 21 23 20 19 21 18 17 19 16 15 17 14 13 15 12 11 13 10 9 11 8 7 9 6 5 7 4 3 5 36 35 37 34 33 35 32 31 33 30 29 31 28 27 29 26 25 27 24 23 25 22 21 23 20 19 21 18 17 19 16 15 17 14 13 15 12 11 13 10 9 11 8 7 9 6 5 7 4 3 5 30 29 31 28 27 29 26 25 27 24 23 25 22 21 23 20 19 21 18 17 19 16 15 17 14 13 15 12 11 13 10 9 11 8 7 9 6 5 7 34 33 35 32 31 33 30 29 31 28 27 29 26 25 27 24 23 25 22 21 23 20 19 21 18 17 19 16 15 17 14 13 15 12 11 13 10 9 11 8 7 9 6 5 7 28 27 29 26 25 27 24 23 25 22 21 23 20 19 21 18 17 19 16 15 17 14 13 15 12 11 13 10 9 11 8 7 9 18 17 19 16 15 17 20 19 21 24 23 25 22 21 23 20 19 21 18 17 19 16 15 17 14 13 15 12 11 13 26 25 27 24 23 25 22 21 23 20 19 21 18 17 19 16 15 17 14 13 15 12 11 13 10 9 11 22 21 23 26 25 27 24 23 25 28 27 29 30 29 31 32 31 33 30 29 31 28 27 29 26 25 27 24 23 25 28 27 29 26 25 27 34 33 35 36 35 37 34 33 35 32 31 33 30 29 31 28 27 29 26 25 27 24 23 25 22 21 23 20 19 21 18 17 19 16 15 17 14 13 15 12 11 13 10 9 11 8 7 9 20 19 21 18 17 19 22 21 23 20 19 21 18 17 19 16 15 17 14 13 15 16 15 17 18 17 19 24 23 25 26 25 27 32 31 33 30 29 31 28 27 29 34 33 35 32 31 33 30 29 31 36 35 37 34 33 35 32 31 33 30 29 31 28 27 29 26 25 27 24 23 25 22 21 23 20 19 21 18 17 19 16 15 17 14 13 15 12 11 13 10 9 11 12 11 13 14 13 15 16 15 17 26 25 27 24 23 25 22 21 23 20 19 21 18 17 19 16 15 17 14 13 15 28 27 29 26 25 27 24 23 25 22 21 23 20 19 21 18 17 19 16 15 17 22 21 23 20 19 21 18 17 19 30 29 31 28 27 29 26 25 27 24 23 25 34 33 35 32 31 33 30 29 31 28 27 29 26 25 27 24 23 25 22 21 23 20 19 21 22 21 23 24 23 25 32 31 33 30 29 31 28 27 29 26 25 27
[22.831465s] A=259 K=481 i=4.878728264e+09) 37 35 33 31 29 27 25 23 21 19 17 15 13 11 9 7 5 3 1 36 35 37 34 33 35 32 31 33 30 29 31 28 27 29 26 25 27 24 23 25 22 21 23 20 19 21 18 17 19 16 15 17 14 13 15 12 11 13 10 9 11 8 7 9 6 5 7 4 3 5 2 1 3 0 1 34 33 35 32 31 33 30 29 31 28 27 29 26 25 27 24 23 25 22 21 23 20 19 21 18 17 19 16 15 17 14 13 15 12 11 13 10 9 11 8 7 9 6 5 7 4 3 5 2 1 3 36 35 37 34 33 35 32 31 33 30 29 31 28 27 29 26 25 27 24 23 25 22 21 23 20 19 21 18 17 19 16 15 17 14 13 15 12 11 13 10 9 11 8 7 9 6 5 7 4 3 5 2 1 3 32 31 33 30 29 31 28 27 29 26 25 27 24 23 25 22 21 23 20 19 21 18 17 19 16 15 17 14 13 15 12 11 13 10 9 11 8 7 9 6 5 7 4 3 5 36 35 37 34 33 35 32 31 33 30 29 31 28 27 29 26 25 27 24 23 25 22 21 23 20 19 21 18 17 19 16 15 17 14 13 15 12 11 13 10 9 11 8 7 9 6 5 7 4 3 5 30 29 31 28 27 29 26 25 27 24 23 25 22 21 23 20 19 21 18 17 19 16 15 17 14 13 15 12 11 13 10 9 11 8 7 9 6 5 7 34 33 35 32 31 33 30 29 31 28 27 29 26 25 27 24 23 25 22 21 23 20 19 21 18 17 19 16 15 17 14 13 15 12 11 13 10 9 11 8 7 9 6 5 7 28 27 29 26 25 27 24 23 25 22 21 23 20 19 21 18 17 19 16 15 17 14 13 15 12 11 13 10 9 11 8 7 9 18 17 19 16 15 17 20 19 21 24 23 25 22 21 23 20 19 21 18 17 19 26 25 27 24 23 25 22 21 23 20 19 21 18 17 19 16 15 17 14 13 15 12 11 13 10 9 11 16 15 17 14 13 15 12 11 13 18 17 19 22 21 23 26 25 27 24 23 25 28 27 29 30 29 31 32 31 33 30 29 31 28 27 29 26 25 27 24 23 25 28 27 29 26 25 27 34 33 35 36 35 37 34 33 35 32 31 33 30 29 31 28 27 29 26 25 27 24 23 25 22 21 23 20 19 21 18 17 19 16 15 17 14 13 15 12 11 13 10 9 11 8 7 9 22 21 23 20 19 21 18 17 19 16 15 17 14 13 15 20 19 21 18 17 19 16 15 17 24 23 25 26 25 27 32 31 33 30 29 31 28 27 29 34 33 35 32 31 33 30 29 31 36 35 37 34 33 35 32 31 33 30 29 31 28 27 29 26 25 27 24 23 25 22 21 23 20 19 21 18 17 19 16 15 17 14 13 15 12 11 13 10 9 11 12 11 13 14 13 15 16 15 17 26 25 27 24 23 25 22 21 23 20 19 21 18 17 19 16 15 17 14 13 15 28 27 29 26 25 27 24 23 25 22 21 23 20 19 21 18 17 19 16 15 17 22 21 23 20 19 21 18 17 19 30 29 31 28 27 29 26 25 27 24 23 25 34 33 35 32 31 33 30 29 31 28 27 29 26 25 27 24 23 25 22 21 23 20 19 21 22 21 23 24 23 25 32 31 33 30 29 31 28 27 29 26 25 27
[22.879423s] A=259 K=481 i=4.88928468e+09) 37 35 33 31 29 27 25 23 21 19 17 15 13 11 9 7 5 3 1 36 35 37 34 33 35 32 31 33 30 29 31 28 27 29 26 25 27 24 23 25 22 21 23 20 19 21 18 17 19 16 15 17 14 13 15 12 11 13 10 9 11 8 7 9 6 5 7 4 3 5 2 1 3 0 1 34 33 35 32 31 33 30 29 31 28 27 29 26 25 27 24 23 25 22 21 23 20 19 21 18 17 19 16 15 17 14 13 15 12 11 13 10 9 11 8 7 9 6 5 7 4 3 5 2 1 3 36 35 37 34 33 35 32 31 33 30 29 31 28 27 29 26 25 27 24 23 25 22 21 23 20 19 21 18 17 19 16 15 17 14 13 15 12 11 13 10 9 11 8 7 9 6 5 7 4 3 5 2 1 3 32 31 33 30 29 31 28 27 29 26 25 27 24 23 25 22 21 23 20 19 21 18 17 19 16 15 17 14 13 15 12 11 13 10 9 11 8 7 9 6 5 7 4 3 5 36 35 37 34 33 35 32 31 33 30 29 31 28 27 29 26 25 27 24 23 25 22 21 23 20 19 21 18 17 19 16 15 17 14 13 15 12 11 13 10 9 11 8 7 9 6 5 7 4 3 5 30 29 31 28 27 29 26 25 27 24 23 25 22 21 23 20 19 21 18 17 19 16 15 17 14 13 15 12 11 13 10 9 11 8 7 9 6 5 7 34 33 35 32 31 33 30 29 31 28 27 29 26 25 27 24 23 25 22 21 23 20 19 21 18 17 19 16 15 17 14 13 15 12 11 13 10 9 11 8 7 9 6 5 7 28 27 29 26 25 27 24 23 25 22 21 23 20 19 21 18 17 19 16 15 17 14 13 15 12 11 13 10 9 11 8 7 9 18 17 19 16 15 17 20 19 21 24 23 25 22 21 23 26 25 27 24 23 25 22 21 23 20 19 21 18 17 19 16 15 17 14 13 15 12 11 13 10 9 11 20 19 21 18 17 19 16 15 17 14 13 15 12 11 13 22 21 23 26 25 27 24 23 25 28 27 29 26 25 27 32 31 33 30 29 31 28 27 29 36 35 37 34 33 35 32 31 33 30 29 31 28 27 29 26 25 27 24 23 25 22 21 23 20 19 21 18 17 19 16 15 17 14 13 15 12 11 13 10 9 11 8 7 9 20 19 21 18 17 19 16 15 17 14 13 15 26 25 27 24 23 25 22 21 23 20 19 21 18 17 19 16 15 17 34 33 35 32 31 33 30 29 31 28 27 29 26 25 27 24 23 25 22 21 23 20 19 21 18 17 19 30 29 31 28 27 29 26 25 27 24 23 25 36 35 37 34 33 35 32 31 33 30 29 31 28 27 29 26 25 27 24 23 25 22 21 23 20 19 21 18 17 19 16 15 17 14 13 15 12 11 13 10 9 11 14 13 15 12 11 13 16 15 17 14 13 15 18 17 19 16 15 17 32 31 33 30 29 31 28 27 29 36 35 37 34 33 35 32 31 33 30 29 31 28 27 29 26 25 27 24 23 25 22 21 23 20 19 21 18 17 19 16 15 17 22 21 23 20 19 21 18 17 19 26 25 27 24 23 25 22 21 23 20 19 21 24 23 25 28 27 29 26 25 27 34 33 35 32 31 33 30 29 31 28 27 29 26 25 27 24 23 25 22 21 23
[22.879565s] A=259 K=481 i=4.889285316e+09) 37 35 33 31 29 27 25 23 21 19 17 15 13 11 9 7 5 3 1 36 35 37 34 33 35 32 31 33 30 29 31 28 27 29 26 25 27 24 23 25 22 21 23 20 19 21 18 17 19 16 15 17 14 13 15 12 11 13 10 9 11 8 7 9 6 5 7 4 3 5 2 1 3 0 1 34 33 35 32 31 33 30 29 31 28 27 29 26 25 27 24 23 25 22 21 23 20 19 21 18 17 19 16 15 17 14 13 15 12 11 13 10 9 11 8 7 9 6 5 7 4 3 5 2 1 3 36 35 37 34 33 35 32 31 33 30 29 31 28 27 29 26 25 27 24 23 25 22 21 23 20 19 21 18 17 19 16 15 17 14 13 15 12 11 13 10 9 11 8 7 9 6 5 7 4 3 5 2 1 3 32 31 33 30 29 31 28 27 29 26 25 27 24 23 25 22 21 23 20 19 21 18 17 19 16 15 17 14 13 15 12 11 13 10 9 11 8 7 9 6 5 7 4 3 5 36 35 37 34 33 35 32 31 33 30 29 31 28 27 29 26 25 27 24 23 25 22 21 23 20 19 21 18 17 19 16 15 17 14 13 15 12 11 13 10 9 11 8 7 9 6 5 7 4 3 5 30 29 31 28 27 29 26 25 27 24 23 25 22 21 23 20 19 21 18 17 19 16 15 17 14 13 15 12 11 13 10 9 11 8 7 9 6 5 7 34 33 35 32 31 33 30 29 31 28 27 29 26 25 27 24 23 25 22 21 23 20 19 21 18 17 19 16 15 17 14 13 15 12 11 13 10 9 11 8 7 9 6 5 7 28 27 29 26 25 27 24 23 25 22 21 23 20 19 21 18 17 19 16 15 17 14 13 15 12 11 13 10 9 11 8 7 9 18 17 19 16 15 17 20 19 21 24 23 25 22 21 23 26 25 27 24 23 25 22 21 23 20 19 21 18 17 19 16 15 17 14 13 15 12 11 13 10 9 11 20 19 21 18 17 19 16 15 17 14 13 15 12 11 13 22 21 23 26 25 27 24 23 25 28 27 29 26 25 27 32 31 33 30 29 31 28 27 29 36 35 37 34 33 35 32 31 33 30 29 31 28 27 29 26 25 27 24 23 25 22 21 23 20 19 21 18 17 19 16 15 17 14 13 15 12 11 13 10 9 11 8 7 9 20 19 21 18 17 19 16 15 17 14 13 15 26 25 27 24 23 25 22 21 23 20 19 21 18 17 19 16 15 17 34 33 35 32 31 33 30 29 31 28 27 29 26 25 27 24 23 25 22 21 23 20 19 21 18 17 19 28 27 29 30 29 31 36 35 37 34 33 35 32 31 33 30 29 31 28 27 29 26 25 27 24 23 25 22 21 23 20 19 21 18 17 19 16 15 17 14 13 15 12 11 13 10 9 11 14 13 15 12 11 13 16 15 17 14 13 15 18 17 19 16 15 17 28 27 29 26 25 27 24 23 25 36 35 37 34 33 35 32 31 33 30 29 31 28 27 29 26 25 27 24 23 25 22 21 23 20 19 21 18 17 19 16 15 17 22 21 23 20 19 21 18 17 19 32 31 33 30 29 31 28 27 29 26 25 27 24 23 25 22 21 23 20 19 21 24 23 25 26 25 27 34 33 35 32 31 33 30 29 31 28 27 29 26 25 27 24 23 25 22 21 23
[22.890314s] A=259 K=481 i=4.891114347e+09) 37 35 33 31 29 27 25 23 21 19 17 15 13 11 9 7 5 3 1 36 35 37 34 33 35 32 31 33 30 29 31 28 27 29 26 25 27 24 23 25 22 21 23 20 19 21 18 17 19 16 15 17 14 13 15 12 11 13 10 9 11 8 7 9 6 5 7 4 3 5 2 1 3 0 1 34 33 35 32 31 33 30 29 31 28 27 29 26 25 27 24 23 25 22 21 23 20 19 21 18 17 19 16 15 17 14 13 15 12 11 13 10 9 11 8 7 9 6 5 7 4 3 5 2 1 3 36 35 37 34 33 35 32 31 33 30 29 31 28 27 29 26 25 27 24 23 25 22 21 23 20 19 21 18 17 19 16 15 17 14 13 15 12 11 13 10 9 11 8 7 9 6 5 7 4 3 5 2 1 3 32 31 33 30 29 31 28 27 29 26 25 27 24 23 25 22 21 23 20 19 21 18 17 19 16 15 17 14 13 15 12 11 13 10 9 11 8 7 9 6 5 7 4 3 5 36 35 37 34 33 35 32 31 33 30 29 31 28 27 29 26 25 27 24 23 25 22 21 23 20 19 21 18 17 19 16 15 17 14 13 15 12 11 13 10 9 11 8 7 9 6 5 7 4 3 5 30 29 31 28 27 29 26 25 27 24 23 25 22 21 23 20 19 21 18 17 19 16 15 17 14 13 15 12 11 13 10 9 11 8 7 9 6 5 7 34 33 35 32 31 33 30 29 31 28 27 29 26 25 27 24 23 25 22 21 23 20 19 21 18 17 19 16 15 17 14 13 15 12 11 13 10 9 11 8 7 9 6 5 7 28 27 29 26 25 27 24 23 25 22 21 23 20 19 21 18 17 19 16 15 17 14 13 15 12 11 13 10 9 11 8 7 9 18 17 19 16 15 17 20 19 21 24 23 25 22 21 23 26 25 27 24 23 25 22 21 23 20 19 21 18 17 19 16 15 17 14 13 15 12 11 13 10 9 11 20 19 21 18 17 19 16 15 17 14 13 15 12 11 13 18 17 19 22 21 23 26 25 27 24 23 25 28 27 29 30 29 31 32 31 33 30 29 31 28 27 29 26 25 27 24 23 25 22 21 23 20 19 21 28 27 29 26 25 27 24 23 25 26 25 27 34 33 35 32 31 33 30 29 31 28 27 29 36 35 37 34 33 35 32 31 33 30 29 31 28 27 29 26 25 27 24 23 25 22 21 23 20 19 21 18 17 19 16 15 17 14 13 15 12 11 13 10 9 11 8 7 9 18 17 19 16 15 17 14 13 15 20 19 21 18 17 19 16 15 17 34 33 35 32 31 33 30 29 31 36 35 37 34 33 35 32 31 33 30 29 31 28 27 29 26 25 27 24 23 25 22 21 23 20 19 21 18 17 19 16 15 17 14 13 15 12 11 13 10 9 11 12 11 13 14 13 15 16 15 17 26 25 27 24 23 25 22 21 23 20 19 21 18 17 19 16 15 17 14 13 15 28 27 29 26 25 27 24 23 25 22 21 23 20 19 21 18 17 19 16 15 17 22 21 23 20 19 21 18 17 19 30 29 31 28 27 29 26 25 27 24 23 25 32 31 33 30 29 31 28 27 29 26 25 27 24 23 25 22 21 23 20 19 21 22 21 23 24 23 25 34 33 35 32 31 33 30 29 31 28 27 29 26 25 27
[22.993232s] A=259 K=481 i=4.913391956e+09) 37 35 33 31 29 27 25 23 21 19 17 15 13 11 9 7 5 3 1 36 35 37 34 33 35 32 31 33 30 29 31 28 27 29 26 25 27 24 23 25 22 21 23 20 19 21 18 17 19 16 15 17 14 13 15 12 11 13 10 9 11 8 7 9 6 5 7 4 3 5 2 1 3 0 1 34 33 35 32 31 33 30 29 31 28 27 29 26 25 27 24 23 25 22 21 23 20 19 21 18 17 19 16 15 17 14 13 15 12 11 13 10 9 11 8 7 9 6 5 7 4 3 5 2 1 3 36 35 37 34 33 35 32 31 33 30 29 31 28 27 29 26 25 27 24 23 25 22 21 23 20 19 21 18 17 19 16 15 17 14 13 15 12 11 13 10 9 11 8 7 9 6 5 7 4 3 5 2 1 3 32 31 33 30 29 31 28 27 29 26 25 27 24 23 25 22 21 23 20 19 21 18 17 19 16 15 17 14 13 15 12 11 13 10 9 11 8 7 9 6 5 7 4 3 5 36 35 37 34 33 35 32 31 33 30 29 31 28 27 29 26 25 27 24 23 25 22 21 23 20 19 21 18 17 19 16 15 17 14 13 15 12 11 13 10 9 11 8 7 9 6 5 7 4 3 5 30 29 31 28 27 29 26 25 27 24 23 25 22 21 23 20 19 21 18 17 19 16 15 17 14 13 15 12 11 13 10 9 11 8 7 9 6 5 7 34 33 35 32 31 33 30 29 31 28 27 29 26 25 27 24 23 25 22 21 23 20 19 21 18 17 19 16 15 17 14 13 15 12 11 13 10 9 11 8 7 9 6 5 7 28 27 29 26 25 27 24 23 25 22 21 23 20 19 21 18 17 19 16 15 17 14 13 15 12 11 13 10 9 11 8 7 9 18 17 19 16 15 17 20 19 21 22 21 23 20 19 21 18 17 19 16 15 17 14 13 15 12 11 13 24 23 25 22 21 23 20 19 21 18 17 19 16 15 17 14 13 15 12 11 13 10 9 11 18 17 19 26 25 27 24 23 25 22 21 23 20 19 21 28 27 29 26 25 27 24 23 25 30 29 31 32 31 33 30 29 31 28 27 29 26 25 27 24 23 25 22 21 23 34 33 35 36 35 37 34 33 35 32 31 33 30 29 31 28 27 29 26 25 27 24 23 25 22 21 23 20 19 21 18 17 19 16 15 17 14 13 15 12 11 13 10 9 11 8 7 9 18 17 19 16 15 17 14 13 15 12 11 13 10 9 11 20 19 21 18 17 19 16 15 17 14 13 15 12 11 13 32 31 33 30 29 31 28 27 29 26 25 27 24 23 25 22 21 23 20 19 21 18 17 19 16 15 17 14 13 15 16 15 17 28 27 29 26 25 27 34 33 35 32 31 33 30 29 31 28 27 29 26 25 27 24 23 25 22 21 23 20 19 21 18 17 19 34 33 35 32 31 33 30 29 31 36 35 37 34 33 35 32 31 33 30 29 31 28 27 29 26 25 27 24 23 25 22 21 23 20 19 21 18 17 19 16 15 17 14 13 15 12 11 13 10 9 11 16 15 17 24 23 25 22 21 23 20 19 21 18 17 19 28 27 29 26 25 27 24 23 25 22 21 23 20 19 21 30 29 31 28 27 29 26 25 27 24 23 25 22 21 23 32 31 33 30 29 31 28 27 29 26 25 27
[23.061491s] A=259 K=481 i=4.929523752e+09) 37 35 33 31 29 27 25 23 21 19 17 15 13 11 9 7 5 3 1 36 35 37 34 33 35 32 31 33 30 29 31 28 27 29 26 25 27 24 23 25 22 21 23 20 19 21 18 17 19 16 15 17 14 13 15 12 11 13 10 9 11 8 7 9 6 5 7 4 3 5 2 1 3 0 1 34 33 35 32 31 33 30 29 31 28 27 29 26 25 27 24 23 25 22 21 23 20 19 21 18 17 19 16 15 17 14 13 15 12 11 13 10 9 11 8 7 9 6 5 7 4 3 5 2 1 3 36 35 37 34 33 35 32 31 33 30 29 31 28 27 29 26 25 27 24 23 25 22 21 23 20 19 21 18 17 19 16 15 17 14 13 15 12 11 13 10 9 11 8 7 9 6 5 7 4 3 5 2 1 3 32 31 33 30 29 31 28 27 29 26 25 27 24 23 25 22 21 23 20 19 21 18 17 19 16 15 17 14 13 15 12 11 13 10 9 11 8 7 9 6 5 7 4 3 5 36 35 37 34 33 35 32 31 33 30 29 31 28 27 29 26 25 27 24 23 25 22 21 23 20 19 21 18 17 19 16 15 17 14 13 15 12 11 13 10 9 11 8 7 9 6 5 7 4 3 5 30 29 31 28 27 29 26 25 27 24 23 25 22 21 23 20 19 21 18 17 19 16 15 17 14 13 15 12 11 13 10 9 11 8 7 9 6 5 7 34 33 35 32 31 33 30 29 31 28 27 29 26 25 27 24 23 25 22 21 23 20 19 21 18 17 19 16 15 17 14 13 15 12 11 13 10 9 11 8 7 9 6 5 7 28 27 29 26 25 27 24 23 25 22 21 23 20 19 21 18 17 19 16 15 17 14 13 15 12 11 13 10 9 11 8 7 9 18 17 19 16 15 17 20 19 21 22 21 23 20 19 21 18 17 19 16 15 17 14 13 15 12 11 13 24 23 25 22 21 23 26 25 27 24 23 25 22 21 23 20 19 21 18 17 19 16 15 17 14 13 15 28 27 29 26 25 27 24 23 25 30 29 31 32 31 33 30 29 31 28 27 29 26 25 27 34 33 35 36 35 37 34 33 35 32 31 33 30 29 31 28 27 29 26 25 27 24 23 25 22 21 23 20 19 21 18 17 19 16 15 17 14 13 15 12 11 13 10 9 11 8 7 9 12 11 13 10 9 11 14 13 15 20 19 21 18 17 19 16 15 17 14 13 15 12 11 13 24 23 25 22 21 23 20 19 21 18 17 19 16 15 17 14 13 15 32 31 33 30 29 31 28 27 29 26 25 27 24 23 25 22 21 23 20 19 21 18 17 19 16 15 17 18 17 19 28 27 29 26 25 27 24 23 25 22 21 23 20 19 21 30 29 31 28 27 29 26 25 27 32 31 33 34 33 35 36 35 37 34 33 35 32 31 33 30 29 31 28 27 29 26 25 27 24 23 25 22 21 23 20 19 21 18 17 19 16 15 17 14 13 15 12 11 13 10 9 11 12 11 13 14 13 15 16 15 17 18 17 19 32 31 33 30 29 31 28 27 29 26 25 27 24 23 25 22 21 23 20 19 21 18 17 19 16 15 17 34 33 35 32 31 33 30 29 31 28 27 29 26 25 27 24 23 25 22 21 23 20 19 21 24 23 25 22 21 23 30 29 31 28 27 29 26 25 27
[23.061851s] A=259 K=481 i=4.929628708e+09) 37 35 33 31 29 27 25 23 21 19 17 15 13 11 9 7 5 3 1 36 35 37 34 33 35 32 31 33 30 29 31 28 27 29 26 25 27 24 23 25 22 21 23 20 19 21 18 17 19 16 15 17 14 13 15 12 11 13 10 9 11 8 7 9 6 5 7 4 3 5 2 1 3 0 1 34 33 35 32 31 33 30 29 31 28 27 29 26 25 27 24 23 25 22 21 23 20 19 21 18 17 19 16 15 17 14 13 15 12 11 13 10 9 11 8 7 9 6 5 7 4 3 5 2 1 3 36 35 37 34 33 35 32 31 33 30 29 31 28 27 29 26 25 27 24 23 25 22 21 23 20 19 21 18 17 19 16 15 17 14 13 15 12 11 13 10 9 11 8 7 9 6 5 7 4 3 5 2 1 3 32 31 33 30 29 31 28 27 29 26 25 27 24 23 25 22 21 23 20 19 21 18 17 19 16 15 17 14 13 15 12 11 13 10 9 11 8 7 9 6 5 7 4 3 5 36 35 37 34 33 35 32 31 33 30 29 31 28 27 29 26 25 27 24 23 25 22 21 23 20 19 21 18 17 19 16 15 17 14 13 15 12 11 13 10 9 11 8 7 9 6 5 7 4 3 5 30 29 31 28 27 29 26 25 27 24 23 25 22 21 23 20 19 21 18 17 19 16 15 17 14 13 15 12 11 13 10 9 11 8 7 9 6 5 7 34 33 35 32 31 33 30 29 31 28 27 29 26 25 27 24 23 25 22 21 23 20 19 21 18 17 19 16 15 17 14 13 15 12 11 13 10 9 11 8 7 9 6 5 7 28 27 29 26 25 27 24 23 25 22 21 23 20 19 21 18 17 19 16 15 17 14 13 15 12 11 13 10 9 11 8 7 9 18 17 19 16 15 17 20 19 21 22 21 23 20 19 21 18 17 19 16 15 17 14 13 15 12 11 13 24 23 25 22 21 23 26 25 27 24 23 25 22 21 23 20 19 21 18 17 19 16 15 17 14 13 15 28 27 29 26 25 27 24 23 25 30 29 31 32 31 33 34 33 35 36 35 37 34 33 35 32 31 33 30 29 31 28 27 29 26 25 27 24 23 25 22 21 23 20 19 21 18 17 19 16 15 17 14 13 15 12 11 13 10 9 11 8 7 9 12 11 13 10 9 11 14 13 15 20 19 21 18 17 19 16 15 17 14 13 15 12 11 13 30 29 31 28 27 29 26 25 27 24 23 25 22 21 23 20 19 21 18 17 19 16 15 17 14 13 15 32 31 33 30 29 31 28 27 29 26 25 27 24 23 25 22 21 23 20 19 21 18 17 19 16 15 17 18 17 19 28 27 29 26 25 27 24 23 25 22 21 23 20 19 21 30 29 31 32 31 33 34 33 35 36 35 37 34 33 35 32 31 33 30 29 31 28 27 29 26 25 27 24 23 25 22 21 23 20 19 21 18 17 19 16 15 17 14 13 15 12 11 13 10 9 11 12 11 13 14 13 15 16 15 17 18 17 19 30 29 31 28 27 29 26 25 27 32 31 33 30 29 31 28 27 29 26 25 27 24 23 25 22 21 23 20 19 21 18 17 19 16 15 17 34 33 35 32 31 33 30 29 31 28 27 29 26 25 27 24 23 25 22 21 23 20 19 21 24 23 25 22 21 23 28 27 29 26 25 27
[23.069414s] A=259 K=481 i=4.931841577e+09) 37 35 33 31 29 27 25 23 21 19 17 15 13 11 9 7 5 3 1 36 35 37 34 33 35 32 31 33 30 29 31 28 27 29 26 25 27 24 23 25 22 21 23 20 19 21 18 17 19 16 15 17 14 13 15 12 11 13 10 9 11 8 7 9 6 5 7 4 3 5 2 1 3 0 1 34 33 35 32 31 33 30 29 31 28 27 29 26 25 27 24 23 25 22 21 23 20 19 21 18 17 19 16 15 17 14 13 15 12 11 13 10 9 11 8 7 9 6 5 7 4 3 5 2 1 3 36 35 37 34 33 35 32 31 33 30 29 31 28 27 29 26 25 27 24 23 25 22 21 23 20 19 21 18 17 19 16 15 17 14 13 15 12 11 13 10 9 11 8 7 9 6 5 7 4 3 5 2 1 3 32 31 33 30 29 31 28 27 29 26 25 27 24 23 25 22 21 23 20 19 21 18 17 19 16 15 17 14 13 15 12 11 13 10 9 11 8 7 9 6 5 7 4 3 5 36 35 37 34 33 35 32 31 33 30 29 31 28 27 29 26 25 27 24 23 25 22 21 23 20 19 21 18 17 19 16 15 17 14 13 15 12 11 13 10 9 11 8 7 9 6 5 7 4 3 5 30 29 31 28 27 29 26 25 27 24 23 25 22 21 23 20 19 21 18 17 19 16 15 17 14 13 15 12 11 13 10 9 11 8 7 9 6 5 7 34 33 35 32 31 33 30 29 31 28 27 29 26 25 27 24 23 25 22 21 23 20 19 21 18 17 19 16 15 17 14 13 15 12 11 13 10 9 11 8 7 9 6 5 7 28 27 29 26 25 27 24 23 25 22 21 23 20 19 21 18 17 19 16 15 17 14 13 15 12 11 13 10 9 11 8 7 9 18 17 19 16 15 17 20 19 21 22 21 23 20 19 21 18 17 19 16 15 17 14 13 15 12 11 13 24 23 25 22 21 23 26 25 27 24 23 25 28 27 29 26 25 27 36 35 37 34 33 35 32 31 33 30 29 31 28 27 29 26 25 27 24 23 25 22 21 23 20 19 21 18 17 19 16 15 17 14 13 15 12 11 13 10 9 11 8 7 9 22 21 23 20 19 21 18 17 19 16 15 17 14 13 15 12 11 13 10 9 11 20 19 21 18 17 19 16 15 17 14 13 15 12 11 13 24 23 25 26 25 27 32 31 33 30 29 31 28 27 29 26 25 27 24 23 25 22 21 23 20 19 21 18 17 19 16 15 17 14 13 15 18 17 19 34 33 35 32 31 33 30 29 31 28 27 29 26 25 27 24 23 25 22 21 23 20 19 21 36 35 37 34 33 35 32 31 33 30 29 31 28 27 29 26 25 27 24 23 25 22 21 23 20 19 21 18 17 19 16 15 17 14 13 15 12 11 13 10 9 11 12 11 13 18 17 19 16 15 17 14 13 15 16 15 17 30 29 31 28 27 29 26 25 27 24 23 25 22 21 23 20 19 21 18 17 19 34 33 35 32 31 33 30 29 31 28 27 29 26 25 27 32 31 33 30 29 31 28 27 29 36 35 37 34 33 35 32 31 33 30 29 31 28 27 29 26 25 27 24 23 25 22 21 23 20 19 21 18 17 19 16 15 17 24 23 25 22 21 23 20 19 21 26 25 27 24 23 25 22 21 23 28 27 29 26 25 27
[23.210226s] A=259 K=481 i=4.964594895e+09) 37 35 33 31 29 27 25 23 21 19 17 15 13 11 9 7 5 3 1 36 35 37 34 33 35 32 31 33 30 29 31 28 27 29 26 25 27 24 23 25 22 21 23 20 19 21 18 17 19 16 15 17 14 13 15 12 11 13 10 9 11 8 7 9 6 5 7 4 3 5 2 1 3 0 1 34 33 35 32 31 33 30 29 31 28 27 29 26 25 27 24 23 25 22 21 23 20 19 21 18 17 19 16 15 17 14 13 15 12 11 13 10 9 11 8 7 9 6 5 7 4 3 5 2 1 3 36 35 37 34 33 35 32 31 33 30 29 31 28 27 29 26 25 27 24 23 25 22 21 23 20 19 21 18 17 19 16 15 17 14 13 15 12 11 13 10 9 11 8 7 9 6 5 7 4 3 5 2 1 3 32 31 33 30 29 31 28 27 29 26 25 27 24 23 25 22 21 23 20 19 21 18 17 19 16 15 17 14 13 15 12 11 13 10 9 11 8 7 9 6 5 7 4 3 5 36 35 37 34 33 35 32 31 33 30 29 31 28 27 29 26 25 27 24 23 25 22 21 23 20 19 21 18 17 19 16 15 17 14 13 15 12 11 13 10 9 11 8 7 9 6 5 7 4 3 5 30 29 31 28 27 29 26 25 27 24 23 25 22 21 23 20 19 21 18 17 19 16 15 17 14 13 15 12 11 13 10 9 11 8 7 9 6 5 7 34 33 35 32 31 33 30 29 31 28 27 29 26 25 27 24 23 25 22 21 23 20 19 21 18 17 19 16 15 17 14 13 15 12 11 13 10 9 11 8 7 9 6 5 7 28 27 29 26 25 27 24 23 25 22 21 23 20 19 21 18 17 19 16 15 17 14 13 15 12 11 13 10 9 11 8 7 9 18 17 19 16 15 17 20 19 21 22 21 23 20 19 21 18 17 19 16 15 17 14 13 15 24 23 25 22 21 23 20 19 21 26 25 27 24 23 25 22 21 23 28 27 29 26 25 27 24 23 25 30 29 31 32 31 33 34 33 35 36 35 37 34 33 35 32 31 33 30 29 31 28 27 29 26 25 27 24 23 25 22 21 23 20 19 21 18 17 19 16 15 17 14 13 15 12 11 13 10 9 11 8 7 9 18 17 19 16 15 17 14 13 15 12 11 13 20 19 21 18 17 19 16 15 17 14 13 15 12 11 13 10 9 11 30 29 31 28 27 29 26 25 27 24 23 25 22 21 23 20 19 21 18 17 19 16 15 17 20 19 21 18 17 19 32 31 33 30 29 31 28 27 29 26 25 27 24 23 25 22 21 23 20 19 21 34 33 35 32 31 33 30 29 31 28 27 29 26 25 27 24 23 25 22 21 23 28 27 29 26 25 27 24 23 25 30 29 31 34 33 35 32 31 33 30 29 31 28 27 29 26 25 27 36 35 37 34 33 35 32 31 33 30 29 31 28 27 29 26 25 27 24 23 25 22 21 23 20 19 21 18 17 19 16 15 17 14 13 15 12 11 13 10 9 11 14 13 15 12 11 13 16 15 17 18 17 19 16 15 17 14 13 15 20 19 21 18 17 19 16 15 17 22 21 23 20 19 21 18 17 19 24 23 25 22 21 23 20 19 21 32 31 33 30 29 31 28 27 29 26 25 27 24 23 25 22 21 23 24 23 25 28 27 29 26 25 27
[23.215213s] A=259 K=481 i=4.965376958e+09) 37 35 33 31 29 27 25 23 21 19 17 15 13 11 9 7 5 3 1 36 35 37 34 33 35 32 31 33 30 29 31 28 27 29 26 25 27 24 23 25 22 21 23 20 19 21 18 17 19 16 15 17 14 13 15 12 11 13 10 9 11 8 7 9 6 5 7 4 3 5 2 1 3 0 1 34 33 35 32 31 33 30 29 31 28 27 29 26 25 27 24 23 25 22 21 23 20 19 21 18 17 19 16 15 17 14 13 15 12 11 13 10 9 11 8 7 9 6 5 7 4 3 5 2 1 3 36 35 37 34 33 35 32 31 33 30 29 31 28 27 29 26 25 27 24 23 25 22 21 23 20 19 21 18 17 19 16 15 17 14 13 15 12 11 13 10 9 11 8 7 9 6 5 7 4 3 5 2 1 3 32 31 33 30 29 31 28 27 29 26 25 27 24 23 25 22 21 23 20 19 21 18 17 19 16 15 17 14 13 15 12 11 13 10 9 11 8 7 9 6 5 7 4 3 5 36 35 37 34 33 35 32 31 33 30 29 31 28 27 29 26 25 27 24 23 25 22 21 23 20 19 21 18 17 19 16 15 17 14 13 15 12 11 13 10 9 11 8 7 9 6 5 7 4 3 5 30 29 31 28 27 29 26 25 27 24 23 25 22 21 23 20 19 21 18 17 19 16 15 17 14 13 15 12 11 13 10 9 11 8 7 9 6 5 7 34 33 35 32 31 33 30 29 31 28 27 29 26 25 27 24 23 25 22 21 23 20 19 21 18 17 19 16 15 17 14 13 15 12 11 13 10 9 11 8 7 9 6 5 7 28 27 29 26 25 27 24 23 25 22 21 23 20 19 21 18 17 19 16 15 17 14 13 15 12 11 13 10 9 11 8 7 9 18 17 19 16 15 17 20 19 21 22 21 23 20 19 21 18 17 19 16 15 17 14 13 15 24 23 25 22 21 23 20 19 21 26 25 27 24 23 25 22 21 23 28 27 29 26 25 27 30 29 31 28 27 29 32 31 33 30 29 31 34 33 35 32 31 33 36 35 37 34 33 35 32 31 33 30 29 31 28 27 29 26 25 27 24 23 25 22 21 23 20 19 21 18 17 19 16 15 17 14 13 15 12 11 13 10 9 11 8 7 9 18 17 19 16 15 17 14 13 15 12 11 13 20 19 21 18 17 19 16 15 17 14 13 15 12 11 13 10 9 11 26 25 27 24 23 25 28 27 29 26 25 27 24 23 25 22 21 23 20 19 21 18 17 19 16 15 17 20 19 21 18 17 19 30 29 31 28 27 29 26 25 27 24 23 25 22 21 23 20 19 21 32 31 33 34 33 35 32 31 33 30 29 31 28 27 29 26 25 27 24 23 25 22 21 23 28 27 29 30 29 31 32 31 33 36 35 37 34 33 35 32 31 33 30 29 31 28 27 29 26 25 27 24 23 25 22 21 23 20 19 21 18 17 19 16 15 17 14 13 15 12 11 13 10 9 11 14 13 15 12 11 13 16 15 17 18 17 19 16 15 17 14 13 15 20 19 21 18 17 19 16 15 17 22 21 23 20 19 21 18 17 19 28 27 29 26 25 27 24 23 25 22 21 23 20 19 21 30 29 31 28 27 29 26 25 27 24 23 25 22 21 23 24 23 25 32 31 33 30 29 31 28 27 29 26 25 27
[23.218987s] A=259 K=481 i=4.966592605e+09) 37 35 33 31 29 27 25 23 21 19 17 15 13 11 9 7 5 3 1 36 35 37 34 33 35 32 31 33 30 29 31 28 27 29 26 25 27 24 23 25 22 21 23 20 19 21 18 17 19 16 15 17 14 13 15 12 11 13 10 9 11 8 7 9 6 5 7 4 3 5 2 1 3 0 1 34 33 35 32 31 33 30 29 31 28 27 29 26 25 27 24 23 25 22 21 23 20 19 21 18 17 19 16 15 17 14 13 15 12 11 13 10 9 11 8 7 9 6 5 7 4 3 5 2 1 3 36 35 37 34 33 35 32 31 33 30 29 31 28 27 29 26 25 27 24 23 25 22 21 23 20 19 21 18 17 19 16 15 17 14 13 15 12 11 13 10 9 11 8 7 9 6 5 7 4 3 5 2 1 3 32 31 33 30 29 31 28 27 29 26 25 27 24 23 25 22 21 23 20 19 21 18 17 19 16 15 17 14 13 15 12 11 13 10 9 11 8 7 9 6 5 7 4 3 5 36 35 37 34 33 35 32 31 33 30 29 31 28 27 29 26 25 27 24 23 25 22 21 23 20 19 21 18 17 19 16 15 17 14 13 15 12 11 13 10 9 11 8 7 9 6 5 7 4 3 5 30 29 31 28 27 29 26 25 27 24 23 25 22 21 23 20 19 21 18 17 19 16 15 17 14 13 15 12 11 13 10 9 11 8 7 9 6 5 7 34 33 35 32 31 33 30 29 31 28 27 29 26 25 27 24 23 25 22 21 23 20 19 21 18 17 19 16 15 17 14 13 15 12 11 13 10 9 11 8 7 9 6 5 7 28 27 29 26 25 27 24 23 25 22 21 23 20 19 21 18 17 19 16 15 17 14 13 15 12 11 13 10 9 11 8 7 9 18 17 19 16 15 17 20 19 21 22 21 23 20 19 21 18 17 19 16 15 17 14 13 15 24 23 25 22 21 23 20 19 21 26 25 27 24 23 25 22 21 23 28 27 29 30 29 31 32 31 33 30 29 31 28 27 29 26 25 27 24 23 25 28 27 29 26 25 27 34 33 35 36 35 37 34 33 35 32 31 33 30 29 31 28 27 29 26 25 27 24 23 25 22 21 23 20 19 21 18 17 19 16 15 17 14 13 15 12 11 13 10 9 11 8 7 9 18 17 19 16 15 17 14 13 15 12 11 13 20 19 21 18 17 19 16 15 17 14 13 15 12 11 13 10 9 11 22 21 23 20 19 21 18 17 19 16 15 17 20 19 21 18 17 19 24 23 25 26 25 27 32 31 33 30 29 31 28 27 29 26 25 27 24 23 25 22 21 23 20 19 21 34 33 35 32 31 33 30 29 31 28 27 29 26 25 27 24 23 25 22 21 23 28 27 29 34 33 35 32 31 33 30 29 31 36 35 37 34 33 35 32 31 33 30 29 31 28 27 29 26 25 27 24 23 25 22 21 23 20 19 21 18 17 19 16 15 17 14 13 15 12 11 13 10 9 11 14 13 15 12 11 13 16 15 17 18 17 19 16 15 17 14 13 15 20 19 21 18 17 19 16 15 17 22 21 23 20 19 21 18 17 19 28 27 29 26 25 27 24 23 25 22 21 23 20 19 21 30 29 31 28 27 29 26 25 27 24 23 25 22 21 23 24 23 25 32 31 33 30 29 31 28 27 29 26 25 27
[23.220128s] A=259 K=481 i=4.966937386e+09) 37 35 33 31 29 27 25 23 21 19 17 15 13 11 9 7 5 3 1 36 35 37 34 33 35 32 31 33 30 29 31 28 27 29 26 25 27 24 23 25 22 21 23 20 19 21 18 17 19 16 15 17 14 13 15 12 11 13 10 9 11 8 7 9 6 5 7 4 3 5 2 1 3 0 1 34 33 35 32 31 33 30 29 31 28 27 29 26 25 27 24 23 25 22 21 23 20 19 21 18 17 19 16 15 17 14 13 15 12 11 13 10 9 11 8 7 9 6 5 7 4 3 5 2 1 3 36 35 37 34 33 35 32 31 33 30 29 31 28 27 29 26 25 27 24 23 25 22 21 23 20 19 21 18 17 19 16 15 17 14 13 15 12 11 13 10 9 11 8 7 9 6 5 7 4 3 5 2 1 3 32 31 33 30 29 31 28 27 29 26 25 27 24 23 25 22 21 23 20 19 21 18 17 19 16 15 17 14 13 15 12 11 13 10 9 11 8 7 9 6 5 7 4 3 5 36 35 37 34 33 35 32 31 33 30 29 31 28 27 29 26 25 27 24 23 25 22 21 23 20 19 21 18 17 19 16 15 17 14 13 15 12 11 13 10 9 11 8 7 9 6 5 7 4 3 5 30 29 31 28 27 29 26 25 27 24 23 25 22 21 23 20 19 21 18 17 19 16 15 17 14 13 15 12 11 13 10 9 11 8 7 9 6 5 7 34 33 35 32 31 33 30 29 31 28 27 29 26 25 27 24 23 25 22 21 23 20 19 21 18 17 19 16 15 17 14 13 15 12 11 13 10 9 11 8 7 9 6 5 7 28 27 29 26 25 27 24 23 25 22 21 23 20 19 21 18 17 19 16 15 17 14 13 15 12 11 13 10 9 11 8 7 9 18 17 19 16 15 17 20 19 21 22 21 23 20 19 21 18 17 19 16 15 17 14 13 15 24 23 25 22 21 23 20 19 21 26 25 27 24 23 25 22 21 23 28 27 29 30 29 31 32 31 33 34 33 35 36 35 37 34 33 35 32 31 33 30 29 31 28 27 29 26 25 27 24 23 25 22 21 23 20 19 21 18 17 19 16 15 17 14 13 15 12 11 13 10 9 11 8 7 9 18 17 19 16 15 17 14 13 15 12 11 13 20 19 21 18 17 19 16 15 17 14 13 15 12 11 13 10 9 11 26 25 27 28 27 29 30 29 31 28 27 29 26 25 27 24 23 25 22 21 23 20 19 21 18 17 19 16 15 17 20 19 21 18 17 19 32 31 33 30 29 31 28 27 29 26 25 27 24 23 25 22 21 23 20 19 21 26 25 27 24 23 25 28 27 29 34 33 35 32 31 33 30 29 31 28 27 29 26 25 27 24 23 25 22 21 23 36 35 37 34 33 35 32 31 33 30 29 31 28 27 29 26 25 27 24 23 25 22 21 23 20 19 21 18 17 19 16 15 17 14 13 15 12 11 13 10 9 11 14 13 15 12 11 13 16 15 17 18 17 19 16 15 17 14 13 15 20 19 21 18 17 19 16 15 17 22 21 23 20 19 21 18 17 19 34 33 35 32 31 33 30 29 31 28 27 29 26 25 27 24 23 25 22 21 23 20 19 21 32 31 33 30 29 31 28 27 29 26 25 27 24 23 25 22 21 23 24 23 25 30 29 31 28 27 29 26 25 27
[23.220169s] A=259 K=481 i=4.966939082e+09) 37 35 33 31 29 27 25 23 21 19 17 15 13 11 9 7 5 3 1 36 35 37 34 33 35 32 31 33 30 29 31 28 27 29 26 25 27 24 23 25 22 21 23 20 19 21 18 17 19 16 15 17 14 13 15 12 11 13 10 9 11 8 7 9 6 5 7 4 3 5 2 1 3 0 1 34 33 35 32 31 33 30 29 31 28 27 29 26 25 27 24 23 25 22 21 23 20 19 21 18 17 19 16 15 17 14 13 15 12 11 13 10 9 11 8 7 9 6 5 7 4 3 5 2 1 3 36 35 37 34 33 35 32 31 33 30 29 31 28 27 29 26 25 27 24 23 25 22 21 23 20 19 21 18 17 19 16 15 17 14 13 15 12 11 13 10 9 11 8 7 9 6 5 7 4 3 5 2 1 3 32 31 33 30 29 31 28 27 29 26 25 27 24 23 25 22 21 23 20 19 21 18 17 19 16 15 17 14 13 15 12 11 13 10 9 11 8 7 9 6 5 7 4 3 5 36 35 37 34 33 35 32 31 33 30 29 31 28 27 29 26 25 27 24 23 25 22 21 23 20 19 21 18 17 19 16 15 17 14 13 15 12 11 13 10 9 11 8 7 9 6 5 7 4 3 5 30 29 31 28 27 29 26 25 27 24 23 25 22 21 23 20 19 21 18 17 19 16 15 17 14 13 15 12 11 13 10 9 11 8 7 9 6 5 7 34 33 35 32 31 33 30 29 31 28 27 29 26 25 27 24 23 25 22 21 23 20 19 21 18 17 19 16 15 17 14 13 15 12 11 13 10 9 11 8 7 9 6 5 7 28 27 29 26 25 27 24 23 25 22 21 23 20 19 21 18 17 19 16 15 17 14 13 15 12 11 13 10 9 11 8 7 9 18 17 19 16 15 17 20 19 21 22 21 23 20 19 21 18 17 19 16 15 17 14 13 15 24 23 25 22 21 23 20 19 21 26 25 27 24 23 25 22 21 23 28 27 29 30 29 31 32 31 33 34 33 35 36 35 37 34 33 35 32 31 33 30 29 31 28 27 29 26 25 27 24 23 25 22 21 23 20 19 21 18 17 19 16 15 17 14 13 15 12 11 13 10 9 11 8 7 9 18 17 19 16 15 17 14 13 15 12 11 13 20 19 21 18 17 19 16 15 17 14 13 15 12 11 13 10 9 11 26 25 27 28 27 29 30 29 31 28 27 29 26 25 27 24 23 25 22 21 23 20 19 21 18 17 19 16 15 17 20 19 21 18 17 19 26 25 27 24 23 25 32 31 33 30 29 31 28 27 29 26 25 27 24 23 25 22 21 23 20 19 21 34 33 35 32 31 33 30 29 31 28 27 29 26 25 27 24 23 25 22 21 23 36 35 37 34 33 35 32 31 33 30 29 31 28 27 29 26 25 27 24 23 25 22 21 23 20 19 21 18 17 19 16 15 17 14 13 15 12 11 13 10 9 11 14 13 15 12 11 13 16 15 17 18 17 19 16 15 17 14 13 15 20 19 21 18 17 19 16 15 17 22 21 23 20 19 21 18 17 19 28 27 29 32 31 33 30 29 31 34 33 35 32 31 33 30 29 31 28 27 29 26 25 27 24 23 25 22 21 23 20 19 21 28 27 29 26 25 27 24 23 25 22 21 23 24 23 25 30 29 31 28 27 29 26 25 27
[23.221526s] A=259 K=481 i=4.967361364e+09) 37 35 33 31 29 27 25 23 21 19 17 15 13 11 9 7 5 3 1 36 35 37 34 33 35 32 31 33 30 29 31 28 27 29 26 25 27 24 23 25 22 21 23 20 19 21 18 17 19 16 15 17 14 13 15 12 11 13 10 9 11 8 7 9 6 5 7 4 3 5 2 1 3 0 1 34 33 35 32 31 33 30 29 31 28 27 29 26 25 27 24 23 25 22 21 23 20 19 21 18 17 19 16 15 17 14 13 15 12 11 13 10 9 11 8 7 9 6 5 7 4 3 5 2 1 3 36 35 37 34 33 35 32 31 33 30 29 31 28 27 29 26 25 27 24 23 25 22 21 23 20 19 21 18 17 19 16 15 17 14 13 15 12 11 13 10 9 11 8 7 9 6 5 7 4 3 5 2 1 3 32 31 33 30 29 31 28 27 29 26 25 27 24 23 25 22 21 23 20 19 21 18 17 19 16 15 17 14 13 15 12 11 13 10 9 11 8 7 9 6 5 7 4 3 5 36 35 37 34 33 35 32 31 33 30 29 31 28 27 29 26 25 27 24 23 25 22 21 23 20 19 21 18 17 19 16 15 17 14 13 15 12 11 13 10 9 11 8 7 9 6 5 7 4 3 5 30 29 31 28 27 29 26 25 27 24 23 25 22 21 23 20 19 21 18 17 19 16 15 17 14 13 15 12 11 13 10 9 11 8 7 9 6 5 7 34 33 35 32 31 33 30 29 31 28 27 29 26 25 27 24 23 25 22 21 23 20 19 21 18 17 19 16 15 17 14 13 15 12 11 13 10 9 11 8 7 9 6 5 7 28 27 29 26 25 27 24 23 25 22 21 23 20 19 21 18 17 19 16 15 17 14 13 15 12 11 13 10 9 11 8 7 9 18 17 19 16 15 17 20 19 21 22 21 23 20 19 21 18 17 19 16 15 17 14 13 15 24 23 25 22 21 23 20 19 21 26 25 27 24 23 25 22 21 23 24 23 25 28 27 29 26 25 27 30 29 31 32 31 33 34 33 35 36 35 37 34 33 35 32 31 33 30 29 31 28 27 29 26 25 27 24 23 25 22 21 23 20 19 21 18 17 19 16 15 17 14 13 15 12 11 13 10 9 11 8 7 9 18 17 19 16 15 17 14 13 15 12 11 13 20 19 21 18 17 19 16 15 17 14 13 15 12 11 13 10 9 11 30 29 31 28 27 29 26 25 27 24 23 25 22 21 23 20 19 21 18 17 19 16 15 17 20 19 21 18 17 19 32 31 33 30 29 31 28 27 29 26 25 27 24 23 25 22 21 23 20 19 21 34 33 35 32 31 33 30 29 31 28 27 29 26 25 27 24 23 25 22 21 23 28 27 29 26 25 27 24 23 25 30 29 31 36 35 37 34 33 35 32 31 33 30 29 31 28 27 29 26 25 27 24 23 25 22 21 23 20 19 21 18 17 19 16 15 17 14 13 15 12 11 13 10 9 11 14 13 15 12 11 13 16 15 17 18 17 19 16 15 17 14 13 15 20 19 21 18 17 19 16 15 17 22 21 23 20 19 21 18 17 19 34 33 35 32 31 33 30 29 31 28 27 29 26 25 27 24 23 25 22 21 23 20 19 21 32 31 33 30 29 31 28 27 29 26 25 27 24 23 25 22 21 23 24 23 25 28 27 29 26 25 27
[23.221567s] A=259 K=481 i=4.967362133e+09) 37 35 33 31 29 27 25 23 21 19 17 15 13 11 9 7 5 3 1 36 35 37 34 33 35 32 31 33 30 29 31 28 27 29 26 25 27 24 23 25 22 21 23 20 19 21 18 17 19 16 15 17 14 13 15 12 11 13 10 9 11 8 7 9 6 5 7 4 3 5 2 1 3 0 1 34 33 35 32 31 33 30 29 31 28 27 29 26 25 27 24 23 25 22 21 23 20 19 21 18 17 19 16 15 17 14 13 15 12 11 13 10 9 11 8 7 9 6 5 7 4 3 5 2 1 3 36 35 37 34 33 35 32 31 33 30 29 31 28 27 29 26 25 27 24 23 25 22 21 23 20 19 21 18 17 19 16 15 17 14 13 15 12 11 13 10 9 11 8 7 9 6 5 7 4 3 5 2 1 3 32 31 33 30 29 31 28 27 29 26 25 27 24 23 25 22 21 23 20 19 21 18 17 19 16 15 17 14 13 15 12 11 13 10 9 11 8 7 9 6 5 7 4 3 5 36 35 37 34 33 35 32 31 33 30 29 31 28 27 29 26 25 27 24 23 25 22 21 23 20 19 21 18 17 19 16 15 17 14 13 15 12 11 13 10 9 11 8 7 9 6 5 7 4 3 5 30 29 31 28 27 29 26 25 27 24 23 25 22 21 23 20 19 21 18 17 19 16 15 17 14 13 15 12 11 13 10 9 11 8 7 9 6 5 7 34 33 35 32 31 33 30 29 31 28 27 29 26 25 27 24 23 25 22 21 23 20 19 21 18 17 19 16 15 17 14 13 15 12 11 13 10 9 11 8 7 9 6 5 7 28 27 29 26 25 27 24 23 25 22 21 23 20 19 21 18 17 19 16 15 17 14 13 15 12 11 13 10 9 11 8 7 9 18 17 19 16 15 17 20 19 21 22 21 23 20 19 21 18 17 19 16 15 17 14 13 15 24 23 25 22 21 23 20 19 21 26 25 27 24 23 25 22 21 23 24 23 25 28 27 29 26 25 27 30 29 31 32 31 33 34 33 35 36 35 37 34 33 35 32 31 33 30 29 31 28 27 29 26 25 27 24 23 25 22 21 23 20 19 21 18 17 19 16 15 17 14 13 15 12 11 13 10 9 11 8 7 9 18 17 19 16 15 17 14 13 15 12 11 13 20 19 21 18 17 19 16 15 17 14 13 15 12 11 13 10 9 11 30 29 31 28 27 29 26 25 27 24 23 25 22 21 23 20 19 21 18 17 19 16 15 17 20 19 21 18 17 19 32 31 33 30 29 31 28 27 29 26 25 27 24 23 25 22 21 23 20 19 21 28 27 29 26 25 27 24 23 25 34 33 35 32 31 33 30 29 31 28 27 29 26 25 27 24 23 25 22 21 23 36 35 37 34 33 35 32 31 33 30 29 31 28 27 29 26 25 27 24 23 25 22 21 23 20 19 21 18 17 19 16 15 17 14 13 15 12 11 13 10 9 11 14 13 15 12 11 13 16 15 17 18 17 19 16 15 17 14 13 15 20 19 21 18 17 19 16 15 17 22 21 23 20 19 21 18 17 19 32 31 33 30 29 31 34 33 35 32 31 33 30 29 31 28 27 29 26 25 27 24 23 25 22 21 23 20 19 21 28 27 29 26 25 27 24 23 25 22 21 23 24 23 25 30 29 31 28 27 29 26 25 27
[23.230698s] A=259 K=481 i=4.969423042e+09) 37 35 33 31 29 27 25 23 21 19 17 15 13 11 9 7 5 3 1 36 35 37 34 33 35 32 31 33 30 29 31 28 27 29 26 25 27 24 23 25 22 21 23 20 19 21 18 17 19 16 15 17 14 13 15 12 11 13 10 9 11 8 7 9 6 5 7 4 3 5 2 1 3 0 1 34 33 35 32 31 33 30 29 31 28 27 29 26 25 27 24 23 25 22 21 23 20 19 21 18 17 19 16 15 17 14 13 15 12 11 13 10 9 11 8 7 9 6 5 7 4 3 5 2 1 3 36 35 37 34 33 35 32 31 33 30 29 31 28 27 29 26 25 27 24 23 25 22 21 23 20 19 21 18 17 19 16 15 17 14 13 15 12 11 13 10 9 11 8 7 9 6 5 7 4 3 5 2 1 3 32 31 33 30 29 31 28 27 29 26 25 27 24 23 25 22 21 23 20 19 21 18 17 19 16 15 17 14 13 15 12 11 13 10 9 11 8 7 9 6 5 7 4 3 5 36 35 37 34 33 35 32 31 33 30 29 31 28 27 29 26 25 27 24 23 25 22 21 23 20 19 21 18 17 19 16 15 17 14 13 15 12 11 13 10 9 11 8 7 9 6 5 7 4 3 5 30 29 31 28 27 29 26 25 27 24 23 25 22 21 23 20 19 21 18 17 19 16 15 17 14 13 15 12 11 13 10 9 11 8 7 9 6 5 7 34 33 35 32 31 33 30 29 31 28 27 29 26 25 27 24 23 25 22 21 23 20 19 21 18 17 19 16 15 17 14 13 15 12 11 13 10 9 11 8 7 9 6 5 7 28 27 29 26 25 27 24 23 25 22 21 23 20 19 21 18 17 19 16 15 17 14 13 15 12 11 13 10 9 11 8 7 9 18 17 19 16 15 17 20 19 21 22 21 23 20 19 21 18 17 19 16 15 17 14 13 15 24 23 25 22 21 23 26 25 27 24 23 25 22 21 23 20 19 21 18 17 19 16 15 17 14 13 15 12 11 13 10 9 11 28 27 29 32 31 33 30 29 31 28 27 29 26 25 27 36 35 37 34 33 35 32 31 33 30 29 31 28 27 29 26 25 27 24 23 25 22 21 23 20 19 21 18 17 19 16 15 17 14 13 15 12 11 13 10 9 11 8 7 9 20 19 21 18 17 19 16 15 17 14 13 15 12 11 13 18 17 19 16 15 17 24 23 25 22 21 23 20 19 21 18 17 19 26 25 27 28 27 29 30 29 31 34 33 35 32 31 33 30 29 31 28 27 29 26 25 27 24 23 25 22 21 23 20 19 21 28 27 29 26 25 27 24 23 25 36 35 37 34 33 35 32 31 33 30 29 31 28 27 29 26 25 27 24 23 25 22 21 23 20 19 21 18 17 19 16 15 17 14 13 15 12 11 13 10 9 11 16 15 17 14 13 15 12 11 13 18 17 19 16 15 17 14 13 15 36 35 37 34 33 35 32 31 33 30 29 31 28 27 29 26 25 27 24 23 25 22 21 23 20 19 21 18 17 19 16 15 17 22 21 23 20 19 21 18 17 19 32 31 33 30 29 31 28 27 29 26 25 27 24 23 25 22 21 23 20 19 21 34 33 35 32 31 33 30 29 31 28 27 29 26 25 27 24 23 25 22 21 23 24 23 25 26 25 27 30 29 31 28 27 29
[23.234137s] A=259 K=481 i=4.969968946e+09) 37 35 33 31 29 27 25 23 21 19 17 15 13 11 9 7 5 3 1 36 35 37 34 33 35 32 31 33 30 29 31 28 27 29 26 25 27 24 23 25 22 21 23 20 19 21 18 17 19 16 15 17 14 13 15 12 11 13 10 9 11 8 7 9 6 5 7 4 3 5 2 1 3 0 1 34 33 35 32 31 33 30 29 31 28 27 29 26 25 27 24 23 25 22 21 23 20 19 21 18 17 19 16 15 17 14 13 15 12 11 13 10 9 11 8 7 9 6 5 7 4 3 5 2 1 3 36 35 37 34 33 35 32 31 33 30 29 31 28 27 29 26 25 27 24 23 25 22 21 23 20 19 21 18 17 19 16 15 17 14 13 15 12 11 13 10 9 11 8 7 9 6 5 7 4 3 5 2 1 3 32 31 33 30 29 31 28 27 29 26 25 27 24 23 25 22 21 23 20 19 21 18 17 19 16 15 17 14 13 15 12 11 13 10 9 11 8 7 9 6 5 7 4 3 5 36 35 37 34 33 35 32 31 33 30 29 31 28 27 29 26 25 27 24 23 25 22 21 23 20 19 21 18 17 19 16 15 17 14 13 15 12 11 13 10 9 11 8 7 9 6 5 7 4 3 5 30 29 31 28 27 29 26 25 27 24 23 25 22 21 23 20 19 21 18 17 19 16 15 17 14 13 15 12 11 13 10 9 11 8 7 9 6 5 7 34 33 35 32 31 33 30 29 31 28 27 29 26 25 27 24 23 25 22 21 23 20 19 21 18 17 19 16 15 17 14 13 15 12 11 13 10 9 11 8 7 9 6 5 7 28 27 29 26 25 27 24 23 25 22 21 23 20 19 21 18 17 19 16 15 17 14 13 15 12 11 13 10 9 11 8 7 9 18 17 19 16 15 17 20 19 21 22 21 23 20 19 21 18 17 19 16 15 17 14 13 15 24 23 25 22 21 23 26 25 27 24 23 25 22 21 23 20 19 21 18 17 19 16 15 17 14 13 15 12 11 13 10 9 11 28 27 29 30 29 31 32 31 33 34 33 35 36 35 37 34 33 35 32 31 33 30 29 31 28 27 29 26 25 27 24 23 25 22 21 23 20 19 21 18 17 19 16 15 17 14 13 15 12 11 13 10 9 11 8 7 9 20 19 21 18 17 19 16 15 17 14 13 15 12 11 13 18 17 19 16 15 17 30 29 31 28 27 29 26 25 27 24 23 25 22 21 23 20 19 21 18 17 19 26 25 27 28 27 29 30 29 31 32 31 33 30 29 31 28 27 29 26 25 27 24 23 25 22 21 23 20 19 21 26 25 27 24 23 25 28 27 29 34 33 35 32 31 33 30 29 31 36 35 37 34 33 35 32 31 33 30 29 31 28 27 29 26 25 27 24 23 25 22 21 23 20 19 21 18 17 19 16 15 17 14 13 15 12 11 13 10 9 11 16 15 17 14 13 15 12 11 13 18 17 19 16 15 17 14 13 15 28 27 29 26 25 27 24 23 25 22 21 23 20 19 21 18 17 19 16 15 17 22 21 23 20 19 21 18 17 19 34 33 35 32 31 33 30 29 31 28 27 29 26 25 27 24 23 25 22 21 23 20 19 21 32 31 33 30 29 31 28 27 29 26 25 27 24 23 25 22 21 23 24 23 25 26 25 27 30 29 31 28 27 29
[23.250521s] A=259 K=481 i=4.974262369e+09) 37 35 33 31 29 27 25 23 21 19 17 15 13 11 9 7 5 3 1 36 35 37 34 33 35 32 31 33 30 29 31 28 27 29 26 25 27 24 23 25 22 21 23 20 19 21 18 17 19 16 15 17 14 13 15 12 11 13 10 9 11 8 7 9 6 5 7 4 3 5 2 1 3 0 1 34 33 35 32 31 33 30 29 31 28 27 29 26 25 27 24 23 25 22 21 23 20 19 21 18 17 19 16 15 17 14 13 15 12 11 13 10 9 11 8 7 9 6 5 7 4 3 5 2 1 3 36 35 37 34 33 35 32 31 33 30 29 31 28 27 29 26 25 27 24 23 25 22 21 23 20 19 21 18 17 19 16 15 17 14 13 15 12 11 13 10 9 11 8 7 9 6 5 7 4 3 5 2 1 3 32 31 33 30 29 31 28 27 29 26 25 27 24 23 25 22 21 23 20 19 21 18 17 19 16 15 17 14 13 15 12 11 13 10 9 11 8 7 9 6 5 7 4 3 5 36 35 37 34 33 35 32 31 33 30 29 31 28 27 29 26 25 27 24 23 25 22 21 23 20 19 21 18 17 19 16 15 17 14 13 15 12 11 13 10 9 11 8 7 9 6 5 7 4 3 5 30 29 31 28 27 29 26 25 27 24 23 25 22 21 23 20 19 21 18 17 19 16 15 17 14 13 15 12 11 13 10 9 11 8 7 9 6 5 7 34 33 35 32 31 33 30 29 31 28 27 29 26 25 27 24 23 25 22 21 23 20 19 21 18 17 19 16 15 17 14 13 15 12 11 13 10 9 11 8 7 9 6 5 7 28 27 29 26 25 27 24 23 25 22 21 23 20 19 21 18 17 19 16 15 17 14 13 15 12 11 13 10 9 11 8 7 9 18 17 19 16 15 17 20 19 21 22 21 23 20 19 21 18 17 19 16 15 17 14 13 15 24 23 25 22 21 23 26 25 27 24 23 25 30 29 31 28 27 29 26 25 27 36 35 37 34 33 35 32 31 33 30 29 31 28 27 29 26 25 27 24 23 25 22 21 23 20 19 21 18 17 19 16 15 17 14 13 15 12 11 13 10 9 11 8 7 9 22 21 23 20 19 21 18 17 19 16 15 17 14 13 15 12 11 13 10 9 11 20 19 21 18 17 19 16 15 17 14 13 15 12 11 13 18 17 19 16 15 17 24 23 25 26 25 27 32 31 33 30 29 31 28 27 29 26 25 27 24 23 25 22 21 23 20 19 21 18 17 19 34 33 35 32 31 33 30 29 31 28 27 29 26 25 27 24 23 25 22 21 23 20 19 21 36 35 37 34 33 35 32 31 33 30 29 31 28 27 29 26 25 27 24 23 25 22 21 23 20 19 21 18 17 19 16 15 17 14 13 15 12 11 13 10 9 11 16 15 17 14 13 15 12 11 13 18 17 19 16 15 17 14 13 15 28 27 29 26 25 27 30 29 31 34 33 35 32 31 33 30 29 31 28 27 29 36 35 37 34 33 35 32 31 33 30 29 31 28 27 29 26 25 27 24 23 25 22 21 23 20 19 21 18 17 19 16 15 17 22 21 23 20 19 21 18 17 19 26 25 27 24 23 25 22 21 23 20 19 21 28 27 29 26 25 27 24 23 25 22 21 23 24 23 25 32 31 33 30 29 31 28 27 29 26 25 27
[23.255057s] A=259 K=481 i=4.974997305e+09) 37 35 33 31 29 27 25 23 21 19 17 15 13 11 9 7 5 3 1 36 35 37 34 33 35 32 31 33 30 29 31 28 27 29 26 25 27 24 23 25 22 21 23 20 19 21 18 17 19 16 15 17 14 13 15 12 11 13 10 9 11 8 7 9 6 5 7 4 3 5 2 1 3 0 1 34 33 35 32 31 33 30 29 31 28 27 29 26 25 27 24 23 25 22 21 23 20 19 21 18 17 19 16 15 17 14 13 15 12 11 13 10 9 11 8 7 9 6 5 7 4 3 5 2 1 3 36 35 37 34 33 35 32 31 33 30 29 31 28 27 29 26 25 27 24 23 25 22 21 23 20 19 21 18 17 19 16 15 17 14 13 15 12 11 13 10 9 11 8 7 9 6 5 7 4 3 5 2 1 3 32 31 33 30 29 31 28 27 29 26 25 27 24 23 25 22 21 23 20 19 21 18 17 19 16 15 17 14 13 15 12 11 13 10 9 11 8 7 9 6 5 7 4 3 5 36 35 37 34 33 35 32 31 33 30 29 31 28 27 29 26 25 27 24 23 25 22 21 23 20 19 21 18 17 19 16 15 17 14 13 15 12 11 13 10 9 11 8 7 9 6 5 7 4 3 5 30 29 31 28 27 29 26 25 27 24 23 25 22 21 23 20 19 21 18 17 19 16 15 17 14 13 15 12 11 13 10 9 11 8 7 9 6 5 7 34 33 35 32 31 33 30 29 31 28 27 29 26 25 27 24 23 25 22 21 23 20 19 21 18 17 19 16 15 17 14 13 15 12 11 13 10 9 11 8 7 9 6 5 7 28 27 29 26 25 27 24 23 25 22 21 23 20 19 21 18 17 19 16 15 17 14 13 15 12 11 13 10 9 11 8 7 9 18 17 19 16 15 17 20 19 21 22 21 23 20 19 21 18 17 19 16 15 17 14 13 15 24 23 25 22 21 23 26 25 27 24 23 25 28 27 29 26 25 27 36 35 37 34 33 35 32 31 33 30 29 31 28 27 29 26 25 27 24 23 25 22 21 23 20 19 21 18 17 19 16 15 17 14 13 15 12 11 13 10 9 11 8 7 9 22 21 23 20 19 21 18 17 19 16 15 17 14 13 15 12 11 13 10 9 11 20 19 21 18 17 19 16 15 17 14 13 15 12 11 13 18 17 19 16 15 17 24 23 25 26 25 27 32 31 33 30 29 31 28 27 29 26 25 27 24 23 25 22 21 23 20 19 21 18 17 19 34 33 35 32 31 33 30 29 31 28 27 29 26 25 27 24 23 25 22 21 23 20 19 21 36 35 37 34 33 35 32 31 33 30 29 31 28 27 29 26 25 27 24 23 25 22 21 23 20 19 21 18 17 19 16 15 17 14 13 15 12 11 13 10 9 11 16 15 17 14 13 15 12 11 13 18 17 19 16 15 17 14 13 15 30 29 31 28 27 29 26 25 27 24 23 25 34 33 35 32 31 33 30 29 31 28 27 29 26 25 27 32 31 33 30 29 31 28 27 29 36 35 37 34 33 35 32 31 33 30 29 31 28 27 29 26 25 27 24 23 25 22 21 23 20 19 21 18 17 19 16 15 17 22 21 23 20 19 21 18 17 19 24 23 25 22 21 23 20 19 21 26 25 27 24 23 25 22 21 23 24 23 25 28 27 29 26 25 27
[23.261980s] A=259 K=481 i=4.976918774e+09) 37 35 33 31 29 27 25 23 21 19 17 15 13 11 9 7 5 3 1 36 35 37 34 33 35 32 31 33 30 29 31 28 27 29 26 25 27 24 23 25 22 21 23 20 19 21 18 17 19 16 15 17 14 13 15 12 11 13 10 9 11 8 7 9 6 5 7 4 3 5 2 1 3 0 1 34 33 35 32 31 33 30 29 31 28 27 29 26 25 27 24 23 25 22 21 23 20 19 21 18 17 19 16 15 17 14 13 15 12 11 13 10 9 11 8 7 9 6 5 7 4 3 5 2 1 3 36 35 37 34 33 35 32 31 33 30 29 31 28 27 29 26 25 27 24 23 25 22 21 23 20 19 21 18 17 19 16 15 17 14 13 15 12 11 13 10 9 11 8 7 9 6 5 7 4 3 5 2 1 3 32 31 33 30 29 31 28 27 29 26 25 27 24 23 25 22 21 23 20 19 21 18 17 19 16 15 17 14 13 15 12 11 13 10 9 11 8 7 9 6 5 7 4 3 5 36 35 37 34 33 35 32 31 33 30 29 31 28 27 29 26 25 27 24 23 25 22 21 23 20 19 21 18 17 19 16 15 17 14 13 15 12 11 13 10 9 11 8 7 9 6 5 7 4 3 5 30 29 31 28 27 29 26 25 27 24 23 25 22 21 23 20 19 21 18 17 19 16 15 17 14 13 15 12 11 13 10 9 11 8 7 9 6 5 7 34 33 35 32 31 33 30 29 31 28 27 29 26 25 27 24 23 25 22 21 23 20 19 21 18 17 19 16 15 17 14 13 15 12 11 13 10 9 11 8 7 9 6 5 7 28 27 29 26 25 27 24 23 25 22 21 23 20 19 21 18 17 19 16 15 17 14 13 15 12 11 13 10 9 11 8 7 9 18 17 19 16 15 17 20 19 21 22 21 23 20 19 21 18 17 19 16 15 17 14 13 15 24 23 25 22 21 23 26 25 27 24 23 25 28 27 29 26 25 27 30 29 31 32 31 33 34 33 35 36 35 37 34 33 35 32 31 33 30 29 31 28 27 29 26 25 27 24 23 25 22 21 23 20 19 21 18 17 19 16 15 17 14 13 15 12 11 13 10 9 11 8 7 9 22 21 23 20 19 21 18 17 19 16 15 17 14 13 15 12 11 13 10 9 11 20 19 21 18 17 19 16 15 17 14 13 15 12 11 13 18 17 19 16 15 17 24 23 25 26 25 27 30 29 31 28 27 29 26 25 27 24 23 25 22 21 23 20 19 21 18 17 19 32 31 33 30 29 31 28 27 29 26 25 27 24 23 25 22 21 23 20 19 21 28 27 29 26 25 27 24 23 25 34 33 35 32 31 33 30 29 31 28 27 29 26 25 27 34 33 35 32 31 33 30 29 31 28 27 29 32 31 33 30 29 31 36 35 37 34 33 35 32 31 33 30 29 31 28 27 29 26 25 27 24 23 25 22 21 23 20 19 21 18 17 19 16 15 17 14 13 15 12 11 13 10 9 11 16 15 17 14 13 15 12 11 13 18 17 19 16 15 17 14 13 15 24 23 25 22 21 23 20 19 21 18 17 19 16 15 17 22 21 23 20 19 21 18 17 19 26 25 27 24 23 25 22 21 23 20 19 21 28 27 29 26 25 27 24 23 25 22 21 23 24 23 25 30 29 31 28 27 29 26 25 27
[23.266256s] A=259 K=481 i=4.978271117e+09) 37 35 33 31 29 27 25 23 21 19 17 15 13 11 9 7 5 3 1 36 35 37 34 33 35 32 31 33 30 29 31 28 27 29 26 25 27 24 23 25 22 21 23 20 19 21 18 17 19 16 15 17 14 13 15 12 11 13 10 9 11 8 7 9 6 5 7 4 3 5 2 1 3 0 1 34 33 35 32 31 33 30 29 31 28 27 29 26 25 27 24 23 25 22 21 23 20 19 21 18 17 19 16 15 17 14 13 15 12 11 13 10 9 11 8 7 9 6 5 7 4 3 5 2 1 3 36 35 37 34 33 35 32 31 33 30 29 31 28 27 29 26 25 27 24 23 25 22 21 23 20 19 21 18 17 19 16 15 17 14 13 15 12 11 13 10 9 11 8 7 9 6 5 7 4 3 5 2 1 3 32 31 33 30 29 31 28 27 29 26 25 27 24 23 25 22 21 23 20 19 21 18 17 19 16 15 17 14 13 15 12 11 13 10 9 11 8 7 9 6 5 7 4 3 5 36 35 37 34 33 35 32 31 33 30 29 31 28 27 29 26 25 27 24 23 25 22 21 23 20 19 21 18 17 19 16 15 17 14 13 15 12 11 13 10 9 11 8 7 9 6 5 7 4 3 5 30 29 31 28 27 29 26 25 27 24 23 25 22 21 23 20 19 21 18 17 19 16 15 17 14 13 15 12 11 13 10 9 11 8 7 9 6 5 7 34 33 35 32 31 33 30 29 31 28 27 29 26 25 27 24 23 25 22 21 23 20 19 21 18 17 19 16 15 17 14 13 15 12 11 13 10 9 11 8 7 9 6 5 7 28 27 29 26 25 27 24 23 25 22 21 23 20 19 21 18 17 19 16 15 17 14 13 15 12 11 13 10 9 11 8 7 9 18 17 19 16 15 17 20 19 21 22 21 23 20 19 21 18 17 19 16 15 17 14 13 15 24 23 25 22 21 23 26 25 27 24 23 25 28 27 29 30 29 31 32 31 33 34 33 35 36 35 37 34 33 35 32 31 33 30 29 31 28 27 29 26 25 27 24 23 25 22 21 23 20 19 21 18 17 19 16 15 17 14 13 15 12 11 13 10 9 11 8 7 9 22 21 23 20 19 21 18 17 19 16 15 17 14 13 15 12 11 13 10 9 11 20 19 21 18 17 19 16 15 17 14 13 15 12 11 13 18 17 19 16 15 17 24 23 25 26 25 27 28 27 29 30 29 31 28 27 29 26 25 27 24 23 25 22 21 23 20 19 21 18 17 19 26 25 27 24 23 25 32 31 33 30 29 31 28 27 29 26 25 27 24 23 25 22 21 23 20 19 21 34 33 35 32 31 33 30 29 31 28 27 29 36 35 37 34 33 35 32 31 33 30 29 31 28 27 29 26 25 27 24 23 25 22 21 23 20 19 21 18 17 19 16 15 17 14 13 15 12 11 13 10 9 11 16 15 17 14 13 15 12 11 13 18 17 19 16 15 17 14 13 15 26 25 27 24 23 25 22 21 23 20 19 21 18 17 19 16 15 17 22 21 23 20 19 21 18 17 19 28 27 29 32 31 33 30 29 31 34 33 35 32 31 33 30 29 31 28 27 29 26 25 27 24 23 25 22 21 23 20 19 21 28 27 29 26 25 27 24 23 25 22 21 23 24 23 25 30 29 31 28 27 29 26 25 27
[23.280064s] A=259 K=481 i=4.980543977e+09) 37 35 33 31 29 27 25 23 21 19 17 15 13 11 9 7 5 3 1 36 35 37 34 33 35 32 31 33 30 29 31 28 27 29 26 25 27 24 23 25 22 21 23 20 19 21 18 17 19 16 15 17 14 13 15 12 11 13 10 9 11 8 7 9 6 5 7 4 3 5 2 1 3 0 1 34 33 35 32 31 33 30 29 31 28 27 29 26 25 27 24 23 25 22 21 23 20 19 21 18 17 19 16 15 17 14 13 15 12 11 13 10 9 11 8 7 9 6 5 7 4 3 5 2 1 3 36 35 37 34 33 35 32 31 33 30 29 31 28 27 29 26 25 27 24 23 25 22 21 23 20 19 21 18 17 19 16 15 17 14 13 15 12 11 13 10 9 11 8 7 9 6 5 7 4 3 5 2 1 3 32 31 33 30 29 31 28 27 29 26 25 27 24 23 25 22 21 23 20 19 21 18 17 19 16 15 17 14 13 15 12 11 13 10 9 11 8 7 9 6 5 7 4 3 5 36 35 37 34 33 35 32 31 33 30 29 31 28 27 29 26 25 27 24 23 25 22 21 23 20 19 21 18 17 19 16 15 17 14 13 15 12 11 13 10 9 11 8 7 9 6 5 7 4 3 5 30 29 31 28 27 29 26 25 27 24 23 25 22 21 23 20 19 21 18 17 19 16 15 17 14 13 15 12 11 13 10 9 11 8 7 9 6 5 7 34 33 35 32 31 33 30 29 31 28 27 29 26 25 27 24 23 25 22 21 23 20 19 21 18 17 19 16 15 17 14 13 15 12 11 13 10 9 11 8 7 9 6 5 7 28 27 29 26 25 27 24 23 25 22 21 23 20 19 21 18 17 19 16 15 17 14 13 15 12 11 13 10 9 11 8 7 9 18 17 19 16 15 17 20 19 21 22 21 23 20 19 21 18 17 19 16 15 17 14 13 15 24 23 25 26 25 27 24 23 25 22 21 23 20 19 21 18 17 19 16 15 17 14 13 15 12 11 13 10 9 11 22 21 23 24 23 25 28 27 29 26 25 27 32 31 33 30 29 31 28 27 29 36 35 37 34 33 35 32 31 33 30 29 31 28 27 29 26 25 27 24 23 25 22 21 23 20 19 21 18 17 19 16 15 17 14 13 15 12 11 13 10 9 11 8 7 9 20 19 21 18 17 19 16 15 17 14 13 15 12 11 13 18 17 19 16 15 17 26 25 27 24 23 25 22 21 23 20 19 21 18 17 19 28 27 29 34 33 35 32 31 33 30 29 31 28 27 29 26 25 27 24 23 25 22 21 23 20 19 21 36 35 37 34 33 35 32 31 33 30 29 31 28 27 29 26 25 27 24 23 25 22 21 23 20 19 21 18 17 19 16 15 17 14 13 15 12 11 13 10 9 11 16 15 17 14 13 15 12 11 13 18 17 19 16 15 17 14 13 15 30 29 31 28 27 29 26 25 27 24 23 25 36 35 37 34 33 35 32 31 33 30 29 31 28 27 29 26 25 27 24 23 25 22 21 23 20 19 21 18 17 19 16 15 17 22 21 23 20 19 21 18 17 19 32 31 33 30 29 31 28 27 29 26 25 27 24 23 25 22 21 23 20 19 21 34 33 35 32 31 33 30 29 31 28 27 29 26 25 27 24 23 25 22 21 23 24 23 25 26 25 27 28 27 29
[23.283355s] A=259 K=481 i=4.981057735e+09) 37 35 33 31 29 27 25 23 21 19 17 15 13 11 9 7 5 3 1 36 35 37 34 33 35 32 31 33 30 29 31 28 27 29 26 25 27 24 23 25 22 21 23 20 19 21 18 17 19 16 15 17 14 13 15 12 11 13 10 9 11 8 7 9 6 5 7 4 3 5 2 1 3 0 1 34 33 35 32 31 33 30 29 31 28 27 29 26 25 27 24 23 25 22 21 23 20 19 21 18 17 19 16 15 17 14 13 15 12 11 13 10 9 11 8 7 9 6 5 7 4 3 5 2 1 3 36 35 37 34 33 35 32 31 33 30 29 31 28 27 29 26 25 27 24 23 25 22 21 23 20 19 21 18 17 19 16 15 17 14 13 15 12 11 13 10 9 11 8 7 9 6 5 7 4 3 5 2 1 3 32 31 33 30 29 31 28 27 29 26 25 27 24 23 25 22 21 23 20 19 21 18 17 19 16 15 17 14 13 15 12 11 13 10 9 11 8 7 9 6 5 7 4 3 5 36 35 37 34 33 35 32 31 33 30 29 31 28 27 29 26 25 27 24 23 25 22 21 23 20 19 21 18 17 19 16 15 17 14 13 15 12 11 13 10 9 11 8 7 9 6 5 7 4 3 5 30 29 31 28 27 29 26 25 27 24 23 25 22 21 23 20 19 21 18 17 19 16 15 17 14 13 15 12 11 13 10 9 11 8 7 9 6 5 7 34 33 35 32 31 33 30 29 31 28 27 29 26 25 27 24 23 25 22 21 23 20 19 21 18 17 19 16 15 17 14 13 15 12 11 13 10 9 11 8 7 9 6 5 7 28 27 29 26 25 27 24 23 25 22 21 23 20 19 21 18 17 19 16 15 17 14 13 15 12 11 13 10 9 11 8 7 9 18 17 19 16 15 17 20 19 21 22 21 23 20 19 21 18 17 19 16 15 17 14 13 15 24 23 25 26 25 27 24 23 25 22 21 23 20 19 21 18 17 19 16 15 17 14 13 15 12 11 13 10 9 11 22 21 23 24 23 25 28 27 29 30 29 31 32 31 33 34 33 35 36 35 37 34 33 35 32 31 33 30 29 31 28 27 29 26 25 27 24 23 25 22 21 23 20 19 21 18 17 19 16 15 17 14 13 15 12 11 13 10 9 11 8 7 9 20 19 21 18 17 19 16 15 17 14 13 15 12 11 13 18 17 19 16 15 17 28 27 29 26 25 27 30 29 31 28 27 29 26 25 27 24 23 25 22 21 23 20 19 21 18 17 19 24 23 25 26 25 27 32 31 33 30 29 31 28 27 29 26 25 27 24 23 25 22 21 23 20 19 21 34 33 35 32 31 33 30 29 31 28 27 29 36 35 37 34 33 35 32 31 33 30 29 31 28 27 29 26 25 27 24 23 25 22 21 23 20 19 21 18 17 19 16 15 17 14 13 15 12 11 13 10 9 11 16 15 17 14 13 15 12 11 13 18 17 19 16 15 17 14 13 15 26 25 27 24 23 25 22 21 23 20 19 21 18 17 19 16 15 17 22 21 23 20 19 21 18 17 19 34 33 35 32 31 33 30 29 31 28 27 29 26 25 27 24 23 25 22 21 23 20 19 21 30 29 31 28 27 29 32 31 33 30 29 31 28 27 29 26 25 27 24 23 25 22 21 23 24 23 25 26 25 27 28 27 29
[23.612559s] A=259 K=481 i=5.052619714e+09) 37 35 33 31 29 27 25 23 21 19 17 15 13 11 9 7 5 3 1 36 35 37 34 33 35 32 31 33 30 29 31 28 27 29 26 25 27 24 23 25 22 21 23 20 19 21 18 17 19 16 15 17 14 13 15 12 11 13 10 9 11 8 7 9 6 5 7 4 3 5 2 1 3 0 1 34 33 35 32 31 33 30 29 31 28 27 29 26 25 27 24 23 25 22 21 23 20 19 21 18 17 19 16 15 17 14 13 15 12 11 13 10 9 11 8 7 9 6 5 7 4 3 5 2 1 3 36 35 37 34 33 35 32 31 33 30 29 31 28 27 29 26 25 27 24 23 25 22 21 23 20 19 21 18 17 19 16 15 17 14 13 15 12 11 13 10 9 11 8 7 9 6 5 7 4 3 5 2 1 3 32 31 33 30 29 31 28 27 29 26 25 27 24 23 25 22 21 23 20 19 21 18 17 19 16 15 17 14 13 15 12 11 13 10 9 11 8 7 9 6 5 7 4 3 5 36 35 37 34 33 35 32 31 33 30 29 31 28 27 29 26 25 27 24 23 25 22 21 23 20 19 21 18 17 19 16 15 17 14 13 15 12 11 13 10 9 11 8 7 9 6 5 7 4 3 5 30 29 31 28 27 29 26 25 27 24 23 25 22 21 23 20 19 21 18 17 19 16 15 17 14 13 15 12 11 13 10 9 11 8 7 9 6 5 7 34 33 35 32 31 33 30 29 31 28 27 29 26 25 27 24 23 25 22 21 23 20 19 21 18 17 19 16 15 17 14 13 15 12 11 13 10 9 11 8 7 9 6 5 7 28 27 29 26 25 27 24 23 25 22 21 23 20 19 21 18 17 19 16 15 17 14 13 15 12 11 13 10 9 11 8 7 9 18 17 19 16 15 17 20 19 21 22 21 23 20 19 21 24 23 25 22 21 23 26 25 27 24 23 25 28 27 29 26 25 27 36 35 37 34 33 35 32 31 33 30 29 31 28 27 29 26 25 27 24 23 25 22 21 23 20 19 21 18 17 19 16 15 17 14 13 15 12 11 13 10 9 11 8 7 9 20 19 21 18 17 19 16 15 17 14 13 15 12 11 13 18 17 19 16 15 17 14 13 15 22 21 23 20 19 21 18 17 19 16 15 17 14 13 15 12 11 13 10 9 11 24 23 25 26 25 27 32 31 33 30 29 31 28 27 29 26 25 27 24 23 25 22 21 23 20 19 21 18 17 19 34 33 35 32 31 33 30 29 31 28 27 29 26 25 27 24 23 25 22 21 23 20 19 21 36 35 37 34 33 35 32 31 33 30 29 31 28 27 29 26 25 27 24 23 25 22 21 23 20 19 21 18 17 19 16 15 17 14 13 15 12 11 13 10 9 11 16 15 17 14 13 15 12 11 13 18 17 19 16 15 17 14 13 15 20 19 21 18 17 19 16 15 17 30 29 31 28 27 29 26 25 27 24 23 25 22 21 23 20 19 21 18 17 19 34 33 35 32 31 33 30 29 31 28 27 29 26 25 27 32 31 33 30 29 31 28 27 29 36 35 37 34 33 35 32 31 33 30 29 31 28 27 29 26 25 27 24 23 25 22 21 23 20 19 21 18 17 19 16 15 17 24 23 25 22 21 23 20 19 21 26 25 27 24 23 25 22 21 23 28 27 29 26 25 27
[23.645208s] A=259 K=481 i=5.059598803e+09) 37 35 33 31 29 27 25 23 21 19 17 15 13 11 9 7 5 3 1 36 35 37 34 33 35 32 31 33 30 29 31 28 27 29 26 25 27 24 23 25 22 21 23 20 19 21 18 17 19 16 15 17 14 13 15 12 11 13 10 9 11 8 7 9 6 5 7 4 3 5 2 1 3 0 1 34 33 35 32 31 33 30 29 31 28 27 29 26 25 27 24 23 25 22 21 23 20 19 21 18 17 19 16 15 17 14 13 15 12 11 13 10 9 11 8 7 9 6 5 7 4 3 5 2 1 3 36 35 37 34 33 35 32 31 33 30 29 31 28 27 29 26 25 27 24 23 25 22 21 23 20 19 21 18 17 19 16 15 17 14 13 15 12 11 13 10 9 11 8 7 9 6 5 7 4 3 5 2 1 3 32 31 33 30 29 31 28 27 29 26 25 27 24 23 25 22 21 23 20 19 21 18 17 19 16 15 17 14 13 15 12 11 13 10 9 11 8 7 9 6 5 7 4 3 5 36 35 37 34 33 35 32 31 33 30 29 31 28 27 29 26 25 27 24 23 25 22 21 23 20 19 21 18 17 19 16 15 17 14 13 15 12 11 13 10 9 11 8 7 9 6 5 7 4 3 5 30 29 31 28 27 29 26 25 27 24 23 25 22 21 23 20 19 21 18 17 19 16 15 17 14 13 15 12 11 13 10 9 11 8 7 9 6 5 7 34 33 35 32 31 33 30 29 31 28 27 29 26 25 27 24 23 25 22 21 23 20 19 21 18 17 19 16 15 17 14 13 15 12 11 13 10 9 11 8 7 9 6 5 7 28 27 29 26 25 27 24 23 25 22 21 23 20 19 21 18 17 19 16 15 17 14 13 15 12 11 13 10 9 11 8 7 9 18 17 19 16 15 17 20 19 21 22 21 23 24 23 25 22 21 23 20 19 21 18 17 19 16 15 17 14 13 15 12 11 13 10 9 11 26 25 27 24 23 25 22 21 23 20 19 21 18 17 19 16 15 17 14 13 15 12 11 13 28 27 29 26 25 27 24 23 25 30 29 31 32 31 33 30 29 31 28 27 29 26 25 27 34 33 35 36 35 37 34 33 35 32 31 33 30 29 31 28 27 29 26 25 27 24 23 25 22 21 23 20 19 21 18 17 19 16 15 17 14 13 15 12 11 13 10 9 11 8 7 9 10 9 11 20 19 21 18 17 19 16 15 17 14 13 15 12 11 13 24 23 25 22 21 23 20 19 21 18 17 19 16 15 17 14 13 15 12 11 13 32 31 33 30 29 31 28 27 29 26 25 27 24 23 25 22 21 23 20 19 21 18 17 19 16 15 17 14 13 15 18 17 19 16 15 17 28 27 29 26 25 27 24 23 25 22 21 23 20 19 21 30 29 31 28 27 29 26 25 27 32 31 33 34 33 35 32 31 33 30 29 31 28 27 29 26 25 27 24 23 25 22 21 23 20 19 21 18 17 19 36 35 37 34 33 35 32 31 33 30 29 31 28 27 29 26 25 27 24 23 25 22 21 23 20 19 21 18 17 19 16 15 17 14 13 15 12 11 13 10 9 11 16 15 17 18 17 19 34 33 35 32 31 33 30 29 31 28 27 29 26 25 27 24 23 25 22 21 23 20 19 21 24 23 25 22 21 23 30 29 31 28 27 29 26 25 27
[23.646075s] A=259 K=481 i=5.059872491e+09) 37 35 33 31 29 27 25 23 21 19 17 15 13 11 9 7 5 3 1 36 35 37 34 33 35 32 31 33 30 29 31 28 27 29 26 25 27 24 23 25 22 21 23 20 19 21 18 17 19 16 15 17 14 13 15 12 11 13 10 9 11 8 7 9 6 5 7 4 3 5 2 1 3 0 1 34 33 35 32 31 33 30 29 31 28 27 29 26 25 27 24 23 25 22 21 23 20 19 21 18 17 19 16 15 17 14 13 15 12 11 13 10 9 11 8 7 9 6 5 7 4 3 5 2 1 3 36 35 37 34 33 35 32 31 33 30 29 31 28 27 29 26 25 27 24 23 25 22 21 23 20 19 21 18 17 19 16 15 17 14 13 15 12 11 13 10 9 11 8 7 9 6 5 7 4 3 5 2 1 3 32 31 33 30 29 31 28 27 29 26 25 27 24 23 25 22 21 23 20 19 21 18 17 19 16 15 17 14 13 15 12 11 13 10 9 11 8 7 9 6 5 7 4 3 5 36 35 37 34 33 35 32 31 33 30 29 31 28 27 29 26 25 27 24 23 25 22 21 23 20 19 21 18 17 19 16 15 17 14 13 15 12 11 13 10 9 11 8 7 9 6 5 7 4 3 5 30 29 31 28 27 29 26 25 27 24 23 25 22 21 23 20 19 21 18 17 19 16 15 17 14 13 15 12 11 13 10 9 11 8 7 9 6 5 7 34 33 35 32 31 33 30 29 31 28 27 29 26 25 27 24 23 25 22 21 23 20 19 21 18 17 19 16 15 17 14 13 15 12 11 13 10 9 11 8 7 9 6 5 7 28 27 29 26 25 27 24 23 25 22 21 23 20 19 21 18 17 19 16 15 17 14 13 15 12 11 13 10 9 11 8 7 9 18 17 19 16 15 17 20 19 21 22 21 23 24 23 25 22 21 23 20 19 21 18 17 19 16 15 17 14 13 15 12 11 13 10 9 11 26 25 27 24 23 25 22 21 23 20 19 21 18 17 19 16 15 17 14 13 15 12 11 13 28 27 29 26 25 27 24 23 25 30 29 31 32 31 33 34 33 35 36 35 37 34 33 35 32 31 33 30 29 31 28 27 29 26 25 27 24 23 25 22 21 23 20 19 21 18 17 19 16 15 17 14 13 15 12 11 13 10 9 11 8 7 9 10 9 11 20 19 21 18 17 19 16 15 17 14 13 15 12 11 13 30 29 31 28 27 29 26 25 27 24 23 25 22 21 23 20 19 21 18 17 19 16 15 17 14 13 15 12 11 13 32 31 33 30 29 31 28 27 29 26 25 27 24 23 25 22 21 23 20 19 21 18 17 19 16 15 17 14 13 15 18 17 19 16 15 17 28 27 29 26 25 27 24 23 25 22 21 23 20 19 21 32 31 33 30 29 31 28 27 29 26 25 27 34 33 35 32 31 33 30 29 31 28 27 29 26 25 27 24 23 25 22 21 23 20 19 21 18 17 19 34 33 35 32 31 33 30 29 31 36 35 37 34 33 35 32 31 33 30 29 31 28 27 29 26 25 27 24 23 25 22 21 23 20 19 21 18 17 19 16 15 17 14 13 15 12 11 13 10 9 11 16 15 17 18 17 19 28 27 29 26 25 27 24 23 25 22 21 23 20 19 21 24 23 25 22 21 23 30 29 31 28 27 29 26 25 27
[23.646111s] A=259 K=481 i=5.05987317e+09) 37 35 33 31 29 27 25 23 21 19 17 15 13 11 9 7 5 3 1 36 35 37 34 33 35 32 31 33 30 29 31 28 27 29 26 25 27 24 23 25 22 21 23 20 19 21 18 17 19 16 15 17 14 13 15 12 11 13 10 9 11 8 7 9 6 5 7 4 3 5 2 1 3 0 1 34 33 35 32 31 33 30 29 31 28 27 29 26 25 27 24 23 25 22 21 23 20 19 21 18 17 19 16 15 17 14 13 15 12 11 13 10 9 11 8 7 9 6 5 7 4 3 5 2 1 3 36 35 37 34 33 35 32 31 33 30 29 31 28 27 29 26 25 27 24 23 25 22 21 23 20 19 21 18 17 19 16 15 17 14 13 15 12 11 13 10 9 11 8 7 9 6 5 7 4 3 5 2 1 3 32 31 33 30 29 31 28 27 29 26 25 27 24 23 25 22 21 23 20 19 21 18 17 19 16 15 17 14 13 15 12 11 13 10 9 11 8 7 9 6 5 7 4 3 5 36 35 37 34 33 35 32 31 33 30 29 31 28 27 29 26 25 27 24 23 25 22 21 23 20 19 21 18 17 19 16 15 17 14 13 15 12 11 13 10 9 11 8 7 9 6 5 7 4 3 5 30 29 31 28 27 29 26 25 27 24 23 25 22 21 23 20 19 21 18 17 19 16 15 17 14 13 15 12 11 13 10 9 11 8 7 9 6 5 7 34 33 35 32 31 33 30 29 31 28 27 29 26 25 27 24 23 25 22 21 23 20 19 21 18 17 19 16 15 17 14 13 15 12 11 13 10 9 11 8 7 9 6 5 7 28 27 29 26 25 27 24 23 25 22 21 23 20 19 21 18 17 19 16 15 17 14 13 15 12 11 13 10 9 11 8 7 9 18 17 19 16 15 17 20 19 21 22 21 23 24 23 25 22 21 23 20 19 21 18 17 19 16 15 17 14 13 15 12 11 13 10 9 11 26 25 27 24 23 25 22 21 23 20 19 21 18 17 19 16 15 17 14 13 15 12 11 13 28 27 29 26 25 27 24 23 25 30 29 31 32 31 33 34 33 35 36 35 37 34 33 35 32 31 33 30 29 31 28 27 29 26 25 27 24 23 25 22 21 23 20 19 21 18 17 19 16 15 17 14 13 15 12 11 13 10 9 11 8 7 9 10 9 11 20 19 21 18 17 19 16 15 17 14 13 15 12 11 13 30 29 31 28 27 29 26 25 27 24 23 25 22 21 23 20 19 21 18 17 19 16 15 17 14 13 15 12 11 13 32 31 33 30 29 31 28 27 29 26 25 27 24 23 25 22 21 23 20 19 21 18 17 19 16 15 17 14 13 15 18 17 19 16 15 17 28 27 29 26 25 27 24 23 25 22 21 23 20 19 21 30 29 31 32 31 33 34 33 35 32 31 33 30 29 31 28 27 29 26 25 27 24 23 25 22 21 23 20 19 21 18 17 19 30 29 31 28 27 29 26 25 27 36 35 37 34 33 35 32 31 33 30 29 31 28 27 29 26 25 27 24 23 25 22 21 23 20 19 21 18 17 19 16 15 17 14 13 15 12 11 13 10 9 11 16 15 17 18 17 19 34 33 35 32 31 33 30 29 31 28 27 29 26 25 27 24 23 25 22 21 23 20 19 21 24 23 25 22 21 23 28 27 29 26 25 27
[23.646530s] A=259 K=481 i=5.06000239e+09) 37 35 33 31 29 27 25 23 21 19 17 15 13 11 9 7 5 3 1 36 35 37 34 33 35 32 31 33 30 29 31 28 27 29 26 25 27 24 23 25 22 21 23 20 19 21 18 17 19 16 15 17 14 13 15 12 11 13 10 9 11 8 7 9 6 5 7 4 3 5 2 1 3 0 1 34 33 35 32 31 33 30 29 31 28 27 29 26 25 27 24 23 25 22 21 23 20 19 21 18 17 19 16 15 17 14 13 15 12 11 13 10 9 11 8 7 9 6 5 7 4 3 5 2 1 3 36 35 37 34 33 35 32 31 33 30 29 31 28 27 29 26 25 27 24 23 25 22 21 23 20 19 21 18 17 19 16 15 17 14 13 15 12 11 13 10 9 11 8 7 9 6 5 7 4 3 5 2 1 3 32 31 33 30 29 31 28 27 29 26 25 27 24 23 25 22 21 23 20 19 21 18 17 19 16 15 17 14 13 15 12 11 13 10 9 11 8 7 9 6 5 7 4 3 5 36 35 37 34 33 35 32 31 33 30 29 31 28 27 29 26 25 27 24 23 25 22 21 23 20 19 21 18 17 19 16 15 17 14 13 15 12 11 13 10 9 11 8 7 9 6 5 7 4 3 5 30 29 31 28 27 29 26 25 27 24 23 25 22 21 23 20 19 21 18 17 19 16 15 17 14 13 15 12 11 13 10 9 11 8 7 9 6 5 7 34 33 35 32 31 33 30 29 31 28 27 29 26 25 27 24 23 25 22 21 23 20 19 21 18 17 19 16 15 17 14 13 15 12 11 13 10 9 11 8 7 9 6 5 7 28 27 29 26 25 27 24 23 25 22 21 23 20 19 21 18 17 19 16 15 17 14 13 15 12 11 13 10 9 11 8 7 9 18 17 19 16 15 17 20 19 21 22 21 23 24 23 25 22 21 23 20 19 21 18 17 19 16 15 17 14 13 15 12 11 13 10 9 11 26 25 27 24 23 25 22 21 23 20 19 21 18 17 19 16 15 17 14 13 15 12 11 13 28 27 29 26 25 27 24 23 25 26 25 27 32 31 33 30 29 31 28 27 29 36 35 37 34 33 35 32 31 33 30 29 31 28 27 29 26 25 27 24 23 25 22 21 23 20 19 21 18 17 19 16 15 17 14 13 15 12 11 13 10 9 11 8 7 9 10 9 11 20 19 21 18 17 19 16 15 17 14 13 15 26 25 27 24 23 25 22 21 23 20 19 21 18 17 19 16 15 17 14 13 15 12 11 13 34 33 35 32 31 33 30 29 31 28 27 29 26 25 27 24 23 25 22 21 23 20 19 21 18 17 19 36 35 37 34 33 35 32 31 33 30 29 31 28 27 29 26 25 27 24 23 25 22 21 23 20 19 21 18 17 19 16 15 17 14 13 15 12 11 13 10 9 11 16 15 17 14 13 15 18 17 19 16 15 17 30 29 31 28 27 29 26 25 27 24 23 25 22 21 23 20 19 21 18 17 19 32 31 33 30 29 31 28 27 29 26 25 27 34 33 35 32 31 33 30 29 31 28 27 29 36 35 37 34 33 35 32 31 33 30 29 31 28 27 29 26 25 27 24 23 25 22 21 23 20 19 21 18 17 19 16 15 17 24 23 25 22 21 23 20 19 21 26 25 27 24 23 25 22 21 23 28 27 29 26 25 27
[23.717206s] A=259 K=481 i=5.077656633e+09) 37 35 33 31 29 27 25 23 21 19 17 15 13 11 9 7 5 3 1 36 35 37 34 33 35 32 31 33 30 29 31 28 27 29 26 25 27 24 23 25 22 21 23 20 19 21 18 17 19 16 15 17 14 13 15 12 11 13 10 9 11 8 7 9 6 5 7 4 3 5 2 1 3 0 1 34 33 35 32 31 33 30 29 31 28 27 29 26 25 27 24 23 25 22 21 23 20 19 21 18 17 19 16 15 17 14 13 15 12 11 13 10 9 11 8 7 9 6 5 7 4 3 5 2 1 3 36 35 37 34 33 35 32 31 33 30 29 31 28 27 29 26 25 27 24 23 25 22 21 23 20 19 21 18 17 19 16 15 17 14 13 15 12 11 13 10 9 11 8 7 9 6 5 7 4 3 5 2 1 3 32 31 33 30 29 31 28 27 29 26 25 27 24 23 25 22 21 23 20 19 21 18 17 19 16 15 17 14 13 15 12 11 13 10 9 11 8 7 9 6 5 7 4 3 5 36 35 37 34 33 35 32 31 33 30 29 31 28 27 29 26 25 27 24 23 25 22 21 23 20 19 21 18 17 19 16 15 17 14 13 15 12 11 13 10 9 11 8 7 9 6 5 7 4 3 5 30 29 31 28 27 29 26 25 27 24 23 25 22 21 23 20 19 21 18 17 19 16 15 17 14 13 15 12 11 13 10 9 11 8 7 9 6 5 7 34 33 35 32 31 33 30 29 31 28 27 29 26 25 27 24 23 25 22 21 23 20 19 21 18 17 19 16 15 17 14 13 15 12 11 13 10 9 11 8 7 9 6 5 7 28 27 29 26 25 27 24 23 25 22 21 23 20 19 21 18 17 19 16 15 17 14 13 15 12 11 13 10 9 11 8 7 9 18 17 19 16 15 17 20 19 21 22 21 23 24 23 25 22 21 23 20 19 21 18 17 19 16 15 17 14 13 15 12 11 13 26 25 27 24 23 25 22 21 23 20 19 21 18 17 19 16 15 17 14 13 15 12 11 13 10 9 11 28 27 29 26 25 27 24 23 25 36 35 37 34 33 35 32 31 33 30 29 31 28 27 29 26 25 27 24 23 25 22 21 23 20 19 21 18 17 19 16 15 17 14 13 15 12 11 13 10 9 11 8 7 9 20 19 21 18 17 19 16 15 17 14 13 15 32 31 33 30 29 31 28 27 29 26 25 27 24 23 25 22 21 23 20 19 21 18 17 19 16 15 17 18 17 19 34 33 35 32 31 33 30 29 31 28 27 29 26 25 27 24 23 25 22 21 23 20 19 21 28 27 29 30 29 31 32 31 33 36 35 37 34 33 35 32 31 33 30 29 31 28 27 29 26 25 27 24 23 25 22 21 23 20 19 21 18 17 19 16 15 17 14 13 15 12 11 13 10 9 11 14 13 15 12 11 13 16 15 17 18 17 19 16 15 17 14 13 15 28 27 29 26 25 27 24 23 25 30 29 31 28 27 29 26 25 27 36 35 37 34 33 35 32 31 33 30 29 31 28 27 29 26 25 27 24 23 25 22 21 23 20 19 21 18 17 19 16 15 17 22 21 23 20 19 21 18 17 19 24 23 25 34 33 35 32 31 33 30 29 31 28 27 29 26 25 27 24 23 25 22 21 23 20 19 21 22 21 23 24 23 25 26 25 27 28 27 29
[23.718443s] A=259 K=481 i=5.077832474e+09) 37 35 33 31 29 27 25 23 21 19 17 15 13 11 9 7 5 3 1 36 35 37 34 33 35 32 31 33 30 29 31 28 27 29 26 25 27 24 23 25 22 21 23 20 19 21 18 17 19 16 15 17 14 13 15 12 11 13 10 9 11 8 7 9 6 5 7 4 3 5 2 1 3 0 1 34 33 35 32 31 33 30 29 31 28 27 29 26 25 27 24 23 25 22 21 23 20 19 21 18 17 19 16 15 17 14 13 15 12 11 13 10 9 11 8 7 9 6 5 7 4 3 5 2 1 3 36 35 37 34 33 35 32 31 33 30 29 31 28 27 29 26 25 27 24 23 25 22 21 23 20 19 21 18 17 19 16 15 17 14 13 15 12 11 13 10 9 11 8 7 9 6 5 7 4 3 5 2 1 3 32 31 33 30 29 31 28 27 29 26 25 27 24 23 25 22 21 23 20 19 21 18 17 19 16 15 17 14 13 15 12 11 13 10 9 11 8 7 9 6 5 7 4 3 5 36 35 37 34 33 35 32 31 33 30 29 31 28 27 29 26 25 27 24 23 25 22 21 23 20 19 21 18 17 19 16 15 17 14 13 15 12 11 13 10 9 11 8 7 9 6 5 7 4 3 5 30 29 31 28 27 29 26 25 27 24 23 25 22 21 23 20 19 21 18 17 19 16 15 17 14 13 15 12 11 13 10 9 11 8 7 9 6 5 7 34 33 35 32 31 33 30 29 31 28 27 29 26 25 27 24 23 25 22 21 23 20 19 21 18 17 19 16 15 17 14 13 15 12 11 13 10 9 11 8 7 9 6 5 7 28 27 29 26 25 27 24 23 25 22 21 23 20 19 21 18 17 19 16 15 17 14 13 15 12 11 13 10 9 11 8 7 9 18 17 19 16 15 17 20 19 21 22 21 23 24 23 25 22 21 23 20 19 21 18 17 19 16 15 17 14 13 15 12 11 13 26 25 27 24 23 25 22 21 23 20 19 21 18 17 19 16 15 17 14 13 15 12 11 13 10 9 11 28 27 29 26 25 27 24 23 25 32 31 33 30 29 31 28 27 29 26 25 27 36 35 37 34 33 35 32 31 33 30 29 31 28 27 29 26 25 27 24 23 25 22 21 23 20 19 21 18 17 19 16 15 17 14 13 15 12 11 13 10 9 11 8 7 9 20 19 21 18 17 19 16 15 17 24 23 25 22 21 23 20 19 21 18 17 19 26 25 27 34 33 35 32 31 33 30 29 31 28 27 29 30 29 31 32 31 33 36 35 37 34 33 35 32 31 33 30 29 31 28 27 29 26 25 27 24 23 25 22 21 23 20 19 21 18 17 19 16 15 17 14 13 15 12 11 13 10 9 11 16 15 17 14 13 15 12 11 13 14 13 15 18 17 19 16 15 17 26 25 27 24 23 25 22 21 23 20 19 21 18 17 19 16 15 17 14 13 15 28 27 29 26 25 27 30 29 31 28 27 29 36 35 37 34 33 35 32 31 33 30 29 31 28 27 29 26 25 27 24 23 25 22 21 23 20 19 21 18 17 19 16 15 17 24 23 25 22 21 23 20 19 21 18 17 19 26 25 27 24 23 25 22 21 23 20 19 21 34 33 35 32 31 33 30 29 31 28 27 29 26 25 27 24 23 25 22 21 23 30 29 31 28 27 29 26 25 27
[23.718528s] A=259 K=481 i=5.077835755e+09) 37 35 33 31 29 27 25 23 21 19 17 15 13 11 9 7 5 3 1 36 35 37 34 33 35 32 31 33 30 29 31 28 27 29 26 25 27 24 23 25 22 21 23 20 19 21 18 17 19 16 15 17 14 13 15 12 11 13 10 9 11 8 7 9 6 5 7 4 3 5 2 1 3 0 1 34 33 35 32 31 33 30 29 31 28 27 29 26 25 27 24 23 25 22 21 23 20 19 21 18 17 19 16 15 17 14 13 15 12 11 13 10 9 11 8 7 9 6 5 7 4 3 5 2 1 3 36 35 37 34 33 35 32 31 33 30 29 31 28 27 29 26 25 27 24 23 25 22 21 23 20 19 21 18 17 19 16 15 17 14 13 15 12 11 13 10 9 11 8 7 9 6 5 7 4 3 5 2 1 3 32 31 33 30 29 31 28 27 29 26 25 27 24 23 25 22 21 23 20 19 21 18 17 19 16 15 17 14 13 15 12 11 13 10 9 11 8 7 9 6 5 7 4 3 5 36 35 37 34 33 35 32 31 33 30 29 31 28 27 29 26 25 27 24 23 25 22 21 23 20 19 21 18 17 19 16 15 17 14 13 15 12 11 13 10 9 11 8 7 9 6 5 7 4 3 5 30 29 31 28 27 29 26 25 27 24 23 25 22 21 23 20 19 21 18 17 19 16 15 17 14 13 15 12 11 13 10 9 11 8 7 9 6 5 7 34 33 35 32 31 33 30 29 31 28 27 29 26 25 27 24 23 25 22 21 23 20 19 21 18 17 19 16 15 17 14 13 15 12 11 13 10 9 11 8 7 9 6 5 7 28 27 29 26 25 27 24 23 25 22 21 23 20 19 21 18 17 19 16 15 17 14 13 15 12 11 13 10 9 11 8 7 9 18 17 19 16 15 17 20 19 21 22 21 23 24 23 25 22 21 23 20 19 21 18 17 19 16 15 17 14 13 15 12 11 13 26 25 27 24 23 25 22 21 23 20 19 21 18 17 19 16 15 17 14 13 15 12 11 13 10 9 11 28 27 29 26 25 27 24 23 25 32 31 33 30 29 31 28 27 29 26 25 27 36 35 37 34 33 35 32 31 33 30 29 31 28 27 29 26 25 27 24 23 25 22 21 23 20 19 21 18 17 19 16 15 17 14 13 15 12 11 13 10 9 11 8 7 9 20 19 21 18 17 19 16 15 17 24 23 25 22 21 23 20 19 21 18 17 19 26 25 27 30 29 31 34 33 35 32 31 33 36 35 37 34 33 35 32 31 33 30 29 31 28 27 29 26 25 27 24 23 25 22 21 23 20 19 21 18 17 19 16 15 17 14 13 15 12 11 13 10 9 11 16 15 17 14 13 15 12 11 13 14 13 15 18 17 19 16 15 17 30 29 31 28 27 29 26 25 27 24 23 25 22 21 23 20 19 21 18 17 19 16 15 17 14 13 15 28 27 29 26 25 27 32 31 33 30 29 31 28 27 29 34 33 35 32 31 33 30 29 31 36 35 37 34 33 35 32 31 33 30 29 31 28 27 29 26 25 27 24 23 25 22 21 23 20 19 21 18 17 19 16 15 17 24 23 25 22 21 23 20 19 21 18 17 19 26 25 27 24 23 25 22 21 23 20 19 21 28 27 29 26 25 27 24 23 25 22 21 23 30 29 31 28 27 29 26 25 27
[23.719614s] A=259 K=481 i=5.078002846e+09) 37 35 33 31 29 27 25 23 21 19 17 15 13 11 9 7 5 3 1 36 35 37 34 33 35 32 31 33 30 29 31 28 27 29 26 25 27 24 23 25 22 21 23 20 19 21 18 17 19 16 15 17 14 13 15 12 11 13 10 9 11 8 7 9 6 5 7 4 3 5 2 1 3 0 1 34 33 35 32 31 33 30 29 31 28 27 29 26 25 27 24 23 25 22 21 23 20 19 21 18 17 19 16 15 17 14 13 15 12 11 13 10 9 11 8 7 9 6 5 7 4 3 5 2 1 3 36 35 37 34 33 35 32 31 33 30 29 31 28 27 29 26 25 27 24 23 25 22 21 23 20 19 21 18 17 19 16 15 17 14 13 15 12 11 13 10 9 11 8 7 9 6 5 7 4 3 5 2 1 3 32 31 33 30 29 31 28 27 29 26 25 27 24 23 25 22 21 23 20 19 21 18 17 19 16 15 17 14 13 15 12 11 13 10 9 11 8 7 9 6 5 7 4 3 5 36 35 37 34 33 35 32 31 33 30 29 31 28 27 29 26 25 27 24 23 25 22 21 23 20 19 21 18 17 19 16 15 17 14 13 15 12 11 13 10 9 11 8 7 9 6 5 7 4 3 5 30 29 31 28 27 29 26 25 27 24 23 25 22 21 23 20 19 21 18 17 19 16 15 17 14 13 15 12 11 13 10 9 11 8 7 9 6 5 7 34 33 35 32 31 33 30 29 31 28 27 29 26 25 27 24 23 25 22 21 23 20 19 21 18 17 19 16 15 17 14 13 15 12 11 13 10 9 11 8 7 9 6 5 7 28 27 29 26 25 27 24 23 25 22 21 23 20 19 21 18 17 19 16 15 17 14 13 15 12 11 13 10 9 11 8 7 9 18 17 19 16 15 17 20 19 21 22 21 23 24 23 25 22 21 23 20 19 21 18 17 19 16 15 17 14 13 15 12 11 13 26 25 27 24 23 25 22 21 23 20 19 21 18 17 19 16 15 17 14 13 15 12 11 13 10 9 11 28 27 29 26 25 27 24 23 25 32 31 33 30 29 31 36 35 37 34 33 35 32 31 33 30 29 31 28 27 29 26 25 27 24 23 25 22 21 23 20 19 21 18 17 19 16 15 17 14 13 15 12 11 13 10 9 11 8 7 9 20 19 21 18 17 19 16 15 17 28 27 29 26 25 27 24 23 25 22 21 23 20 19 21 18 17 19 30 29 31 34 33 35 32 31 33 36 35 37 34 33 35 32 31 33 30 29 31 28 27 29 26 25 27 24 23 25 22 21 23 20 19 21 18 17 19 16 15 17 14 13 15 12 11 13 10 9 11 16 15 17 14 13 15 12 11 13 14 13 15 18 17 19 16 15 17 28 27 29 26 25 27 30 29 31 28 27 29 26 25 27 24 23 25 22 21 23 20 19 21 18 17 19 16 15 17 14 13 15 32 31 33 30 29 31 34 33 35 32 31 33 36 35 37 34 33 35 32 31 33 30 29 31 28 27 29 26 25 27 24 23 25 22 21 23 20 19 21 18 17 19 16 15 17 24 23 25 22 21 23 20 19 21 18 17 19 28 27 29 26 25 27 24 23 25 22 21 23 20 19 21 30 29 31 28 27 29 26 25 27 24 23 25 22 21 23 32 31 33 30 29 31 28 27 29 26 25 27
[23.719689s] A=259 K=481 i=5.07800441e+09) 37 35 33 31 29 27 25 23 21 19 17 15 13 11 9 7 5 3 1 36 35 37 34 33 35 32 31 33 30 29 31 28 27 29 26 25 27 24 23 25 22 21 23 20 19 21 18 17 19 16 15 17 14 13 15 12 11 13 10 9 11 8 7 9 6 5 7 4 3 5 2 1 3 0 1 34 33 35 32 31 33 30 29 31 28 27 29 26 25 27 24 23 25 22 21 23 20 19 21 18 17 19 16 15 17 14 13 15 12 11 13 10 9 11 8 7 9 6 5 7 4 3 5 2 1 3 36 35 37 34 33 35 32 31 33 30 29 31 28 27 29 26 25 27 24 23 25 22 21 23 20 19 21 18 17 19 16 15 17 14 13 15 12 11 13 10 9 11 8 7 9 6 5 7 4 3 5 2 1 3 32 31 33 30 29 31 28 27 29 26 25 27 24 23 25 22 21 23 20 19 21 18 17 19 16 15 17 14 13 15 12 11 13 10 9 11 8 7 9 6 5 7 4 3 5 36 35 37 34 33 35 32 31 33 30 29 31 28 27 29 26 25 27 24 23 25 22 21 23 20 19 21 18 17 19 16 15 17 14 13 15 12 11 13 10 9 11 8 7 9 6 5 7 4 3 5 30 29 31 28 27 29 26 25 27 24 23 25 22 21 23 20 19 21 18 17 19 16 15 17 14 13 15 12 11 13 10 9 11 8 7 9 6 5 7 34 33 35 32 31 33 30 29 31 28 27 29 26 25 27 24 23 25 22 21 23 20 19 21 18 17 19 16 15 17 14 13 15 12 11 13 10 9 11 8 7 9 6 5 7 28 27 29 26 25 27 24 23 25 22 21 23 20 19 21 18 17 19 16 15 17 14 13 15 12 11 13 10 9 11 8 7 9 18 17 19 16 15 17 20 19 21 22 21 23 24 23 25 22 21 23 20 19 21 18 17 19 16 15 17 14 13 15 12 11 13 26 25 27 24 23 25 22 21 23 20 19 21 18 17 19 16 15 17 14 13 15 12 11 13 10 9 11 28 27 29 26 25 27 24 23 25 32 31 33 30 29 31 36 35 37 34 33 35 32 31 33 30 29 31 28 27 29 26 25 27 24 23 25 22 21 23 20 19 21 18 17 19 16 15 17 14 13 15 12 11 13 10 9 11 8 7 9 20 19 21 18 17 19 16 15 17 28 27 29 26 25 27 24 23 25 22 21 23 20 19 21 18 17 19 26 25 27 30 29 31 34 33 35 32 31 33 30 29 31 28 27 29 36 35 37 34 33 35 32 31 33 30 29 31 28 27 29 26 25 27 24 23 25 22 21 23 20 19 21 18 17 19 16 15 17 14 13 15 12 11 13 10 9 11 16 15 17 14 13 15 12 11 13 14 13 15 18 17 19 16 15 17 26 25 27 24 23 25 22 21 23 20 19 21 18 17 19 16 15 17 14 13 15 28 27 29 26 25 27 32 31 33 30 29 31 28 27 29 34 33 35 32 31 33 30 29 31 36 35 37 34 33 35 32 31 33 30 29 31 28 27 29 26 25 27 24 23 25 22 21 23 20 19 21 18 17 19 16 15 17 24 23 25 22 21 23 20 19 21 18 17 19 26 25 27 24 23 25 22 21 23 20 19 21 28 27 29 26 25 27 24 23 25 22 21 23 30 29 31 28 27 29 26 25 27
[23.725406s] A=259 K=481 i=5.079225317e+09) 37 35 33 31 29 27 25 23 21 19 17 15 13 11 9 7 5 3 1 36 35 37 34 33 35 32 31 33 30 29 31 28 27 29 26 25 27 24 23 25 22 21 23 20 19 21 18 17 19 16 15 17 14 13 15 12 11 13 10 9 11 8 7 9 6 5 7 4 3 5 2 1 3 0 1 34 33 35 32 31 33 30 29 31 28 27 29 26 25 27 24 23 25 22 21 23 20 19 21 18 17 19 16 15 17 14 13 15 12 11 13 10 9 11 8 7 9 6 5 7 4 3 5 2 1 3 36 35 37 34 33 35 32 31 33 30 29 31 28 27 29 26 25 27 24 23 25 22 21 23 20 19 21 18 17 19 16 15 17 14 13 15 12 11 13 10 9 11 8 7 9 6 5 7 4 3 5 2 1 3 32 31 33 30 29 31 28 27 29 26 25 27 24 23 25 22 21 23 20 19 21 18 17 19 16 15 17 14 13 15 12 11 13 10 9 11 8 7 9 6 5 7 4 3 5 36 35 37 34 33 35 32 31 33 30 29 31 28 27 29 26 25 27 24 23 25 22 21 23 20 19 21 18 17 19 16 15 17 14 13 15 12 11 13 10 9 11 8 7 9 6 5 7 4 3 5 30 29 31 28 27 29 26 25 27 24 23 25 22 21 23 20 19 21 18 17 19 16 15 17 14 13 15 12 11 13 10 9 11 8 7 9 6 5 7 34 33 35 32 31 33 30 29 31 28 27 29 26 25 27 24 23 25 22 21 23 20 19 21 18 17 19 16 15 17 14 13 15 12 11 13 10 9 11 8 7 9 6 5 7 28 27 29 26 25 27 24 23 25 22 21 23 20 19 21 18 17 19 16 15 17 14 13 15 12 11 13 10 9 11 8 7 9 18 17 19 16 15 17 20 19 21 22 21 23 24 23 25 22 21 23 20 19 21 18 17 19 16 15 17 14 13 15 12 11 13 26 25 27 24 23 25 22 21 23 20 19 21 18 17 19 16 15 17 14 13 15 12 11 13 10 9 11 28 27 29 26 25 27 24 23 25 30 29 31 32 31 33 34 33 35 36 35 37 34 33 35 32 31 33 30 29 31 28 27 29 26 25 27 24 23 25 22 21 23 20 19 21 18 17 19 16 15 17 14 13 15 12 11 13 10 9 11 8 7 9 20 19 21 18 17 19 16 15 17 14 13 15 30 29 31 28 27 29 26 25 27 24 23 25 22 21 23 20 19 21 18 17 19 16 15 17 18 17 19 32 31 33 30 29 31 28 27 29 26 25 27 24 23 25 22 21 23 20 19 21 28 27 29 26 25 27 24 23 25 30 29 31 32 31 33 34 33 35 32 31 33 30 29 31 28 27 29 26 25 27 30 29 31 28 27 29 36 35 37 34 33 35 32 31 33 30 29 31 28 27 29 26 25 27 24 23 25 22 21 23 20 19 21 18 17 19 16 15 17 14 13 15 12 11 13 10 9 11 14 13 15 12 11 13 16 15 17 18 17 19 16 15 17 14 13 15 24 23 25 22 21 23 20 19 21 18 17 19 16 15 17 22 21 23 20 19 21 18 17 19 26 25 27 24 23 25 28 27 29 34 33 35 32 31 33 30 29 31 28 27 29 26 25 27 24 23 25 22 21 23 20 19 21 22 21 23 24 23 25 26 25 27 28 27 29
[23.725759s] A=259 K=481 i=5.079328619e+09) 37 35 33 31 29 27 25 23 21 19 17 15 13 11 9 7 5 3 1 36 35 37 34 33 35 32 31 33 30 29 31 28 27 29 26 25 27 24 23 25 22 21 23 20 19 21 18 17 19 16 15 17 14 13 15 12 11 13 10 9 11 8 7 9 6 5 7 4 3 5 2 1 3 0 1 34 33 35 32 31 33 30 29 31 28 27 29 26 25 27 24 23 25 22 21 23 20 19 21 18 17 19 16 15 17 14 13 15 12 11 13 10 9 11 8 7 9 6 5 7 4 3 5 2 1 3 36 35 37 34 33 35 32 31 33 30 29 31 28 27 29 26 25 27 24 23 25 22 21 23 20 19 21 18 17 19 16 15 17 14 13 15 12 11 13 10 9 11 8 7 9 6 5 7 4 3 5 2 1 3 32 31 33 30 29 31 28 27 29 26 25 27 24 23 25 22 21 23 20 19 21 18 17 19 16 15 17 14 13 15 12 11 13 10 9 11 8 7 9 6 5 7 4 3 5 36 35 37 34 33 35 32 31 33 30 29 31 28 27 29 26 25 27 24 23 25 22 21 23 20 19 21 18 17 19 16 15 17 14 13 15 12 11 13 10 9 11 8 7 9 6 5 7 4 3 5 30 29 31 28 27 29 26 25 27 24 23 25 22 21 23 20 19 21 18 17 19 16 15 17 14 13 15 12 11 13 10 9 11 8 7 9 6 5 7 34 33 35 32 31 33 30 29 31 28 27 29 26 25 27 24 23 25 22 21 23 20 19 21 18 17 19 16 15 17 14 13 15 12 11 13 10 9 11 8 7 9 6 5 7 28 27 29 26 25 27 24 23 25 22 21 23 20 19 21 18 17 19 16 15 17 14 13 15 12 11 13 10 9 11 8 7 9 18 17 19 16 15 17 20 19 21 22 21 23 24 23 25 22 21 23 20 19 21 18 17 19 16 15 17 14 13 15 12 11 13 26 25 27 24 23 25 22 21 23 20 19 21 18 17 19 16 15 17 14 13 15 12 11 13 10 9 11 28 27 29 26 25 27 24 23 25 26 25 27 32 31 33 30 29 31 28 27 29 36 35 37 34 33 35 32 31 33 30 29 31 28 27 29 26 25 27 24 23 25 22 21 23 20 19 21 18 17 19 16 15 17 14 13 15 12 11 13 10 9 11 8 7 9 20 19 21 18 17 19 16 15 17 26 25 27 24 23 25 22 21 23 20 19 21 18 17 19 34 33 35 32 31 33 30 29 31 36 35 37 34 33 35 32 31 33 30 29 31 28 27 29 26 25 27 24 23 25 22 21 23 20 19 21 18 17 19 16 15 17 14 13 15 12 11 13 10 9 11 16 15 17 14 13 15 12 11 13 14 13 15 18 17 19 16 15 17 28 27 29 26 25 27 24 23 25 22 21 23 20 19 21 18 17 19 16 15 17 14 13 15 30 29 31 28 27 29 26 25 27 32 31 33 30 29 31 28 27 29 34 33 35 32 31 33 30 29 31 36 35 37 34 33 35 32 31 33 30 29 31 28 27 29 26 25 27 24 23 25 22 21 23 20 19 21 18 17 19 16 15 17 24 23 25 22 21 23 20 19 21 18 17 19 26 25 27 24 23 25 22 21 23 20 19 21 28 27 29 26 25 27 24 23 25 22 21 23 30 29 31 28 27 29 26 25 27
[23.725820s] A=259 K=481 i=5.079337121e+09) 37 35 33 31 29 27 25 23 21 19 17 15 13 11 9 7 5 3 1 36 35 37 34 33 35 32 31 33 30 29 31 28 27 29 26 25 27 24 23 25 22 21 23 20 19 21 18 17 19 16 15 17 14 13 15 12 11 13 10 9 11 8 7 9 6 5 7 4 3 5 2 1 3 0 1 34 33 35 32 31 33 30 29 31 28 27 29 26 25 27 24 23 25 22 21 23 20 19 21 18 17 19 16 15 17 14 13 15 12 11 13 10 9 11 8 7 9 6 5 7 4 3 5 2 1 3 36 35 37 34 33 35 32 31 33 30 29 31 28 27 29 26 25 27 24 23 25 22 21 23 20 19 21 18 17 19 16 15 17 14 13 15 12 11 13 10 9 11 8 7 9 6 5 7 4 3 5 2 1 3 32 31 33 30 29 31 28 27 29 26 25 27 24 23 25 22 21 23 20 19 21 18 17 19 16 15 17 14 13 15 12 11 13 10 9 11 8 7 9 6 5 7 4 3 5 36 35 37 34 33 35 32 31 33 30 29 31 28 27 29 26 25 27 24 23 25 22 21 23 20 19 21 18 17 19 16 15 17 14 13 15 12 11 13 10 9 11 8 7 9 6 5 7 4 3 5 30 29 31 28 27 29 26 25 27 24 23 25 22 21 23 20 19 21 18 17 19 16 15 17 14 13 15 12 11 13 10 9 11 8 7 9 6 5 7 34 33 35 32 31 33 30 29 31 28 27 29 26 25 27 24 23 25 22 21 23 20 19 21 18 17 19 16 15 17 14 13 15 12 11 13 10 9 11 8 7 9 6 5 7 28 27 29 26 25 27 24 23 25 22 21 23 20 19 21 18 17 19 16 15 17 14 13 15 12 11 13 10 9 11 8 7 9 18 17 19 16 15 17 20 19 21 22 21 23 24 23 25 22 21 23 20 19 21 18 17 19 16 15 17 14 13 15 12 11 13 26 25 27 24 23 25 22 21 23 20 19 21 18 17 19 16 15 17 14 13 15 12 11 13 10 9 11 28 27 29 26 25 27 24 23 25 26 25 27 32 31 33 30 29 31 28 27 29 36 35 37 34 33 35 32 31 33 30 29 31 28 27 29 26 25 27 24 23 25 22 21 23 20 19 21 18 17 19 16 15 17 14 13 15 12 11 13 10 9 11 8 7 9 14 13 15 20 19 21 18 17 19 16 15 17 26 25 27 24 23 25 22 21 23 20 19 21 18 17 19 16 15 17 14 13 15 34 33 35 32 31 33 30 29 31 28 27 29 26 25 27 24 23 25 22 21 23 20 19 21 18 17 19 36 35 37 34 33 35 32 31 33 30 29 31 28 27 29 26 25 27 24 23 25 22 21 23 20 19 21 18 17 19 16 15 17 14 13 15 12 11 13 10 9 11 12 11 13 14 13 15 16 15 17 14 13 15 18 17 19 16 15 17 30 29 31 28 27 29 26 25 27 24 23 25 22 21 23 20 19 21 18 17 19 32 31 33 30 29 31 28 27 29 26 25 27 34 33 35 32 31 33 30 29 31 28 27 29 36 35 37 34 33 35 32 31 33 30 29 31 28 27 29 26 25 27 24 23 25 22 21 23 20 19 21 18 17 19 16 15 17 24 23 25 22 21 23 20 19 21 26 25 27 24 23 25 22 21 23 28 27 29 26 25 27
[23.727005s] A=259 K=481 i=5.079704543e+09) 37 35 33 31 29 27 25 23 21 19 17 15 13 11 9 7 5 3 1 36 35 37 34 33 35 32 31 33 30 29 31 28 27 29 26 25 27 24 23 25 22 21 23 20 19 21 18 17 19 16 15 17 14 13 15 12 11 13 10 9 11 8 7 9 6 5 7 4 3 5 2 1 3 0 1 34 33 35 32 31 33 30 29 31 28 27 29 26 25 27 24 23 25 22 21 23 20 19 21 18 17 19 16 15 17 14 13 15 12 11 13 10 9 11 8 7 9 6 5 7 4 3 5 2 1 3 36 35 37 34 33 35 32 31 33 30 29 31 28 27 29 26 25 27 24 23 25 22 21 23 20 19 21 18 17 19 16 15 17 14 13 15 12 11 13 10 9 11 8 7 9 6 5 7 4 3 5 2 1 3 32 31 33 30 29 31 28 27 29 26 25 27 24 23 25 22 21 23 20 19 21 18 17 19 16 15 17 14 13 15 12 11 13 10 9 11 8 7 9 6 5 7 4 3 5 36 35 37 34 33 35 32 31 33 30 29 31 28 27 29 26 25 27 24 23 25 22 21 23 20 19 21 18 17 19 16 15 17 14 13 15 12 11 13 10 9 11 8 7 9 6 5 7 4 3 5 30 29 31 28 27 29 26 25 27 24 23 25 22 21 23 20 19 21 18 17 19 16 15 17 14 13 15 12 11 13 10 9 11 8 7 9 6 5 7 34 33 35 32 31 33 30 29 31 28 27 29 26 25 27 24 23 25 22 21 23 20 19 21 18 17 19 16 15 17 14 13 15 12 11 13 10 9 11 8 7 9 6 5 7 28 27 29 26 25 27 24 23 25 22 21 23 20 19 21 18 17 19 16 15 17 14 13 15 12 11 13 10 9 11 8 7 9 18 17 19 16 15 17 20 19 21 22 21 23 24 23 25 22 21 23 20 19 21 18 17 19 16 15 17 14 13 15 12 11 13 26 25 27 24 23 25 22 21 23 20 19 21 18 17 19 16 15 17 14 13 15 12 11 13 10 9 11 28 27 29 26 25 27 32 31 33 30 29 31 36 35 37 34 33 35 32 31 33 30 29 31 28 27 29 26 25 27 24 23 25 22 21 23 20 19 21 18 17 19 16 15 17 14 13 15 12 11 13 10 9 11 8 7 9 20 19 21 18 17 19 16 15 17 24 23 25 26 25 27 28 27 29 26 25 27 24 23 25 22 21 23 20 19 21 18 17 19 30 29 31 34 33 35 32 31 33 30 29 31 28 27 29 36 35 37 34 33 35 32 31 33 30 29 31 28 27 29 26 25 27 24 23 25 22 21 23 20 19 21 18 17 19 16 15 17 14 13 15 12 11 13 10 9 11 16 15 17 14 13 15 12 11 13 14 13 15 18 17 19 16 15 17 26 25 27 24 23 25 22 21 23 20 19 21 18 17 19 16 15 17 14 13 15 28 27 29 26 25 27 32 31 33 30 29 31 28 27 29 36 35 37 34 33 35 32 31 33 30 29 31 28 27 29 26 25 27 24 23 25 22 21 23 20 19 21 18 17 19 16 15 17 24 23 25 22 21 23 20 19 21 18 17 19 26 25 27 24 23 25 22 21 23 20 19 21 34 33 35 32 31 33 30 29 31 28 27 29 26 25 27 24 23 25 22 21 23 30 29 31 28 27 29 26 25 27
[23.730650s] A=259 K=481 i=5.080856684e+09) 37 35 33 31 29 27 25 23 21 19 17 15 13 11 9 7 5 3 1 36 35 37 34 33 35 32 31 33 30 29 31 28 27 29 26 25 27 24 23 25 22 21 23 20 19 21 18 17 19 16 15 17 14 13 15 12 11 13 10 9 11 8 7 9 6 5 7 4 3 5 2 1 3 0 1 34 33 35 32 31 33 30 29 31 28 27 29 26 25 27 24 23 25 22 21 23 20 19 21 18 17 19 16 15 17 14 13 15 12 11 13 10 9 11 8 7 9 6 5 7 4 3 5 2 1 3 36 35 37 34 33 35 32 31 33 30 29 31 28 27 29 26 25 27 24 23 25 22 21 23 20 19 21 18 17 19 16 15 17 14 13 15 12 11 13 10 9 11 8 7 9 6 5 7 4 3 5 2 1 3 32 31 33 30 29 31 28 27 29 26 25 27 24 23 25 22 21 23 20 19 21 18 17 19 16 15 17 14 13 15 12 11 13 10 9 11 8 7 9 6 5 7 4 3 5 36 35 37 34 33 35 32 31 33 30 29 31 28 27 29 26 25 27 24 23 25 22 21 23 20 19 21 18 17 19 16 15 17 14 13 15 12 11 13 10 9 11 8 7 9 6 5 7 4 3 5 30 29 31 28 27 29 26 25 27 24 23 25 22 21 23 20 19 21 18 17 19 16 15 17 14 13 15 12 11 13 10 9 11 8 7 9 6 5 7 34 33 35 32 31 33 30 29 31 28 27 29 26 25 27 24 23 25 22 21 23 20 19 21 18 17 19 16 15 17 14 13 15 12 11 13 10 9 11 8 7 9 6 5 7 28 27 29 26 25 27 24 23 25 22 21 23 20 19 21 18 17 19 16 15 17 14 13 15 12 11 13 10 9 11 8 7 9 18 17 19 16 15 17 20 19 21 22 21 23 24 23 25 22 21 23 20 19 21 18 17 19 16 15 17 14 13 15 12 11 13 26 25 27 24 23 25 22 21 23 20 19 21 18 17 19 16 15 17 14 13 15 12 11 13 10 9 11 28 27 29 36 35 37 34 33 35 32 31 33 30 29 31 28 27 29 26 25 27 24 23 25 22 21 23 20 19 21 18 17 19 16 15 17 14 13 15 12 11 13 10 9 11 8 7 9 20 19 21 18 17 19 16 15 17 14 13 15 26 25 27 24 23 25 32 31 33 30 29 31 28 27 29 26 25 27 24 23 25 22 21 23 20 19 21 18 17 19 16 15 17 28 27 29 30 29 31 34 33 35 32 31 33 30 29 31 28 27 29 26 25 27 24 23 25 22 21 23 20 19 21 18 17 19 36 35 37 34 33 35 32 31 33 30 29 31 28 27 29 26 25 27 24 23 25 22 21 23 20 19 21 18 17 19 16 15 17 14 13 15 12 11 13 10 9 11 14 13 15 12 11 13 16 15 17 14 13 15 18 17 19 16 15 17 28 27 29 26 25 27 36 35 37 34 33 35 32 31 33 30 29 31 28 27 29 26 25 27 24 23 25 22 21 23 20 19 21 18 17 19 16 15 17 24 23 25 22 21 23 20 19 21 18 17 19 32 31 33 30 29 31 34 33 35 32 31 33 30 29 31 28 27 29 26 25 27 24 23 25 22 21 23 20 19 21 28 27 29 26 25 27 24 23 25 22 21 23 26 25 27 30 29 31 28 27 29
[23.736846s] A=259 K=481 i=5.082297909e+09) 37 35 33 31 29 27 25 23 21 19 17 15 13 11 9 7 5 3 1 36 35 37 34 33 35 32 31 33 30 29 31 28 27 29 26 25 27 24 23 25 22 21 23 20 19 21 18 17 19 16 15 17 14 13 15 12 11 13 10 9 11 8 7 9 6 5 7 4 3 5 2 1 3 0 1 34 33 35 32 31 33 30 29 31 28 27 29 26 25 27 24 23 25 22 21 23 20 19 21 18 17 19 16 15 17 14 13 15 12 11 13 10 9 11 8 7 9 6 5 7 4 3 5 2 1 3 36 35 37 34 33 35 32 31 33 30 29 31 28 27 29 26 25 27 24 23 25 22 21 23 20 19 21 18 17 19 16 15 17 14 13 15 12 11 13 10 9 11 8 7 9 6 5 7 4 3 5 2 1 3 32 31 33 30 29 31 28 27 29 26 25 27 24 23 25 22 21 23 20 19 21 18 17 19 16 15 17 14 13 15 12 11 13 10 9 11 8 7 9 6 5 7 4 3 5 36 35 37 34 33 35 32 31 33 30 29 31 28 27 29 26 25 27 24 23 25 22 21 23 20 19 21 18 17 19 16 15 17 14 13 15 12 11 13 10 9 11 8 7 9 6 5 7 4 3 5 30 29 31 28 27 29 26 25 27 24 23 25 22 21 23 20 19 21 18 17 19 16 15 17 14 13 15 12 11 13 10 9 11 8 7 9 6 5 7 34 33 35 32 31 33 30 29 31 28 27 29 26 25 27 24 23 25 22 21 23 20 19 21 18 17 19 16 15 17 14 13 15 12 11 13 10 9 11 8 7 9 6 5 7 28 27 29 26 25 27 24 23 25 22 21 23 20 19 21 18 17 19 16 15 17 14 13 15 12 11 13 10 9 11 8 7 9 18 17 19 16 15 17 20 19 21 22 21 23 24 23 25 22 21 23 20 19 21 18 17 19 16 15 17 14 13 15 12 11 13 26 25 27 24 23 25 22 21 23 20 19 21 18 17 19 16 15 17 14 13 15 12 11 13 10 9 11 28 27 29 30 29 31 32 31 33 34 33 35 36 35 37 34 33 35 32 31 33 30 29 31 28 27 29 26 25 27 24 23 25 22 21 23 20 19 21 18 17 19 16 15 17 14 13 15 12 11 13 10 9 11 8 7 9 20 19 21 18 17 19 16 15 17 14 13 15 26 25 27 24 23 25 30 29 31 28 27 29 26 25 27 24 23 25 22 21 23 20 19 21 18 17 19 16 15 17 28 27 29 30 29 31 32 31 33 30 29 31 28 27 29 26 25 27 24 23 25 22 21 23 20 19 21 18 17 19 26 25 27 34 33 35 32 31 33 30 29 31 28 27 29 36 35 37 34 33 35 32 31 33 30 29 31 28 27 29 26 25 27 24 23 25 22 21 23 20 19 21 18 17 19 16 15 17 14 13 15 12 11 13 10 9 11 14 13 15 12 11 13 16 15 17 14 13 15 18 17 19 16 15 17 26 25 27 24 23 25 22 21 23 20 19 21 18 17 19 16 15 17 24 23 25 22 21 23 20 19 21 18 17 19 28 27 29 32 31 33 30 29 31 34 33 35 32 31 33 30 29 31 28 27 29 26 25 27 24 23 25 22 21 23 20 19 21 28 27 29 26 25 27 24 23 25 22 21 23 26 25 27 30 29 31 28 27 29
[23.741486s] A=259 K=481 i=5.08305125e+09) 37 35 33 31 29 27 25 23 21 19 17 15 13 11 9 7 5 3 1 36 35 37 34 33 35 32 31 33 30 29 31 28 27 29 26 25 27 24 23 25 22 21 23 20 19 21 18 17 19 16 15 17 14 13 15 12 11 13 10 9 11 8 7 9 6 5 7 4 3 5 2 1 3 0 1 34 33 35 32 31 33 30 29 31 28 27 29 26 25 27 24 23 25 22 21 23 20 19 21 18 17 19 16 15 17 14 13 15 12 11 13 10 9 11 8 7 9 6 5 7 4 3 5 2 1 3 36 35 37 34 33 35 32 31 33 30 29 31 28 27 29 26 25 27 24 23 25 22 21 23 20 19 21 18 17 19 16 15 17 14 13 15 12 11 13 10 9 11 8 7 9 6 5 7 4 3 5 2 1 3 32 31 33 30 29 31 28 27 29 26 25 27 24 23 25 22 21 23 20 19 21 18 17 19 16 15 17 14 13 15 12 11 13 10 9 11 8 7 9 6 5 7 4 3 5 36 35 37 34 33 35 32 31 33 30 29 31 28 27 29 26 25 27 24 23 25 22 21 23 20 19 21 18 17 19 16 15 17 14 13 15 12 11 13 10 9 11 8 7 9 6 5 7 4 3 5 30 29 31 28 27 29 26 25 27 24 23 25 22 21 23 20 19 21 18 17 19 16 15 17 14 13 15 12 11 13 10 9 11 8 7 9 6 5 7 34 33 35 32 31 33 30 29 31 28 27 29 26 25 27 24 23 25 22 21 23 20 19 21 18 17 19 16 15 17 14 13 15 12 11 13 10 9 11 8 7 9 6 5 7 28 27 29 26 25 27 24 23 25 22 21 23 20 19 21 18 17 19 16 15 17 14 13 15 12 11 13 10 9 11 8 7 9 18 17 19 16 15 17 20 19 21 22 21 23 24 23 25 22 21 23 20 19 21 18 17 19 16 15 17 14 13 15 12 11 13 26 25 27 24 23 25 22 21 23 20 19 21 18 17 19 16 15 17 14 13 15 12 11 13 10 9 11 24 23 25 28 27 29 26 25 27 30 29 31 32 31 33 34 33 35 36 35 37 34 33 35 32 31 33 30 29 31 28 27 29 26 25 27 24 23 25 22 21 23 20 19 21 18 17 19 16 15 17 14 13 15 12 11 13 10 9 11 8 7 9 20 19 21 18 17 19 16 15 17 14 13 15 30 29 31 28 27 29 26 25 27 24 23 25 22 21 23 20 19 21 18 17 19 16 15 17 18 17 19 32 31 33 30 29 31 28 27 29 26 25 27 24 23 25 22 21 23 20 19 21 28 27 29 26 25 27 24 23 25 30 29 31 32 31 33 34 33 35 36 35 37 34 33 35 32 31 33 30 29 31 28 27 29 26 25 27 24 23 25 22 21 23 20 19 21 18 17 19 16 15 17 14 13 15 12 11 13 10 9 11 14 13 15 12 11 13 16 15 17 18 17 19 16 15 17 14 13 15 30 29 31 28 27 29 32 31 33 30 29 31 28 27 29 26 25 27 24 23 25 22 21 23 20 19 21 18 17 19 16 15 17 22 21 23 20 19 21 18 17 19 26 25 27 24 23 25 28 27 29 34 33 35 32 31 33 30 29 31 28 27 29 26 25 27 24 23 25 22 21 23 20 19 21 22 21 23 24 23 25 26 25 27 28 27 29
[23.768225s] A=259 K=481 i=5.090350591e+09) 37 35 33 31 29 27 25 23 21 19 17 15 13 11 9 7 5 3 1 36 35 37 34 33 35 32 31 33 30 29 31 28 27 29 26 25 27 24 23 25 22 21 23 20 19 21 18 17 19 16 15 17 14 13 15 12 11 13 10 9 11 8 7 9 6 5 7 4 3 5 2 1 3 0 1 34 33 35 32 31 33 30 29 31 28 27 29 26 25 27 24 23 25 22 21 23 20 19 21 18 17 19 16 15 17 14 13 15 12 11 13 10 9 11 8 7 9 6 5 7 4 3 5 2 1 3 36 35 37 34 33 35 32 31 33 30 29 31 28 27 29 26 25 27 24 23 25 22 21 23 20 19 21 18 17 19 16 15 17 14 13 15 12 11 13 10 9 11 8 7 9 6 5 7 4 3 5 2 1 3 32 31 33 30 29 31 28 27 29 26 25 27 24 23 25 22 21 23 20 19 21 18 17 19 16 15 17 14 13 15 12 11 13 10 9 11 8 7 9 6 5 7 4 3 5 36 35 37 34 33 35 32 31 33 30 29 31 28 27 29 26 25 27 24 23 25 22 21 23 20 19 21 18 17 19 16 15 17 14 13 15 12 11 13 10 9 11 8 7 9 6 5 7 4 3 5 30 29 31 28 27 29 26 25 27 24 23 25 22 21 23 20 19 21 18 17 19 16 15 17 14 13 15 12 11 13 10 9 11 8 7 9 6 5 7 34 33 35 32 31 33 30 29 31 28 27 29 26 25 27 24 23 25 22 21 23 20 19 21 18 17 19 16 15 17 14 13 15 12 11 13 10 9 11 8 7 9 6 5 7 28 27 29 26 25 27 24 23 25 22 21 23 20 19 21 18 17 19 16 15 17 14 13 15 12 11 13 10 9 11 8 7 9 18 17 19 16 15 17 20 19 21 22 21 23 24 23 25 22 21 23 20 19 21 18 17 19 16 15 17 14 13 15 12 11 13 26 25 27 24 23 25 22 21 23 20 19 21 18 17 19 16 15 17 14 13 15 30 29 31 28 27 29 26 25 27 24 23 25 32 31 33 30 29 31 28 27 29 26 25 27 28 27 29 34 33 35 32 31 33 30 29 31 36 35 37 34 33 35 32 31 33 30 29 31 28 27 29 26 25 27 24 23 25 22 21 23 20 19 21 18 17 19 16 15 17 14 13 15 12 11 13 10 9 11 8 7 9 12 11 13 10 9 11 20 19 21 18 17 19 16 15 17 14 13 15 24 23 25 22 21 23 20 19 21 18 17 19 16 15 17 18 17 19 26 25 27 28 27 29 26 25 27 24 23 25 22 21 23 20 19 21 36 35 37 34 33 35 32 31 33 30 29 31 28 27 29 26 25 27 24 23 25 22 21 23 20 19 21 18 17 19 16 15 17 14 13 15 12 11 13 10 9 11 14 13 15 12 11 13 16 15 17 18 17 19 16 15 17 14 13 15 28 27 29 32 31 33 30 29 31 34 33 35 32 31 33 30 29 31 28 27 29 26 25 27 24 23 25 22 21 23 20 19 21 18 17 19 16 15 17 22 21 23 20 19 21 18 17 19 28 27 29 26 25 27 24 23 25 22 21 23 20 19 21 30 29 31 28 27 29 26 25 27 24 23 25 22 21 23 24 23 25 36 35 37 34 33 35 32 31 33 30 29 31 28 27 29 26 25 27
[23.787182s] A=259 K=481 i=5.095065842e+09) 37 35 33 31 29 27 25 23 21 19 17 15 13 11 9 7 5 3 1 36 35 37 34 33 35 32 31 33 30 29 31 28 27 29 26 25 27 24 23 25 22 21 23 20 19 21 18 17 19 16 15 17 14 13 15 12 11 13 10 9 11 8 7 9 6 5 7 4 3 5 2 1 3 0 1 34 33 35 32 31 33 30 29 31 28 27 29 26 25 27 24 23 25 22 21 23 20 19 21 18 17 19 16 15 17 14 13 15 12 11 13 10 9 11 8 7 9 6 5 7 4 3 5 2 1 3 36 35 37 34 33 35 32 31 33 30 29 31 28 27 29 26 25 27 24 23 25 22 21 23 20 19 21 18 17 19 16 15 17 14 13 15 12 11 13 10 9 11 8 7 9 6 5 7 4 3 5 2 1 3 32 31 33 30 29 31 28 27 29 26 25 27 24 23 25 22 21 23 20 19 21 18 17 19 16 15 17 14 13 15 12 11 13 10 9 11 8 7 9 6 5 7 4 3 5 36 35 37 34 33 35 32 31 33 30 29 31 28 27 29 26 25 27 24 23 25 22 21 23 20 19 21 18 17 19 16 15 17 14 13 15 12 11 13 10 9 11 8 7 9 6 5 7 4 3 5 30 29 31 28 27 29 26 25 27 24 23 25 22 21 23 20 19 21 18 17 19 16 15 17 14 13 15 12 11 13 10 9 11 8 7 9 6 5 7 34 33 35 32 31 33 30 29 31 28 27 29 26 25 27 24 23 25 22 21 23 20 19 21 18 17 19 16 15 17 14 13 15 12 11 13 10 9 11 8 7 9 6 5 7 28 27 29 26 25 27 24 23 25 22 21 23 20 19 21 18 17 19 16 15 17 14 13 15 12 11 13 10 9 11 8 7 9 18 17 19 16 15 17 20 19 21 22 21 23 24 23 25 22 21 23 20 19 21 18 17 19 16 15 17 14 13 15 12 11 13 26 25 27 24 23 25 22 21 23 20 19 21 18 17 19 16 15 17 14 13 15 28 27 29 26 25 27 24 23 25 26 25 27 32 31 33 30 29 31 28 27 29 36 35 37 34 33 35 32 31 33 30 29 31 28 27 29 26 25 27 24 23 25 22 21 23 20 19 21 18 17 19 16 15 17 14 13 15 12 11 13 10 9 11 8 7 9 12 11 13 10 9 11 20 19 21 18 17 19 16 15 17 14 13 15 26 25 27 24 23 25 22 21 23 20 19 21 18 17 19 16 15 17 18 17 19 34 33 35 32 31 33 30 29 31 28 27 29 26 25 27 24 23 25 22 21 23 20 19 21 36 35 37 34 33 35 32 31 33 30 29 31 28 27 29 26 25 27 24 23 25 22 21 23 20 19 21 18 17 19 16 15 17 14 13 15 12 11 13 10 9 11 14 13 15 12 11 13 16 15 17 18 17 19 16 15 17 14 13 15 30 29 31 28 27 29 26 25 27 24 23 25 32 31 33 30 29 31 28 27 29 26 25 27 34 33 35 32 31 33 30 29 31 28 27 29 36 35 37 34 33 35 32 31 33 30 29 31 28 27 29 26 25 27 24 23 25 22 21 23 20 19 21 18 17 19 16 15 17 22 21 23 20 19 21 18 17 19 24 23 25 22 21 23 20 19 21 26 25 27 24 23 25 22 21 23 24 23 25 28 27 29 26 25 27
[23.787327s] A=259 K=481 i=5.095075101e+09) 37 35 33 31 29 27 25 23 21 19 17 15 13 11 9 7 5 3 1 36 35 37 34 33 35 32 31 33 30 29 31 28 27 29 26 25 27 24 23 25 22 21 23 20 19 21 18 17 19 16 15 17 14 13 15 12 11 13 10 9 11 8 7 9 6 5 7 4 3 5 2 1 3 0 1 34 33 35 32 31 33 30 29 31 28 27 29 26 25 27 24 23 25 22 21 23 20 19 21 18 17 19 16 15 17 14 13 15 12 11 13 10 9 11 8 7 9 6 5 7 4 3 5 2 1 3 36 35 37 34 33 35 32 31 33 30 29 31 28 27 29 26 25 27 24 23 25 22 21 23 20 19 21 18 17 19 16 15 17 14 13 15 12 11 13 10 9 11 8 7 9 6 5 7 4 3 5 2 1 3 32 31 33 30 29 31 28 27 29 26 25 27 24 23 25 22 21 23 20 19 21 18 17 19 16 15 17 14 13 15 12 11 13 10 9 11 8 7 9 6 5 7 4 3 5 36 35 37 34 33 35 32 31 33 30 29 31 28 27 29 26 25 27 24 23 25 22 21 23 20 19 21 18 17 19 16 15 17 14 13 15 12 11 13 10 9 11 8 7 9 6 5 7 4 3 5 30 29 31 28 27 29 26 25 27 24 23 25 22 21 23 20 19 21 18 17 19 16 15 17 14 13 15 12 11 13 10 9 11 8 7 9 6 5 7 34 33 35 32 31 33 30 29 31 28 27 29 26 25 27 24 23 25 22 21 23 20 19 21 18 17 19 16 15 17 14 13 15 12 11 13 10 9 11 8 7 9 6 5 7 28 27 29 26 25 27 24 23 25 22 21 23 20 19 21 18 17 19 16 15 17 14 13 15 12 11 13 10 9 11 8 7 9 18 17 19 16 15 17 20 19 21 22 21 23 24 23 25 22 21 23 20 19 21 18 17 19 16 15 17 14 13 15 12 11 13 26 25 27 24 23 25 22 21 23 20 19 21 18 17 19 16 15 17 14 13 15 28 27 29 26 25 27 24 23 25 26 25 27 32 31 33 30 29 31 28 27 29 36 35 37 34 33 35 32 31 33 30 29 31 28 27 29 26 25 27 24 23 25 22 21 23 20 19 21 18 17 19 16 15 17 14 13 15 12 11 13 10 9 11 8 7 9 12 11 13 10 9 11 14 13 15 20 19 21 18 17 19 16 15 17 14 13 15 26 25 27 24 23 25 22 21 23 20 19 21 18 17 19 16 15 17 34 33 35 32 31 33 30 29 31 28 27 29 26 25 27 24 23 25 22 21 23 20 19 21 18 17 19 36 35 37 34 33 35 32 31 33 30 29 31 28 27 29 26 25 27 24 23 25 22 21 23 20 19 21 18 17 19 16 15 17 14 13 15 12 11 13 10 9 11 14 13 15 12 11 13 16 15 17 14 13 15 18 17 19 16 15 17 30 29 31 28 27 29 26 25 27 24 23 25 22 21 23 20 19 21 18 17 19 32 31 33 30 29 31 28 27 29 26 25 27 34 33 35 32 31 33 30 29 31 28 27 29 36 35 37 34 33 35 32 31 33 30 29 31 28 27 29 26 25 27 24 23 25 22 21 23 20 19 21 18 17 19 16 15 17 24 23 25 22 21 23 20 19 21 26 25 27 24 23 25 22 21 23 28 27 29 26 25 27
[23.892421s] A=259 K=481 i=5.117573555e+09) 37 35 33 31 29 27 25 23 21 19 17 15 13 11 9 7 5 3 1 36 35 37 34 33 35 32 31 33 30 29 31 28 27 29 26 25 27 24 23 25 22 21 23 20 19 21 18 17 19 16 15 17 14 13 15 12 11 13 10 9 11 8 7 9 6 5 7 4 3 5 2 1 3 0 1 34 33 35 32 31 33 30 29 31 28 27 29 26 25 27 24 23 25 22 21 23 20 19 21 18 17 19 16 15 17 14 13 15 12 11 13 10 9 11 8 7 9 6 5 7 4 3 5 2 1 3 36 35 37 34 33 35 32 31 33 30 29 31 28 27 29 26 25 27 24 23 25 22 21 23 20 19 21 18 17 19 16 15 17 14 13 15 12 11 13 10 9 11 8 7 9 6 5 7 4 3 5 2 1 3 32 31 33 30 29 31 28 27 29 26 25 27 24 23 25 22 21 23 20 19 21 18 17 19 16 15 17 14 13 15 12 11 13 10 9 11 8 7 9 6 5 7 4 3 5 36 35 37 34 33 35 32 31 33 30 29 31 28 27 29 26 25 27 24 23 25 22 21 23 20 19 21 18 17 19 16 15 17 14 13 15 12 11 13 10 9 11 8 7 9 6 5 7 4 3 5 30 29 31 28 27 29 26 25 27 24 23 25 22 21 23 20 19 21 18 17 19 16 15 17 14 13 15 12 11 13 10 9 11 8 7 9 6 5 7 34 33 35 32 31 33 30 29 31 28 27 29 26 25 27 24 23 25 22 21 23 20 19 21 18 17 19 16 15 17 14 13 15 12 11 13 10 9 11 8 7 9 6 5 7 28 27 29 26 25 27 24 23 25 22 21 23 20 19 21 18 17 19 16 15 17 14 13 15 12 11 13 10 9 11 8 7 9 18 17 19 16 15 17 20 19 21 22 21 23 24 23 25 22 21 23 20 19 21 18 17 19 16 15 17 14 13 15 12 11 13 26 25 27 36 35 37 34 33 35 32 31 33 30 29 31 28 27 29 26 25 27 24 23 25 22 21 23 20 19 21 18 17 19 16 15 17 14 13 15 12 11 13 10 9 11 8 7 9 24 23 25 22 21 23 20 19 21 18 17 19 16 15 17 14 13 15 12 11 13 10 9 11 20 19 21 18 17 19 16 15 17 14 13 15 26 25 27 30 29 31 28 27 29 26 25 27 24 23 25 32 31 33 30 29 31 28 27 29 26 25 27 24 23 25 22 21 23 20 19 21 18 17 19 16 15 17 18 17 19 34 33 35 32 31 33 30 29 31 28 27 29 26 25 27 24 23 25 22 21 23 20 19 21 36 35 37 34 33 35 32 31 33 30 29 31 28 27 29 26 25 27 24 23 25 22 21 23 20 19 21 18 17 19 16 15 17 14 13 15 12 11 13 10 9 11 14 13 15 12 11 13 16 15 17 18 17 19 16 15 17 14 13 15 28 27 29 26 25 27 32 31 33 30 29 31 28 27 29 34 33 35 32 31 33 30 29 31 36 35 37 34 33 35 32 31 33 30 29 31 28 27 29 26 25 27 24 23 25 22 21 23 20 19 21 18 17 19 16 15 17 22 21 23 20 19 21 18 17 19 26 25 27 24 23 25 28 27 29 26 25 27 24 23 25 22 21 23 20 19 21 22 21 23 24 23 25 30 29 31 28 27 29 26 25 27
[23.893801s] A=259 K=481 i=5.117771565e+09) 37 35 33 31 29 27 25 23 21 19 17 15 13 11 9 7 5 3 1 36 35 37 34 33 35 32 31 33 30 29 31 28 27 29 26 25 27 24 23 25 22 21 23 20 19 21 18 17 19 16 15 17 14 13 15 12 11 13 10 9 11 8 7 9 6 5 7 4 3 5 2 1 3 0 1 34 33 35 32 31 33 30 29 31 28 27 29 26 25 27 24 23 25 22 21 23 20 19 21 18 17 19 16 15 17 14 13 15 12 11 13 10 9 11 8 7 9 6 5 7 4 3 5 2 1 3 36 35 37 34 33 35 32 31 33 30 29 31 28 27 29 26 25 27 24 23 25 22 21 23 20 19 21 18 17 19 16 15 17 14 13 15 12 11 13 10 9 11 8 7 9 6 5 7 4 3 5 2 1 3 32 31 33 30 29 31 28 27 29 26 25 27 24 23 25 22 21 23 20 19 21 18 17 19 16 15 17 14 13 15 12 11 13 10 9 11 8 7 9 6 5 7 4 3 5 36 35 37 34 33 35 32 31 33 30 29 31 28 27 29 26 25 27 24 23 25 22 21 23 20 19 21 18 17 19 16 15 17 14 13 15 12 11 13 10 9 11 8 7 9 6 5 7 4 3 5 30 29 31 28 27 29 26 25 27 24 23 25 22 21 23 20 19 21 18 17 19 16 15 17 14 13 15 12 11 13 10 9 11 8 7 9 6 5 7 34 33 35 32 31 33 30 29 31 28 27 29 26 25 27 24 23 25 22 21 23 20 19 21 18 17 19 16 15 17 14 13 15 12 11 13 10 9 11 8 7 9 6 5 7 28 27 29 26 25 27 24 23 25 22 21 23 20 19 21 18 17 19 16 15 17 14 13 15 12 11 13 10 9 11 8 7 9 18 17 19 16 15 17 20 19 21 22 21 23 24 23 25 22 21 23 20 19 21 18 17 19 16 15 17 14 13 15 12 11 13 26 25 27 30 29 31 28 27 29 36 35 37 34 33 35 32 31 33 30 29 31 28 27 29 26 25 27 24 23 25 22 21 23 20 19 21 18 17 19 16 15 17 14 13 15 12 11 13 10 9 11 8 7 9 24 23 25 22 21 23 20 19 21 18 17 19 16 15 17 14 13 15 12 11 13 10 9 11 20 19 21 18 17 19 16 15 17 14 13 15 26 25 27 24 23 25 28 27 29 26 25 27 32 31 33 30 29 31 28 27 29 26 25 27 24 23 25 22 21 23 20 19 21 18 17 19 16 15 17 18 17 19 34 33 35 32 31 33 30 29 31 28 27 29 26 25 27 24 23 25 22 21 23 20 19 21 36 35 37 34 33 35 32 31 33 30 29 31 28 27 29 26 25 27 24 23 25 22 21 23 20 19 21 18 17 19 16 15 17 14 13 15 12 11 13 10 9 11 14 13 15 12 11 13 16 15 17 18 17 19 16 15 17 14 13 15 28 27 29 30 29 31 34 33 35 32 31 33 36 35 37 34 33 35 32 31 33 30 29 31 28 27 29 26 25 27 24 23 25 22 21 23 20 19 21 18 17 19 16 15 17 22 21 23 20 19 21 18 17 19 28 27 29 26 25 27 24 23 25 30 29 31 28 27 29 26 25 27 24 23 25 22 21 23 20 19 21 22 21 23 24 23 25 32 31 33 30 29 31 28 27 29 26 25 27
[23.896539s] A=259 K=481 i=5.118516806e+09) 37 35 33 31 29 27 25 23 21 19 17 15 13 11 9 7 5 3 1 36 35 37 34 33 35 32 31 33 30 29 31 28 27 29 26 25 27 24 23 25 22 21 23 20 19 21 18 17 19 16 15 17 14 13 15 12 11 13 10 9 11 8 7 9 6 5 7 4 3 5 2 1 3 0 1 34 33 35 32 31 33 30 29 31 28 27 29 26 25 27 24 23 25 22 21 23 20 19 21 18 17 19 16 15 17 14 13 15 12 11 13 10 9 11 8 7 9 6 5 7 4 3 5 2 1 3 36 35 37 34 33 35 32 31 33 30 29 31 28 27 29 26 25 27 24 23 25 22 21 23 20 19 21 18 17 19 16 15 17 14 13 15 12 11 13 10 9 11 8 7 9 6 5 7 4 3 5 2 1 3 32 31 33 30 29 31 28 27 29 26 25 27 24 23 25 22 21 23 20 19 21 18 17 19 16 15 17 14 13 15 12 11 13 10 9 11 8 7 9 6 5 7 4 3 5 36 35 37 34 33 35 32 31 33 30 29 31 28 27 29 26 25 27 24 23 25 22 21 23 20 19 21 18 17 19 16 15 17 14 13 15 12 11 13 10 9 11 8 7 9 6 5 7 4 3 5 30 29 31 28 27 29 26 25 27 24 23 25 22 21 23 20 19 21 18 17 19 16 15 17 14 13 15 12 11 13 10 9 11 8 7 9 6 5 7 34 33 35 32 31 33 30 29 31 28 27 29 26 25 27 24 23 25 22 21 23 20 19 21 18 17 19 16 15 17 14 13 15 12 11 13 10 9 11 8 7 9 6 5 7 28 27 29 26 25 27 24 23 25 22 21 23 20 19 21 18 17 19 16 15 17 14 13 15 12 11 13 10 9 11 8 7 9 18 17 19 16 15 17 20 19 21 22 21 23 24 23 25 22 21 23 20 19 21 18 17 19 16 15 17 14 13 15 12 11 13 26 25 27 28 27 29 30 29 31 32 31 33 34 33 35 36 35 37 34 33 35 32 31 33 30 29 31 28 27 29 26 25 27 24 23 25 22 21 23 20 19 21 18 17 19 16 15 17 14 13 15 12 11 13 10 9 11 8 7 9 24 23 25 22 21 23 20 19 21 18 17 19 16 15 17 14 13 15 12 11 13 10 9 11 20 19 21 18 17 19 16 15 17 14 13 15 26 25 27 24 23 25 26 25 27 28 27 29 30 29 31 28 27 29 26 25 27 24 23 25 22 21 23 20 19 21 18 17 19 16 15 17 32 31 33 30 29 31 28 27 29 26 25 27 24 23 25 22 21 23 20 19 21 18 17 19 26 25 27 34 33 35 32 31 33 30 29 31 28 27 29 36 35 37 34 33 35 32 31 33 30 29 31 28 27 29 26 25 27 24 23 25 22 21 23 20 19 21 18 17 19 16 15 17 14 13 15 12 11 13 10 9 11 14 13 15 12 11 13 16 15 17 14 13 15 18 17 19 16 15 17 26 25 27 24 23 25 22 21 23 20 19 21 18 17 19 16 15 17 24 23 25 22 21 23 20 19 21 18 17 19 28 27 29 32 31 33 30 29 31 34 33 35 32 31 33 30 29 31 28 27 29 26 25 27 24 23 25 22 21 23 20 19 21 28 27 29 26 25 27 24 23 25 22 21 23 30 29 31 28 27 29 26 25 27
[24.032638s] A=259 K=481 i=5.14669446e+09) 37 35 33 31 29 27 25 23 21 19 17 15 13 11 9 7 5 3 1 36 35 37 34 33 35 32 31 33 30 29 31 28 27 29 26 25 27 24 23 25 22 21 23 20 19 21 18 17 19 16 15 17 14 13 15 12 11 13 10 9 11 8 7 9 6 5 7 4 3 5 2 1 3 0 1 34 33 35 32 31 33 30 29 31 28 27 29 26 25 27 24 23 25 22 21 23 20 19 21 18 17 19 16 15 17 14 13 15 12 11 13 10 9 11 8 7 9 6 5 7 4 3 5 2 1 3 36 35 37 34 33 35 32 31 33 30 29 31 28 27 29 26 25 27 24 23 25 22 21 23 20 19 21 18 17 19 16 15 17 14 13 15 12 11 13 10 9 11 8 7 9 6 5 7 4 3 5 2 1 3 32 31 33 30 29 31 28 27 29 26 25 27 24 23 25 22 21 23 20 19 21 18 17 19 16 15 17 14 13 15 12 11 13 10 9 11 8 7 9 6 5 7 4 3 5 36 35 37 34 33 35 32 31 33 30 29 31 28 27 29 26 25 27 24 23 25 22 21 23 20 19 21 18 17 19 16 15 17 14 13 15 12 11 13 10 9 11 8 7 9 6 5 7 4 3 5 30 29 31 28 27 29 26 25 27 24 23 25 22 21 23 20 19 21 18 17 19 16 15 17 14 13 15 12 11 13 10 9 11 8 7 9 6 5 7 34 33 35 32 31 33 30 29 31 28 27 29 26 25 27 24 23 25 22 21 23 20 19 21 18 17 19 16 15 17 14 13 15 12 11 13 10 9 11 8 7 9 6 5 7 28 27 29 26 25 27 24 23 25 22 21 23 20 19 21 18 17 19 16 15 17 14 13 15 12 11 13 10 9 11 8 7 9 18 17 19 16 15 17 20 19 21 22 21 23 24 23 25 22 21 23 20 19 21 18 17 19 26 25 27 24 23 25 22 21 23 20 19 21 18 17 19 16 15 17 14 13 15 12 11 13 10 9 11 16 15 17 14 13 15 12 11 13 28 27 29 26 25 27 24 23 25 36 35 37 34 33 35 32 31 33 30 29 31 28 27 29 26 25 27 24 23 25 22 21 23 20 19 21 18 17 19 16 15 17 14 13 15 12 11 13 10 9 11 8 7 9 20 19 21 18 17 19 16 15 17 14 13 15 32 31 33 30 29 31 28 27 29 26 25 27 24 23 25 22 21 23 20 19 21 18 17 19 16 15 17 34 33 35 32 31 33 30 29 31 28 27 29 26 25 27 24 23 25 22 21 23 20 19 21 18 17 19 28 27 29 30 29 31 32 31 33 36 35 37 34 33 35 32 31 33 30 29 31 28 27 29 26 25 27 24 23 25 22 21 23 20 19 21 18 17 19 16 15 17 14 13 15 12 11 13 10 9 11 14 13 15 12 11 13 16 15 17 14 13 15 18 17 19 16 15 17 20 19 21 28 27 29 26 25 27 24 23 25 22 21 23 30 29 31 28 27 29 26 25 27 36 35 37 34 33 35 32 31 33 30 29 31 28 27 29 26 25 27 24 23 25 22 21 23 20 19 21 18 17 19 16 15 17 20 19 21 18 17 19 34 33 35 32 31 33 30 29 31 28 27 29 26 25 27 24 23 25 22 21 23 20 19 21 24 23 25 22 21 23 26 25 27 28 27 29
[24.055547s] A=259 K=481 i=5.15046337e+09) 37 35 33 31 29 27 25 23 21 19 17 15 13 11 9 7 5 3 1 36 35 37 34 33 35 32 31 33 30 29 31 28 27 29 26 25 27 24 23 25 22 21 23 20 19 21 18 17 19 16 15 17 14 13 15 12 11 13 10 9 11 8 7 9 6 5 7 4 3 5 2 1 3 0 1 34 33 35 32 31 33 30 29 31 28 27 29 26 25 27 24 23 25 22 21 23 20 19 21 18 17 19 16 15 17 14 13 15 12 11 13 10 9 11 8 7 9 6 5 7 4 3 5 2 1 3 36 35 37 34 33 35 32 31 33 30 29 31 28 27 29 26 25 27 24 23 25 22 21 23 20 19 21 18 17 19 16 15 17 14 13 15 12 11 13 10 9 11 8 7 9 6 5 7 4 3 5 2 1 3 32 31 33 30 29 31 28 27 29 26 25 27 24 23 25 22 21 23 20 19 21 18 17 19 16 15 17 14 13 15 12 11 13 10 9 11 8 7 9 6 5 7 4 3 5 36 35 37 34 33 35 32 31 33 30 29 31 28 27 29 26 25 27 24 23 25 22 21 23 20 19 21 18 17 19 16 15 17 14 13 15 12 11 13 10 9 11 8 7 9 6 5 7 4 3 5 30 29 31 28 27 29 26 25 27 24 23 25 22 21 23 20 19 21 18 17 19 16 15 17 14 13 15 12 11 13 10 9 11 8 7 9 6 5 7 34 33 35 32 31 33 30 29 31 28 27 29 26 25 27 24 23 25 22 21 23 20 19 21 18 17 19 16 15 17 14 13 15 12 11 13 10 9 11 8 7 9 6 5 7 28 27 29 26 25 27 24 23 25 22 21 23 20 19 21 18 17 19 16 15 17 14 13 15 12 11 13 10 9 11 8 7 9 18 17 19 16 15 17 20 19 21 22 21 23 24 23 25 22 21 23 20 19 21 18 17 19 26 25 27 24 23 25 22 21 23 20 19 21 18 17 19 16 15 17 14 13 15 12 11 13 10 9 11 16 15 17 14 13 15 12 11 13 18 17 19 30 29 31 28 27 29 26 25 27 24 23 25 32 31 33 30 29 31 28 27 29 26 25 27 24 23 25 22 21 23 20 19 21 18 17 19 16 15 17 14 13 15 28 27 29 34 33 35 32 31 33 30 29 31 36 35 37 34 33 35 32 31 33 30 29 31 28 27 29 26 25 27 24 23 25 22 21 23 20 19 21 18 17 19 16 15 17 14 13 15 12 11 13 10 9 11 8 7 9 20 19 21 18 17 19 16 15 17 26 25 27 28 27 29 36 35 37 34 33 35 32 31 33 30 29 31 28 27 29 26 25 27 24 23 25 22 21 23 20 19 21 18 17 19 16 15 17 14 13 15 12 11 13 10 9 11 12 11 13 14 13 15 16 15 17 26 25 27 24 23 25 22 21 23 20 19 21 18 17 19 16 15 17 14 13 15 28 27 29 32 31 33 30 29 31 34 33 35 32 31 33 30 29 31 28 27 29 26 25 27 24 23 25 22 21 23 20 19 21 18 17 19 16 15 17 22 21 23 20 19 21 18 17 19 28 27 29 26 25 27 24 23 25 22 21 23 20 19 21 30 29 31 28 27 29 26 25 27 24 23 25 22 21 23 24 23 25 36 35 37 34 33 35 32 31 33 30 29 31 28 27 29 26 25 27
[24.056797s] A=259 K=481 i=5.150838822e+09) 37 35 33 31 29 27 25 23 21 19 17 15 13 11 9 7 5 3 1 36 35 37 34 33 35 32 31 33 30 29 31 28 27 29 26 25 27 24 23 25 22 21 23 20 19 21 18 17 19 16 15 17 14 13 15 12 11 13 10 9 11 8 7 9 6 5 7 4 3 5 2 1 3 0 1 34 33 35 32 31 33 30 29 31 28 27 29 26 25 27 24 23 25 22 21 23 20 19 21 18 17 19 16 15 17 14 13 15 12 11 13 10 9 11 8 7 9 6 5 7 4 3 5 2 1 3 36 35 37 34 33 35 32 31 33 30 29 31 28 27 29 26 25 27 24 23 25 22 21 23 20 19 21 18 17 19 16 15 17 14 13 15 12 11 13 10 9 11 8 7 9 6 5 7 4 3 5 2 1 3 32 31 33 30 29 31 28 27 29 26 25 27 24 23 25 22 21 23 20 19 21 18 17 19 16 15 17 14 13 15 12 11 13 10 9 11 8 7 9 6 5 7 4 3 5 36 35 37 34 33 35 32 31 33 30 29 31 28 27 29 26 25 27 24 23 25 22 21 23 20 19 21 18 17 19 16 15 17 14 13 15 12 11 13 10 9 11 8 7 9 6 5 7 4 3 5 30 29 31 28 27 29 26 25 27 24 23 25 22 21 23 20 19 21 18 17 19 16 15 17 14 13 15 12 11 13 10 9 11 8 7 9 6 5 7 34 33 35 32 31 33 30 29 31 28 27 29 26 25 27 24 23 25 22 21 23 20 19 21 18 17 19 16 15 17 14 13 15 12 11 13 10 9 11 8 7 9 6 5 7 28 27 29 26 25 27 24 23 25 22 21 23 20 19 21 18 17 19 16 15 17 14 13 15 12 11 13 10 9 11 8 7 9 18 17 19 16 15 17 20 19 21 22 21 23 24 23 25 22 21 23 20 19 21 18 17 19 26 25 27 24 23 25 22 21 23 20 19 21 18 17 19 16 15 17 14 13 15 12 11 13 10 9 11 16 15 17 14 13 15 12 11 13 18 17 19 30 29 31 28 27 29 32 31 33 30 29 31 28 27 29 26 25 27 24 23 25 22 21 23 20 19 21 18 17 19 16 15 17 14 13 15 26 25 27 24 23 25 28 27 29 26 25 27 34 33 35 32 31 33 30 29 31 28 27 29 36 35 37 34 33 35 32 31 33 30 29 31 28 27 29 26 25 27 24 23 25 22 21 23 20 19 21 18 17 19 16 15 17 14 13 15 12 11 13 10 9 11 8 7 9 20 19 21 18 17 19 16 15 17 36 35 37 34 33 35 32 31 33 30 29 31 28 27 29 26 25 27 24 23 25 22 21 23 20 19 21 18 17 19 16 15 17 14 13 15 12 11 13 10 9 11 12 11 13 14 13 15 16 15 17 26 25 27 24 23 25 22 21 23 20 19 21 18 17 19 16 15 17 14 13 15 28 27 29 34 33 35 32 31 33 30 29 31 28 27 29 26 25 27 24 23 25 22 21 23 20 19 21 18 17 19 16 15 17 22 21 23 20 19 21 18 17 19 32 31 33 30 29 31 28 27 29 26 25 27 24 23 25 22 21 23 20 19 21 30 29 31 28 27 29 26 25 27 24 23 25 22 21 23 24 23 25 36 35 37 34 33 35 32 31 33 30 29 31 28 27 29 26 25 27
[24.163501s] A=259 K=481 i=5.17647717e+09) 37 35 33 31 29 27 25 23 21 19 17 15 13 11 9 7 5 3 1 36 35 37 34 33 35 32 31 33 30 29 31 28 27 29 26 25 27 24 23 25 22 21 23 20 19 21 18 17 19 16 15 17 14 13 15 12 11 13 10 9 11 8 7 9 6 5 7 4 3 5 2 1 3 0 1 34 33 35 32 31 33 30 29 31 28 27 29 26 25 27 24 23 25 22 21 23 20 19 21 18 17 19 16 15 17 14 13 15 12 11 13 10 9 11 8 7 9 6 5 7 4 3 5 2 1 3 36 35 37 34 33 35 32 31 33 30 29 31 28 27 29 26 25 27 24 23 25 22 21 23 20 19 21 18 17 19 16 15 17 14 13 15 12 11 13 10 9 11 8 7 9 6 5 7 4 3 5 2 1 3 32 31 33 30 29 31 28 27 29 26 25 27 24 23 25 22 21 23 20 19 21 18 17 19 16 15 17 14 13 15 12 11 13 10 9 11 8 7 9 6 5 7 4 3 5 36 35 37 34 33 35 32 31 33 30 29 31 28 27 29 26 25 27 24 23 25 22 21 23 20 19 21 18 17 19 16 15 17 14 13 15 12 11 13 10 9 11 8 7 9 6 5 7 4 3 5 30 29 31 28 27 29 26 25 27 24 23 25 22 21 23 20 19 21 18 17 19 16 15 17 14 13 15 12 11 13 10 9 11 8 7 9 6 5 7 34 33 35 32 31 33 30 29 31 28 27 29 26 25 27 24 23 25 22 21 23 20 19 21 18 17 19 16 15 17 14 13 15 12 11 13 10 9 11 8 7 9 6 5 7 28 27 29 26 25 27 24 23 25 22 21 23 20 19 21 18 17 19 16 15 17 14 13 15 12 11 13 10 9 11 8 7 9 18 17 19 16 15 17 20 19 21 22 21 23 24 23 25 22 21 23 20 19 21 18 17 19 26 25 27 28 27 29 36 35 37 34 33 35 32 31 33 30 29 31 28 27 29 26 25 27 24 23 25 22 21 23 20 19 21 18 17 19 16 15 17 14 13 15 12 11 13 10 9 11 8 7 9 16 15 17 14 13 15 12 11 13 10 9 11 18 17 19 24 23 25 22 21 23 20 19 21 18 17 19 16 15 17 14 13 15 12 11 13 10 9 11 26 25 27 24 23 25 28 27 29 26 25 27 32 31 33 30 29 31 28 27 29 26 25 27 24 23 25 22 21 23 20 19 21 18 17 19 16 15 17 14 13 15 12 11 13 20 19 21 18 17 19 16 15 17 14 13 15 34 33 35 32 31 33 30 29 31 28 27 29 26 25 27 24 23 25 22 21 23 20 19 21 18 17 19 16 15 17 36 35 37 34 33 35 32 31 33 30 29 31 28 27 29 26 25 27 24 23 25 22 21 23 20 19 21 18 17 19 16 15 17 14 13 15 12 11 13 10 9 11 14 13 15 16 15 17 28 27 29 30 29 31 34 33 35 32 31 33 36 35 37 34 33 35 32 31 33 30 29 31 28 27 29 26 25 27 24 23 25 22 21 23 20 19 21 18 17 19 16 15 17 28 27 29 26 25 27 24 23 25 22 21 23 20 19 21 18 17 19 30 29 31 28 27 29 26 25 27 24 23 25 22 21 23 20 19 21 32 31 33 30 29 31 28 27 29 26 25 27 24 23 25 22 21 23
[24.163643s] A=259 K=481 i=5.176477628e+09) 37 35 33 31 29 27 25 23 21 19 17 15 13 11 9 7 5 3 1 36 35 37 34 33 35 32 31 33 30 29 31 28 27 29 26 25 27 24 23 25 22 21 23 20 19 21 18 17 19 16 15 17 14 13 15 12 11 13 10 9 11 8 7 9 6 5 7 4 3 5 2 1 3 0 1 34 33 35 32 31 33 30 29 31 28 27 29 26 25 27 24 23 25 22 21 23 20 19 21 18 17 19 16 15 17 14 13 15 12 11 13 10 9 11 8 7 9 6 5 7 4 3 5 2 1 3 36 35 37 34 33 35 32 31 33 30 29 31 28 27 29 26 25 27 24 23 25 22 21 23 20 19 21 18 17 19 16 15 17 14 13 15 12 11 13 10 9 11 8 7 9 6 5 7 4 3 5 2 1 3 32 31 33 30 29 31 28 27 29 26 25 27 24 23 25 22 21 23 20 19 21 18 17 19 16 15 17 14 13 15 12 11 13 10 9 11 8 7 9 6 5 7 4 3 5 36 35 37 34 33 35 32 31 33 30 29 31 28 27 29 26 25 27 24 23 25 22 21 23 20 19 21 18 17 19 16 15 17 14 13 15 12 11 13 10 9 11 8 7 9 6 5 7 4 3 5 30 29 31 28 27 29 26 25 27 24 23 25 22 21 23 20 19 21 18 17 19 16 15 17 14 13 15 12 11 13 10 9 11 8 7 9 6 5 7 34 33 35 32 31 33 30 29 31 28 27 29 26 25 27 24 23 25 22 21 23 20 19 21 18 17 19 16 15 17 14 13 15 12 11 13 10 9 11 8 7 9 6 5 7 28 27 29 26 25 27 24 23 25 22 21 23 20 19 21 18 17 19 16 15 17 14 13 15 12 11 13 10 9 11 8 7 9 18 17 19 16 15 17 20 19 21 22 21 23 24 23 25 22 21 23 20 19 21 18 17 19 26 25 27 28 27 29 36 35 37 34 33 35 32 31 33 30 29 31 28 27 29 26 25 27 24 23 25 22 21 23 20 19 21 18 17 19 16 15 17 14 13 15 12 11 13 10 9 11 8 7 9 16 15 17 14 13 15 12 11 13 10 9 11 18 17 19 24 23 25 22 21 23 20 19 21 18 17 19 16 15 17 14 13 15 12 11 13 10 9 11 26 25 27 24 23 25 28 27 29 26 25 27 32 31 33 30 29 31 28 27 29 26 25 27 24 23 25 22 21 23 20 19 21 18 17 19 16 15 17 14 13 15 12 11 13 20 19 21 18 17 19 16 15 17 14 13 15 34 33 35 32 31 33 30 29 31 28 27 29 36 35 37 34 33 35 32 31 33 30 29 31 28 27 29 26 25 27 24 23 25 22 21 23 20 19 21 18 17 19 16 15 17 14 13 15 12 11 13 10 9 11 26 25 27 24 23 25 22 21 23 20 19 21 18 17 19 16 15 17 14 13 15 16 15 17 28 27 29 30 29 31 28 27 29 26 25 27 24 23 25 22 21 23 20 19 21 18 17 19 34 33 35 32 31 33 36 35 37 34 33 35 32 31 33 30 29 31 28 27 29 26 25 27 24 23 25 22 21 23 20 19 21 18 17 19 16 15 17 30 29 31 28 27 29 26 25 27 24 23 25 22 21 23 20 19 21 32 31 33 30 29 31 28 27 29 26 25 27 24 23 25 22 21 23
[24.177949s] A=259 K=481 i=5.178994458e+09) 37 35 33 31 29 27 25 23 21 19 17 15 13 11 9 7 5 3 1 36 35 37 34 33 35 32 31 33 30 29 31 28 27 29 26 25 27 24 23 25 22 21 23 20 19 21 18 17 19 16 15 17 14 13 15 12 11 13 10 9 11 8 7 9 6 5 7 4 3 5 2 1 3 0 1 34 33 35 32 31 33 30 29 31 28 27 29 26 25 27 24 23 25 22 21 23 20 19 21 18 17 19 16 15 17 14 13 15 12 11 13 10 9 11 8 7 9 6 5 7 4 3 5 2 1 3 36 35 37 34 33 35 32 31 33 30 29 31 28 27 29 26 25 27 24 23 25 22 21 23 20 19 21 18 17 19 16 15 17 14 13 15 12 11 13 10 9 11 8 7 9 6 5 7 4 3 5 2 1 3 32 31 33 30 29 31 28 27 29 26 25 27 24 23 25 22 21 23 20 19 21 18 17 19 16 15 17 14 13 15 12 11 13 10 9 11 8 7 9 6 5 7 4 3 5 36 35 37 34 33 35 32 31 33 30 29 31 28 27 29 26 25 27 24 23 25 22 21 23 20 19 21 18 17 19 16 15 17 14 13 15 12 11 13 10 9 11 8 7 9 6 5 7 4 3 5 30 29 31 28 27 29 26 25 27 24 23 25 22 21 23 20 19 21 18 17 19 16 15 17 14 13 15 12 11 13 10 9 11 8 7 9 6 5 7 34 33 35 32 31 33 30 29 31 28 27 29 26 25 27 24 23 25 22 21 23 20 19 21 18 17 19 16 15 17 14 13 15 12 11 13 10 9 11 8 7 9 6 5 7 28 27 29 26 25 27 24 23 25 22 21 23 20 19 21 18 17 19 16 15 17 14 13 15 12 11 13 10 9 11 8 7 9 18 17 19 16 15 17 20 19 21 22 21 23 24 23 25 22 21 23 20 19 21 18 17 19 20 19 21 26 25 27 24 23 25 22 21 23 28 27 29 26 25 27 24 23 25 36 35 37 34 33 35 32 31 33 30 29 31 28 27 29 26 25 27 24 23 25 22 21 23 20 19 21 18 17 19 16 15 17 14 13 15 12 11 13 10 9 11 8 7 9 16 15 17 14 13 15 12 11 13 18 17 19 16 15 17 14 13 15 20 19 21 18 17 19 16 15 17 14 13 15 12 11 13 10 9 11 32 31 33 30 29 31 28 27 29 26 25 27 24 23 25 22 21 23 20 19 21 18 17 19 34 33 35 36 35 37 34 33 35 32 31 33 30 29 31 28 27 29 26 25 27 24 23 25 22 21 23 20 19 21 18 17 19 16 15 17 14 13 15 12 11 13 10 9 11 16 15 17 14 13 15 12 11 13 32 31 33 30 29 31 28 27 29 26 25 27 24 23 25 22 21 23 20 19 21 18 17 19 16 15 17 14 13 15 20 19 21 18 17 19 16 15 17 30 29 31 28 27 29 26 25 27 24 23 25 22 21 23 20 19 21 18 17 19 34 33 35 32 31 33 30 29 31 28 27 29 26 25 27 36 35 37 34 33 35 32 31 33 30 29 31 28 27 29 26 25 27 24 23 25 22 21 23 20 19 21 18 17 19 16 15 17 24 23 25 22 21 23 20 19 21 34 33 35 32 31 33 30 29 31 28 27 29 26 25 27 24 23 25 22 21 23 28 27 29 26 25 27
[24.203353s] A=259 K=481 i=5.185272774e+09) 37 35 33 31 29 27 25 23 21 19 17 15 13 11 9 7 5 3 1 36 35 37 34 33 35 32 31 33 30 29 31 28 27 29 26 25 27 24 23 25 22 21 23 20 19 21 18 17 19 16 15 17 14 13 15 12 11 13 10 9 11 8 7 9 6 5 7 4 3 5 2 1 3 0 1 34 33 35 32 31 33 30 29 31 28 27 29 26 25 27 24 23 25 22 21 23 20 19 21 18 17 19 16 15 17 14 13 15 12 11 13 10 9 11 8 7 9 6 5 7 4 3 5 2 1 3 36 35 37 34 33 35 32 31 33 30 29 31 28 27 29 26 25 27 24 23 25 22 21 23 20 19 21 18 17 19 16 15 17 14 13 15 12 11 13 10 9 11 8 7 9 6 5 7 4 3 5 2 1 3 32 31 33 30 29 31 28 27 29 26 25 27 24 23 25 22 21 23 20 19 21 18 17 19 16 15 17 14 13 15 12 11 13 10 9 11 8 7 9 6 5 7 4 3 5 36 35 37 34 33 35 32 31 33 30 29 31 28 27 29 26 25 27 24 23 25 22 21 23 20 19 21 18 17 19 16 15 17 14 13 15 12 11 13 10 9 11 8 7 9 6 5 7 4 3 5 30 29 31 28 27 29 26 25 27 24 23 25 22 21 23 20 19 21 18 17 19 16 15 17 14 13 15 12 11 13 10 9 11 8 7 9 6 5 7 34 33 35 32 31 33 30 29 31 28 27 29 26 25 27 24 23 25 22 21 23 20 19 21 18 17 19 16 15 17 14 13 15 12 11 13 10 9 11 8 7 9 6 5 7 28 27 29 26 25 27 24 23 25 22 21 23 20 19 21 18 17 19 16 15 17 14 13 15 12 11 13 10 9 11 8 7 9 18 17 19 16 15 17 20 19 21 22 21 23 24 23 25 26 25 27 24 23 25 22 21 23 20 19 21 18 17 19 16 15 17 14 13 15 12 11 13 10 9 11 28 27 29 36 35 37 34 33 35 32 31 33 30 29 31 28 27 29 26 25 27 24 23 25 22 21 23 20 19 21 18 17 19 16 15 17 14 13 15 12 11 13 10 9 11 8 7 9 22 21 23 20 19 21 18 17 19 16 15 17 14 13 15 12 11 13 20 19 21 18 17 19 16 15 17 24 23 25 26 25 27 24 23 25 28 27 29 26 25 27 32 31 33 30 29 31 28 27 29 26 25 27 24 23 25 22 21 23 20 19 21 18 17 19 34 33 35 32 31 33 30 29 31 28 27 29 36 35 37 34 33 35 32 31 33 30 29 31 28 27 29 26 25 27 24 23 25 22 21 23 20 19 21 18 17 19 16 15 17 14 13 15 12 11 13 10 9 11 16 15 17 14 13 15 12 11 13 14 13 15 18 17 19 16 15 17 26 25 27 24 23 25 22 21 23 20 19 21 18 17 19 16 15 17 14 13 15 36 35 37 34 33 35 32 31 33 30 29 31 28 27 29 26 25 27 24 23 25 22 21 23 20 19 21 18 17 19 16 15 17 30 29 31 28 27 29 26 25 27 24 23 25 22 21 23 20 19 21 18 17 19 32 31 33 30 29 31 28 27 29 34 33 35 32 31 33 30 29 31 28 27 29 26 25 27 24 23 25 22 21 23 20 19 21 26 25 27 24 23 25 22 21 23 28 27 29
[24.203613s] A=259 K=481 i=5.185340897e+09) 37 35 33 31 29 27 25 23 21 19 17 15 13 11 9 7 5 3 1 36 35 37 34 33 35 32 31 33 30 29 31 28 27 29 26 25 27 24 23 25 22 21 23 20 19 21 18 17 19 16 15 17 14 13 15 12 11 13 10 9 11 8 7 9 6 5 7 4 3 5 2 1 3 0 1 34 33 35 32 31 33 30 29 31 28 27 29 26 25 27 24 23 25 22 21 23 20 19 21 18 17 19 16 15 17 14 13 15 12 11 13 10 9 11 8 7 9 6 5 7 4 3 5 2 1 3 36 35 37 34 33 35 32 31 33 30 29 31 28 27 29 26 25 27 24 23 25 22 21 23 20 19 21 18 17 19 16 15 17 14 13 15 12 11 13 10 9 11 8 7 9 6 5 7 4 3 5 2 1 3 32 31 33 30 29 31 28 27 29 26 25 27 24 23 25 22 21 23 20 19 21 18 17 19 16 15 17 14 13 15 12 11 13 10 9 11 8 7 9 6 5 7 4 3 5 36 35 37 34 33 35 32 31 33 30 29 31 28 27 29 26 25 27 24 23 25 22 21 23 20 19 21 18 17 19 16 15 17 14 13 15 12 11 13 10 9 11 8 7 9 6 5 7 4 3 5 30 29 31 28 27 29 26 25 27 24 23 25 22 21 23 20 19 21 18 17 19 16 15 17 14 13 15 12 11 13 10 9 11 8 7 9 6 5 7 34 33 35 32 31 33 30 29 31 28 27 29 26 25 27 24 23 25 22 21 23 20 19 21 18 17 19 16 15 17 14 13 15 12 11 13 10 9 11 8 7 9 6 5 7 28 27 29 26 25 27 24 23 25 22 21 23 20 19 21 18 17 19 16 15 17 14 13 15 12 11 13 10 9 11 8 7 9 18 17 19 16 15 17 20 19 21 22 21 23 24 23 25 26 25 27 24 23 25 22 21 23 20 19 21 18 17 19 16 15 17 14 13 15 12 11 13 10 9 11 28 27 29 36 35 37 34 33 35 32 31 33 30 29 31 28 27 29 26 25 27 24 23 25 22 21 23 20 19 21 18 17 19 16 15 17 14 13 15 12 11 13 10 9 11 8 7 9 18 17 19 16 15 17 22 21 23 20 19 21 18 17 19 24 23 25 26 25 27 24 23 25 28 27 29 26 25 27 32 31 33 30 29 31 28 27 29 26 25 27 24 23 25 22 21 23 20 19 21 34 33 35 32 31 33 30 29 31 28 27 29 36 35 37 34 33 35 32 31 33 30 29 31 28 27 29 26 25 27 24 23 25 22 21 23 20 19 21 18 17 19 16 15 17 14 13 15 12 11 13 10 9 11 16 15 17 14 13 15 12 11 13 18 17 19 16 15 17 14 13 15 12 11 13 20 19 21 18 17 19 16 15 17 14 13 15 26 25 27 24 23 25 22 21 23 20 19 21 18 17 19 16 15 17 14 13 15 36 35 37 34 33 35 32 31 33 30 29 31 28 27 29 26 25 27 24 23 25 22 21 23 20 19 21 18 17 19 16 15 17 30 29 31 28 27 29 26 25 27 24 23 25 22 21 23 20 19 21 18 17 19 32 31 33 30 29 31 28 27 29 34 33 35 32 31 33 30 29 31 28 27 29 26 25 27 24 23 25 22 21 23 20 19 21 26 25 27 24 23 25 22 21 23 28 27 29
[24.333978s] A=259 K=481 i=5.214937871e+09) 37 35 33 31 29 27 25 23 21 19 17 15 13 11 9 7 5 3 1 36 35 37 34 33 35 32 31 33 30 29 31 28 27 29 26 25 27 24 23 25 22 21 23 20 19 21 18 17 19 16 15 17 14 13 15 12 11 13 10 9 11 8 7 9 6 5 7 4 3 5 2 1 3 0 1 34 33 35 32 31 33 30 29 31 28 27 29 26 25 27 24 23 25 22 21 23 20 19 21 18 17 19 16 15 17 14 13 15 12 11 13 10 9 11 8 7 9 6 5 7 4 3 5 2 1 3 36 35 37 34 33 35 32 31 33 30 29 31 28 27 29 26 25 27 24 23 25 22 21 23 20 19 21 18 17 19 16 15 17 14 13 15 12 11 13 10 9 11 8 7 9 6 5 7 4 3 5 2 1 3 32 31 33 30 29 31 28 27 29 26 25 27 24 23 25 22 21 23 20 19 21 18 17 19 16 15 17 14 13 15 12 11 13 10 9 11 8 7 9 6 5 7 4 3 5 36 35 37 34 33 35 32 31 33 30 29 31 28 27 29 26 25 27 24 23 25 22 21 23 20 19 21 18 17 19 16 15 17 14 13 15 12 11 13 10 9 11 8 7 9 6 5 7 4 3 5 30 29 31 28 27 29 26 25 27 24 23 25 22 21 23 20 19 21 18 17 19 16 15 17 14 13 15 12 11 13 10 9 11 8 7 9 6 5 7 34 33 35 32 31 33 30 29 31 28 27 29 26 25 27 24 23 25 22 21 23 20 19 21 18 17 19 16 15 17 14 13 15 12 11 13 10 9 11 8 7 9 6 5 7 28 27 29 26 25 27 24 23 25 22 21 23 20 19 21 18 17 19 16 15 17 14 13 15 12 11 13 10 9 11 8 7 9 18 17 19 16 15 17 20 19 21 22 21 23 24 23 25 26 25 27 24 23 25 22 21 23 20 19 21 18 17 19 28 27 29 26 25 27 36 35 37 34 33 35 32 31 33 30 29 31 28 27 29 26 25 27 24 23 25 22 21 23 20 19 21 18 17 19 16 15 17 14 13 15 12 11 13 10 9 11 8 7 9 16 15 17 14 13 15 12 11 13 10 9 11 22 21 23 20 19 21 18 17 19 16 15 17 14 13 15 12 11 13 20 19 21 18 17 19 16 15 17 14 13 15 24 23 25 26 25 27 28 27 29 26 25 27 32 31 33 30 29 31 28 27 29 34 33 35 32 31 33 30 29 31 36 35 37 34 33 35 32 31 33 30 29 31 28 27 29 26 25 27 24 23 25 22 21 23 20 19 21 18 17 19 16 15 17 14 13 15 12 11 13 10 9 11 26 25 27 24 23 25 22 21 23 20 19 21 18 17 19 16 15 17 14 13 15 12 11 13 28 27 29 26 25 27 24 23 25 22 21 23 20 19 21 18 17 19 16 15 17 14 13 15 18 17 19 16 15 17 30 29 31 28 27 29 26 25 27 24 23 25 22 21 23 20 19 21 18 17 19 20 19 21 32 31 33 30 29 31 28 27 29 26 25 27 24 23 25 22 21 23 36 35 37 34 33 35 32 31 33 30 29 31 28 27 29 26 25 27 24 23 25 22 21 23 20 19 21 18 17 19 16 15 17 34 33 35 32 31 33 30 29 31 28 27 29 26 25 27 24 23 25 22 21 23 20 19 21
[24.375931s] A=259 K=481 i=5.225596122e+09) 37 35 33 31 29 27 25 23 21 19 17 15 13 11 9 7 5 3 1 36 35 37 34 33 35 32 31 33 30 29 31 28 27 29 26 25 27 24 23 25 22 21 23 20 19 21 18 17 19 16 15 17 14 13 15 12 11 13 10 9 11 8 7 9 6 5 7 4 3 5 2 1 3 0 1 34 33 35 32 31 33 30 29 31 28 27 29 26 25 27 24 23 25 22 21 23 20 19 21 18 17 19 16 15 17 14 13 15 12 11 13 10 9 11 8 7 9 6 5 7 4 3 5 2 1 3 36 35 37 34 33 35 32 31 33 30 29 31 28 27 29 26 25 27 24 23 25 22 21 23 20 19 21 18 17 19 16 15 17 14 13 15 12 11 13 10 9 11 8 7 9 6 5 7 4 3 5 2 1 3 32 31 33 30 29 31 28 27 29 26 25 27 24 23 25 22 21 23 20 19 21 18 17 19 16 15 17 14 13 15 12 11 13 10 9 11 8 7 9 6 5 7 4 3 5 36 35 37 34 33 35 32 31 33 30 29 31 28 27 29 26 25 27 24 23 25 22 21 23 20 19 21 18 17 19 16 15 17 14 13 15 12 11 13 10 9 11 8 7 9 6 5 7 4 3 5 30 29 31 28 27 29 26 25 27 24 23 25 22 21 23 20 19 21 18 17 19 16 15 17 14 13 15 12 11 13 10 9 11 8 7 9 6 5 7 34 33 35 32 31 33 30 29 31 28 27 29 26 25 27 24 23 25 22 21 23 20 19 21 18 17 19 16 15 17 14 13 15 12 11 13 10 9 11 8 7 9 6 5 7 28 27 29 26 25 27 24 23 25 22 21 23 20 19 21 18 17 19 16 15 17 14 13 15 12 11 13 10 9 11 8 7 9 18 17 19 16 15 17 20 19 21 22 21 23 24 23 25 26 25 27 28 27 29 36 35 37 34 33 35 32 31 33 30 29 31 28 27 29 26 25 27 24 23 25 22 21 23 20 19 21 18 17 19 16 15 17 14 13 15 12 11 13 10 9 11 8 7 9 22 21 23 20 19 21 18 17 19 16 15 17 14 13 15 12 11 13 10 9 11 24 23 25 22 21 23 20 19 21 18 17 19 16 15 17 14 13 15 12 11 13 10 9 11 20 19 21 18 17 19 16 15 17 14 13 15 26 25 27 24 23 25 28 27 29 26 25 27 32 31 33 30 29 31 28 27 29 26 25 27 24 23 25 22 21 23 20 19 21 18 17 19 16 15 17 14 13 15 12 11 13 34 33 35 32 31 33 30 29 31 28 27 29 36 35 37 34 33 35 32 31 33 30 29 31 28 27 29 26 25 27 24 23 25 22 21 23 20 19 21 18 17 19 16 15 17 14 13 15 12 11 13 10 9 11 26 25 27 24 23 25 22 21 23 20 19 21 18 17 19 16 15 17 14 13 15 18 17 19 16 15 17 28 27 29 30 29 31 28 27 29 26 25 27 24 23 25 22 21 23 20 19 21 18 17 19 34 33 35 32 31 33 30 29 31 28 27 29 26 25 27 24 23 25 22 21 23 20 19 21 36 35 37 34 33 35 32 31 33 30 29 31 28 27 29 26 25 27 24 23 25 22 21 23 20 19 21 18 17 19 16 15 17 32 31 33 30 29 31 28 27 29 26 25 27 24 23 25 22 21 23
[24.378117s] A=259 K=481 i=5.226245875e+09) 37 35 33 31 29 27 25 23 21 19 17 15 13 11 9 7 5 3 1 36 35 37 34 33 35 32 31 33 30 29 31 28 27 29 26 25 27 24 23 25 22 21 23 20 19 21 18 17 19 16 15 17 14 13 15 12 11 13 10 9 11 8 7 9 6 5 7 4 3 5 2 1 3 0 1 34 33 35 32 31 33 30 29 31 28 27 29 26 25 27 24 23 25 22 21 23 20 19 21 18 17 19 16 15 17 14 13 15 12 11 13 10 9 11 8 7 9 6 5 7 4 3 5 2 1 3 36 35 37 34 33 35 32 31 33 30 29 31 28 27 29 26 25 27 24 23 25 22 21 23 20 19 21 18 17 19 16 15 17 14 13 15 12 11 13 10 9 11 8 7 9 6 5 7 4 3 5 2 1 3 32 31 33 30 29 31 28 27 29 26 25 27 24 23 25 22 21 23 20 19 21 18 17 19 16 15 17 14 13 15 12 11 13 10 9 11 8 7 9 6 5 7 4 3 5 36 35 37 34 33 35 32 31 33 30 29 31 28 27 29 26 25 27 24 23 25 22 21 23 20 19 21 18 17 19 16 15 17 14 13 15 12 11 13 10 9 11 8 7 9 6 5 7 4 3 5 30 29 31 28 27 29 26 25 27 24 23 25 22 21 23 20 19 21 18 17 19 16 15 17 14 13 15 12 11 13 10 9 11 8 7 9 6 5 7 34 33 35 32 31 33 30 29 31 28 27 29 26 25 27 24 23 25 22 21 23 20 19 21 18 17 19 16 15 17 14 13 15 12 11 13 10 9 11 8 7 9 6 5 7 28 27 29 26 25 27 24 23 25 22 21 23 20 19 21 18 17 19 16 15 17 14 13 15 12 11 13 10 9 11 8 7 9 18 17 19 16 15 17 20 19 21 22 21 23 24 23 25 26 25 27 28 27 29 36 35 37 34 33 35 32 31 33 30 29 31 28 27 29 26 25 27 24 23 25 22 21 23 20 19 21 18 17 19 16 15 17 14 13 15 12 11 13 10 9 11 8 7 9 20 19 21 22 21 23 24 23 25 22 21 23 20 19 21 18 17 19 16 15 17 14 13 15 12 11 13 10 9 11 18 17 19 16 15 17 14 13 15 20 19 21 18 17 19 16 15 17 26 25 27 24 23 25 28 27 29 26 25 27 32 31 33 30 29 31 28 27 29 26 25 27 24 23 25 22 21 23 20 19 21 18 17 19 34 33 35 32 31 33 30 29 31 28 27 29 26 25 27 24 23 25 22 21 23 20 19 21 36 35 37 34 33 35 32 31 33 30 29 31 28 27 29 26 25 27 24 23 25 22 21 23 20 19 21 18 17 19 16 15 17 14 13 15 12 11 13 10 9 11 14 13 15 12 11 13 16 15 17 14 13 15 12 11 13 18 17 19 16 15 17 14 13 15 20 19 21 18 17 19 16 15 17 28 27 29 30 29 31 36 35 37 34 33 35 32 31 33 30 29 31 28 27 29 26 25 27 24 23 25 22 21 23 20 19 21 18 17 19 16 15 17 28 27 29 26 25 27 24 23 25 22 21 23 20 19 21 18 17 19 34 33 35 32 31 33 30 29 31 28 27 29 26 25 27 24 23 25 22 21 23 20 19 21 32 31 33 30 29 31 28 27 29 26 25 27 24 23 25 22 21 23
[24.481502s] A=259 K=481 i=5.244925962e+09) 37 35 33 31 29 27 25 23 21 19 17 15 13 11 9 7 5 3 1 36 35 37 34 33 35 32 31 33 30 29 31 28 27 29 26 25 27 24 23 25 22 21 23 20 19 21 18 17 19 16 15 17 14 13 15 12 11 13 10 9 11 8 7 9 6 5 7 4 3 5 2 1 3 0 1 34 33 35 32 31 33 30 29 31 28 27 29 26 25 27 24 23 25 22 21 23 20 19 21 18 17 19 16 15 17 14 13 15 12 11 13 10 9 11 8 7 9 6 5 7 4 3 5 2 1 3 36 35 37 34 33 35 32 31 33 30 29 31 28 27 29 26 25 27 24 23 25 22 21 23 20 19 21 18 17 19 16 15 17 14 13 15 12 11 13 10 9 11 8 7 9 6 5 7 4 3 5 2 1 3 32 31 33 30 29 31 28 27 29 26 25 27 24 23 25 22 21 23 20 19 21 18 17 19 16 15 17 14 13 15 12 11 13 10 9 11 8 7 9 6 5 7 4 3 5 36 35 37 34 33 35 32 31 33 30 29 31 28 27 29 26 25 27 24 23 25 22 21 23 20 19 21 18 17 19 16 15 17 14 13 15 12 11 13 10 9 11 8 7 9 6 5 7 4 3 5 30 29 31 28 27 29 26 25 27 24 23 25 22 21 23 20 19 21 18 17 19 16 15 17 14 13 15 12 11 13 10 9 11 8 7 9 6 5 7 34 33 35 32 31 33 30 29 31 28 27 29 26 25 27 24 23 25 22 21 23 20 19 21 18 17 19 16 15 17 14 13 15 12 11 13 10 9 11 8 7 9 6 5 7 28 27 29 26 25 27 24 23 25 22 21 23 20 19 21 18 17 19 16 15 17 14 13 15 12 11 13 10 9 11 8 7 9 18 17 19 22 21 23 20 19 21 26 25 27 24 23 25 22 21 23 20 19 21 18 17 19 16 15 17 14 13 15 12 11 13 10 9 11 18 17 19 16 15 17 14 13 15 12 11 13 24 23 25 22 21 23 20 19 21 18 17 19 16 15 17 14 13 15 26 25 27 28 27 29 26 25 27 24 23 25 36 35 37 34 33 35 32 31 33 30 29 31 28 27 29 26 25 27 24 23 25 22 21 23 20 19 21 18 17 19 16 15 17 14 13 15 12 11 13 10 9 11 8 7 9 12 11 13 32 31 33 30 29 31 28 27 29 26 25 27 24 23 25 22 21 23 20 19 21 18 17 19 16 15 17 14 13 15 34 33 35 32 31 33 30 29 31 28 27 29 26 25 27 24 23 25 22 21 23 20 19 21 18 17 19 16 15 17 28 27 29 30 29 31 32 31 33 36 35 37 34 33 35 32 31 33 30 29 31 28 27 29 26 25 27 24 23 25 22 21 23 20 19 21 18 17 19 16 15 17 14 13 15 12 11 13 10 9 11 12 11 13 14 13 15 16 15 17 20 19 21 18 17 19 16 15 17 28 27 29 26 25 27 24 23 25 22 21 23 20 19 21 18 17 19 30 29 31 28 27 29 26 25 27 36 35 37 34 33 35 32 31 33 30 29 31 28 27 29 26 25 27 24 23 25 22 21 23 20 19 21 18 17 19 16 15 17 24 23 25 22 21 23 26 25 27 34 33 35 32 31 33 30 29 31 28 27 29 26 25 27 24 23 25 22 21 23 20 19 21
[24.481629s] A=259 K=481 i=5.244946753e+09) 37 35 33 31 29 27 25 23 21 19 17 15 13 11 9 7 5 3 1 36 35 37 34 33 35 32 31 33 30 29 31 28 27 29 26 25 27 24 23 25 22 21 23 20 19 21 18 17 19 16 15 17 14 13 15 12 11 13 10 9 11 8 7 9 6 5 7 4 3 5 2 1 3 0 1 34 33 35 32 31 33 30 29 31 28 27 29 26 25 27 24 23 25 22 21 23 20 19 21 18 17 19 16 15 17 14 13 15 12 11 13 10 9 11 8 7 9 6 5 7 4 3 5 2 1 3 36 35 37 34 33 35 32 31 33 30 29 31 28 27 29 26 25 27 24 23 25 22 21 23 20 19 21 18 17 19 16 15 17 14 13 15 12 11 13 10 9 11 8 7 9 6 5 7 4 3 5 2 1 3 32 31 33 30 29 31 28 27 29 26 25 27 24 23 25 22 21 23 20 19 21 18 17 19 16 15 17 14 13 15 12 11 13 10 9 11 8 7 9 6 5 7 4 3 5 36 35 37 34 33 35 32 31 33 30 29 31 28 27 29 26 25 27 24 23 25 22 21 23 20 19 21 18 17 19 16 15 17 14 13 15 12 11 13 10 9 11 8 7 9 6 5 7 4 3 5 30 29 31 28 27 29 26 25 27 24 23 25 22 21 23 20 19 21 18 17 19 16 15 17 14 13 15 12 11 13 10 9 11 8 7 9 6 5 7 34 33 35 32 31 33 30 29 31 28 27 29 26 25 27 24 23 25 22 21 23 20 19 21 18 17 19 16 15 17 14 13 15 12 11 13 10 9 11 8 7 9 6 5 7 28 27 29 26 25 27 24 23 25 22 21 23 20 19 21 18 17 19 16 15 17 14 13 15 12 11 13 10 9 11 8 7 9 18 17 19 22 21 23 20 19 21 26 25 27 24 23 25 22 21 23 20 19 21 18 17 19 16 15 17 14 13 15 12 11 13 10 9 11 18 17 19 16 15 17 14 13 15 12 11 13 24 23 25 22 21 23 20 19 21 18 17 19 16 15 17 14 13 15 26 25 27 28 27 29 26 25 27 24 23 25 32 31 33 30 29 31 28 27 29 26 25 27 24 23 25 22 21 23 20 19 21 18 17 19 16 15 17 36 35 37 34 33 35 32 31 33 30 29 31 28 27 29 26 25 27 24 23 25 22 21 23 20 19 21 18 17 19 16 15 17 14 13 15 12 11 13 10 9 11 8 7 9 12 11 13 14 13 15 34 33 35 32 31 33 30 29 31 28 27 29 26 25 27 24 23 25 22 21 23 20 19 21 18 17 19 16 15 17 28 27 29 30 29 31 32 31 33 36 35 37 34 33 35 32 31 33 30 29 31 28 27 29 26 25 27 24 23 25 22 21 23 20 19 21 18 17 19 16 15 17 14 13 15 12 11 13 10 9 11 12 11 13 14 13 15 16 15 17 20 19 21 18 17 19 16 15 17 28 27 29 26 25 27 24 23 25 22 21 23 20 19 21 18 17 19 30 29 31 28 27 29 26 25 27 36 35 37 34 33 35 32 31 33 30 29 31 28 27 29 26 25 27 24 23 25 22 21 23 20 19 21 18 17 19 16 15 17 24 23 25 22 21 23 20 19 21 26 25 27 34 33 35 32 31 33 30 29 31 28 27 29 26 25 27 24 23 25 22 21 23
[24.481749s] A=259 K=481 i=5.244972519e+09) 37 35 33 31 29 27 25 23 21 19 17 15 13 11 9 7 5 3 1 36 35 37 34 33 35 32 31 33 30 29 31 28 27 29 26 25 27 24 23 25 22 21 23 20 19 21 18 17 19 16 15 17 14 13 15 12 11 13 10 9 11 8 7 9 6 5 7 4 3 5 2 1 3 0 1 34 33 35 32 31 33 30 29 31 28 27 29 26 25 27 24 23 25 22 21 23 20 19 21 18 17 19 16 15 17 14 13 15 12 11 13 10 9 11 8 7 9 6 5 7 4 3 5 2 1 3 36 35 37 34 33 35 32 31 33 30 29 31 28 27 29 26 25 27 24 23 25 22 21 23 20 19 21 18 17 19 16 15 17 14 13 15 12 11 13 10 9 11 8 7 9 6 5 7 4 3 5 2 1 3 32 31 33 30 29 31 28 27 29 26 25 27 24 23 25 22 21 23 20 19 21 18 17 19 16 15 17 14 13 15 12 11 13 10 9 11 8 7 9 6 5 7 4 3 5 36 35 37 34 33 35 32 31 33 30 29 31 28 27 29 26 25 27 24 23 25 22 21 23 20 19 21 18 17 19 16 15 17 14 13 15 12 11 13 10 9 11 8 7 9 6 5 7 4 3 5 30 29 31 28 27 29 26 25 27 24 23 25 22 21 23 20 19 21 18 17 19 16 15 17 14 13 15 12 11 13 10 9 11 8 7 9 6 5 7 34 33 35 32 31 33 30 29 31 28 27 29 26 25 27 24 23 25 22 21 23 20 19 21 18 17 19 16 15 17 14 13 15 12 11 13 10 9 11 8 7 9 6 5 7 28 27 29 26 25 27 24 23 25 22 21 23 20 19 21 18 17 19 16 15 17 14 13 15 12 11 13 10 9 11 8 7 9 18 17 19 22 21 23 20 19 21 26 25 27 24 23 25 22 21 23 20 19 21 18 17 19 16 15 17 14 13 15 12 11 13 10 9 11 18 17 19 16 15 17 14 13 15 12 11 13 24 23 25 22 21 23 20 19 21 18 17 19 16 15 17 14 13 15 26 25 27 28 27 29 26 25 27 24 23 25 32 31 33 30 29 31 28 27 29 26 25 27 24 23 25 22 21 23 20 19 21 18 17 19 16 15 17 28 27 29 34 33 35 32 31 33 30 29 31 36 35 37 34 33 35 32 31 33 30 29 31 28 27 29 26 25 27 24 23 25 22 21 23 20 19 21 18 17 19 16 15 17 14 13 15 12 11 13 10 9 11 8 7 9 12 11 13 14 13 15 28 27 29 26 25 27 24 23 25 22 21 23 20 19 21 18 17 19 16 15 17 36 35 37 34 33 35 32 31 33 30 29 31 28 27 29 26 25 27 24 23 25 22 21 23 20 19 21 18 17 19 16 15 17 14 13 15 12 11 13 10 9 11 12 11 13 14 13 15 16 15 17 20 19 21 18 17 19 16 15 17 30 29 31 28 27 29 26 25 27 24 23 25 22 21 23 20 19 21 18 17 19 32 31 33 30 29 31 28 27 29 26 25 27 34 33 35 32 31 33 30 29 31 28 27 29 26 25 27 24 23 25 22 21 23 20 19 21 18 17 19 16 15 17 24 23 25 22 21 23 20 19 21 26 25 27 36 35 37 34 33 35 32 31 33 30 29 31 28 27 29 26 25 27 24 23 25 22 21 23
[24.497288s] A=259 K=481 i=5.247859604e+09) 37 35 33 31 29 27 25 23 21 19 17 15 13 11 9 7 5 3 1 36 35 37 34 33 35 32 31 33 30 29 31 28 27 29 26 25 27 24 23 25 22 21 23 20 19 21 18 17 19 16 15 17 14 13 15 12 11 13 10 9 11 8 7 9 6 5 7 4 3 5 2 1 3 0 1 34 33 35 32 31 33 30 29 31 28 27 29 26 25 27 24 23 25 22 21 23 20 19 21 18 17 19 16 15 17 14 13 15 12 11 13 10 9 11 8 7 9 6 5 7 4 3 5 2 1 3 36 35 37 34 33 35 32 31 33 30 29 31 28 27 29 26 25 27 24 23 25 22 21 23 20 19 21 18 17 19 16 15 17 14 13 15 12 11 13 10 9 11 8 7 9 6 5 7 4 3 5 2 1 3 32 31 33 30 29 31 28 27 29 26 25 27 24 23 25 22 21 23 20 19 21 18 17 19 16 15 17 14 13 15 12 11 13 10 9 11 8 7 9 6 5 7 4 3 5 36 35 37 34 33 35 32 31 33 30 29 31 28 27 29 26 25 27 24 23 25 22 21 23 20 19 21 18 17 19 16 15 17 14 13 15 12 11 13 10 9 11 8 7 9 6 5 7 4 3 5 30 29 31 28 27 29 26 25 27 24 23 25 22 21 23 20 19 21 18 17 19 16 15 17 14 13 15 12 11 13 10 9 11 8 7 9 6 5 7 34 33 35 32 31 33 30 29 31 28 27 29 26 25 27 24 23 25 22 21 23 20 19 21 18 17 19 16 15 17 14 13 15 12 11 13 10 9 11 8 7 9 6 5 7 28 27 29 26 25 27 24 23 25 22 21 23 20 19 21 18 17 19 16 15 17 14 13 15 12 11 13 10 9 11 8 7 9 18 17 19 22 21 23 20 19 21 26 25 27 24 23 25 22 21 23 20 19 21 18 17 19 16 15 17 14 13 15 12 11 13 10 9 11 18 17 19 16 15 17 14 13 15 12 11 13 20 19 21 24 23 25 22 21 23 28 27 29 26 25 27 24 23 25 28 27 29 26 25 27 36 35 37 34 33 35 32 31 33 30 29 31 28 27 29 26 25 27 24 23 25 22 21 23 20 19 21 18 17 19 16 15 17 14 13 15 12 11 13 10 9 11 8 7 9 20 19 21 18 17 19 16 15 17 14 13 15 12 11 13 32 31 33 30 29 31 28 27 29 26 25 27 24 23 25 22 21 23 20 19 21 18 17 19 16 15 17 14 13 15 34 33 35 32 31 33 30 29 31 28 27 29 26 25 27 24 23 25 22 21 23 20 19 21 18 17 19 16 15 17 36 35 37 34 33 35 32 31 33 30 29 31 28 27 29 26 25 27 24 23 25 22 21 23 20 19 21 18 17 19 16 15 17 14 13 15 12 11 13 10 9 11 12 11 13 14 13 15 16 15 17 18 17 19 16 15 17 20 19 21 30 29 31 28 27 29 26 25 27 24 23 25 22 21 23 20 19 21 18 17 19 32 31 33 30 29 31 28 27 29 26 25 27 24 23 25 22 21 23 36 35 37 34 33 35 32 31 33 30 29 31 28 27 29 26 25 27 24 23 25 22 21 23 20 19 21 18 17 19 16 15 17 34 33 35 32 31 33 30 29 31 28 27 29 26 25 27 24 23 25 22 21 23 20 19 21
[24.505227s] A=259 K=481 i=5.249063372e+09) 37 35 33 31 29 27 25 23 21 19 17 15 13 11 9 7 5 3 1 36 35 37 34 33 35 32 31 33 30 29 31 28 27 29 26 25 27 24 23 25 22 21 23 20 19 21 18 17 19 16 15 17 14 13 15 12 11 13 10 9 11 8 7 9 6 5 7 4 3 5 2 1 3 0 1 34 33 35 32 31 33 30 29 31 28 27 29 26 25 27 24 23 25 22 21 23 20 19 21 18 17 19 16 15 17 14 13 15 12 11 13 10 9 11 8 7 9 6 5 7 4 3 5 2 1 3 36 35 37 34 33 35 32 31 33 30 29 31 28 27 29 26 25 27 24 23 25 22 21 23 20 19 21 18 17 19 16 15 17 14 13 15 12 11 13 10 9 11 8 7 9 6 5 7 4 3 5 2 1 3 32 31 33 30 29 31 28 27 29 26 25 27 24 23 25 22 21 23 20 19 21 18 17 19 16 15 17 14 13 15 12 11 13 10 9 11 8 7 9 6 5 7 4 3 5 36 35 37 34 33 35 32 31 33 30 29 31 28 27 29 26 25 27 24 23 25 22 21 23 20 19 21 18 17 19 16 15 17 14 13 15 12 11 13 10 9 11 8 7 9 6 5 7 4 3 5 30 29 31 28 27 29 26 25 27 24 23 25 22 21 23 20 19 21 18 17 19 16 15 17 14 13 15 12 11 13 10 9 11 8 7 9 6 5 7 34 33 35 32 31 33 30 29 31 28 27 29 26 25 27 24 23 25 22 21 23 20 19 21 18 17 19 16 15 17 14 13 15 12 11 13 10 9 11 8 7 9 6 5 7 28 27 29 26 25 27 24 23 25 22 21 23 20 19 21 18 17 19 16 15 17 14 13 15 12 11 13 10 9 11 8 7 9 18 17 19 22 21 23 20 19 21 26 25 27 24 23 25 22 21 23 20 19 21 18 17 19 16 15 17 14 13 15 12 11 13 10 9 11 18 17 19 16 15 17 14 13 15 24 23 25 22 21 23 20 19 21 18 17 19 16 15 17 14 13 15 12 11 13 28 27 29 26 25 27 24 23 25 28 27 29 26 25 27 36 35 37 34 33 35 32 31 33 30 29 31 28 27 29 26 25 27 24 23 25 22 21 23 20 19 21 18 17 19 16 15 17 14 13 15 12 11 13 10 9 11 8 7 9 16 15 17 32 31 33 30 29 31 28 27 29 26 25 27 24 23 25 22 21 23 20 19 21 18 17 19 34 33 35 32 31 33 30 29 31 28 27 29 26 25 27 24 23 25 22 21 23 20 19 21 36 35 37 34 33 35 32 31 33 30 29 31 28 27 29 26 25 27 24 23 25 22 21 23 20 19 21 18 17 19 16 15 17 14 13 15 12 11 13 10 9 11 16 15 17 14 13 15 12 11 13 18 17 19 16 15 17 14 13 15 20 19 21 18 17 19 16 15 17 30 29 31 28 27 29 26 25 27 24 23 25 22 21 23 20 19 21 18 17 19 20 19 21 22 21 23 32 31 33 30 29 31 28 27 29 26 25 27 24 23 25 22 21 23 34 33 35 32 31 33 30 29 31 28 27 29 26 25 27 24 23 25 36 35 37 34 33 35 32 31 33 30 29 31 28 27 29 26 25 27 24 23 25 22 21 23 20 19 21 18 17 19 16 15 17 22 21 23 20 19 21
[24.529387s] A=259 K=481 i=5.253745613e+09) 37 35 33 31 29 27 25 23 21 19 17 15 13 11 9 7 5 3 1 36 35 37 34 33 35 32 31 33 30 29 31 28 27 29 26 25 27 24 23 25 22 21 23 20 19 21 18 17 19 16 15 17 14 13 15 12 11 13 10 9 11 8 7 9 6 5 7 4 3 5 2 1 3 0 1 34 33 35 32 31 33 30 29 31 28 27 29 26 25 27 24 23 25 22 21 23 20 19 21 18 17 19 16 15 17 14 13 15 12 11 13 10 9 11 8 7 9 6 5 7 4 3 5 2 1 3 36 35 37 34 33 35 32 31 33 30 29 31 28 27 29 26 25 27 24 23 25 22 21 23 20 19 21 18 17 19 16 15 17 14 13 15 12 11 13 10 9 11 8 7 9 6 5 7 4 3 5 2 1 3 32 31 33 30 29 31 28 27 29 26 25 27 24 23 25 22 21 23 20 19 21 18 17 19 16 15 17 14 13 15 12 11 13 10 9 11 8 7 9 6 5 7 4 3 5 36 35 37 34 33 35 32 31 33 30 29 31 28 27 29 26 25 27 24 23 25 22 21 23 20 19 21 18 17 19 16 15 17 14 13 15 12 11 13 10 9 11 8 7 9 6 5 7 4 3 5 30 29 31 28 27 29 26 25 27 24 23 25 22 21 23 20 19 21 18 17 19 16 15 17 14 13 15 12 11 13 10 9 11 8 7 9 6 5 7 34 33 35 32 31 33 30 29 31 28 27 29 26 25 27 24 23 25 22 21 23 20 19 21 18 17 19 16 15 17 14 13 15 12 11 13 10 9 11 8 7 9 6 5 7 28 27 29 26 25 27 24 23 25 22 21 23 20 19 21 18 17 19 16 15 17 14 13 15 12 11 13 10 9 11 8 7 9 18 17 19 22 21 23 20 19 21 26 25 27 24 23 25 22 21 23 20 19 21 18 17 19 16 15 17 14 13 15 12 11 13 10 9 11 18 17 19 16 15 17 14 13 15 24 23 25 22 21 23 20 19 21 18 17 19 16 15 17 28 27 29 26 25 27 24 23 25 28 27 29 26 25 27 36 35 37 34 33 35 32 31 33 30 29 31 28 27 29 26 25 27 24 23 25 22 21 23 20 19 21 18 17 19 16 15 17 14 13 15 12 11 13 10 9 11 8 7 9 14 13 15 12 11 13 16 15 17 32 31 33 30 29 31 28 27 29 26 25 27 24 23 25 22 21 23 20 19 21 18 17 19 34 33 35 32 31 33 30 29 31 28 27 29 26 25 27 24 23 25 22 21 23 20 19 21 36 35 37 34 33 35 32 31 33 30 29 31 28 27 29 26 25 27 24 23 25 22 21 23 20 19 21 18 17 19 16 15 17 14 13 15 12 11 13 10 9 11 16 15 17 14 13 15 12 11 13 18 17 19 16 15 17 14 13 15 20 19 21 18 17 19 16 15 17 30 29 31 28 27 29 26 25 27 24 23 25 22 21 23 20 19 21 18 17 19 20 19 21 22 21 23 32 31 33 30 29 31 28 27 29 26 25 27 24 23 25 34 33 35 32 31 33 30 29 31 28 27 29 26 25 27 24 23 25 22 21 23 36 35 37 34 33 35 32 31 33 30 29 31 28 27 29 26 25 27 24 23 25 22 21 23 20 19 21 18 17 19 16 15 17 20 19 21 22 21 23
[25.015994s] A=259 K=481 i=5.360217521e+09) 37 35 33 31 29 27 25 23 21 19 17 15 13 11 9 7 5 3 1 36 35 37 34 33 35 32 31 33 30 29 31 28 27 29 26 25 27 24 23 25 22 21 23 20 19 21 18 17 19 16 15 17 14 13 15 12 11 13 10 9 11 8 7 9 6 5 7 4 3 5 2 1 3 0 1 34 33 35 32 31 33 30 29 31 28 27 29 26 25 27 24 23 25 22 21 23 20 19 21 18 17 19 16 15 17 14 13 15 12 11 13 10 9 11 8 7 9 6 5 7 4 3 5 2 1 3 36 35 37 34 33 35 32 31 33 30 29 31 28 27 29 26 25 27 24 23 25 22 21 23 20 19 21 18 17 19 16 15 17 14 13 15 12 11 13 10 9 11 8 7 9 6 5 7 4 3 5 2 1 3 32 31 33 30 29 31 28 27 29 26 25 27 24 23 25 22 21 23 20 19 21 18 17 19 16 15 17 14 13 15 12 11 13 10 9 11 8 7 9 6 5 7 4 3 5 36 35 37 34 33 35 32 31 33 30 29 31 28 27 29 26 25 27 24 23 25 22 21 23 20 19 21 18 17 19 16 15 17 14 13 15 12 11 13 10 9 11 8 7 9 6 5 7 4 3 5 30 29 31 28 27 29 26 25 27 24 23 25 22 21 23 20 19 21 18 17 19 16 15 17 14 13 15 12 11 13 10 9 11 8 7 9 6 5 7 34 33 35 32 31 33 30 29 31 28 27 29 26 25 27 24 23 25 22 21 23 20 19 21 18 17 19 16 15 17 14 13 15 12 11 13 10 9 11 8 7 9 6 5 7 28 27 29 26 25 27 24 23 25 22 21 23 20 19 21 18 17 19 16 15 17 14 13 15 12 11 13 10 9 11 8 7 9 18 17 19 22 21 23 20 19 21 24 23 25 22 21 23 20 19 21 18 17 19 16 15 17 14 13 15 12 11 13 18 17 19 16 15 17 14 13 15 26 25 27 24 23 25 22 21 23 20 19 21 18 17 19 16 15 17 26 25 27 28 27 29 36 35 37 34 33 35 32 31 33 30 29 31 28 27 29 26 25 27 24 23 25 22 21 23 20 19 21 18 17 19 16 15 17 14 13 15 12 11 13 10 9 11 8 7 9 14 13 15 12 11 13 10 9 11 26 25 27 24 23 25 32 31 33 30 29 31 28 27 29 26 25 27 24 23 25 22 21 23 20 19 21 34 33 35 32 31 33 30 29 31 28 27 29 30 29 31 32 31 33 36 35 37 34 33 35 32 31 33 30 29 31 28 27 29 26 25 27 24 23 25 22 21 23 20 19 21 18 17 19 16 15 17 14 13 15 12 11 13 10 9 11 18 17 19 16 15 17 14 13 15 12 11 13 20 19 21 18 17 19 16 15 17 26 25 27 24 23 25 22 21 23 20 19 21 18 17 19 16 15 17 14 13 15 28 27 29 26 25 27 30 29 31 28 27 29 36 35 37 34 33 35 32 31 33 30 29 31 28 27 29 26 25 27 24 23 25 22 21 23 20 19 21 18 17 19 16 15 17 24 23 25 22 21 23 20 19 21 18 17 19 20 19 21 26 25 27 24 23 25 22 21 23 34 33 35 32 31 33 30 29 31 28 27 29 26 25 27 24 23 25 22 21 23 20 19 21 30 29 31 28 27 29 26 25 27
[25.016083s] A=259 K=481 i=5.360222308e+09) 37 35 33 31 29 27 25 23 21 19 17 15 13 11 9 7 5 3 1 36 35 37 34 33 35 32 31 33 30 29 31 28 27 29 26 25 27 24 23 25 22 21 23 20 19 21 18 17 19 16 15 17 14 13 15 12 11 13 10 9 11 8 7 9 6 5 7 4 3 5 2 1 3 0 1 34 33 35 32 31 33 30 29 31 28 27 29 26 25 27 24 23 25 22 21 23 20 19 21 18 17 19 16 15 17 14 13 15 12 11 13 10 9 11 8 7 9 6 5 7 4 3 5 2 1 3 36 35 37 34 33 35 32 31 33 30 29 31 28 27 29 26 25 27 24 23 25 22 21 23 20 19 21 18 17 19 16 15 17 14 13 15 12 11 13 10 9 11 8 7 9 6 5 7 4 3 5 2 1 3 32 31 33 30 29 31 28 27 29 26 25 27 24 23 25 22 21 23 20 19 21 18 17 19 16 15 17 14 13 15 12 11 13 10 9 11 8 7 9 6 5 7 4 3 5 36 35 37 34 33 35 32 31 33 30 29 31 28 27 29 26 25 27 24 23 25 22 21 23 20 19 21 18 17 19 16 15 17 14 13 15 12 11 13 10 9 11 8 7 9 6 5 7 4 3 5 30 29 31 28 27 29 26 25 27 24 23 25 22 21 23 20 19 21 18 17 19 16 15 17 14 13 15 12 11 13 10 9 11 8 7 9 6 5 7 34 33 35 32 31 33 30 29 31 28 27 29 26 25 27 24 23 25 22 21 23 20 19 21 18 17 19 16 15 17 14 13 15 12 11 13 10 9 11 8 7 9 6 5 7 28 27 29 26 25 27 24 23 25 22 21 23 20 19 21 18 17 19 16 15 17 14 13 15 12 11 13 10 9 11 8 7 9 18 17 19 22 21 23 20 19 21 24 23 25 22 21 23 20 19 21 18 17 19 16 15 17 14 13 15 12 11 13 18 17 19 16 15 17 14 13 15 26 25 27 24 23 25 22 21 23 20 19 21 18 17 19 16 15 17 26 25 27 28 27 29 36 35 37 34 33 35 32 31 33 30 29 31 28 27 29 26 25 27 24 23 25 22 21 23 20 19 21 18 17 19 16 15 17 14 13 15 12 11 13 10 9 11 8 7 9 14 13 15 12 11 13 10 9 11 26 25 27 24 23 25 32 31 33 30 29 31 28 27 29 26 25 27 24 23 25 22 21 23 20 19 21 30 29 31 34 33 35 32 31 33 36 35 37 34 33 35 32 31 33 30 29 31 28 27 29 26 25 27 24 23 25 22 21 23 20 19 21 18 17 19 16 15 17 14 13 15 12 11 13 10 9 11 18 17 19 16 15 17 14 13 15 12 11 13 20 19 21 18 17 19 16 15 17 30 29 31 28 27 29 26 25 27 24 23 25 22 21 23 20 19 21 18 17 19 16 15 17 14 13 15 28 27 29 26 25 27 32 31 33 30 29 31 28 27 29 34 33 35 32 31 33 30 29 31 36 35 37 34 33 35 32 31 33 30 29 31 28 27 29 26 25 27 24 23 25 22 21 23 20 19 21 18 17 19 16 15 17 24 23 25 22 21 23 20 19 21 18 17 19 20 19 21 26 25 27 24 23 25 22 21 23 28 27 29 26 25 27 24 23 25 22 21 23 20 19 21 30 29 31 28 27 29 26 25 27
[25.016292s] A=259 K=481 i=5.360277299e+09) 37 35 33 31 29 27 25 23 21 19 17 15 13 11 9 7 5 3 1 36 35 37 34 33 35 32 31 33 30 29 31 28 27 29 26 25 27 24 23 25 22 21 23 20 19 21 18 17 19 16 15 17 14 13 15 12 11 13 10 9 11 8 7 9 6 5 7 4 3 5 2 1 3 0 1 34 33 35 32 31 33 30 29 31 28 27 29 26 25 27 24 23 25 22 21 23 20 19 21 18 17 19 16 15 17 14 13 15 12 11 13 10 9 11 8 7 9 6 5 7 4 3 5 2 1 3 36 35 37 34 33 35 32 31 33 30 29 31 28 27 29 26 25 27 24 23 25 22 21 23 20 19 21 18 17 19 16 15 17 14 13 15 12 11 13 10 9 11 8 7 9 6 5 7 4 3 5 2 1 3 32 31 33 30 29 31 28 27 29 26 25 27 24 23 25 22 21 23 20 19 21 18 17 19 16 15 17 14 13 15 12 11 13 10 9 11 8 7 9 6 5 7 4 3 5 36 35 37 34 33 35 32 31 33 30 29 31 28 27 29 26 25 27 24 23 25 22 21 23 20 19 21 18 17 19 16 15 17 14 13 15 12 11 13 10 9 11 8 7 9 6 5 7 4 3 5 30 29 31 28 27 29 26 25 27 24 23 25 22 21 23 20 19 21 18 17 19 16 15 17 14 13 15 12 11 13 10 9 11 8 7 9 6 5 7 34 33 35 32 31 33 30 29 31 28 27 29 26 25 27 24 23 25 22 21 23 20 19 21 18 17 19 16 15 17 14 13 15 12 11 13 10 9 11 8 7 9 6 5 7 28 27 29 26 25 27 24 23 25 22 21 23 20 19 21 18 17 19 16 15 17 14 13 15 12 11 13 10 9 11 8 7 9 18 17 19 22 21 23 20 19 21 24 23 25 22 21 23 20 19 21 18 17 19 16 15 17 14 13 15 12 11 13 18 17 19 16 15 17 14 13 15 26 25 27 24 23 25 22 21 23 20 19 21 18 17 19 16 15 17 26 25 27 28 27 29 36 35 37 34 33 35 32 31 33 30 29 31 28 27 29 26 25 27 24 23 25 22 21 23 20 19 21 18 17 19 16 15 17 14 13 15 12 11 13 10 9 11 8 7 9 14 13 15 12 11 13 10 9 11 16 15 17 26 25 27 32 31 33 30 29 31 28 27 29 30 29 31 34 33 35 32 31 33 36 35 37 34 33 35 32 31 33 30 29 31 28 27 29 26 25 27 24 23 25 22 21 23 20 19 21 18 17 19 16 15 17 14 13 15 12 11 13 10 9 11 26 25 27 24 23 25 22 21 23 20 19 21 18 17 19 16 15 17 14 13 15 12 11 13 28 27 29 26 25 27 24 23 25 30 29 31 28 27 29 26 25 27 24 23 25 22 21 23 20 19 21 18 17 19 16 15 17 14 13 15 20 19 21 18 17 19 16 15 17 22 21 23 20 19 21 18 17 19 32 31 33 30 29 31 28 27 29 26 25 27 24 23 25 22 21 23 34 33 35 32 31 33 30 29 31 28 27 29 26 25 27 24 23 25 36 35 37 34 33 35 32 31 33 30 29 31 28 27 29 26 25 27 24 23 25 22 21 23 20 19 21 18 17 19 16 15 17 22 21 23 20 19 21 24 23 25 30 29 31 28 27 29 26 25 27
[25.038915s] A=259 K=481 i=5.36572176e+09) 37 35 33 31 29 27 25 23 21 19 17 15 13 11 9 7 5 3 1 36 35 37 34 33 35 32 31 33 30 29 31 28 27 29 26 25 27 24 23 25 22 21 23 20 19 21 18 17 19 16 15 17 14 13 15 12 11 13 10 9 11 8 7 9 6 5 7 4 3 5 2 1 3 0 1 34 33 35 32 31 33 30 29 31 28 27 29 26 25 27 24 23 25 22 21 23 20 19 21 18 17 19 16 15 17 14 13 15 12 11 13 10 9 11 8 7 9 6 5 7 4 3 5 2 1 3 36 35 37 34 33 35 32 31 33 30 29 31 28 27 29 26 25 27 24 23 25 22 21 23 20 19 21 18 17 19 16 15 17 14 13 15 12 11 13 10 9 11 8 7 9 6 5 7 4 3 5 2 1 3 32 31 33 30 29 31 28 27 29 26 25 27 24 23 25 22 21 23 20 19 21 18 17 19 16 15 17 14 13 15 12 11 13 10 9 11 8 7 9 6 5 7 4 3 5 36 35 37 34 33 35 32 31 33 30 29 31 28 27 29 26 25 27 24 23 25 22 21 23 20 19 21 18 17 19 16 15 17 14 13 15 12 11 13 10 9 11 8 7 9 6 5 7 4 3 5 30 29 31 28 27 29 26 25 27 24 23 25 22 21 23 20 19 21 18 17 19 16 15 17 14 13 15 12 11 13 10 9 11 8 7 9 6 5 7 34 33 35 32 31 33 30 29 31 28 27 29 26 25 27 24 23 25 22 21 23 20 19 21 18 17 19 16 15 17 14 13 15 12 11 13 10 9 11 8 7 9 6 5 7 28 27 29 26 25 27 24 23 25 22 21 23 20 19 21 18 17 19 16 15 17 14 13 15 12 11 13 10 9 11 8 7 9 18 17 19 22 21 23 20 19 21 24 23 25 22 21 23 20 19 21 18 17 19 16 15 17 14 13 15 12 11 13 18 17 19 16 15 17 14 13 15 20 19 21 18 17 19 16 15 17 24 23 25 22 21 23 26 25 27 24 23 25 22 21 23 20 19 21 18 17 19 16 15 17 14 13 15 12 11 13 10 9 11 32 31 33 30 29 31 28 27 29 26 25 27 24 23 25 22 21 23 20 19 21 30 29 31 28 27 29 26 25 27 24 23 25 22 21 23 32 31 33 30 29 31 28 27 29 26 25 27 34 33 35 32 31 33 30 29 31 28 27 29 26 25 27 24 23 25 36 35 37 34 33 35 32 31 33 30 29 31 28 27 29 26 25 27 24 23 25 22 21 23 20 19 21 18 17 19 16 15 17 14 13 15 12 11 13 10 9 11 8 7 9 36 35 37 34 33 35 32 31 33 30 29 31 28 27 29 26 25 27 24 23 25 22 21 23 20 19 21 18 17 19 16 15 17 14 13 15 12 11 13 10 9 11 18 17 19 16 15 17 14 13 15 12 11 13 20 19 21 22 21 23 20 19 21 18 17 19 16 15 17 14 13 15 34 33 35 32 31 33 30 29 31 28 27 29 26 25 27 24 23 25 22 21 23 20 19 21 18 17 19 16 15 17 18 17 19 22 21 23 20 19 21 24 23 25 22 21 23 20 19 21 32 31 33 30 29 31 28 27 29 26 25 27 24 23 25 22 21 23 28 27 29 26 25 27 24 23 25 30 29 31 28 27 29 26 25 27
[25.460534s] A=259 K=481 i=5.45320703e+09) 37 35 33 31 29 27 25 23 21 19 17 15 13 11 9 7 5 3 1 36 35 37 34 33 35 32 31 33 30 29 31 28 27 29 26 25 27 24 23 25 22 21 23 20 19 21 18 17 19 16 15 17 14 13 15 12 11 13 10 9 11 8 7 9 6 5 7 4 3 5 2 1 3 0 1 34 33 35 32 31 33 30 29 31 28 27 29 26 25 27 24 23 25 22 21 23 20 19 21 18 17 19 16 15 17 14 13 15 12 11 13 10 9 11 8 7 9 6 5 7 4 3 5 2 1 3 36 35 37 34 33 35 32 31 33 30 29 31 28 27 29 26 25 27 24 23 25 22 21 23 20 19 21 18 17 19 16 15 17 14 13 15 12 11 13 10 9 11 8 7 9 6 5 7 4 3 5 2 1 3 32 31 33 30 29 31 28 27 29 26 25 27 24 23 25 22 21 23 20 19 21 18 17 19 16 15 17 14 13 15 12 11 13 10 9 11 8 7 9 6 5 7 4 3 5 36 35 37 34 33 35 32 31 33 30 29 31 28 27 29 26 25 27 24 23 25 22 21 23 20 19 21 18 17 19 16 15 17 14 13 15 12 11 13 10 9 11 8 7 9 6 5 7 4 3 5 30 29 31 28 27 29 26 25 27 24 23 25 22 21 23 20 19 21 18 17 19 16 15 17 14 13 15 12 11 13 10 9 11 8 7 9 6 5 7 34 33 35 32 31 33 30 29 31 28 27 29 26 25 27 24 23 25 22 21 23 20 19 21 18 17 19 16 15 17 14 13 15 12 11 13 10 9 11 8 7 9 6 5 7 28 27 29 26 25 27 24 23 25 22 21 23 20 19 21 18 17 19 16 15 17 14 13 15 12 11 13 10 9 11 8 7 9 18 17 19 20 19 21 26 25 27 24 23 25 22 21 23 20 19 21 18 17 19 16 15 17 14 13 15 12 11 13 10 9 11 24 23 25 22 21 23 26 25 27 28 27 29 36 35 37 34 33 35 32 31 33 30 29 31 28 27 29 26 25 27 24 23 25 22 21 23 20 19 21 18 17 19 16 15 17 14 13 15 12 11 13 10 9 11 8 7 9 20 19 21 18 17 19 16 15 17 14 13 15 12 11 13 22 21 23 20 19 21 18 17 19 16 15 17 26 25 27 24 23 25 28 27 29 26 25 27 32 31 33 30 29 31 28 27 29 34 33 35 32 31 33 30 29 31 36 35 37 34 33 35 32 31 33 30 29 31 28 27 29 26 25 27 24 23 25 22 21 23 20 19 21 18 17 19 16 15 17 14 13 15 12 11 13 10 9 11 26 25 27 24 23 25 22 21 23 20 19 21 18 17 19 16 15 17 14 13 15 12 11 13 14 13 15 18 17 19 16 15 17 28 27 29 26 25 27 24 23 25 22 21 23 20 19 21 18 17 19 16 15 17 14 13 15 20 19 21 30 29 31 28 27 29 26 25 27 24 23 25 22 21 23 30 29 31 34 33 35 32 31 33 36 35 37 34 33 35 32 31 33 30 29 31 28 27 29 26 25 27 24 23 25 22 21 23 20 19 21 18 17 19 16 15 17 20 19 21 18 17 19 30 29 31 28 27 29 26 25 27 24 23 25 22 21 23 20 19 21 32 31 33 30 29 31 28 27 29 26 25 27 24 23 25 22 21 23
[25.460589s] A=259 K=481 i=5.453207759e+09) 37 35 33 31 29 27 25 23 21 19 17 15 13 11 9 7 5 3 1 36 35 37 34 33 35 32 31 33 30 29 31 28 27 29 26 25 27 24 23 25 22 21 23 20 19 21 18 17 19 16 15 17 14 13 15 12 11 13 10 9 11 8 7 9 6 5 7 4 3 5 2 1 3 0 1 34 33 35 32 31 33 30 29 31 28 27 29 26 25 27 24 23 25 22 21 23 20 19 21 18 17 19 16 15 17 14 13 15 12 11 13 10 9 11 8 7 9 6 5 7 4 3 5 2 1 3 36 35 37 34 33 35 32 31 33 30 29 31 28 27 29 26 25 27 24 23 25 22 21 23 20 19 21 18 17 19 16 15 17 14 13 15 12 11 13 10 9 11 8 7 9 6 5 7 4 3 5 2 1 3 32 31 33 30 29 31 28 27 29 26 25 27 24 23 25 22 21 23 20 19 21 18 17 19 16 15 17 14 13 15 12 11 13 10 9 11 8 7 9 6 5 7 4 3 5 36 35 37 34 33 35 32 31 33 30 29 31 28 27 29 26 25 27 24 23 25 22 21 23 20 19 21 18 17 19 16 15 17 14 13 15 12 11 13 10 9 11 8 7 9 6 5 7 4 3 5 30 29 31 28 27 29 26 25 27 24 23 25 22 21 23 20 19 21 18 17 19 16 15 17 14 13 15 12 11 13 10 9 11 8 7 9 6 5 7 34 33 35 32 31 33 30 29 31 28 27 29 26 25 27 24 23 25 22 21 23 20 19 21 18 17 19 16 15 17 14 13 15 12 11 13 10 9 11 8 7 9 6 5 7 28 27 29 26 25 27 24 23 25 22 21 23 20 19 21 18 17 19 16 15 17 14 13 15 12 11 13 10 9 11 8 7 9 18 17 19 20 19 21 26 25 27 24 23 25 22 21 23 20 19 21 18 17 19 16 15 17 14 13 15 12 11 13 10 9 11 24 23 25 22 21 23 26 25 27 28 27 29 36 35 37 34 33 35 32 31 33 30 29 31 28 27 29 26 25 27 24 23 25 22 21 23 20 19 21 18 17 19 16 15 17 14 13 15 12 11 13 10 9 11 8 7 9 20 19 21 18 17 19 16 15 17 14 13 15 12 11 13 22 21 23 20 19 21 18 17 19 16 15 17 26 25 27 24 23 25 28 27 29 26 25 27 32 31 33 30 29 31 28 27 29 34 33 35 36 35 37 34 33 35 32 31 33 30 29 31 28 27 29 26 25 27 24 23 25 22 21 23 20 19 21 18 17 19 16 15 17 14 13 15 12 11 13 10 9 11 26 25 27 24 23 25 22 21 23 20 19 21 18 17 19 16 15 17 14 13 15 12 11 13 14 13 15 18 17 19 16 15 17 32 31 33 30 29 31 28 27 29 26 25 27 24 23 25 22 21 23 20 19 21 18 17 19 16 15 17 14 13 15 20 19 21 30 29 31 28 27 29 26 25 27 24 23 25 22 21 23 34 33 35 36 35 37 34 33 35 32 31 33 30 29 31 28 27 29 26 25 27 24 23 25 22 21 23 20 19 21 18 17 19 16 15 17 20 19 21 18 17 19 32 31 33 30 29 31 28 27 29 26 25 27 24 23 25 22 21 23 20 19 21 34 33 35 32 31 33 30 29 31 28 27 29 26 25 27 24 23 25 22 21 23
[25.460627s] A=259 K=481 i=5.453208538e+09) 37 35 33 31 29 27 25 23 21 19 17 15 13 11 9 7 5 3 1 36 35 37 34 33 35 32 31 33 30 29 31 28 27 29 26 25 27 24 23 25 22 21 23 20 19 21 18 17 19 16 15 17 14 13 15 12 11 13 10 9 11 8 7 9 6 5 7 4 3 5 2 1 3 0 1 34 33 35 32 31 33 30 29 31 28 27 29 26 25 27 24 23 25 22 21 23 20 19 21 18 17 19 16 15 17 14 13 15 12 11 13 10 9 11 8 7 9 6 5 7 4 3 5 2 1 3 36 35 37 34 33 35 32 31 33 30 29 31 28 27 29 26 25 27 24 23 25 22 21 23 20 19 21 18 17 19 16 15 17 14 13 15 12 11 13 10 9 11 8 7 9 6 5 7 4 3 5 2 1 3 32 31 33 30 29 31 28 27 29 26 25 27 24 23 25 22 21 23 20 19 21 18 17 19 16 15 17 14 13 15 12 11 13 10 9 11 8 7 9 6 5 7 4 3 5 36 35 37 34 33 35 32 31 33 30 29 31 28 27 29 26 25 27 24 23 25 22 21 23 20 19 21 18 17 19 16 15 17 14 13 15 12 11 13 10 9 11 8 7 9 6 5 7 4 3 5 30 29 31 28 27 29 26 25 27 24 23 25 22 21 23 20 19 21 18 17 19 16 15 17 14 13 15 12 11 13 10 9 11 8 7 9 6 5 7 34 33 35 32 31 33 30 29 31 28 27 29 26 25 27 24 23 25 22 21 23 20 19 21 18 17 19 16 15 17 14 13 15 12 11 13 10 9 11 8 7 9 6 5 7 28 27 29 26 25 27 24 23 25 22 21 23 20 19 21 18 17 19 16 15 17 14 13 15 12 11 13 10 9 11 8 7 9 18 17 19 20 19 21 26 25 27 24 23 25 22 21 23 20 19 21 18 17 19 16 15 17 14 13 15 12 11 13 10 9 11 24 23 25 22 21 23 26 25 27 28 27 29 36 35 37 34 33 35 32 31 33 30 29 31 28 27 29 26 25 27 24 23 25 22 21 23 20 19 21 18 17 19 16 15 17 14 13 15 12 11 13 10 9 11 8 7 9 20 19 21 18 17 19 16 15 17 14 13 15 12 11 13 22 21 23 20 19 21 18 17 19 16 15 17 26 25 27 24 23 25 28 27 29 26 25 27 32 31 33 30 29 31 28 27 29 30 29 31 34 33 35 32 31 33 36 35 37 34 33 35 32 31 33 30 29 31 28 27 29 26 25 27 24 23 25 22 21 23 20 19 21 18 17 19 16 15 17 14 13 15 12 11 13 10 9 11 26 25 27 24 23 25 22 21 23 20 19 21 18 17 19 16 15 17 14 13 15 12 11 13 14 13 15 18 17 19 16 15 17 30 29 31 28 27 29 26 25 27 24 23 25 22 21 23 20 19 21 18 17 19 16 15 17 14 13 15 20 19 21 28 27 29 26 25 27 24 23 25 22 21 23 30 29 31 36 35 37 34 33 35 32 31 33 30 29 31 28 27 29 26 25 27 24 23 25 22 21 23 20 19 21 18 17 19 16 15 17 20 19 21 18 17 19 34 33 35 32 31 33 30 29 31 28 27 29 26 25 27 24 23 25 22 21 23 20 19 21 32 31 33 30 29 31 28 27 29 26 25 27 24 23 25 22 21 23
[25.460780s] A=259 K=481 i=5.453245226e+09) 37 35 33 31 29 27 25 23 21 19 17 15 13 11 9 7 5 3 1 36 35 37 34 33 35 32 31 33 30 29 31 28 27 29 26 25 27 24 23 25 22 21 23 20 19 21 18 17 19 16 15 17 14 13 15 12 11 13 10 9 11 8 7 9 6 5 7 4 3 5 2 1 3 0 1 34 33 35 32 31 33 30 29 31 28 27 29 26 25 27 24 23 25 22 21 23 20 19 21 18 17 19 16 15 17 14 13 15 12 11 13 10 9 11 8 7 9 6 5 7 4 3 5 2 1 3 36 35 37 34 33 35 32 31 33 30 29 31 28 27 29 26 25 27 24 23 25 22 21 23 20 19 21 18 17 19 16 15 17 14 13 15 12 11 13 10 9 11 8 7 9 6 5 7 4 3 5 2 1 3 32 31 33 30 29 31 28 27 29 26 25 27 24 23 25 22 21 23 20 19 21 18 17 19 16 15 17 14 13 15 12 11 13 10 9 11 8 7 9 6 5 7 4 3 5 36 35 37 34 33 35 32 31 33 30 29 31 28 27 29 26 25 27 24 23 25 22 21 23 20 19 21 18 17 19 16 15 17 14 13 15 12 11 13 10 9 11 8 7 9 6 5 7 4 3 5 30 29 31 28 27 29 26 25 27 24 23 25 22 21 23 20 19 21 18 17 19 16 15 17 14 13 15 12 11 13 10 9 11 8 7 9 6 5 7 34 33 35 32 31 33 30 29 31 28 27 29 26 25 27 24 23 25 22 21 23 20 19 21 18 17 19 16 15 17 14 13 15 12 11 13 10 9 11 8 7 9 6 5 7 28 27 29 26 25 27 24 23 25 22 21 23 20 19 21 18 17 19 16 15 17 14 13 15 12 11 13 10 9 11 8 7 9 18 17 19 20 19 21 26 25 27 24 23 25 22 21 23 20 19 21 18 17 19 16 15 17 14 13 15 12 11 13 10 9 11 24 23 25 22 21 23 26 25 27 28 27 29 36 35 37 34 33 35 32 31 33 30 29 31 28 27 29 26 25 27 24 23 25 22 21 23 20 19 21 18 17 19 16 15 17 14 13 15 12 11 13 10 9 11 8 7 9 20 19 21 18 17 19 16 15 17 14 13 15 22 21 23 20 19 21 18 17 19 16 15 17 26 25 27 24 23 25 28 27 29 26 25 27 32 31 33 30 29 31 28 27 29 34 33 35 32 31 33 30 29 31 36 35 37 34 33 35 32 31 33 30 29 31 28 27 29 26 25 27 24 23 25 22 21 23 20 19 21 18 17 19 16 15 17 14 13 15 12 11 13 10 9 11 12 11 13 14 13 15 26 25 27 24 23 25 22 21 23 20 19 21 18 17 19 16 15 17 14 13 15 12 11 13 18 17 19 16 15 17 28 27 29 26 25 27 24 23 25 22 21 23 20 19 21 18 17 19 16 15 17 14 13 15 30 29 31 28 27 29 26 25 27 24 23 25 22 21 23 20 19 21 30 29 31 34 33 35 32 31 33 36 35 37 34 33 35 32 31 33 30 29 31 28 27 29 26 25 27 24 23 25 22 21 23 20 19 21 18 17 19 16 15 17 18 17 19 20 19 21 30 29 31 28 27 29 26 25 27 24 23 25 22 21 23 20 19 21 32 31 33 30 29 31 28 27 29 26 25 27 24 23 25 22 21 23
[25.460817s] A=259 K=481 i=5.453246051e+09) 37 35 33 31 29 27 25 23 21 19 17 15 13 11 9 7 5 3 1 36 35 37 34 33 35 32 31 33 30 29 31 28 27 29 26 25 27 24 23 25 22 21 23 20 19 21 18 17 19 16 15 17 14 13 15 12 11 13 10 9 11 8 7 9 6 5 7 4 3 5 2 1 3 0 1 34 33 35 32 31 33 30 29 31 28 27 29 26 25 27 24 23 25 22 21 23 20 19 21 18 17 19 16 15 17 14 13 15 12 11 13 10 9 11 8 7 9 6 5 7 4 3 5 2 1 3 36 35 37 34 33 35 32 31 33 30 29 31 28 27 29 26 25 27 24 23 25 22 21 23 20 19 21 18 17 19 16 15 17 14 13 15 12 11 13 10 9 11 8 7 9 6 5 7 4 3 5 2 1 3 32 31 33 30 29 31 28 27 29 26 25 27 24 23 25 22 21 23 20 19 21 18 17 19 16 15 17 14 13 15 12 11 13 10 9 11 8 7 9 6 5 7 4 3 5 36 35 37 34 33 35 32 31 33 30 29 31 28 27 29 26 25 27 24 23 25 22 21 23 20 19 21 18 17 19 16 15 17 14 13 15 12 11 13 10 9 11 8 7 9 6 5 7 4 3 5 30 29 31 28 27 29 26 25 27 24 23 25 22 21 23 20 19 21 18 17 19 16 15 17 14 13 15 12 11 13 10 9 11 8 7 9 6 5 7 34 33 35 32 31 33 30 29 31 28 27 29 26 25 27 24 23 25 22 21 23 20 19 21 18 17 19 16 15 17 14 13 15 12 11 13 10 9 11 8 7 9 6 5 7 28 27 29 26 25 27 24 23 25 22 21 23 20 19 21 18 17 19 16 15 17 14 13 15 12 11 13 10 9 11 8 7 9 18 17 19 20 19 21 26 25 27 24 23 25 22 21 23 20 19 21 18 17 19 16 15 17 14 13 15 12 11 13 10 9 11 24 23 25 22 21 23 26 25 27 28 27 29 36 35 37 34 33 35 32 31 33 30 29 31 28 27 29 26 25 27 24 23 25 22 21 23 20 19 21 18 17 19 16 15 17 14 13 15 12 11 13 10 9 11 8 7 9 20 19 21 18 17 19 16 15 17 14 13 15 22 21 23 20 19 21 18 17 19 16 15 17 26 25 27 24 23 25 28 27 29 26 25 27 32 31 33 30 29 31 28 27 29 34 33 35 36 35 37 34 33 35 32 31 33 30 29 31 28 27 29 26 25 27 24 23 25 22 21 23 20 19 21 18 17 19 16 15 17 14 13 15 12 11 13 10 9 11 12 11 13 14 13 15 26 25 27 24 23 25 22 21 23 20 19 21 18 17 19 16 15 17 14 13 15 12 11 13 18 17 19 16 15 17 32 31 33 30 29 31 28 27 29 26 25 27 24 23 25 22 21 23 20 19 21 18 17 19 16 15 17 14 13 15 30 29 31 28 27 29 26 25 27 24 23 25 22 21 23 20 19 21 34 33 35 36 35 37 34 33 35 32 31 33 30 29 31 28 27 29 26 25 27 24 23 25 22 21 23 20 19 21 18 17 19 16 15 17 18 17 19 20 19 21 32 31 33 30 29 31 28 27 29 26 25 27 24 23 25 22 21 23 20 19 21 34 33 35 32 31 33 30 29 31 28 27 29 26 25 27 24 23 25 22 21 23
[25.460853s] A=259 K=481 i=5.453246657e+09) 37 35 33 31 29 27 25 23 21 19 17 15 13 11 9 7 5 3 1 36 35 37 34 33 35 32 31 33 30 29 31 28 27 29 26 25 27 24 23 25 22 21 23 20 19 21 18 17 19 16 15 17 14 13 15 12 11 13 10 9 11 8 7 9 6 5 7 4 3 5 2 1 3 0 1 34 33 35 32 31 33 30 29 31 28 27 29 26 25 27 24 23 25 22 21 23 20 19 21 18 17 19 16 15 17 14 13 15 12 11 13 10 9 11 8 7 9 6 5 7 4 3 5 2 1 3 36 35 37 34 33 35 32 31 33 30 29 31 28 27 29 26 25 27 24 23 25 22 21 23 20 19 21 18 17 19 16 15 17 14 13 15 12 11 13 10 9 11 8 7 9 6 5 7 4 3 5 2 1 3 32 31 33 30 29 31 28 27 29 26 25 27 24 23 25 22 21 23 20 19 21 18 17 19 16 15 17 14 13 15 12 11 13 10 9 11 8 7 9 6 5 7 4 3 5 36 35 37 34 33 35 32 31 33 30 29 31 28 27 29 26 25 27 24 23 25 22 21 23 20 19 21 18 17 19 16 15 17 14 13 15 12 11 13 10 9 11 8 7 9 6 5 7 4 3 5 30 29 31 28 27 29 26 25 27 24 23 25 22 21 23 20 19 21 18 17 19 16 15 17 14 13 15 12 11 13 10 9 11 8 7 9 6 5 7 34 33 35 32 31 33 30 29 31 28 27 29 26 25 27 24 23 25 22 21 23 20 19 21 18 17 19 16 15 17 14 13 15 12 11 13 10 9 11 8 7 9 6 5 7 28 27 29 26 25 27 24 23 25 22 21 23 20 19 21 18 17 19 16 15 17 14 13 15 12 11 13 10 9 11 8 7 9 18 17 19 20 19 21 26 25 27 24 23 25 22 21 23 20 19 21 18 17 19 16 15 17 14 13 15 12 11 13 10 9 11 24 23 25 22 21 23 26 25 27 28 27 29 36 35 37 34 33 35 32 31 33 30 29 31 28 27 29 26 25 27 24 23 25 22 21 23 20 19 21 18 17 19 16 15 17 14 13 15 12 11 13 10 9 11 8 7 9 20 19 21 18 17 19 16 15 17 14 13 15 22 21 23 20 19 21 18 17 19 16 15 17 26 25 27 24 23 25 28 27 29 26 25 27 32 31 33 30 29 31 28 27 29 30 29 31 34 33 35 32 31 33 36 35 37 34 33 35 32 31 33 30 29 31 28 27 29 26 25 27 24 23 25 22 21 23 20 19 21 18 17 19 16 15 17 14 13 15 12 11 13 10 9 11 12 11 13 14 13 15 26 25 27 24 23 25 22 21 23 20 19 21 18 17 19 16 15 17 14 13 15 12 11 13 18 17 19 16 15 17 30 29 31 28 27 29 26 25 27 24 23 25 22 21 23 20 19 21 18 17 19 16 15 17 14 13 15 28 27 29 26 25 27 24 23 25 22 21 23 20 19 21 30 29 31 36 35 37 34 33 35 32 31 33 30 29 31 28 27 29 26 25 27 24 23 25 22 21 23 20 19 21 18 17 19 16 15 17 18 17 19 20 19 21 34 33 35 32 31 33 30 29 31 28 27 29 26 25 27 24 23 25 22 21 23 20 19 21 32 31 33 30 29 31 28 27 29 26 25 27 24 23 25 22 21 23
[25.536621s] A=259 K=481 i=5.465642767e+09) 37 35 33 31 29 27 25 23 21 19 17 15 13 11 9 7 5 3 1 36 35 37 34 33 35 32 31 33 30 29 31 28 27 29 26 25 27 24 23 25 22 21 23 20 19 21 18 17 19 16 15 17 14 13 15 12 11 13 10 9 11 8 7 9 6 5 7 4 3 5 2 1 3 0 1 34 33 35 32 31 33 30 29 31 28 27 29 26 25 27 24 23 25 22 21 23 20 19 21 18 17 19 16 15 17 14 13 15 12 11 13 10 9 11 8 7 9 6 5 7 4 3 5 2 1 3 36 35 37 34 33 35 32 31 33 30 29 31 28 27 29 26 25 27 24 23 25 22 21 23 20 19 21 18 17 19 16 15 17 14 13 15 12 11 13 10 9 11 8 7 9 6 5 7 4 3 5 2 1 3 32 31 33 30 29 31 28 27 29 26 25 27 24 23 25 22 21 23 20 19 21 18 17 19 16 15 17 14 13 15 12 11 13 10 9 11 8 7 9 6 5 7 4 3 5 36 35 37 34 33 35 32 31 33 30 29 31 28 27 29 26 25 27 24 23 25 22 21 23 20 19 21 18 17 19 16 15 17 14 13 15 12 11 13 10 9 11 8 7 9 6 5 7 4 3 5 30 29 31 28 27 29 26 25 27 24 23 25 22 21 23 20 19 21 18 17 19 16 15 17 14 13 15 12 11 13 10 9 11 8 7 9 6 5 7 34 33 35 32 31 33 30 29 31 28 27 29 26 25 27 24 23 25 22 21 23 20 19 21 18 17 19 16 15 17 14 13 15 12 11 13 10 9 11 8 7 9 6 5 7 28 27 29 26 25 27 24 23 25 22 21 23 20 19 21 18 17 19 16 15 17 14 13 15 12 11 13 10 9 11 8 7 9 18 17 19 20 19 21 26 25 27 24 23 25 22 21 23 20 19 21 18 17 19 16 15 17 14 13 15 12 11 13 10 9 11 18 17 19 24 23 25 22 21 23 20 19 21 22 21 23 26 25 27 28 27 29 26 25 27 24 23 25 36 35 37 34 33 35 32 31 33 30 29 31 28 27 29 26 25 27 24 23 25 22 21 23 20 19 21 18 17 19 16 15 17 14 13 15 12 11 13 10 9 11 8 7 9 18 17 19 16 15 17 14 13 15 12 11 13 20 19 21 18 17 19 16 15 17 14 13 15 28 27 29 26 25 27 32 31 33 30 29 31 28 27 29 34 33 35 32 31 33 30 29 31 36 35 37 34 33 35 32 31 33 30 29 31 28 27 29 26 25 27 24 23 25 22 21 23 20 19 21 18 17 19 16 15 17 14 13 15 12 11 13 10 9 11 26 25 27 24 23 25 22 21 23 20 19 21 18 17 19 16 15 17 14 13 15 12 11 13 28 27 29 26 25 27 24 23 25 22 21 23 20 19 21 18 17 19 16 15 17 14 13 15 16 15 17 18 17 19 20 19 21 30 29 31 28 27 29 26 25 27 24 23 25 22 21 23 36 35 37 34 33 35 32 31 33 30 29 31 28 27 29 26 25 27 24 23 25 22 21 23 20 19 21 18 17 19 16 15 17 20 19 21 18 17 19 32 31 33 30 29 31 28 27 29 26 25 27 24 23 25 22 21 23 34 33 35 32 31 33 30 29 31 28 27 29 26 25 27 24 23 25 22 21 23 20 19 21
[25.536785s] A=259 K=481 i=5.465651193e+09) 37 35 33 31 29 27 25 23 21 19 17 15 13 11 9 7 5 3 1 36 35 37 34 33 35 32 31 33 30 29 31 28 27 29 26 25 27 24 23 25 22 21 23 20 19 21 18 17 19 16 15 17 14 13 15 12 11 13 10 9 11 8 7 9 6 5 7 4 3 5 2 1 3 0 1 34 33 35 32 31 33 30 29 31 28 27 29 26 25 27 24 23 25 22 21 23 20 19 21 18 17 19 16 15 17 14 13 15 12 11 13 10 9 11 8 7 9 6 5 7 4 3 5 2 1 3 36 35 37 34 33 35 32 31 33 30 29 31 28 27 29 26 25 27 24 23 25 22 21 23 20 19 21 18 17 19 16 15 17 14 13 15 12 11 13 10 9 11 8 7 9 6 5 7 4 3 5 2 1 3 32 31 33 30 29 31 28 27 29 26 25 27 24 23 25 22 21 23 20 19 21 18 17 19 16 15 17 14 13 15 12 11 13 10 9 11 8 7 9 6 5 7 4 3 5 36 35 37 34 33 35 32 31 33 30 29 31 28 27 29 26 25 27 24 23 25 22 21 23 20 19 21 18 17 19 16 15 17 14 13 15 12 11 13 10 9 11 8 7 9 6 5 7 4 3 5 30 29 31 28 27 29 26 25 27 24 23 25 22 21 23 20 19 21 18 17 19 16 15 17 14 13 15 12 11 13 10 9 11 8 7 9 6 5 7 34 33 35 32 31 33 30 29 31 28 27 29 26 25 27 24 23 25 22 21 23 20 19 21 18 17 19 16 15 17 14 13 15 12 11 13 10 9 11 8 7 9 6 5 7 28 27 29 26 25 27 24 23 25 22 21 23 20 19 21 18 17 19 16 15 17 14 13 15 12 11 13 10 9 11 8 7 9 18 17 19 20 19 21 26 25 27 24 23 25 22 21 23 20 19 21 18 17 19 16 15 17 14 13 15 12 11 13 10 9 11 18 17 19 24 23 25 22 21 23 20 19 21 22 21 23 26 25 27 28 27 29 26 25 27 24 23 25 36 35 37 34 33 35 32 31 33 30 29 31 28 27 29 26 25 27 24 23 25 22 21 23 20 19 21 18 17 19 16 15 17 14 13 15 12 11 13 10 9 11 8 7 9 18 17 19 16 15 17 14 13 15 20 19 21 18 17 19 16 15 17 28 27 29 26 25 27 32 31 33 30 29 31 28 27 29 34 33 35 32 31 33 30 29 31 36 35 37 34 33 35 32 31 33 30 29 31 28 27 29 26 25 27 24 23 25 22 21 23 20 19 21 18 17 19 16 15 17 14 13 15 12 11 13 10 9 11 12 11 13 14 13 15 16 15 17 26 25 27 24 23 25 22 21 23 20 19 21 18 17 19 16 15 17 14 13 15 12 11 13 28 27 29 26 25 27 24 23 25 22 21 23 20 19 21 18 17 19 16 15 17 14 13 15 18 17 19 30 29 31 28 27 29 26 25 27 24 23 25 22 21 23 20 19 21 36 35 37 34 33 35 32 31 33 30 29 31 28 27 29 26 25 27 24 23 25 22 21 23 20 19 21 18 17 19 16 15 17 18 17 19 20 19 21 32 31 33 30 29 31 28 27 29 26 25 27 24 23 25 22 21 23 34 33 35 32 31 33 30 29 31 28 27 29 26 25 27 24 23 25 22 21 23 20 19 21
[25.580214s] A=259 K=481 i=5.475210184e+09) 37 35 33 31 29 27 25 23 21 19 17 15 13 11 9 7 5 3 1 36 35 37 34 33 35 32 31 33 30 29 31 28 27 29 26 25 27 24 23 25 22 21 23 20 19 21 18 17 19 16 15 17 14 13 15 12 11 13 10 9 11 8 7 9 6 5 7 4 3 5 2 1 3 0 1 34 33 35 32 31 33 30 29 31 28 27 29 26 25 27 24 23 25 22 21 23 20 19 21 18 17 19 16 15 17 14 13 15 12 11 13 10 9 11 8 7 9 6 5 7 4 3 5 2 1 3 36 35 37 34 33 35 32 31 33 30 29 31 28 27 29 26 25 27 24 23 25 22 21 23 20 19 21 18 17 19 16 15 17 14 13 15 12 11 13 10 9 11 8 7 9 6 5 7 4 3 5 2 1 3 32 31 33 30 29 31 28 27 29 26 25 27 24 23 25 22 21 23 20 19 21 18 17 19 16 15 17 14 13 15 12 11 13 10 9 11 8 7 9 6 5 7 4 3 5 36 35 37 34 33 35 32 31 33 30 29 31 28 27 29 26 25 27 24 23 25 22 21 23 20 19 21 18 17 19 16 15 17 14 13 15 12 11 13 10 9 11 8 7 9 6 5 7 4 3 5 30 29 31 28 27 29 26 25 27 24 23 25 22 21 23 20 19 21 18 17 19 16 15 17 14 13 15 12 11 13 10 9 11 8 7 9 6 5 7 34 33 35 32 31 33 30 29 31 28 27 29 26 25 27 24 23 25 22 21 23 20 19 21 18 17 19 16 15 17 14 13 15 12 11 13 10 9 11 8 7 9 6 5 7 28 27 29 26 25 27 24 23 25 22 21 23 20 19 21 18 17 19 16 15 17 14 13 15 12 11 13 10 9 11 8 7 9 18 17 19 20 19 21 24 23 25 22 21 23 20 19 21 18 17 19 16 15 17 14 13 15 12 11 13 10 9 11 26 25 27 24 23 25 22 21 23 26 25 27 28 27 29 36 35 37 34 33 35 32 31 33 30 29 31 28 27 29 26 25 27 24 23 25 22 21 23 20 19 21 18 17 19 16 15 17 14 13 15 12 11 13 10 9 11 8 7 9 20 19 21 18 17 19 16 15 17 14 13 15 12 11 13 10 9 11 22 21 23 20 19 21 18 17 19 16 15 17 14 13 15 26 25 27 24 23 25 32 31 33 30 29 31 28 27 29 26 25 27 24 23 25 22 21 23 20 19 21 18 17 19 16 15 17 14 13 15 12 11 13 28 27 29 26 25 27 30 29 31 34 33 35 32 31 33 30 29 31 28 27 29 36 35 37 34 33 35 32 31 33 30 29 31 28 27 29 26 25 27 24 23 25 22 21 23 20 19 21 18 17 19 16 15 17 14 13 15 12 11 13 10 9 11 26 25 27 24 23 25 22 21 23 20 19 21 18 17 19 16 15 17 14 13 15 18 17 19 16 15 17 20 19 21 28 27 29 26 25 27 24 23 25 22 21 23 36 35 37 34 33 35 32 31 33 30 29 31 28 27 29 26 25 27 24 23 25 22 21 23 20 19 21 18 17 19 16 15 17 20 19 21 18 17 19 32 31 33 30 29 31 28 27 29 26 25 27 24 23 25 22 21 23 34 33 35 32 31 33 30 29 31 28 27 29 26 25 27 24 23 25 22 21 23 20 19 21
[25.624117s] A=259 K=481 i=5.483859658e+09) 37 35 33 31 29 27 25 23 21 19 17 15 13 11 9 7 5 3 1 36 35 37 34 33 35 32 31 33 30 29 31 28 27 29 26 25 27 24 23 25 22 21 23 20 19 21 18 17 19 16 15 17 14 13 15 12 11 13 10 9 11 8 7 9 6 5 7 4 3 5 2 1 3 0 1 34 33 35 32 31 33 30 29 31 28 27 29 26 25 27 24 23 25 22 21 23 20 19 21 18 17 19 16 15 17 14 13 15 12 11 13 10 9 11 8 7 9 6 5 7 4 3 5 2 1 3 36 35 37 34 33 35 32 31 33 30 29 31 28 27 29 26 25 27 24 23 25 22 21 23 20 19 21 18 17 19 16 15 17 14 13 15 12 11 13 10 9 11 8 7 9 6 5 7 4 3 5 2 1 3 32 31 33 30 29 31 28 27 29 26 25 27 24 23 25 22 21 23 20 19 21 18 17 19 16 15 17 14 13 15 12 11 13 10 9 11 8 7 9 6 5 7 4 3 5 36 35 37 34 33 35 32 31 33 30 29 31 28 27 29 26 25 27 24 23 25 22 21 23 20 19 21 18 17 19 16 15 17 14 13 15 12 11 13 10 9 11 8 7 9 6 5 7 4 3 5 30 29 31 28 27 29 26 25 27 24 23 25 22 21 23 20 19 21 18 17 19 16 15 17 14 13 15 12 11 13 10 9 11 8 7 9 6 5 7 34 33 35 32 31 33 30 29 31 28 27 29 26 25 27 24 23 25 22 21 23 20 19 21 18 17 19 16 15 17 14 13 15 12 11 13 10 9 11 8 7 9 6 5 7 28 27 29 26 25 27 24 23 25 22 21 23 20 19 21 18 17 19 16 15 17 14 13 15 12 11 13 10 9 11 8 7 9 18 17 19 20 19 21 24 23 25 22 21 23 20 19 21 18 17 19 16 15 17 14 13 15 12 11 13 10 9 11 18 17 19 16 15 17 26 25 27 24 23 25 22 21 23 20 19 21 18 17 19 16 15 17 14 13 15 12 11 13 22 21 23 26 25 27 24 23 25 28 27 29 30 29 31 32 31 33 30 29 31 28 27 29 26 25 27 24 23 25 28 27 29 26 25 27 34 33 35 36 35 37 34 33 35 32 31 33 30 29 31 28 27 29 26 25 27 24 23 25 22 21 23 20 19 21 18 17 19 16 15 17 14 13 15 12 11 13 10 9 11 8 7 9 10 9 11 22 21 23 20 19 21 18 17 19 16 15 17 14 13 15 12 11 13 20 19 21 18 17 19 16 15 17 14 13 15 24 23 25 26 25 27 32 31 33 30 29 31 28 27 29 34 33 35 32 31 33 30 29 31 36 35 37 34 33 35 32 31 33 30 29 31 28 27 29 26 25 27 24 23 25 22 21 23 20 19 21 18 17 19 16 15 17 14 13 15 12 11 13 10 9 11 26 25 27 24 23 25 22 21 23 20 19 21 18 17 19 16 15 17 14 13 15 28 27 29 26 25 27 24 23 25 22 21 23 20 19 21 18 17 19 16 15 17 22 21 23 20 19 21 18 17 19 30 29 31 28 27 29 26 25 27 24 23 25 34 33 35 32 31 33 30 29 31 28 27 29 26 25 27 24 23 25 22 21 23 20 19 21 22 21 23 24 23 25 32 31 33 30 29 31 28 27 29 26 25 27
[25.861169s] A=259 K=481 i=5.531399334e+09) 37 35 33 31 29 27 25 23 21 19 17 15 13 11 9 7 5 3 1 36 35 37 34 33 35 32 31 33 30 29 31 28 27 29 26 25 27 24 23 25 22 21 23 20 19 21 18 17 19 16 15 17 14 13 15 12 11 13 10 9 11 8 7 9 6 5 7 4 3 5 2 1 3 0 1 34 33 35 32 31 33 30 29 31 28 27 29 26 25 27 24 23 25 22 21 23 20 19 21 18 17 19 16 15 17 14 13 15 12 11 13 10 9 11 8 7 9 6 5 7 4 3 5 2 1 3 36 35 37 34 33 35 32 31 33 30 29 31 28 27 29 26 25 27 24 23 25 22 21 23 20 19 21 18 17 19 16 15 17 14 13 15 12 11 13 10 9 11 8 7 9 6 5 7 4 3 5 2 1 3 32 31 33 30 29 31 28 27 29 26 25 27 24 23 25 22 21 23 20 19 21 18 17 19 16 15 17 14 13 15 12 11 13 10 9 11 8 7 9 6 5 7 4 3 5 36 35 37 34 33 35 32 31 33 30 29 31 28 27 29 26 25 27 24 23 25 22 21 23 20 19 21 18 17 19 16 15 17 14 13 15 12 11 13 10 9 11 8 7 9 6 5 7 4 3 5 30 29 31 28 27 29 26 25 27 24 23 25 22 21 23 20 19 21 18 17 19 16 15 17 14 13 15 12 11 13 10 9 11 8 7 9 6 5 7 34 33 35 32 31 33 30 29 31 28 27 29 26 25 27 24 23 25 22 21 23 20 19 21 18 17 19 16 15 17 14 13 15 12 11 13 10 9 11 8 7 9 6 5 7 28 27 29 26 25 27 24 23 25 22 21 23 20 19 21 18 17 19 16 15 17 14 13 15 12 11 13 10 9 11 8 7 9 18 17 19 20 19 21 24 23 25 22 21 23 26 25 27 24 23 25 22 21 23 20 19 21 18 17 19 16 15 17 14 13 15 12 11 13 10 9 11 18 17 19 20 19 21 22 21 23 26 25 27 28 27 29 36 35 37 34 33 35 32 31 33 30 29 31 28 27 29 26 25 27 24 23 25 22 21 23 20 19 21 18 17 19 16 15 17 14 13 15 12 11 13 10 9 11 8 7 9 18 17 19 16 15 17 14 13 15 12 11 13 20 19 21 18 17 19 16 15 17 14 13 15 26 25 27 24 23 25 28 27 29 26 25 27 32 31 33 30 29 31 28 27 29 34 33 35 32 31 33 30 29 31 36 35 37 34 33 35 32 31 33 30 29 31 28 27 29 26 25 27 24 23 25 22 21 23 20 19 21 18 17 19 16 15 17 14 13 15 12 11 13 10 9 11 26 25 27 24 23 25 22 21 23 20 19 21 18 17 19 16 15 17 14 13 15 12 11 13 28 27 29 26 25 27 24 23 25 22 21 23 20 19 21 18 17 19 16 15 17 14 13 15 16 15 17 18 17 19 20 19 21 30 29 31 28 27 29 26 25 27 24 23 25 22 21 23 36 35 37 34 33 35 32 31 33 30 29 31 28 27 29 26 25 27 24 23 25 22 21 23 20 19 21 18 17 19 16 15 17 20 19 21 18 17 19 32 31 33 30 29 31 28 27 29 26 25 27 24 23 25 22 21 23 34 33 35 32 31 33 30 29 31 28 27 29 26 25 27 24 23 25 22 21 23 20 19 21
[25.861367s] A=259 K=481 i=5.531408623e+09) 37 35 33 31 29 27 25 23 21 19 17 15 13 11 9 7 5 3 1 36 35 37 34 33 35 32 31 33 30 29 31 28 27 29 26 25 27 24 23 25 22 21 23 20 19 21 18 17 19 16 15 17 14 13 15 12 11 13 10 9 11 8 7 9 6 5 7 4 3 5 2 1 3 0 1 34 33 35 32 31 33 30 29 31 28 27 29 26 25 27 24 23 25 22 21 23 20 19 21 18 17 19 16 15 17 14 13 15 12 11 13 10 9 11 8 7 9 6 5 7 4 3 5 2 1 3 36 35 37 34 33 35 32 31 33 30 29 31 28 27 29 26 25 27 24 23 25 22 21 23 20 19 21 18 17 19 16 15 17 14 13 15 12 11 13 10 9 11 8 7 9 6 5 7 4 3 5 2 1 3 32 31 33 30 29 31 28 27 29 26 25 27 24 23 25 22 21 23 20 19 21 18 17 19 16 15 17 14 13 15 12 11 13 10 9 11 8 7 9 6 5 7 4 3 5 36 35 37 34 33 35 32 31 33 30 29 31 28 27 29 26 25 27 24 23 25 22 21 23 20 19 21 18 17 19 16 15 17 14 13 15 12 11 13 10 9 11 8 7 9 6 5 7 4 3 5 30 29 31 28 27 29 26 25 27 24 23 25 22 21 23 20 19 21 18 17 19 16 15 17 14 13 15 12 11 13 10 9 11 8 7 9 6 5 7 34 33 35 32 31 33 30 29 31 28 27 29 26 25 27 24 23 25 22 21 23 20 19 21 18 17 19 16 15 17 14 13 15 12 11 13 10 9 11 8 7 9 6 5 7 28 27 29 26 25 27 24 23 25 22 21 23 20 19 21 18 17 19 16 15 17 14 13 15 12 11 13 10 9 11 8 7 9 18 17 19 20 19 21 24 23 25 22 21 23 26 25 27 24 23 25 22 21 23 20 19 21 18 17 19 16 15 17 14 13 15 12 11 13 10 9 11 18 17 19 20 19 21 22 21 23 26 25 27 28 27 29 36 35 37 34 33 35 32 31 33 30 29 31 28 27 29 26 25 27 24 23 25 22 21 23 20 19 21 18 17 19 16 15 17 14 13 15 12 11 13 10 9 11 8 7 9 18 17 19 16 15 17 14 13 15 20 19 21 18 17 19 16 15 17 26 25 27 24 23 25 28 27 29 26 25 27 32 31 33 30 29 31 28 27 29 34 33 35 32 31 33 30 29 31 36 35 37 34 33 35 32 31 33 30 29 31 28 27 29 26 25 27 24 23 25 22 21 23 20 19 21 18 17 19 16 15 17 14 13 15 12 11 13 10 9 11 12 11 13 14 13 15 16 15 17 26 25 27 24 23 25 22 21 23 20 19 21 18 17 19 16 15 17 14 13 15 12 11 13 28 27 29 26 25 27 24 23 25 22 21 23 20 19 21 18 17 19 16 15 17 14 13 15 18 17 19 30 29 31 28 27 29 26 25 27 24 23 25 22 21 23 20 19 21 36 35 37 34 33 35 32 31 33 30 29 31 28 27 29 26 25 27 24 23 25 22 21 23 20 19 21 18 17 19 16 15 17 18 17 19 20 19 21 32 31 33 30 29 31 28 27 29 26 25 27 24 23 25 22 21 23 34 33 35 32 31 33 30 29 31 28 27 29 26 25 27 24 23 25 22 21 23 20 19 21
[25.939280s] A=259 K=481 i=5.544740869e+09) 37 35 33 31 29 27 25 23 21 19 17 15 13 11 9 7 5 3 1 36 35 37 34 33 35 32 31 33 30 29 31 28 27 29 26 25 27 24 23 25 22 21 23 20 19 21 18 17 19 16 15 17 14 13 15 12 11 13 10 9 11 8 7 9 6 5 7 4 3 5 2 1 3 0 1 34 33 35 32 31 33 30 29 31 28 27 29 26 25 27 24 23 25 22 21 23 20 19 21 18 17 19 16 15 17 14 13 15 12 11 13 10 9 11 8 7 9 6 5 7 4 3 5 2 1 3 36 35 37 34 33 35 32 31 33 30 29 31 28 27 29 26 25 27 24 23 25 22 21 23 20 19 21 18 17 19 16 15 17 14 13 15 12 11 13 10 9 11 8 7 9 6 5 7 4 3 5 2 1 3 32 31 33 30 29 31 28 27 29 26 25 27 24 23 25 22 21 23 20 19 21 18 17 19 16 15 17 14 13 15 12 11 13 10 9 11 8 7 9 6 5 7 4 3 5 36 35 37 34 33 35 32 31 33 30 29 31 28 27 29 26 25 27 24 23 25 22 21 23 20 19 21 18 17 19 16 15 17 14 13 15 12 11 13 10 9 11 8 7 9 6 5 7 4 3 5 30 29 31 28 27 29 26 25 27 24 23 25 22 21 23 20 19 21 18 17 19 16 15 17 14 13 15 12 11 13 10 9 11 8 7 9 6 5 7 34 33 35 32 31 33 30 29 31 28 27 29 26 25 27 24 23 25 22 21 23 20 19 21 18 17 19 16 15 17 14 13 15 12 11 13 10 9 11 8 7 9 6 5 7 28 27 29 26 25 27 24 23 25 22 21 23 20 19 21 18 17 19 16 15 17 14 13 15 12 11 13 10 9 11 8 7 9 18 17 19 20 19 21 22 21 23 20 19 21 18 17 19 16 15 17 14 13 15 12 11 13 10 9 11 18 17 19 16 15 17 14 13 15 12 11 13 24 23 25 26 25 27 24 23 25 22 21 23 20 19 21 18 17 19 16 15 17 14 13 15 12 11 13 10 9 11 22 21 23 20 19 21 18 17 19 16 15 17 14 13 15 12 11 13 24 23 25 28 27 29 26 25 27 30 29 31 28 27 29 26 25 27 24 23 25 22 21 23 32 31 33 30 29 31 28 27 29 26 25 27 24 23 25 22 21 23 20 19 21 18 17 19 16 15 17 14 13 15 34 33 35 32 31 33 30 29 31 28 27 29 26 25 27 24 23 25 22 21 23 20 19 21 30 29 31 28 27 29 26 25 27 24 23 25 36 35 37 34 33 35 32 31 33 30 29 31 28 27 29 26 25 27 24 23 25 22 21 23 20 19 21 18 17 19 16 15 17 14 13 15 12 11 13 10 9 11 8 7 9 18 17 19 16 15 17 20 19 21 36 35 37 34 33 35 32 31 33 30 29 31 28 27 29 26 25 27 24 23 25 22 21 23 20 19 21 18 17 19 16 15 17 14 13 15 12 11 13 10 9 11 12 11 13 14 13 15 34 33 35 32 31 33 30 29 31 28 27 29 26 25 27 24 23 25 22 21 23 20 19 21 18 17 19 16 15 17 18 17 19 20 19 21 22 21 23 24 23 25 28 27 29 26 25 27 32 31 33 30 29 31 28 27 29 26 25 27 24 23 25 22 21 23 20 19 21
[25.942720s] A=259 K=481 i=5.54540251e+09) 37 35 33 31 29 27 25 23 21 19 17 15 13 11 9 7 5 3 1 36 35 37 34 33 35 32 31 33 30 29 31 28 27 29 26 25 27 24 23 25 22 21 23 20 19 21 18 17 19 16 15 17 14 13 15 12 11 13 10 9 11 8 7 9 6 5 7 4 3 5 2 1 3 0 1 34 33 35 32 31 33 30 29 31 28 27 29 26 25 27 24 23 25 22 21 23 20 19 21 18 17 19 16 15 17 14 13 15 12 11 13 10 9 11 8 7 9 6 5 7 4 3 5 2 1 3 36 35 37 34 33 35 32 31 33 30 29 31 28 27 29 26 25 27 24 23 25 22 21 23 20 19 21 18 17 19 16 15 17 14 13 15 12 11 13 10 9 11 8 7 9 6 5 7 4 3 5 2 1 3 32 31 33 30 29 31 28 27 29 26 25 27 24 23 25 22 21 23 20 19 21 18 17 19 16 15 17 14 13 15 12 11 13 10 9 11 8 7 9 6 5 7 4 3 5 36 35 37 34 33 35 32 31 33 30 29 31 28 27 29 26 25 27 24 23 25 22 21 23 20 19 21 18 17 19 16 15 17 14 13 15 12 11 13 10 9 11 8 7 9 6 5 7 4 3 5 30 29 31 28 27 29 26 25 27 24 23 25 22 21 23 20 19 21 18 17 19 16 15 17 14 13 15 12 11 13 10 9 11 8 7 9 6 5 7 34 33 35 32 31 33 30 29 31 28 27 29 26 25 27 24 23 25 22 21 23 20 19 21 18 17 19 16 15 17 14 13 15 12 11 13 10 9 11 8 7 9 6 5 7 28 27 29 26 25 27 24 23 25 22 21 23 20 19 21 18 17 19 16 15 17 14 13 15 12 11 13 10 9 11 8 7 9 18 17 19 20 19 21 22 21 23 20 19 21 18 17 19 16 15 17 14 13 15 12 11 13 10 9 11 18 17 19 16 15 17 14 13 15 24 23 25 22 21 23 20 19 21 18 17 19 16 15 17 14 13 15 12 11 13 10 9 11 26 25 27 24 23 25 22 21 23 20 19 21 18 17 19 16 15 17 14 13 15 12 11 13 16 15 17 28 27 29 26 25 27 24 23 25 30 29 31 28 27 29 26 25 27 24 23 25 22 21 23 32 31 33 30 29 31 28 27 29 26 25 27 24 23 25 22 21 23 20 19 21 18 17 19 34 33 35 32 31 33 30 29 31 28 27 29 26 25 27 24 23 25 22 21 23 20 19 21 36 35 37 34 33 35 32 31 33 30 29 31 28 27 29 26 25 27 24 23 25 22 21 23 20 19 21 18 17 19 16 15 17 14 13 15 12 11 13 10 9 11 8 7 9 10 9 11 16 15 17 14 13 15 12 11 13 18 17 19 16 15 17 14 13 15 20 19 21 30 29 31 28 27 29 26 25 27 34 33 35 32 31 33 30 29 31 28 27 29 26 25 27 24 23 25 22 21 23 20 19 21 18 17 19 16 15 17 18 17 19 20 19 21 36 35 37 34 33 35 32 31 33 30 29 31 28 27 29 26 25 27 24 23 25 22 21 23 20 19 21 18 17 19 16 15 17 14 13 15 12 11 13 10 9 11 24 23 25 22 21 23 28 27 29 26 25 27 32 31 33 30 29 31 28 27 29 26 25 27 24 23 25 22 21 23 20 19 21
[26.075870s] A=259 K=481 i=5.573724222e+09) 37 35 33 31 29 27 25 23 21 19 17 15 13 11 9 7 5 3 1 36 35 37 34 33 35 32 31 33 30 29 31 28 27 29 26 25 27 24 23 25 22 21 23 20 19 21 18 17 19 16 15 17 14 13 15 12 11 13 10 9 11 8 7 9 6 5 7 4 3 5 2 1 3 0 1 34 33 35 32 31 33 30 29 31 28 27 29 26 25 27 24 23 25 22 21 23 20 19 21 18 17 19 16 15 17 14 13 15 12 11 13 10 9 11 8 7 9 6 5 7 4 3 5 2 1 3 36 35 37 34 33 35 32 31 33 30 29 31 28 27 29 26 25 27 24 23 25 22 21 23 20 19 21 18 17 19 16 15 17 14 13 15 12 11 13 10 9 11 8 7 9 6 5 7 4 3 5 2 1 3 32 31 33 30 29 31 28 27 29 26 25 27 24 23 25 22 21 23 20 19 21 18 17 19 16 15 17 14 13 15 12 11 13 10 9 11 8 7 9 6 5 7 4 3 5 36 35 37 34 33 35 32 31 33 30 29 31 28 27 29 26 25 27 24 23 25 22 21 23 20 19 21 18 17 19 16 15 17 14 13 15 12 11 13 10 9 11 8 7 9 6 5 7 4 3 5 30 29 31 28 27 29 26 25 27 24 23 25 22 21 23 20 19 21 18 17 19 16 15 17 14 13 15 12 11 13 10 9 11 8 7 9 6 5 7 34 33 35 32 31 33 30 29 31 28 27 29 26 25 27 24 23 25 22 21 23 20 19 21 18 17 19 16 15 17 14 13 15 12 11 13 10 9 11 8 7 9 6 5 7 28 27 29 26 25 27 24 23 25 22 21 23 20 19 21 18 17 19 16 15 17 14 13 15 12 11 13 10 9 11 8 7 9 18 17 19 20 19 21 22 21 23 20 19 21 18 17 19 16 15 17 14 13 15 12 11 13 18 17 19 16 15 17 14 13 15 24 23 25 22 21 23 20 19 21 18 17 19 16 15 17 14 13 15 12 11 13 10 9 11 26 25 27 24 23 25 22 21 23 20 19 21 18 17 19 16 15 17 28 27 29 26 25 27 24 23 25 22 21 23 30 29 31 28 27 29 26 25 27 24 23 25 32 31 33 30 29 31 28 27 29 26 25 27 24 23 25 22 21 23 20 19 21 34 33 35 32 31 33 30 29 31 28 27 29 26 25 27 24 23 25 22 21 23 36 35 37 34 33 35 32 31 33 30 29 31 28 27 29 26 25 27 24 23 25 22 21 23 20 19 21 18 17 19 16 15 17 14 13 15 12 11 13 10 9 11 8 7 9 14 13 15 12 11 13 10 9 11 16 15 17 18 17 19 16 15 17 14 13 15 12 11 13 20 19 21 18 17 19 16 15 17 14 13 15 22 21 23 20 19 21 34 33 35 32 31 33 30 29 31 28 27 29 26 25 27 24 23 25 22 21 23 20 19 21 18 17 19 16 15 17 18 17 19 20 19 21 30 29 31 28 27 29 26 25 27 36 35 37 34 33 35 32 31 33 30 29 31 28 27 29 26 25 27 24 23 25 22 21 23 20 19 21 18 17 19 16 15 17 14 13 15 12 11 13 10 9 11 24 23 25 22 21 23 32 31 33 30 29 31 28 27 29 26 25 27 24 23 25 22 21 23 20 19 21 28 27 29 26 25 27
[26.121311s] A=259 K=481 i=5.583946343e+09) 37 35 33 31 29 27 25 23 21 19 17 15 13 11 9 7 5 3 1 36 35 37 34 33 35 32 31 33 30 29 31 28 27 29 26 25 27 24 23 25 22 21 23 20 19 21 18 17 19 16 15 17 14 13 15 12 11 13 10 9 11 8 7 9 6 5 7 4 3 5 2 1 3 0 1 34 33 35 32 31 33 30 29 31 28 27 29 26 25 27 24 23 25 22 21 23 20 19 21 18 17 19 16 15 17 14 13 15 12 11 13 10 9 11 8 7 9 6 5 7 4 3 5 2 1 3 36 35 37 34 33 35 32 31 33 30 29 31 28 27 29 26 25 27 24 23 25 22 21 23 20 19 21 18 17 19 16 15 17 14 13 15 12 11 13 10 9 11 8 7 9 6 5 7 4 3 5 2 1 3 32 31 33 30 29 31 28 27 29 26 25 27 24 23 25 22 21 23 20 19 21 18 17 19 16 15 17 14 13 15 12 11 13 10 9 11 8 7 9 6 5 7 4 3 5 36 35 37 34 33 35 32 31 33 30 29 31 28 27 29 26 25 27 24 23 25 22 21 23 20 19 21 18 17 19 16 15 17 14 13 15 12 11 13 10 9 11 8 7 9 6 5 7 4 3 5 30 29 31 28 27 29 26 25 27 24 23 25 22 21 23 20 19 21 18 17 19 16 15 17 14 13 15 12 11 13 10 9 11 8 7 9 6 5 7 34 33 35 32 31 33 30 29 31 28 27 29 26 25 27 24 23 25 22 21 23 20 19 21 18 17 19 16 15 17 14 13 15 12 11 13 10 9 11 8 7 9 6 5 7 28 27 29 26 25 27 24 23 25 22 21 23 20 19 21 18 17 19 16 15 17 14 13 15 12 11 13 10 9 11 8 7 9 18 17 19 20 19 21 22 21 23 20 19 21 18 17 19 16 15 17 14 13 15 12 11 13 18 17 19 16 15 17 24 23 25 22 21 23 20 19 21 18 17 19 16 15 17 14 13 15 12 11 13 10 9 11 26 25 27 24 23 25 22 21 23 20 19 21 28 27 29 26 25 27 24 23 25 30 29 31 32 31 33 30 29 31 28 27 29 26 25 27 24 23 25 22 21 23 34 33 35 36 35 37 34 33 35 32 31 33 30 29 31 28 27 29 26 25 27 24 23 25 22 21 23 20 19 21 18 17 19 16 15 17 14 13 15 12 11 13 10 9 11 8 7 9 18 17 19 16 15 17 14 13 15 12 11 13 10 9 11 20 19 21 18 17 19 16 15 17 14 13 15 12 11 13 32 31 33 30 29 31 28 27 29 26 25 27 24 23 25 22 21 23 20 19 21 18 17 19 16 15 17 14 13 15 28 27 29 26 25 27 34 33 35 32 31 33 30 29 31 28 27 29 26 25 27 24 23 25 22 21 23 20 19 21 34 33 35 32 31 33 30 29 31 36 35 37 34 33 35 32 31 33 30 29 31 28 27 29 26 25 27 24 23 25 22 21 23 20 19 21 18 17 19 16 15 17 14 13 15 12 11 13 10 9 11 18 17 19 16 15 17 20 19 21 24 23 25 22 21 23 20 19 21 18 17 19 28 27 29 26 25 27 24 23 25 22 21 23 20 19 21 30 29 31 28 27 29 26 25 27 24 23 25 22 21 23 32 31 33 30 29 31 28 27 29 26 25 27
[26.426649s] A=259 K=481 i=5.645232631e+09) 37 35 33 31 29 27 25 23 21 19 17 15 13 11 9 7 5 3 1 36 35 37 34 33 35 32 31 33 30 29 31 28 27 29 26 25 27 24 23 25 22 21 23 20 19 21 18 17 19 16 15 17 14 13 15 12 11 13 10 9 11 8 7 9 6 5 7 4 3 5 2 1 3 0 1 34 33 35 32 31 33 30 29 31 28 27 29 26 25 27 24 23 25 22 21 23 20 19 21 18 17 19 16 15 17 14 13 15 12 11 13 10 9 11 8 7 9 6 5 7 4 3 5 2 1 3 36 35 37 34 33 35 32 31 33 30 29 31 28 27 29 26 25 27 24 23 25 22 21 23 20 19 21 18 17 19 16 15 17 14 13 15 12 11 13 10 9 11 8 7 9 6 5 7 4 3 5 2 1 3 32 31 33 30 29 31 28 27 29 26 25 27 24 23 25 22 21 23 20 19 21 18 17 19 16 15 17 14 13 15 12 11 13 10 9 11 8 7 9 6 5 7 4 3 5 36 35 37 34 33 35 32 31 33 30 29 31 28 27 29 26 25 27 24 23 25 22 21 23 20 19 21 18 17 19 16 15 17 14 13 15 12 11 13 10 9 11 8 7 9 6 5 7 4 3 5 30 29 31 28 27 29 26 25 27 24 23 25 22 21 23 20 19 21 18 17 19 16 15 17 14 13 15 12 11 13 10 9 11 8 7 9 6 5 7 34 33 35 32 31 33 30 29 31 28 27 29 26 25 27 24 23 25 22 21 23 20 19 21 18 17 19 16 15 17 14 13 15 12 11 13 10 9 11 8 7 9 6 5 7 28 27 29 26 25 27 24 23 25 22 21 23 20 19 21 18 17 19 16 15 17 14 13 15 12 11 13 10 9 11 8 7 9 18 17 19 20 19 21 22 21 23 20 19 21 18 17 19 16 15 17 14 13 15 18 17 19 16 15 17 24 23 25 22 21 23 20 19 21 18 17 19 26 25 27 24 23 25 22 21 23 20 19 21 24 23 25 22 21 23 28 27 29 26 25 27 30 29 31 28 27 29 26 25 27 24 23 25 32 31 33 30 29 31 28 27 29 26 25 27 24 23 25 22 21 23 34 33 35 32 31 33 30 29 31 36 35 37 34 33 35 32 31 33 30 29 31 28 27 29 26 25 27 24 23 25 22 21 23 20 19 21 18 17 19 16 15 17 14 13 15 12 11 13 10 9 11 8 7 9 18 17 19 16 15 17 14 13 15 12 11 13 10 9 11 16 15 17 14 13 15 12 11 13 18 17 19 20 19 21 36 35 37 34 33 35 32 31 33 30 29 31 28 27 29 26 25 27 24 23 25 22 21 23 20 19 21 18 17 19 16 15 17 14 13 15 12 11 13 10 9 11 18 17 19 16 15 17 14 13 15 12 11 13 20 19 21 28 27 29 26 25 27 24 23 25 22 21 23 20 19 21 18 17 19 16 15 17 14 13 15 32 31 33 30 29 31 34 33 35 32 31 33 30 29 31 28 27 29 26 25 27 24 23 25 22 21 23 20 19 21 18 17 19 16 15 17 22 21 23 20 19 21 18 17 19 28 27 29 26 25 27 24 23 25 22 21 23 20 19 21 30 29 31 28 27 29 26 25 27 24 23 25 22 21 23 24 23 25 32 31 33 30 29 31 28 27 29 26 25 27
[26.716493s] A=259 K=481 i=5.709973658e+09) 37 35 33 31 29 27 25 23 21 19 17 15 13 11 9 7 5 3 1 36 35 37 34 33 35 32 31 33 30 29 31 28 27 29 26 25 27 24 23 25 22 21 23 20 19 21 18 17 19 16 15 17 14 13 15 12 11 13 10 9 11 8 7 9 6 5 7 4 3 5 2 1 3 0 1 34 33 35 32 31 33 30 29 31 28 27 29 26 25 27 24 23 25 22 21 23 20 19 21 18 17 19 16 15 17 14 13 15 12 11 13 10 9 11 8 7 9 6 5 7 4 3 5 2 1 3 36 35 37 34 33 35 32 31 33 30 29 31 28 27 29 26 25 27 24 23 25 22 21 23 20 19 21 18 17 19 16 15 17 14 13 15 12 11 13 10 9 11 8 7 9 6 5 7 4 3 5 2 1 3 32 31 33 30 29 31 28 27 29 26 25 27 24 23 25 22 21 23 20 19 21 18 17 19 16 15 17 14 13 15 12 11 13 10 9 11 8 7 9 6 5 7 4 3 5 36 35 37 34 33 35 32 31 33 30 29 31 28 27 29 26 25 27 24 23 25 22 21 23 20 19 21 18 17 19 16 15 17 14 13 15 12 11 13 10 9 11 8 7 9 6 5 7 4 3 5 30 29 31 28 27 29 26 25 27 24 23 25 22 21 23 20 19 21 18 17 19 16 15 17 14 13 15 12 11 13 10 9 11 8 7 9 6 5 7 34 33 35 32 31 33 30 29 31 28 27 29 26 25 27 24 23 25 22 21 23 20 19 21 18 17 19 16 15 17 14 13 15 12 11 13 10 9 11 8 7 9 6 5 7 28 27 29 26 25 27 24 23 25 22 21 23 20 19 21 18 17 19 16 15 17 14 13 15 12 11 13 10 9 11 8 7 9 18 17 19 20 19 21 22 21 23 24 23 25 22 21 23 20 19 21 18 17 19 16 15 17 14 13 15 12 11 13 10 9 11 26 25 27 24 23 25 22 21 23 20 19 21 18 17 19 16 15 17 14 13 15 12 11 13 20 19 21 18 17 19 16 15 17 14 13 15 28 27 29 26 25 27 24 23 25 32 31 33 30 29 31 28 27 29 26 25 27 24 23 25 22 21 23 20 19 21 18 17 19 16 15 17 28 27 29 26 25 27 34 33 35 32 31 33 30 29 31 36 35 37 34 33 35 32 31 33 30 29 31 28 27 29 26 25 27 24 23 25 22 21 23 20 19 21 18 17 19 16 15 17 14 13 15 12 11 13 10 9 11 8 7 9 10 9 11 14 13 15 12 11 13 36 35 37 34 33 35 32 31 33 30 29 31 28 27 29 26 25 27 24 23 25 22 21 23 20 19 21 18 17 19 16 15 17 14 13 15 12 11 13 10 9 11 16 15 17 18 17 19 28 27 29 26 25 27 24 23 25 22 21 23 20 19 21 18 17 19 16 15 17 14 13 15 16 15 17 30 29 31 28 27 29 26 25 27 24 23 25 22 21 23 20 19 21 18 17 19 20 19 21 32 31 33 30 29 31 28 27 29 26 25 27 24 23 25 22 21 23 34 33 35 32 31 33 30 29 31 28 27 29 26 25 27 24 23 25 22 21 23 20 19 21 18 17 19 16 15 17 20 19 21 36 35 37 34 33 35 32 31 33 30 29 31 28 27 29 26 25 27 24 23 25 22 21 23
[26.741433s] A=259 K=481 i=5.715765721e+09) 37 35 33 31 29 27 25 23 21 19 17 15 13 11 9 7 5 3 1 36 35 37 34 33 35 32 31 33 30 29 31 28 27 29 26 25 27 24 23 25 22 21 23 20 19 21 18 17 19 16 15 17 14 13 15 12 11 13 10 9 11 8 7 9 6 5 7 4 3 5 2 1 3 0 1 34 33 35 32 31 33 30 29 31 28 27 29 26 25 27 24 23 25 22 21 23 20 19 21 18 17 19 16 15 17 14 13 15 12 11 13 10 9 11 8 7 9 6 5 7 4 3 5 2 1 3 36 35 37 34 33 35 32 31 33 30 29 31 28 27 29 26 25 27 24 23 25 22 21 23 20 19 21 18 17 19 16 15 17 14 13 15 12 11 13 10 9 11 8 7 9 6 5 7 4 3 5 2 1 3 32 31 33 30 29 31 28 27 29 26 25 27 24 23 25 22 21 23 20 19 21 18 17 19 16 15 17 14 13 15 12 11 13 10 9 11 8 7 9 6 5 7 4 3 5 36 35 37 34 33 35 32 31 33 30 29 31 28 27 29 26 25 27 24 23 25 22 21 23 20 19 21 18 17 19 16 15 17 14 13 15 12 11 13 10 9 11 8 7 9 6 5 7 4 3 5 30 29 31 28 27 29 26 25 27 24 23 25 22 21 23 20 19 21 18 17 19 16 15 17 14 13 15 12 11 13 10 9 11 8 7 9 6 5 7 34 33 35 32 31 33 30 29 31 28 27 29 26 25 27 24 23 25 22 21 23 20 19 21 18 17 19 16 15 17 14 13 15 12 11 13 10 9 11 8 7 9 6 5 7 28 27 29 26 25 27 24 23 25 22 21 23 20 19 21 18 17 19 16 15 17 14 13 15 12 11 13 10 9 11 8 7 9 18 17 19 20 19 21 22 21 23 24 23 25 22 21 23 20 19 21 18 17 19 16 15 17 14 13 15 12 11 13 10 9 11 26 25 27 24 23 25 22 21 23 20 19 21 18 17 19 16 15 17 14 13 15 12 11 13 20 19 21 18 17 19 16 15 17 28 27 29 26 25 27 32 31 33 30 29 31 28 27 29 26 25 27 24 23 25 22 21 23 20 19 21 18 17 19 16 15 17 14 13 15 24 23 25 26 25 27 28 27 29 26 25 27 34 33 35 32 31 33 30 29 31 28 27 29 34 33 35 32 31 33 30 29 31 36 35 37 34 33 35 32 31 33 30 29 31 28 27 29 26 25 27 24 23 25 22 21 23 20 19 21 18 17 19 16 15 17 14 13 15 12 11 13 10 9 11 8 7 9 10 9 11 12 11 13 14 13 15 18 17 19 16 15 17 26 25 27 24 23 25 22 21 23 20 19 21 18 17 19 28 27 29 26 25 27 24 23 25 22 21 23 20 19 21 36 35 37 34 33 35 32 31 33 30 29 31 28 27 29 26 25 27 24 23 25 22 21 23 20 19 21 18 17 19 16 15 17 14 13 15 12 11 13 10 9 11 16 15 17 14 13 15 18 17 19 16 15 17 18 17 19 20 19 21 30 29 31 28 27 29 26 25 27 24 23 25 22 21 23 20 19 21 18 17 19 32 31 33 30 29 31 28 27 29 26 25 27 24 23 25 22 21 23 20 19 21 34 33 35 32 31 33 30 29 31 28 27 29 26 25 27 24 23 25 22 21 23
[26.766780s] A=259 K=481 i=5.721932198e+09) 37 35 33 31 29 27 25 23 21 19 17 15 13 11 9 7 5 3 1 36 35 37 34 33 35 32 31 33 30 29 31 28 27 29 26 25 27 24 23 25 22 21 23 20 19 21 18 17 19 16 15 17 14 13 15 12 11 13 10 9 11 8 7 9 6 5 7 4 3 5 2 1 3 0 1 34 33 35 32 31 33 30 29 31 28 27 29 26 25 27 24 23 25 22 21 23 20 19 21 18 17 19 16 15 17 14 13 15 12 11 13 10 9 11 8 7 9 6 5 7 4 3 5 2 1 3 36 35 37 34 33 35 32 31 33 30 29 31 28 27 29 26 25 27 24 23 25 22 21 23 20 19 21 18 17 19 16 15 17 14 13 15 12 11 13 10 9 11 8 7 9 6 5 7 4 3 5 2 1 3 32 31 33 30 29 31 28 27 29 26 25 27 24 23 25 22 21 23 20 19 21 18 17 19 16 15 17 14 13 15 12 11 13 10 9 11 8 7 9 6 5 7 4 3 5 36 35 37 34 33 35 32 31 33 30 29 31 28 27 29 26 25 27 24 23 25 22 21 23 20 19 21 18 17 19 16 15 17 14 13 15 12 11 13 10 9 11 8 7 9 6 5 7 4 3 5 30 29 31 28 27 29 26 25 27 24 23 25 22 21 23 20 19 21 18 17 19 16 15 17 14 13 15 12 11 13 10 9 11 8 7 9 6 5 7 34 33 35 32 31 33 30 29 31 28 27 29 26 25 27 24 23 25 22 21 23 20 19 21 18 17 19 16 15 17 14 13 15 12 11 13 10 9 11 8 7 9 6 5 7 28 27 29 26 25 27 24 23 25 22 21 23 20 19 21 18 17 19 16 15 17 14 13 15 12 11 13 10 9 11 8 7 9 18 17 19 20 19 21 22 21 23 24 23 25 22 21 23 20 19 21 18 17 19 16 15 17 14 13 15 12 11 13 10 9 11 26 25 27 28 27 29 36 35 37 34 33 35 32 31 33 30 29 31 28 27 29 26 25 27 24 23 25 22 21 23 20 19 21 18 17 19 16 15 17 14 13 15 12 11 13 10 9 11 8 7 9 20 19 21 18 17 19 16 15 17 24 23 25 22 21 23 20 19 21 18 17 19 16 15 17 14 13 15 12 11 13 10 9 11 26 25 27 24 23 25 28 27 29 26 25 27 32 31 33 30 29 31 28 27 29 26 25 27 24 23 25 22 21 23 20 19 21 18 17 19 16 15 17 14 13 15 12 11 13 14 13 15 18 17 19 16 15 17 34 33 35 32 31 33 30 29 31 28 27 29 36 35 37 34 33 35 32 31 33 30 29 31 28 27 29 26 25 27 24 23 25 22 21 23 20 19 21 18 17 19 16 15 17 14 13 15 12 11 13 10 9 11 26 25 27 24 23 25 22 21 23 20 19 21 18 17 19 16 15 17 14 13 15 28 27 29 30 29 31 28 27 29 26 25 27 24 23 25 22 21 23 20 19 21 34 33 35 32 31 33 36 35 37 34 33 35 32 31 33 30 29 31 28 27 29 26 25 27 24 23 25 22 21 23 20 19 21 18 17 19 16 15 17 18 17 19 20 19 21 30 29 31 28 27 29 26 25 27 24 23 25 22 21 23 20 19 21 32 31 33 30 29 31 28 27 29 26 25 27 24 23 25 22 21 23
[26.819748s] A=259 K=481 i=5.731639907e+09) 37 35 33 31 29 27 25 23 21 19 17 15 13 11 9 7 5 3 1 36 35 37 34 33 35 32 31 33 30 29 31 28 27 29 26 25 27 24 23 25 22 21 23 20 19 21 18 17 19 16 15 17 14 13 15 12 11 13 10 9 11 8 7 9 6 5 7 4 3 5 2 1 3 0 1 34 33 35 32 31 33 30 29 31 28 27 29 26 25 27 24 23 25 22 21 23 20 19 21 18 17 19 16 15 17 14 13 15 12 11 13 10 9 11 8 7 9 6 5 7 4 3 5 2 1 3 36 35 37 34 33 35 32 31 33 30 29 31 28 27 29 26 25 27 24 23 25 22 21 23 20 19 21 18 17 19 16 15 17 14 13 15 12 11 13 10 9 11 8 7 9 6 5 7 4 3 5 2 1 3 32 31 33 30 29 31 28 27 29 26 25 27 24 23 25 22 21 23 20 19 21 18 17 19 16 15 17 14 13 15 12 11 13 10 9 11 8 7 9 6 5 7 4 3 5 36 35 37 34 33 35 32 31 33 30 29 31 28 27 29 26 25 27 24 23 25 22 21 23 20 19 21 18 17 19 16 15 17 14 13 15 12 11 13 10 9 11 8 7 9 6 5 7 4 3 5 30 29 31 28 27 29 26 25 27 24 23 25 22 21 23 20 19 21 18 17 19 16 15 17 14 13 15 12 11 13 10 9 11 8 7 9 6 5 7 34 33 35 32 31 33 30 29 31 28 27 29 26 25 27 24 23 25 22 21 23 20 19 21 18 17 19 16 15 17 14 13 15 12 11 13 10 9 11 8 7 9 6 5 7 28 27 29 26 25 27 24 23 25 22 21 23 20 19 21 18 17 19 16 15 17 14 13 15 12 11 13 10 9 11 8 7 9 18 17 19 20 19 21 22 21 23 24 23 25 22 21 23 20 19 21 18 17 19 16 15 17 14 13 15 12 11 13 10 9 11 18 17 19 16 15 17 26 25 27 24 23 25 22 21 23 20 19 21 18 17 19 16 15 17 14 13 15 12 11 13 30 29 31 28 27 29 26 25 27 24 23 25 32 31 33 30 29 31 28 27 29 26 25 27 24 23 25 22 21 23 20 19 21 18 17 19 16 15 17 14 13 15 28 27 29 34 33 35 32 31 33 30 29 31 36 35 37 34 33 35 32 31 33 30 29 31 28 27 29 26 25 27 24 23 25 22 21 23 20 19 21 18 17 19 16 15 17 14 13 15 12 11 13 10 9 11 8 7 9 10 9 11 12 11 13 20 19 21 18 17 19 16 15 17 14 13 15 26 25 27 28 27 29 36 35 37 34 33 35 32 31 33 30 29 31 28 27 29 26 25 27 24 23 25 22 21 23 20 19 21 18 17 19 16 15 17 14 13 15 12 11 13 10 9 11 26 25 27 24 23 25 22 21 23 20 19 21 18 17 19 16 15 17 14 13 15 28 27 29 32 31 33 30 29 31 34 33 35 32 31 33 30 29 31 28 27 29 26 25 27 24 23 25 22 21 23 20 19 21 18 17 19 16 15 17 22 21 23 20 19 21 18 17 19 28 27 29 26 25 27 24 23 25 22 21 23 20 19 21 30 29 31 28 27 29 26 25 27 24 23 25 22 21 23 24 23 25 36 35 37 34 33 35 32 31 33 30 29 31 28 27 29 26 25 27
[26.825818s] A=259 K=481 i=5.732586766e+09) 37 35 33 31 29 27 25 23 21 19 17 15 13 11 9 7 5 3 1 36 35 37 34 33 35 32 31 33 30 29 31 28 27 29 26 25 27 24 23 25 22 21 23 20 19 21 18 17 19 16 15 17 14 13 15 12 11 13 10 9 11 8 7 9 6 5 7 4 3 5 2 1 3 0 1 34 33 35 32 31 33 30 29 31 28 27 29 26 25 27 24 23 25 22 21 23 20 19 21 18 17 19 16 15 17 14 13 15 12 11 13 10 9 11 8 7 9 6 5 7 4 3 5 2 1 3 36 35 37 34 33 35 32 31 33 30 29 31 28 27 29 26 25 27 24 23 25 22 21 23 20 19 21 18 17 19 16 15 17 14 13 15 12 11 13 10 9 11 8 7 9 6 5 7 4 3 5 2 1 3 32 31 33 30 29 31 28 27 29 26 25 27 24 23 25 22 21 23 20 19 21 18 17 19 16 15 17 14 13 15 12 11 13 10 9 11 8 7 9 6 5 7 4 3 5 36 35 37 34 33 35 32 31 33 30 29 31 28 27 29 26 25 27 24 23 25 22 21 23 20 19 21 18 17 19 16 15 17 14 13 15 12 11 13 10 9 11 8 7 9 6 5 7 4 3 5 30 29 31 28 27 29 26 25 27 24 23 25 22 21 23 20 19 21 18 17 19 16 15 17 14 13 15 12 11 13 10 9 11 8 7 9 6 5 7 34 33 35 32 31 33 30 29 31 28 27 29 26 25 27 24 23 25 22 21 23 20 19 21 18 17 19 16 15 17 14 13 15 12 11 13 10 9 11 8 7 9 6 5 7 28 27 29 26 25 27 24 23 25 22 21 23 20 19 21 18 17 19 16 15 17 14 13 15 12 11 13 10 9 11 8 7 9 18 17 19 20 19 21 22 21 23 24 23 25 22 21 23 20 19 21 18 17 19 16 15 17 14 13 15 12 11 13 10 9 11 18 17 19 16 15 17 26 25 27 24 23 25 22 21 23 20 19 21 18 17 19 16 15 17 14 13 15 12 11 13 30 29 31 28 27 29 32 31 33 30 29 31 28 27 29 26 25 27 24 23 25 22 21 23 20 19 21 18 17 19 16 15 17 14 13 15 26 25 27 24 23 25 28 27 29 26 25 27 34 33 35 32 31 33 30 29 31 28 27 29 36 35 37 34 33 35 32 31 33 30 29 31 28 27 29 26 25 27 24 23 25 22 21 23 20 19 21 18 17 19 16 15 17 14 13 15 12 11 13 10 9 11 8 7 9 10 9 11 12 11 13 20 19 21 18 17 19 16 15 17 14 13 15 36 35 37 34 33 35 32 31 33 30 29 31 28 27 29 26 25 27 24 23 25 22 21 23 20 19 21 18 17 19 16 15 17 14 13 15 12 11 13 10 9 11 26 25 27 24 23 25 22 21 23 20 19 21 18 17 19 16 15 17 14 13 15 28 27 29 34 33 35 32 31 33 30 29 31 28 27 29 26 25 27 24 23 25 22 21 23 20 19 21 18 17 19 16 15 17 22 21 23 20 19 21 18 17 19 32 31 33 30 29 31 28 27 29 26 25 27 24 23 25 22 21 23 20 19 21 30 29 31 28 27 29 26 25 27 24 23 25 22 21 23 24 23 25 36 35 37 34 33 35 32 31 33 30 29 31 28 27 29 26 25 27
[26.943797s] A=259 K=481 i=5.75653836e+09) 37 35 33 31 29 27 25 23 21 19 17 15 13 11 9 7 5 3 1 36 35 37 34 33 35 32 31 33 30 29 31 28 27 29 26 25 27 24 23 25 22 21 23 20 19 21 18 17 19 16 15 17 14 13 15 12 11 13 10 9 11 8 7 9 6 5 7 4 3 5 2 1 3 0 1 34 33 35 32 31 33 30 29 31 28 27 29 26 25 27 24 23 25 22 21 23 20 19 21 18 17 19 16 15 17 14 13 15 12 11 13 10 9 11 8 7 9 6 5 7 4 3 5 2 1 3 36 35 37 34 33 35 32 31 33 30 29 31 28 27 29 26 25 27 24 23 25 22 21 23 20 19 21 18 17 19 16 15 17 14 13 15 12 11 13 10 9 11 8 7 9 6 5 7 4 3 5 2 1 3 32 31 33 30 29 31 28 27 29 26 25 27 24 23 25 22 21 23 20 19 21 18 17 19 16 15 17 14 13 15 12 11 13 10 9 11 8 7 9 6 5 7 4 3 5 36 35 37 34 33 35 32 31 33 30 29 31 28 27 29 26 25 27 24 23 25 22 21 23 20 19 21 18 17 19 16 15 17 14 13 15 12 11 13 10 9 11 8 7 9 6 5 7 4 3 5 30 29 31 28 27 29 26 25 27 24 23 25 22 21 23 20 19 21 18 17 19 16 15 17 14 13 15 12 11 13 10 9 11 8 7 9 6 5 7 34 33 35 32 31 33 30 29 31 28 27 29 26 25 27 24 23 25 22 21 23 20 19 21 18 17 19 16 15 17 14 13 15 12 11 13 10 9 11 8 7 9 6 5 7 28 27 29 26 25 27 24 23 25 22 21 23 20 19 21 18 17 19 16 15 17 14 13 15 12 11 13 10 9 11 8 7 9 18 17 19 20 19 21 22 21 23 24 23 25 22 21 23 20 19 21 18 17 19 16 15 17 14 13 15 12 11 13 26 25 27 24 23 25 22 21 23 20 19 21 18 17 19 16 15 17 14 13 15 12 11 13 10 9 11 20 19 21 18 17 19 16 15 17 14 13 15 36 35 37 34 33 35 32 31 33 30 29 31 28 27 29 26 25 27 24 23 25 22 21 23 20 19 21 18 17 19 16 15 17 14 13 15 12 11 13 10 9 11 8 7 9 30 29 31 28 27 29 26 25 27 24 23 25 26 25 27 28 27 29 32 31 33 30 29 31 28 27 29 26 25 27 34 33 35 32 31 33 30 29 31 36 35 37 34 33 35 32 31 33 30 29 31 28 27 29 26 25 27 24 23 25 22 21 23 20 19 21 18 17 19 16 15 17 14 13 15 12 11 13 10 9 11 24 23 25 22 21 23 20 19 21 18 17 19 16 15 17 14 13 15 12 11 13 18 17 19 16 15 17 26 25 27 28 27 29 26 25 27 24 23 25 22 21 23 20 19 21 18 17 19 16 15 17 14 13 15 22 21 23 20 19 21 36 35 37 34 33 35 32 31 33 30 29 31 28 27 29 26 25 27 24 23 25 22 21 23 20 19 21 18 17 19 16 15 17 18 17 19 20 19 21 32 31 33 30 29 31 28 27 29 26 25 27 24 23 25 22 21 23 24 23 25 30 29 31 28 27 29 26 25 27 34 33 35 32 31 33 30 29 31 28 27 29 26 25 27 24 23 25 22 21 23 20 19 21
[26.946524s] A=259 K=481 i=5.757345823e+09) 37 35 33 31 29 27 25 23 21 19 17 15 13 11 9 7 5 3 1 36 35 37 34 33 35 32 31 33 30 29 31 28 27 29 26 25 27 24 23 25 22 21 23 20 19 21 18 17 19 16 15 17 14 13 15 12 11 13 10 9 11 8 7 9 6 5 7 4 3 5 2 1 3 0 1 34 33 35 32 31 33 30 29 31 28 27 29 26 25 27 24 23 25 22 21 23 20 19 21 18 17 19 16 15 17 14 13 15 12 11 13 10 9 11 8 7 9 6 5 7 4 3 5 2 1 3 36 35 37 34 33 35 32 31 33 30 29 31 28 27 29 26 25 27 24 23 25 22 21 23 20 19 21 18 17 19 16 15 17 14 13 15 12 11 13 10 9 11 8 7 9 6 5 7 4 3 5 2 1 3 32 31 33 30 29 31 28 27 29 26 25 27 24 23 25 22 21 23 20 19 21 18 17 19 16 15 17 14 13 15 12 11 13 10 9 11 8 7 9 6 5 7 4 3 5 36 35 37 34 33 35 32 31 33 30 29 31 28 27 29 26 25 27 24 23 25 22 21 23 20 19 21 18 17 19 16 15 17 14 13 15 12 11 13 10 9 11 8 7 9 6 5 7 4 3 5 30 29 31 28 27 29 26 25 27 24 23 25 22 21 23 20 19 21 18 17 19 16 15 17 14 13 15 12 11 13 10 9 11 8 7 9 6 5 7 34 33 35 32 31 33 30 29 31 28 27 29 26 25 27 24 23 25 22 21 23 20 19 21 18 17 19 16 15 17 14 13 15 12 11 13 10 9 11 8 7 9 6 5 7 28 27 29 26 25 27 24 23 25 22 21 23 20 19 21 18 17 19 16 15 17 14 13 15 12 11 13 10 9 11 8 7 9 18 17 19 20 19 21 22 21 23 24 23 25 22 21 23 20 19 21 18 17 19 16 15 17 14 13 15 12 11 13 26 25 27 24 23 25 22 21 23 20 19 21 18 17 19 16 15 17 14 13 15 12 11 13 10 9 11 20 19 21 18 17 19 16 15 17 14 13 15 30 29 31 28 27 29 26 25 27 36 35 37 34 33 35 32 31 33 30 29 31 28 27 29 26 25 27 24 23 25 22 21 23 20 19 21 18 17 19 16 15 17 14 13 15 12 11 13 10 9 11 8 7 9 24 23 25 26 25 27 28 27 29 26 25 27 32 31 33 30 29 31 28 27 29 34 33 35 32 31 33 30 29 31 36 35 37 34 33 35 32 31 33 30 29 31 28 27 29 26 25 27 24 23 25 22 21 23 20 19 21 18 17 19 16 15 17 14 13 15 12 11 13 10 9 11 26 25 27 24 23 25 22 21 23 20 19 21 18 17 19 16 15 17 14 13 15 12 11 13 18 17 19 16 15 17 28 27 29 26 25 27 24 23 25 22 21 23 20 19 21 18 17 19 16 15 17 14 13 15 22 21 23 20 19 21 36 35 37 34 33 35 32 31 33 30 29 31 28 27 29 26 25 27 24 23 25 22 21 23 20 19 21 18 17 19 16 15 17 18 17 19 20 19 21 30 29 31 28 27 29 26 25 27 24 23 25 22 21 23 24 23 25 32 31 33 30 29 31 28 27 29 26 25 27 34 33 35 32 31 33 30 29 31 28 27 29 26 25 27 24 23 25 22 21 23 20 19 21
[26.968792s] A=259 K=481 i=5.762055686e+09) 37 35 33 31 29 27 25 23 21 19 17 15 13 11 9 7 5 3 1 36 35 37 34 33 35 32 31 33 30 29 31 28 27 29 26 25 27 24 23 25 22 21 23 20 19 21 18 17 19 16 15 17 14 13 15 12 11 13 10 9 11 8 7 9 6 5 7 4 3 5 2 1 3 0 1 34 33 35 32 31 33 30 29 31 28 27 29 26 25 27 24 23 25 22 21 23 20 19 21 18 17 19 16 15 17 14 13 15 12 11 13 10 9 11 8 7 9 6 5 7 4 3 5 2 1 3 36 35 37 34 33 35 32 31 33 30 29 31 28 27 29 26 25 27 24 23 25 22 21 23 20 19 21 18 17 19 16 15 17 14 13 15 12 11 13 10 9 11 8 7 9 6 5 7 4 3 5 2 1 3 32 31 33 30 29 31 28 27 29 26 25 27 24 23 25 22 21 23 20 19 21 18 17 19 16 15 17 14 13 15 12 11 13 10 9 11 8 7 9 6 5 7 4 3 5 36 35 37 34 33 35 32 31 33 30 29 31 28 27 29 26 25 27 24 23 25 22 21 23 20 19 21 18 17 19 16 15 17 14 13 15 12 11 13 10 9 11 8 7 9 6 5 7 4 3 5 30 29 31 28 27 29 26 25 27 24 23 25 22 21 23 20 19 21 18 17 19 16 15 17 14 13 15 12 11 13 10 9 11 8 7 9 6 5 7 34 33 35 32 31 33 30 29 31 28 27 29 26 25 27 24 23 25 22 21 23 20 19 21 18 17 19 16 15 17 14 13 15 12 11 13 10 9 11 8 7 9 6 5 7 28 27 29 26 25 27 24 23 25 22 21 23 20 19 21 18 17 19 16 15 17 14 13 15 12 11 13 10 9 11 8 7 9 18 17 19 20 19 21 22 21 23 24 23 25 22 21 23 20 19 21 18 17 19 16 15 17 14 13 15 12 11 13 26 25 27 24 23 25 22 21 23 20 19 21 18 17 19 16 15 17 14 13 15 12 11 13 10 9 11 20 19 21 18 17 19 16 15 17 28 27 29 26 25 27 24 23 25 36 35 37 34 33 35 32 31 33 30 29 31 28 27 29 26 25 27 24 23 25 22 21 23 20 19 21 18 17 19 16 15 17 14 13 15 12 11 13 10 9 11 8 7 9 14 13 15 16 15 17 32 31 33 30 29 31 28 27 29 26 25 27 24 23 25 22 21 23 20 19 21 18 17 19 16 15 17 34 33 35 32 31 33 30 29 31 28 27 29 26 25 27 24 23 25 22 21 23 20 19 21 18 17 19 28 27 29 30 29 31 32 31 33 36 35 37 34 33 35 32 31 33 30 29 31 28 27 29 26 25 27 24 23 25 22 21 23 20 19 21 18 17 19 16 15 17 14 13 15 12 11 13 10 9 11 14 13 15 12 11 13 16 15 17 14 13 15 18 17 19 16 15 17 20 19 21 28 27 29 26 25 27 24 23 25 22 21 23 30 29 31 28 27 29 26 25 27 36 35 37 34 33 35 32 31 33 30 29 31 28 27 29 26 25 27 24 23 25 22 21 23 20 19 21 18 17 19 16 15 17 20 19 21 18 17 19 34 33 35 32 31 33 30 29 31 28 27 29 26 25 27 24 23 25 22 21 23 20 19 21 24 23 25 22 21 23 26 25 27 28 27 29
[27.499201s] A=259 K=481 i=5.879173722e+09) 37 35 33 31 29 27 25 23 21 19 17 15 13 11 9 7 5 3 1 36 35 37 34 33 35 32 31 33 30 29 31 28 27 29 26 25 27 24 23 25 22 21 23 20 19 21 18 17 19 16 15 17 14 13 15 12 11 13 10 9 11 8 7 9 6 5 7 4 3 5 2 1 3 0 1 34 33 35 32 31 33 30 29 31 28 27 29 26 25 27 24 23 25 22 21 23 20 19 21 18 17 19 16 15 17 14 13 15 12 11 13 10 9 11 8 7 9 6 5 7 4 3 5 2 1 3 36 35 37 34 33 35 32 31 33 30 29 31 28 27 29 26 25 27 24 23 25 22 21 23 20 19 21 18 17 19 16 15 17 14 13 15 12 11 13 10 9 11 8 7 9 6 5 7 4 3 5 2 1 3 32 31 33 30 29 31 28 27 29 26 25 27 24 23 25 22 21 23 20 19 21 18 17 19 16 15 17 14 13 15 12 11 13 10 9 11 8 7 9 6 5 7 4 3 5 36 35 37 34 33 35 32 31 33 30 29 31 28 27 29 26 25 27 24 23 25 22 21 23 20 19 21 18 17 19 16 15 17 14 13 15 12 11 13 10 9 11 8 7 9 6 5 7 4 3 5 30 29 31 28 27 29 26 25 27 24 23 25 22 21 23 20 19 21 18 17 19 16 15 17 14 13 15 12 11 13 10 9 11 8 7 9 6 5 7 34 33 35 32 31 33 30 29 31 28 27 29 26 25 27 24 23 25 22 21 23 20 19 21 18 17 19 16 15 17 14 13 15 12 11 13 10 9 11 8 7 9 6 5 7 28 27 29 26 25 27 24 23 25 22 21 23 20 19 21 18 17 19 16 15 17 14 13 15 12 11 13 10 9 11 8 7 9 18 17 19 20 19 21 22 21 23 24 23 25 22 21 23 20 19 21 26 25 27 24 23 25 22 21 23 20 19 21 18 17 19 16 15 17 14 13 15 12 11 13 10 9 11 18 17 19 16 15 17 14 13 15 12 11 13 20 19 21 18 17 19 16 15 17 14 13 15 36 35 37 34 33 35 32 31 33 30 29 31 28 27 29 26 25 27 24 23 25 22 21 23 20 19 21 18 17 19 16 15 17 14 13 15 12 11 13 10 9 11 8 7 9 30 29 31 28 27 29 26 25 27 24 23 25 26 25 27 28 27 29 32 31 33 30 29 31 28 27 29 26 25 27 34 33 35 32 31 33 30 29 31 36 35 37 34 33 35 32 31 33 30 29 31 28 27 29 26 25 27 24 23 25 22 21 23 20 19 21 18 17 19 16 15 17 14 13 15 12 11 13 10 9 11 24 23 25 22 21 23 20 19 21 18 17 19 16 15 17 14 13 15 12 11 13 26 25 27 28 27 29 26 25 27 24 23 25 22 21 23 20 19 21 18 17 19 16 15 17 14 13 15 20 19 21 18 17 19 16 15 17 36 35 37 34 33 35 32 31 33 30 29 31 28 27 29 26 25 27 24 23 25 22 21 23 20 19 21 18 17 19 16 15 17 22 21 23 20 19 21 18 17 19 32 31 33 30 29 31 28 27 29 26 25 27 24 23 25 22 21 23 24 23 25 30 29 31 28 27 29 26 25 27 34 33 35 32 31 33 30 29 31 28 27 29 26 25 27 24 23 25 22 21 23 20 19 21
[27.502523s] A=259 K=481 i=5.879660667e+09) 37 35 33 31 29 27 25 23 21 19 17 15 13 11 9 7 5 3 1 36 35 37 34 33 35 32 31 33 30 29 31 28 27 29 26 25 27 24 23 25 22 21 23 20 19 21 18 17 19 16 15 17 14 13 15 12 11 13 10 9 11 8 7 9 6 5 7 4 3 5 2 1 3 0 1 34 33 35 32 31 33 30 29 31 28 27 29 26 25 27 24 23 25 22 21 23 20 19 21 18 17 19 16 15 17 14 13 15 12 11 13 10 9 11 8 7 9 6 5 7 4 3 5 2 1 3 36 35 37 34 33 35 32 31 33 30 29 31 28 27 29 26 25 27 24 23 25 22 21 23 20 19 21 18 17 19 16 15 17 14 13 15 12 11 13 10 9 11 8 7 9 6 5 7 4 3 5 2 1 3 32 31 33 30 29 31 28 27 29 26 25 27 24 23 25 22 21 23 20 19 21 18 17 19 16 15 17 14 13 15 12 11 13 10 9 11 8 7 9 6 5 7 4 3 5 36 35 37 34 33 35 32 31 33 30 29 31 28 27 29 26 25 27 24 23 25 22 21 23 20 19 21 18 17 19 16 15 17 14 13 15 12 11 13 10 9 11 8 7 9 6 5 7 4 3 5 30 29 31 28 27 29 26 25 27 24 23 25 22 21 23 20 19 21 18 17 19 16 15 17 14 13 15 12 11 13 10 9 11 8 7 9 6 5 7 34 33 35 32 31 33 30 29 31 28 27 29 26 25 27 24 23 25 22 21 23 20 19 21 18 17 19 16 15 17 14 13 15 12 11 13 10 9 11 8 7 9 6 5 7 28 27 29 26 25 27 24 23 25 22 21 23 20 19 21 18 17 19 16 15 17 14 13 15 12 11 13 10 9 11 8 7 9 18 17 19 20 19 21 22 21 23 24 23 25 22 21 23 20 19 21 26 25 27 24 23 25 22 21 23 20 19 21 18 17 19 16 15 17 14 13 15 12 11 13 10 9 11 18 17 19 16 15 17 14 13 15 12 11 13 20 19 21 18 17 19 16 15 17 14 13 15 30 29 31 28 27 29 26 25 27 36 35 37 34 33 35 32 31 33 30 29 31 28 27 29 26 25 27 24 23 25 22 21 23 20 19 21 18 17 19 16 15 17 14 13 15 12 11 13 10 9 11 8 7 9 24 23 25 26 25 27 28 27 29 26 25 27 32 31 33 30 29 31 28 27 29 34 33 35 32 31 33 30 29 31 36 35 37 34 33 35 32 31 33 30 29 31 28 27 29 26 25 27 24 23 25 22 21 23 20 19 21 18 17 19 16 15 17 14 13 15 12 11 13 10 9 11 26 25 27 24 23 25 22 21 23 20 19 21 18 17 19 16 15 17 14 13 15 12 11 13 28 27 29 26 25 27 24 23 25 22 21 23 20 19 21 18 17 19 16 15 17 14 13 15 20 19 21 18 17 19 16 15 17 36 35 37 34 33 35 32 31 33 30 29 31 28 27 29 26 25 27 24 23 25 22 21 23 20 19 21 18 17 19 16 15 17 22 21 23 20 19 21 18 17 19 30 29 31 28 27 29 26 25 27 24 23 25 22 21 23 24 23 25 32 31 33 30 29 31 28 27 29 26 25 27 34 33 35 32 31 33 30 29 31 28 27 29 26 25 27 24 23 25 22 21 23 20 19 21
[27.504243s] A=259 K=481 i=5.879884806e+09) 37 35 33 31 29 27 25 23 21 19 17 15 13 11 9 7 5 3 1 36 35 37 34 33 35 32 31 33 30 29 31 28 27 29 26 25 27 24 23 25 22 21 23 20 19 21 18 17 19 16 15 17 14 13 15 12 11 13 10 9 11 8 7 9 6 5 7 4 3 5 2 1 3 0 1 34 33 35 32 31 33 30 29 31 28 27 29 26 25 27 24 23 25 22 21 23 20 19 21 18 17 19 16 15 17 14 13 15 12 11 13 10 9 11 8 7 9 6 5 7 4 3 5 2 1 3 36 35 37 34 33 35 32 31 33 30 29 31 28 27 29 26 25 27 24 23 25 22 21 23 20 19 21 18 17 19 16 15 17 14 13 15 12 11 13 10 9 11 8 7 9 6 5 7 4 3 5 2 1 3 32 31 33 30 29 31 28 27 29 26 25 27 24 23 25 22 21 23 20 19 21 18 17 19 16 15 17 14 13 15 12 11 13 10 9 11 8 7 9 6 5 7 4 3 5 36 35 37 34 33 35 32 31 33 30 29 31 28 27 29 26 25 27 24 23 25 22 21 23 20 19 21 18 17 19 16 15 17 14 13 15 12 11 13 10 9 11 8 7 9 6 5 7 4 3 5 30 29 31 28 27 29 26 25 27 24 23 25 22 21 23 20 19 21 18 17 19 16 15 17 14 13 15 12 11 13 10 9 11 8 7 9 6 5 7 34 33 35 32 31 33 30 29 31 28 27 29 26 25 27 24 23 25 22 21 23 20 19 21 18 17 19 16 15 17 14 13 15 12 11 13 10 9 11 8 7 9 6 5 7 28 27 29 26 25 27 24 23 25 22 21 23 20 19 21 18 17 19 16 15 17 14 13 15 12 11 13 10 9 11 8 7 9 18 17 19 20 19 21 22 21 23 24 23 25 22 21 23 20 19 21 26 25 27 24 23 25 22 21 23 20 19 21 18 17 19 16 15 17 14 13 15 12 11 13 10 9 11 18 17 19 16 15 17 14 13 15 12 11 13 20 19 21 18 17 19 16 15 17 14 13 15 28 27 29 26 25 27 24 23 25 32 31 33 30 29 31 28 27 29 26 25 27 24 23 25 22 21 23 20 19 21 18 17 19 16 15 17 28 27 29 26 25 27 34 33 35 32 31 33 30 29 31 36 35 37 34 33 35 32 31 33 30 29 31 28 27 29 26 25 27 24 23 25 22 21 23 20 19 21 18 17 19 16 15 17 14 13 15 12 11 13 10 9 11 8 7 9 36 35 37 34 33 35 32 31 33 30 29 31 28 27 29 26 25 27 24 23 25 22 21 23 20 19 21 18 17 19 16 15 17 14 13 15 12 11 13 10 9 11 14 13 15 12 11 13 28 27 29 26 25 27 24 23 25 22 21 23 20 19 21 18 17 19 16 15 17 14 13 15 16 15 17 18 17 19 20 19 21 18 17 19 16 15 17 30 29 31 28 27 29 26 25 27 24 23 25 22 21 23 20 19 21 18 17 19 32 31 33 30 29 31 28 27 29 26 25 27 24 23 25 22 21 23 20 19 21 34 33 35 32 31 33 30 29 31 28 27 29 26 25 27 24 23 25 22 21 23 20 19 21 18 17 19 16 15 17 36 35 37 34 33 35 32 31 33 30 29 31 28 27 29 26 25 27 24 23 25 22 21 23
[27.521957s] A=259 K=481 i=5.881856132e+09) 37 35 33 31 29 27 25 23 21 19 17 15 13 11 9 7 5 3 1 36 35 37 34 33 35 32 31 33 30 29 31 28 27 29 26 25 27 24 23 25 22 21 23 20 19 21 18 17 19 16 15 17 14 13 15 12 11 13 10 9 11 8 7 9 6 5 7 4 3 5 2 1 3 0 1 34 33 35 32 31 33 30 29 31 28 27 29 26 25 27 24 23 25 22 21 23 20 19 21 18 17 19 16 15 17 14 13 15 12 11 13 10 9 11 8 7 9 6 5 7 4 3 5 2 1 3 36 35 37 34 33 35 32 31 33 30 29 31 28 27 29 26 25 27 24 23 25 22 21 23 20 19 21 18 17 19 16 15 17 14 13 15 12 11 13 10 9 11 8 7 9 6 5 7 4 3 5 2 1 3 32 31 33 30 29 31 28 27 29 26 25 27 24 23 25 22 21 23 20 19 21 18 17 19 16 15 17 14 13 15 12 11 13 10 9 11 8 7 9 6 5 7 4 3 5 36 35 37 34 33 35 32 31 33 30 29 31 28 27 29 26 25 27 24 23 25 22 21 23 20 19 21 18 17 19 16 15 17 14 13 15 12 11 13 10 9 11 8 7 9 6 5 7 4 3 5 30 29 31 28 27 29 26 25 27 24 23 25 22 21 23 20 19 21 18 17 19 16 15 17 14 13 15 12 11 13 10 9 11 8 7 9 6 5 7 34 33 35 32 31 33 30 29 31 28 27 29 26 25 27 24 23 25 22 21 23 20 19 21 18 17 19 16 15 17 14 13 15 12 11 13 10 9 11 8 7 9 6 5 7 28 27 29 26 25 27 24 23 25 22 21 23 20 19 21 18 17 19 16 15 17 14 13 15 12 11 13 10 9 11 8 7 9 18 17 19 20 19 21 22 21 23 24 23 25 22 21 23 20 19 21 26 25 27 24 23 25 22 21 23 20 19 21 18 17 19 16 15 17 14 13 15 12 11 13 10 9 11 18 17 19 16 15 17 14 13 15 12 11 13 20 19 21 18 17 19 16 15 17 30 29 31 28 27 29 26 25 27 24 23 25 32 31 33 30 29 31 28 27 29 26 25 27 24 23 25 22 21 23 20 19 21 18 17 19 16 15 17 14 13 15 28 27 29 34 33 35 32 31 33 30 29 31 36 35 37 34 33 35 32 31 33 30 29 31 28 27 29 26 25 27 24 23 25 22 21 23 20 19 21 18 17 19 16 15 17 14 13 15 12 11 13 10 9 11 8 7 9 26 25 27 28 27 29 36 35 37 34 33 35 32 31 33 30 29 31 28 27 29 26 25 27 24 23 25 22 21 23 20 19 21 18 17 19 16 15 17 14 13 15 12 11 13 10 9 11 12 11 13 14 13 15 20 19 21 18 17 19 16 15 17 26 25 27 24 23 25 22 21 23 20 19 21 18 17 19 16 15 17 14 13 15 28 27 29 32 31 33 30 29 31 34 33 35 32 31 33 30 29 31 28 27 29 26 25 27 24 23 25 22 21 23 20 19 21 18 17 19 16 15 17 22 21 23 20 19 21 18 17 19 28 27 29 26 25 27 24 23 25 22 21 23 20 19 21 30 29 31 28 27 29 26 25 27 24 23 25 22 21 23 24 23 25 36 35 37 34 33 35 32 31 33 30 29 31 28 27 29 26 25 27
[27.523092s] A=259 K=481 i=5.882098534e+09) 37 35 33 31 29 27 25 23 21 19 17 15 13 11 9 7 5 3 1 36 35 37 34 33 35 32 31 33 30 29 31 28 27 29 26 25 27 24 23 25 22 21 23 20 19 21 18 17 19 16 15 17 14 13 15 12 11 13 10 9 11 8 7 9 6 5 7 4 3 5 2 1 3 0 1 34 33 35 32 31 33 30 29 31 28 27 29 26 25 27 24 23 25 22 21 23 20 19 21 18 17 19 16 15 17 14 13 15 12 11 13 10 9 11 8 7 9 6 5 7 4 3 5 2 1 3 36 35 37 34 33 35 32 31 33 30 29 31 28 27 29 26 25 27 24 23 25 22 21 23 20 19 21 18 17 19 16 15 17 14 13 15 12 11 13 10 9 11 8 7 9 6 5 7 4 3 5 2 1 3 32 31 33 30 29 31 28 27 29 26 25 27 24 23 25 22 21 23 20 19 21 18 17 19 16 15 17 14 13 15 12 11 13 10 9 11 8 7 9 6 5 7 4 3 5 36 35 37 34 33 35 32 31 33 30 29 31 28 27 29 26 25 27 24 23 25 22 21 23 20 19 21 18 17 19 16 15 17 14 13 15 12 11 13 10 9 11 8 7 9 6 5 7 4 3 5 30 29 31 28 27 29 26 25 27 24 23 25 22 21 23 20 19 21 18 17 19 16 15 17 14 13 15 12 11 13 10 9 11 8 7 9 6 5 7 34 33 35 32 31 33 30 29 31 28 27 29 26 25 27 24 23 25 22 21 23 20 19 21 18 17 19 16 15 17 14 13 15 12 11 13 10 9 11 8 7 9 6 5 7 28 27 29 26 25 27 24 23 25 22 21 23 20 19 21 18 17 19 16 15 17 14 13 15 12 11 13 10 9 11 8 7 9 18 17 19 20 19 21 22 21 23 24 23 25 22 21 23 20 19 21 26 25 27 24 23 25 22 21 23 20 19 21 18 17 19 16 15 17 14 13 15 12 11 13 10 9 11 18 17 19 16 15 17 14 13 15 12 11 13 20 19 21 18 17 19 16 15 17 30 29 31 28 27 29 32 31 33 30 29 31 28 27 29 26 25 27 24 23 25 22 21 23 20 19 21 18 17 19 16 15 17 14 13 15 26 25 27 24 23 25 28 27 29 26 25 27 34 33 35 32 31 33 30 29 31 28 27 29 36 35 37 34 33 35 32 31 33 30 29 31 28 27 29 26 25 27 24 23 25 22 21 23 20 19 21 18 17 19 16 15 17 14 13 15 12 11 13 10 9 11 8 7 9 36 35 37 34 33 35 32 31 33 30 29 31 28 27 29 26 25 27 24 23 25 22 21 23 20 19 21 18 17 19 16 15 17 14 13 15 12 11 13 10 9 11 12 11 13 14 13 15 20 19 21 18 17 19 16 15 17 26 25 27 24 23 25 22 21 23 20 19 21 18 17 19 16 15 17 14 13 15 28 27 29 34 33 35 32 31 33 30 29 31 28 27 29 26 25 27 24 23 25 22 21 23 20 19 21 18 17 19 16 15 17 22 21 23 20 19 21 18 17 19 32 31 33 30 29 31 28 27 29 26 25 27 24 23 25 22 21 23 20 19 21 30 29 31 28 27 29 26 25 27 24 23 25 22 21 23 24 23 25 36 35 37 34 33 35 32 31 33 30 29 31 28 27 29 26 25 27
[27.523577s] A=259 K=481 i=5.882226476e+09) 37 35 33 31 29 27 25 23 21 19 17 15 13 11 9 7 5 3 1 36 35 37 34 33 35 32 31 33 30 29 31 28 27 29 26 25 27 24 23 25 22 21 23 20 19 21 18 17 19 16 15 17 14 13 15 12 11 13 10 9 11 8 7 9 6 5 7 4 3 5 2 1 3 0 1 34 33 35 32 31 33 30 29 31 28 27 29 26 25 27 24 23 25 22 21 23 20 19 21 18 17 19 16 15 17 14 13 15 12 11 13 10 9 11 8 7 9 6 5 7 4 3 5 2 1 3 36 35 37 34 33 35 32 31 33 30 29 31 28 27 29 26 25 27 24 23 25 22 21 23 20 19 21 18 17 19 16 15 17 14 13 15 12 11 13 10 9 11 8 7 9 6 5 7 4 3 5 2 1 3 32 31 33 30 29 31 28 27 29 26 25 27 24 23 25 22 21 23 20 19 21 18 17 19 16 15 17 14 13 15 12 11 13 10 9 11 8 7 9 6 5 7 4 3 5 36 35 37 34 33 35 32 31 33 30 29 31 28 27 29 26 25 27 24 23 25 22 21 23 20 19 21 18 17 19 16 15 17 14 13 15 12 11 13 10 9 11 8 7 9 6 5 7 4 3 5 30 29 31 28 27 29 26 25 27 24 23 25 22 21 23 20 19 21 18 17 19 16 15 17 14 13 15 12 11 13 10 9 11 8 7 9 6 5 7 34 33 35 32 31 33 30 29 31 28 27 29 26 25 27 24 23 25 22 21 23 20 19 21 18 17 19 16 15 17 14 13 15 12 11 13 10 9 11 8 7 9 6 5 7 28 27 29 26 25 27 24 23 25 22 21 23 20 19 21 18 17 19 16 15 17 14 13 15 12 11 13 10 9 11 8 7 9 18 17 19 20 19 21 22 21 23 24 23 25 22 21 23 20 19 21 26 25 27 24 23 25 22 21 23 20 19 21 18 17 19 16 15 17 14 13 15 12 11 13 10 9 11 18 17 19 16 15 17 14 13 15 12 11 13 20 19 21 18 17 19 16 15 17 28 27 29 26 25 27 24 23 25 32 31 33 30 29 31 28 27 29 26 25 27 24 23 25 22 21 23 20 19 21 18 17 19 16 15 17 14 13 15 28 27 29 26 25 27 34 33 35 32 31 33 30 29 31 36 35 37 34 33 35 32 31 33 30 29 31 28 27 29 26 25 27 24 23 25 22 21 23 20 19 21 18 17 19 16 15 17 14 13 15 12 11 13 10 9 11 8 7 9 36 35 37 34 33 35 32 31 33 30 29 31 28 27 29 26 25 27 24 23 25 22 21 23 20 19 21 18 17 19 16 15 17 14 13 15 12 11 13 10 9 11 12 11 13 14 13 15 16 15 17 20 19 21 18 17 19 28 27 29 26 25 27 24 23 25 22 21 23 20 19 21 18 17 19 16 15 17 14 13 15 16 15 17 18 17 19 30 29 31 28 27 29 26 25 27 24 23 25 22 21 23 20 19 21 18 17 19 32 31 33 30 29 31 28 27 29 26 25 27 24 23 25 22 21 23 20 19 21 34 33 35 32 31 33 30 29 31 28 27 29 26 25 27 24 23 25 22 21 23 20 19 21 18 17 19 16 15 17 36 35 37 34 33 35 32 31 33 30 29 31 28 27 29 26 25 27 24 23 25 22 21 23
[27.605804s] A=259 K=481 i=5.898531914e+09) 37 35 33 31 29 27 25 23 21 19 17 15 13 11 9 7 5 3 1 36 35 37 34 33 35 32 31 33 30 29 31 28 27 29 26 25 27 24 23 25 22 21 23 20 19 21 18 17 19 16 15 17 14 13 15 12 11 13 10 9 11 8 7 9 6 5 7 4 3 5 2 1 3 0 1 34 33 35 32 31 33 30 29 31 28 27 29 26 25 27 24 23 25 22 21 23 20 19 21 18 17 19 16 15 17 14 13 15 12 11 13 10 9 11 8 7 9 6 5 7 4 3 5 2 1 3 36 35 37 34 33 35 32 31 33 30 29 31 28 27 29 26 25 27 24 23 25 22 21 23 20 19 21 18 17 19 16 15 17 14 13 15 12 11 13 10 9 11 8 7 9 6 5 7 4 3 5 2 1 3 32 31 33 30 29 31 28 27 29 26 25 27 24 23 25 22 21 23 20 19 21 18 17 19 16 15 17 14 13 15 12 11 13 10 9 11 8 7 9 6 5 7 4 3 5 36 35 37 34 33 35 32 31 33 30 29 31 28 27 29 26 25 27 24 23 25 22 21 23 20 19 21 18 17 19 16 15 17 14 13 15 12 11 13 10 9 11 8 7 9 6 5 7 4 3 5 30 29 31 28 27 29 26 25 27 24 23 25 22 21 23 20 19 21 18 17 19 16 15 17 14 13 15 12 11 13 10 9 11 8 7 9 6 5 7 34 33 35 32 31 33 30 29 31 28 27 29 26 25 27 24 23 25 22 21 23 20 19 21 18 17 19 16 15 17 14 13 15 12 11 13 10 9 11 8 7 9 6 5 7 28 27 29 26 25 27 24 23 25 22 21 23 20 19 21 18 17 19 16 15 17 14 13 15 12 11 13 10 9 11 8 7 9 18 17 19 20 19 21 22 21 23 24 23 25 26 25 27 24 23 25 22 21 23 20 19 21 18 17 19 16 15 17 14 13 15 12 11 13 10 9 11 22 21 23 20 19 21 18 17 19 16 15 17 14 13 15 12 11 13 20 19 21 18 17 19 16 15 17 14 13 15 28 27 29 26 25 27 24 23 25 36 35 37 34 33 35 32 31 33 30 29 31 28 27 29 26 25 27 24 23 25 22 21 23 20 19 21 18 17 19 16 15 17 14 13 15 12 11 13 10 9 11 8 7 9 28 27 29 26 25 27 32 31 33 30 29 31 28 27 29 34 33 35 32 31 33 30 29 31 36 35 37 34 33 35 32 31 33 30 29 31 28 27 29 26 25 27 24 23 25 22 21 23 20 19 21 18 17 19 16 15 17 14 13 15 12 11 13 10 9 11 26 25 27 24 23 25 22 21 23 20 19 21 18 17 19 16 15 17 14 13 15 12 11 13 18 17 19 16 15 17 28 27 29 26 25 27 24 23 25 22 21 23 20 19 21 18 17 19 16 15 17 14 13 15 30 29 31 28 27 29 26 25 27 24 23 25 22 21 23 20 19 21 32 31 33 30 29 31 28 27 29 26 25 27 34 33 35 32 31 33 30 29 31 28 27 29 36 35 37 34 33 35 32 31 33 30 29 31 28 27 29 26 25 27 24 23 25 22 21 23 20 19 21 18 17 19 16 15 17 18 17 19 20 19 21 24 23 25 22 21 23 26 25 27 24 23 25 22 21 23 20 19 21 26 25 27 28 27 29
[27.605924s] A=259 K=481 i=5.898533808e+09) 37 35 33 31 29 27 25 23 21 19 17 15 13 11 9 7 5 3 1 36 35 37 34 33 35 32 31 33 30 29 31 28 27 29 26 25 27 24 23 25 22 21 23 20 19 21 18 17 19 16 15 17 14 13 15 12 11 13 10 9 11 8 7 9 6 5 7 4 3 5 2 1 3 0 1 34 33 35 32 31 33 30 29 31 28 27 29 26 25 27 24 23 25 22 21 23 20 19 21 18 17 19 16 15 17 14 13 15 12 11 13 10 9 11 8 7 9 6 5 7 4 3 5 2 1 3 36 35 37 34 33 35 32 31 33 30 29 31 28 27 29 26 25 27 24 23 25 22 21 23 20 19 21 18 17 19 16 15 17 14 13 15 12 11 13 10 9 11 8 7 9 6 5 7 4 3 5 2 1 3 32 31 33 30 29 31 28 27 29 26 25 27 24 23 25 22 21 23 20 19 21 18 17 19 16 15 17 14 13 15 12 11 13 10 9 11 8 7 9 6 5 7 4 3 5 36 35 37 34 33 35 32 31 33 30 29 31 28 27 29 26 25 27 24 23 25 22 21 23 20 19 21 18 17 19 16 15 17 14 13 15 12 11 13 10 9 11 8 7 9 6 5 7 4 3 5 30 29 31 28 27 29 26 25 27 24 23 25 22 21 23 20 19 21 18 17 19 16 15 17 14 13 15 12 11 13 10 9 11 8 7 9 6 5 7 34 33 35 32 31 33 30 29 31 28 27 29 26 25 27 24 23 25 22 21 23 20 19 21 18 17 19 16 15 17 14 13 15 12 11 13 10 9 11 8 7 9 6 5 7 28 27 29 26 25 27 24 23 25 22 21 23 20 19 21 18 17 19 16 15 17 14 13 15 12 11 13 10 9 11 8 7 9 18 17 19 20 19 21 22 21 23 24 23 25 26 25 27 24 23 25 22 21 23 20 19 21 18 17 19 16 15 17 14 13 15 12 11 13 10 9 11 22 21 23 20 19 21 18 17 19 16 15 17 14 13 15 12 11 13 20 19 21 18 17 19 16 15 17 14 13 15 28 27 29 26 25 27 24 23 25 36 35 37 34 33 35 32 31 33 30 29 31 28 27 29 26 25 27 24 23 25 22 21 23 20 19 21 18 17 19 16 15 17 14 13 15 12 11 13 10 9 11 8 7 9 28 27 29 26 25 27 32 31 33 30 29 31 28 27 29 34 33 35 32 31 33 30 29 31 36 35 37 34 33 35 32 31 33 30 29 31 28 27 29 26 25 27 24 23 25 22 21 23 20 19 21 18 17 19 16 15 17 14 13 15 12 11 13 10 9 11 26 25 27 24 23 25 22 21 23 20 19 21 18 17 19 16 15 17 14 13 15 12 11 13 16 15 17 18 17 19 28 27 29 26 25 27 24 23 25 22 21 23 20 19 21 18 17 19 16 15 17 14 13 15 16 15 17 30 29 31 28 27 29 26 25 27 24 23 25 22 21 23 20 19 21 18 17 19 20 19 21 32 31 33 30 29 31 28 27 29 26 25 27 24 23 25 22 21 23 34 33 35 32 31 33 30 29 31 28 27 29 36 35 37 34 33 35 32 31 33 30 29 31 28 27 29 26 25 27 24 23 25 22 21 23 20 19 21 18 17 19 16 15 17 26 25 27 24 23 25 22 21 23 20 19 21 28 27 29
[27.618612s] A=259 K=481 i=5.90193478e+09) 37 35 33 31 29 27 25 23 21 19 17 15 13 11 9 7 5 3 1 36 35 37 34 33 35 32 31 33 30 29 31 28 27 29 26 25 27 24 23 25 22 21 23 20 19 21 18 17 19 16 15 17 14 13 15 12 11 13 10 9 11 8 7 9 6 5 7 4 3 5 2 1 3 0 1 34 33 35 32 31 33 30 29 31 28 27 29 26 25 27 24 23 25 22 21 23 20 19 21 18 17 19 16 15 17 14 13 15 12 11 13 10 9 11 8 7 9 6 5 7 4 3 5 2 1 3 36 35 37 34 33 35 32 31 33 30 29 31 28 27 29 26 25 27 24 23 25 22 21 23 20 19 21 18 17 19 16 15 17 14 13 15 12 11 13 10 9 11 8 7 9 6 5 7 4 3 5 2 1 3 32 31 33 30 29 31 28 27 29 26 25 27 24 23 25 22 21 23 20 19 21 18 17 19 16 15 17 14 13 15 12 11 13 10 9 11 8 7 9 6 5 7 4 3 5 36 35 37 34 33 35 32 31 33 30 29 31 28 27 29 26 25 27 24 23 25 22 21 23 20 19 21 18 17 19 16 15 17 14 13 15 12 11 13 10 9 11 8 7 9 6 5 7 4 3 5 30 29 31 28 27 29 26 25 27 24 23 25 22 21 23 20 19 21 18 17 19 16 15 17 14 13 15 12 11 13 10 9 11 8 7 9 6 5 7 34 33 35 32 31 33 30 29 31 28 27 29 26 25 27 24 23 25 22 21 23 20 19 21 18 17 19 16 15 17 14 13 15 12 11 13 10 9 11 8 7 9 6 5 7 28 27 29 26 25 27 24 23 25 22 21 23 20 19 21 18 17 19 16 15 17 14 13 15 12 11 13 10 9 11 8 7 9 18 17 19 20 19 21 22 21 23 24 23 25 26 25 27 24 23 25 22 21 23 20 19 21 18 17 19 16 15 17 14 13 15 12 11 13 10 9 11 22 21 23 20 19 21 18 17 19 16 15 17 14 13 15 12 11 13 20 19 21 18 17 19 16 15 17 28 27 29 26 25 27 24 23 25 36 35 37 34 33 35 32 31 33 30 29 31 28 27 29 26 25 27 24 23 25 22 21 23 20 19 21 18 17 19 16 15 17 14 13 15 12 11 13 10 9 11 8 7 9 28 27 29 26 25 27 32 31 33 30 29 31 28 27 29 34 33 35 32 31 33 30 29 31 36 35 37 34 33 35 32 31 33 30 29 31 28 27 29 26 25 27 24 23 25 22 21 23 20 19 21 18 17 19 16 15 17 14 13 15 12 11 13 10 9 11 14 13 15 18 17 19 16 15 17 26 25 27 24 23 25 22 21 23 20 19 21 18 17 19 16 15 17 14 13 15 12 11 13 28 27 29 26 25 27 24 23 25 22 21 23 20 19 21 18 17 19 16 15 17 14 13 15 30 29 31 28 27 29 26 25 27 24 23 25 22 21 23 20 19 21 32 31 33 30 29 31 28 27 29 26 25 27 34 33 35 32 31 33 30 29 31 28 27 29 36 35 37 34 33 35 32 31 33 30 29 31 28 27 29 26 25 27 24 23 25 22 21 23 20 19 21 18 17 19 16 15 17 18 17 19 20 19 21 26 25 27 24 23 25 22 21 23 20 19 21 24 23 25 22 21 23 26 25 27 28 27 29
[27.714245s] A=259 K=481 i=5.91974471e+09) 37 35 33 31 29 27 25 23 21 19 17 15 13 11 9 7 5 3 1 36 35 37 34 33 35 32 31 33 30 29 31 28 27 29 26 25 27 24 23 25 22 21 23 20 19 21 18 17 19 16 15 17 14 13 15 12 11 13 10 9 11 8 7 9 6 5 7 4 3 5 2 1 3 0 1 34 33 35 32 31 33 30 29 31 28 27 29 26 25 27 24 23 25 22 21 23 20 19 21 18 17 19 16 15 17 14 13 15 12 11 13 10 9 11 8 7 9 6 5 7 4 3 5 2 1 3 36 35 37 34 33 35 32 31 33 30 29 31 28 27 29 26 25 27 24 23 25 22 21 23 20 19 21 18 17 19 16 15 17 14 13 15 12 11 13 10 9 11 8 7 9 6 5 7 4 3 5 2 1 3 32 31 33 30 29 31 28 27 29 26 25 27 24 23 25 22 21 23 20 19 21 18 17 19 16 15 17 14 13 15 12 11 13 10 9 11 8 7 9 6 5 7 4 3 5 36 35 37 34 33 35 32 31 33 30 29 31 28 27 29 26 25 27 24 23 25 22 21 23 20 19 21 18 17 19 16 15 17 14 13 15 12 11 13 10 9 11 8 7 9 6 5 7 4 3 5 30 29 31 28 27 29 26 25 27 24 23 25 22 21 23 20 19 21 18 17 19 16 15 17 14 13 15 12 11 13 10 9 11 8 7 9 6 5 7 34 33 35 32 31 33 30 29 31 28 27 29 26 25 27 24 23 25 22 21 23 20 19 21 18 17 19 16 15 17 14 13 15 12 11 13 10 9 11 8 7 9 6 5 7 28 27 29 26 25 27 24 23 25 22 21 23 20 19 21 18 17 19 16 15 17 14 13 15 12 11 13 10 9 11 8 7 9 18 17 19 20 19 21 22 21 23 24 23 25 26 25 27 24 23 25 22 21 23 20 19 21 18 17 19 16 15 17 14 13 15 12 11 13 10 9 11 18 17 19 16 15 17 22 21 23 20 19 21 18 17 19 16 15 17 14 13 15 12 11 13 28 27 29 26 25 27 24 23 25 36 35 37 34 33 35 32 31 33 30 29 31 28 27 29 26 25 27 24 23 25 22 21 23 20 19 21 18 17 19 16 15 17 14 13 15 12 11 13 10 9 11 8 7 9 28 27 29 26 25 27 32 31 33 30 29 31 28 27 29 34 33 35 32 31 33 30 29 31 36 35 37 34 33 35 32 31 33 30 29 31 28 27 29 26 25 27 24 23 25 22 21 23 20 19 21 18 17 19 16 15 17 14 13 15 12 11 13 10 9 11 20 19 21 18 17 19 16 15 17 14 13 15 26 25 27 24 23 25 22 21 23 20 19 21 18 17 19 16 15 17 14 13 15 12 11 13 28 27 29 26 25 27 24 23 25 22 21 23 20 19 21 18 17 19 16 15 17 14 13 15 30 29 31 28 27 29 26 25 27 24 23 25 32 31 33 30 29 31 28 27 29 26 25 27 34 33 35 32 31 33 30 29 31 28 27 29 36 35 37 34 33 35 32 31 33 30 29 31 28 27 29 26 25 27 24 23 25 22 21 23 20 19 21 18 17 19 16 15 17 22 21 23 20 19 21 18 17 19 24 23 25 26 25 27 24 23 25 22 21 23 20 19 21 22 21 23 24 23 25 26 25 27 28 27 29
[27.737044s] A=259 K=481 i=5.92269095e+09) 37 35 33 31 29 27 25 23 21 19 17 15 13 11 9 7 5 3 1 36 35 37 34 33 35 32 31 33 30 29 31 28 27 29 26 25 27 24 23 25 22 21 23 20 19 21 18 17 19 16 15 17 14 13 15 12 11 13 10 9 11 8 7 9 6 5 7 4 3 5 2 1 3 0 1 34 33 35 32 31 33 30 29 31 28 27 29 26 25 27 24 23 25 22 21 23 20 19 21 18 17 19 16 15 17 14 13 15 12 11 13 10 9 11 8 7 9 6 5 7 4 3 5 2 1 3 36 35 37 34 33 35 32 31 33 30 29 31 28 27 29 26 25 27 24 23 25 22 21 23 20 19 21 18 17 19 16 15 17 14 13 15 12 11 13 10 9 11 8 7 9 6 5 7 4 3 5 2 1 3 32 31 33 30 29 31 28 27 29 26 25 27 24 23 25 22 21 23 20 19 21 18 17 19 16 15 17 14 13 15 12 11 13 10 9 11 8 7 9 6 5 7 4 3 5 36 35 37 34 33 35 32 31 33 30 29 31 28 27 29 26 25 27 24 23 25 22 21 23 20 19 21 18 17 19 16 15 17 14 13 15 12 11 13 10 9 11 8 7 9 6 5 7 4 3 5 30 29 31 28 27 29 26 25 27 24 23 25 22 21 23 20 19 21 18 17 19 16 15 17 14 13 15 12 11 13 10 9 11 8 7 9 6 5 7 34 33 35 32 31 33 30 29 31 28 27 29 26 25 27 24 23 25 22 21 23 20 19 21 18 17 19 16 15 17 14 13 15 12 11 13 10 9 11 8 7 9 6 5 7 28 27 29 26 25 27 24 23 25 22 21 23 20 19 21 18 17 19 16 15 17 14 13 15 12 11 13 10 9 11 8 7 9 18 17 19 20 19 21 22 21 23 24 23 25 26 25 27 24 23 25 22 21 23 20 19 21 18 17 19 16 15 17 14 13 15 12 11 13 10 9 11 18 17 19 16 15 17 22 21 23 20 19 21 18 17 19 16 15 17 14 13 15 12 11 13 28 27 29 30 29 31 32 31 33 34 33 35 36 35 37 34 33 35 32 31 33 30 29 31 28 27 29 26 25 27 24 23 25 22 21 23 20 19 21 18 17 19 16 15 17 14 13 15 12 11 13 10 9 11 8 7 9 28 27 29 26 25 27 24 23 25 26 25 27 28 27 29 30 29 31 28 27 29 32 31 33 30 29 31 34 33 35 32 31 33 36 35 37 34 33 35 32 31 33 30 29 31 28 27 29 26 25 27 24 23 25 22 21 23 20 19 21 18 17 19 16 15 17 14 13 15 12 11 13 10 9 11 20 19 21 18 17 19 16 15 17 14 13 15 26 25 27 24 23 25 22 21 23 20 19 21 18 17 19 16 15 17 14 13 15 12 11 13 28 27 29 26 25 27 24 23 25 22 21 23 20 19 21 18 17 19 16 15 17 14 13 15 30 29 31 28 27 29 26 25 27 24 23 25 22 21 23 20 19 21 18 17 19 16 15 17 22 21 23 20 19 21 18 17 19 32 31 33 30 29 31 28 27 29 26 25 27 24 23 25 32 31 33 30 29 31 28 27 29 34 33 35 32 31 33 30 29 31 28 27 29 26 25 27 24 23 25 22 21 23 20 19 21 22 21 23 24 23 25 26 25 27 28 27 29
[27.737444s] A=259 K=481 i=5.922712995e+09) 37 35 33 31 29 27 25 23 21 19 17 15 13 11 9 7 5 3 1 36 35 37 34 33 35 32 31 33 30 29 31 28 27 29 26 25 27 24 23 25 22 21 23 20 19 21 18 17 19 16 15 17 14 13 15 12 11 13 10 9 11 8 7 9 6 5 7 4 3 5 2 1 3 0 1 34 33 35 32 31 33 30 29 31 28 27 29 26 25 27 24 23 25 22 21 23 20 19 21 18 17 19 16 15 17 14 13 15 12 11 13 10 9 11 8 7 9 6 5 7 4 3 5 2 1 3 36 35 37 34 33 35 32 31 33 30 29 31 28 27 29 26 25 27 24 23 25 22 21 23 20 19 21 18 17 19 16 15 17 14 13 15 12 11 13 10 9 11 8 7 9 6 5 7 4 3 5 2 1 3 32 31 33 30 29 31 28 27 29 26 25 27 24 23 25 22 21 23 20 19 21 18 17 19 16 15 17 14 13 15 12 11 13 10 9 11 8 7 9 6 5 7 4 3 5 36 35 37 34 33 35 32 31 33 30 29 31 28 27 29 26 25 27 24 23 25 22 21 23 20 19 21 18 17 19 16 15 17 14 13 15 12 11 13 10 9 11 8 7 9 6 5 7 4 3 5 30 29 31 28 27 29 26 25 27 24 23 25 22 21 23 20 19 21 18 17 19 16 15 17 14 13 15 12 11 13 10 9 11 8 7 9 6 5 7 34 33 35 32 31 33 30 29 31 28 27 29 26 25 27 24 23 25 22 21 23 20 19 21 18 17 19 16 15 17 14 13 15 12 11 13 10 9 11 8 7 9 6 5 7 28 27 29 26 25 27 24 23 25 22 21 23 20 19 21 18 17 19 16 15 17 14 13 15 12 11 13 10 9 11 8 7 9 18 17 19 20 19 21 22 21 23 24 23 25 26 25 27 24 23 25 22 21 23 20 19 21 18 17 19 16 15 17 14 13 15 12 11 13 10 9 11 18 17 19 16 15 17 22 21 23 20 19 21 18 17 19 16 15 17 14 13 15 12 11 13 28 27 29 30 29 31 32 31 33 34 33 35 36 35 37 34 33 35 32 31 33 30 29 31 28 27 29 26 25 27 24 23 25 22 21 23 20 19 21 18 17 19 16 15 17 14 13 15 12 11 13 10 9 11 8 7 9 26 25 27 24 23 25 28 27 29 26 25 27 24 23 25 30 29 31 28 27 29 26 25 27 32 31 33 30 29 31 28 27 29 32 31 33 34 33 35 36 35 37 34 33 35 32 31 33 30 29 31 28 27 29 26 25 27 24 23 25 22 21 23 20 19 21 18 17 19 16 15 17 14 13 15 12 11 13 10 9 11 20 19 21 18 17 19 16 15 17 14 13 15 24 23 25 22 21 23 20 19 21 18 17 19 16 15 17 14 13 15 12 11 13 26 25 27 24 23 25 22 21 23 20 19 21 18 17 19 16 15 17 14 13 15 32 31 33 30 29 31 28 27 29 26 25 27 24 23 25 22 21 23 20 19 21 18 17 19 16 15 17 22 21 23 20 19 21 18 17 19 30 29 31 28 27 29 26 25 27 24 23 25 32 31 33 30 29 31 28 27 29 34 33 35 32 31 33 30 29 31 28 27 29 26 25 27 24 23 25 22 21 23 20 19 21 22 21 23 24 23 25 26 25 27 28 27 29
[27.786676s] A=259 K=481 i=5.932969021e+09) 37 35 33 31 29 27 25 23 21 19 17 15 13 11 9 7 5 3 1 36 35 37 34 33 35 32 31 33 30 29 31 28 27 29 26 25 27 24 23 25 22 21 23 20 19 21 18 17 19 16 15 17 14 13 15 12 11 13 10 9 11 8 7 9 6 5 7 4 3 5 2 1 3 0 1 34 33 35 32 31 33 30 29 31 28 27 29 26 25 27 24 23 25 22 21 23 20 19 21 18 17 19 16 15 17 14 13 15 12 11 13 10 9 11 8 7 9 6 5 7 4 3 5 2 1 3 36 35 37 34 33 35 32 31 33 30 29 31 28 27 29 26 25 27 24 23 25 22 21 23 20 19 21 18 17 19 16 15 17 14 13 15 12 11 13 10 9 11 8 7 9 6 5 7 4 3 5 2 1 3 32 31 33 30 29 31 28 27 29 26 25 27 24 23 25 22 21 23 20 19 21 18 17 19 16 15 17 14 13 15 12 11 13 10 9 11 8 7 9 6 5 7 4 3 5 36 35 37 34 33 35 32 31 33 30 29 31 28 27 29 26 25 27 24 23 25 22 21 23 20 19 21 18 17 19 16 15 17 14 13 15 12 11 13 10 9 11 8 7 9 6 5 7 4 3 5 30 29 31 28 27 29 26 25 27 24 23 25 22 21 23 20 19 21 18 17 19 16 15 17 14 13 15 12 11 13 10 9 11 8 7 9 6 5 7 34 33 35 32 31 33 30 29 31 28 27 29 26 25 27 24 23 25 22 21 23 20 19 21 18 17 19 16 15 17 14 13 15 12 11 13 10 9 11 8 7 9 6 5 7 28 27 29 26 25 27 24 23 25 22 21 23 20 19 21 18 17 19 16 15 17 14 13 15 12 11 13 10 9 11 8 7 9 18 17 19 20 19 21 22 21 23 24 23 25 26 25 27 24 23 25 22 21 23 20 19 21 18 17 19 16 15 17 14 13 15 12 11 13 10 9 11 18 17 19 22 21 23 20 19 21 28 27 29 26 25 27 24 23 25 32 31 33 30 29 31 28 27 29 26 25 27 36 35 37 34 33 35 32 31 33 30 29 31 28 27 29 26 25 27 24 23 25 22 21 23 20 19 21 18 17 19 16 15 17 14 13 15 12 11 13 10 9 11 8 7 9 18 17 19 16 15 17 14 13 15 12 11 13 20 19 21 18 17 19 16 15 17 14 13 15 24 23 25 22 21 23 20 19 21 18 17 19 16 15 17 26 25 27 28 27 29 26 25 27 30 29 31 34 33 35 32 31 33 30 29 31 28 27 29 36 35 37 34 33 35 32 31 33 30 29 31 28 27 29 26 25 27 24 23 25 22 21 23 20 19 21 18 17 19 16 15 17 14 13 15 12 11 13 10 9 11 14 13 15 12 11 13 26 25 27 24 23 25 22 21 23 20 19 21 18 17 19 16 15 17 14 13 15 16 15 17 18 17 19 20 19 21 28 27 29 26 25 27 24 23 25 22 21 23 36 35 37 34 33 35 32 31 33 30 29 31 28 27 29 26 25 27 24 23 25 22 21 23 20 19 21 18 17 19 16 15 17 20 19 21 18 17 19 32 31 33 30 29 31 28 27 29 26 25 27 24 23 25 22 21 23 20 19 21 34 33 35 32 31 33 30 29 31 28 27 29 26 25 27 24 23 25 22 21 23
[27.786754s] A=259 K=481 i=5.93297864e+09) 37 35 33 31 29 27 25 23 21 19 17 15 13 11 9 7 5 3 1 36 35 37 34 33 35 32 31 33 30 29 31 28 27 29 26 25 27 24 23 25 22 21 23 20 19 21 18 17 19 16 15 17 14 13 15 12 11 13 10 9 11 8 7 9 6 5 7 4 3 5 2 1 3 0 1 34 33 35 32 31 33 30 29 31 28 27 29 26 25 27 24 23 25 22 21 23 20 19 21 18 17 19 16 15 17 14 13 15 12 11 13 10 9 11 8 7 9 6 5 7 4 3 5 2 1 3 36 35 37 34 33 35 32 31 33 30 29 31 28 27 29 26 25 27 24 23 25 22 21 23 20 19 21 18 17 19 16 15 17 14 13 15 12 11 13 10 9 11 8 7 9 6 5 7 4 3 5 2 1 3 32 31 33 30 29 31 28 27 29 26 25 27 24 23 25 22 21 23 20 19 21 18 17 19 16 15 17 14 13 15 12 11 13 10 9 11 8 7 9 6 5 7 4 3 5 36 35 37 34 33 35 32 31 33 30 29 31 28 27 29 26 25 27 24 23 25 22 21 23 20 19 21 18 17 19 16 15 17 14 13 15 12 11 13 10 9 11 8 7 9 6 5 7 4 3 5 30 29 31 28 27 29 26 25 27 24 23 25 22 21 23 20 19 21 18 17 19 16 15 17 14 13 15 12 11 13 10 9 11 8 7 9 6 5 7 34 33 35 32 31 33 30 29 31 28 27 29 26 25 27 24 23 25 22 21 23 20 19 21 18 17 19 16 15 17 14 13 15 12 11 13 10 9 11 8 7 9 6 5 7 28 27 29 26 25 27 24 23 25 22 21 23 20 19 21 18 17 19 16 15 17 14 13 15 12 11 13 10 9 11 8 7 9 18 17 19 20 19 21 22 21 23 24 23 25 26 25 27 24 23 25 22 21 23 20 19 21 18 17 19 16 15 17 14 13 15 12 11 13 10 9 11 18 17 19 22 21 23 20 19 21 28 27 29 26 25 27 24 23 25 32 31 33 30 29 31 28 27 29 26 25 27 36 35 37 34 33 35 32 31 33 30 29 31 28 27 29 26 25 27 24 23 25 22 21 23 20 19 21 18 17 19 16 15 17 14 13 15 12 11 13 10 9 11 8 7 9 18 17 19 16 15 17 14 13 15 12 11 13 20 19 21 18 17 19 16 15 17 24 23 25 22 21 23 20 19 21 18 17 19 16 15 17 14 13 15 26 25 27 28 27 29 26 25 27 30 29 31 34 33 35 32 31 33 30 29 31 28 27 29 36 35 37 34 33 35 32 31 33 30 29 31 28 27 29 26 25 27 24 23 25 22 21 23 20 19 21 18 17 19 16 15 17 14 13 15 12 11 13 10 9 11 12 11 13 14 13 15 16 15 17 18 17 19 26 25 27 24 23 25 22 21 23 20 19 21 18 17 19 16 15 17 14 13 15 28 27 29 26 25 27 24 23 25 22 21 23 20 19 21 36 35 37 34 33 35 32 31 33 30 29 31 28 27 29 26 25 27 24 23 25 22 21 23 20 19 21 18 17 19 16 15 17 18 17 19 20 19 21 32 31 33 30 29 31 28 27 29 26 25 27 24 23 25 22 21 23 20 19 21 34 33 35 32 31 33 30 29 31 28 27 29 26 25 27 24 23 25 22 21 23
[27.789241s] A=259 K=481 i=5.933773779e+09) 37 35 33 31 29 27 25 23 21 19 17 15 13 11 9 7 5 3 1 36 35 37 34 33 35 32 31 33 30 29 31 28 27 29 26 25 27 24 23 25 22 21 23 20 19 21 18 17 19 16 15 17 14 13 15 12 11 13 10 9 11 8 7 9 6 5 7 4 3 5 2 1 3 0 1 34 33 35 32 31 33 30 29 31 28 27 29 26 25 27 24 23 25 22 21 23 20 19 21 18 17 19 16 15 17 14 13 15 12 11 13 10 9 11 8 7 9 6 5 7 4 3 5 2 1 3 36 35 37 34 33 35 32 31 33 30 29 31 28 27 29 26 25 27 24 23 25 22 21 23 20 19 21 18 17 19 16 15 17 14 13 15 12 11 13 10 9 11 8 7 9 6 5 7 4 3 5 2 1 3 32 31 33 30 29 31 28 27 29 26 25 27 24 23 25 22 21 23 20 19 21 18 17 19 16 15 17 14 13 15 12 11 13 10 9 11 8 7 9 6 5 7 4 3 5 36 35 37 34 33 35 32 31 33 30 29 31 28 27 29 26 25 27 24 23 25 22 21 23 20 19 21 18 17 19 16 15 17 14 13 15 12 11 13 10 9 11 8 7 9 6 5 7 4 3 5 30 29 31 28 27 29 26 25 27 24 23 25 22 21 23 20 19 21 18 17 19 16 15 17 14 13 15 12 11 13 10 9 11 8 7 9 6 5 7 34 33 35 32 31 33 30 29 31 28 27 29 26 25 27 24 23 25 22 21 23 20 19 21 18 17 19 16 15 17 14 13 15 12 11 13 10 9 11 8 7 9 6 5 7 28 27 29 26 25 27 24 23 25 22 21 23 20 19 21 18 17 19 16 15 17 14 13 15 12 11 13 10 9 11 8 7 9 18 17 19 20 19 21 22 21 23 24 23 25 26 25 27 24 23 25 22 21 23 20 19 21 18 17 19 16 15 17 14 13 15 12 11 13 10 9 11 18 17 19 22 21 23 20 19 21 28 27 29 26 25 27 36 35 37 34 33 35 32 31 33 30 29 31 28 27 29 26 25 27 24 23 25 22 21 23 20 19 21 18 17 19 16 15 17 14 13 15 12 11 13 10 9 11 8 7 9 18 17 19 16 15 17 14 13 15 12 11 13 20 19 21 18 17 19 16 15 17 14 13 15 24 23 25 26 25 27 28 27 29 26 25 27 32 31 33 30 29 31 28 27 29 34 33 35 32 31 33 30 29 31 36 35 37 34 33 35 32 31 33 30 29 31 28 27 29 26 25 27 24 23 25 22 21 23 20 19 21 18 17 19 16 15 17 14 13 15 12 11 13 10 9 11 26 25 27 24 23 25 22 21 23 20 19 21 18 17 19 16 15 17 14 13 15 12 11 13 28 27 29 26 25 27 24 23 25 22 21 23 20 19 21 18 17 19 16 15 17 14 13 15 16 15 17 18 17 19 20 19 21 30 29 31 28 27 29 26 25 27 24 23 25 22 21 23 36 35 37 34 33 35 32 31 33 30 29 31 28 27 29 26 25 27 24 23 25 22 21 23 20 19 21 18 17 19 16 15 17 20 19 21 18 17 19 32 31 33 30 29 31 28 27 29 26 25 27 24 23 25 22 21 23 34 33 35 32 31 33 30 29 31 28 27 29 26 25 27 24 23 25 22 21 23 20 19 21
[27.789311s] A=259 K=481 i=5.933784854e+09) 37 35 33 31 29 27 25 23 21 19 17 15 13 11 9 7 5 3 1 36 35 37 34 33 35 32 31 33 30 29 31 28 27 29 26 25 27 24 23 25 22 21 23 20 19 21 18 17 19 16 15 17 14 13 15 12 11 13 10 9 11 8 7 9 6 5 7 4 3 5 2 1 3 0 1 34 33 35 32 31 33 30 29 31 28 27 29 26 25 27 24 23 25 22 21 23 20 19 21 18 17 19 16 15 17 14 13 15 12 11 13 10 9 11 8 7 9 6 5 7 4 3 5 2 1 3 36 35 37 34 33 35 32 31 33 30 29 31 28 27 29 26 25 27 24 23 25 22 21 23 20 19 21 18 17 19 16 15 17 14 13 15 12 11 13 10 9 11 8 7 9 6 5 7 4 3 5 2 1 3 32 31 33 30 29 31 28 27 29 26 25 27 24 23 25 22 21 23 20 19 21 18 17 19 16 15 17 14 13 15 12 11 13 10 9 11 8 7 9 6 5 7 4 3 5 36 35 37 34 33 35 32 31 33 30 29 31 28 27 29 26 25 27 24 23 25 22 21 23 20 19 21 18 17 19 16 15 17 14 13 15 12 11 13 10 9 11 8 7 9 6 5 7 4 3 5 30 29 31 28 27 29 26 25 27 24 23 25 22 21 23 20 19 21 18 17 19 16 15 17 14 13 15 12 11 13 10 9 11 8 7 9 6 5 7 34 33 35 32 31 33 30 29 31 28 27 29 26 25 27 24 23 25 22 21 23 20 19 21 18 17 19 16 15 17 14 13 15 12 11 13 10 9 11 8 7 9 6 5 7 28 27 29 26 25 27 24 23 25 22 21 23 20 19 21 18 17 19 16 15 17 14 13 15 12 11 13 10 9 11 8 7 9 18 17 19 20 19 21 22 21 23 24 23 25 26 25 27 24 23 25 22 21 23 20 19 21 18 17 19 16 15 17 14 13 15 12 11 13 10 9 11 18 17 19 22 21 23 20 19 21 28 27 29 26 25 27 36 35 37 34 33 35 32 31 33 30 29 31 28 27 29 26 25 27 24 23 25 22 21 23 20 19 21 18 17 19 16 15 17 14 13 15 12 11 13 10 9 11 8 7 9 18 17 19 16 15 17 14 13 15 20 19 21 18 17 19 16 15 17 24 23 25 26 25 27 28 27 29 26 25 27 32 31 33 30 29 31 28 27 29 34 33 35 32 31 33 30 29 31 36 35 37 34 33 35 32 31 33 30 29 31 28 27 29 26 25 27 24 23 25 22 21 23 20 19 21 18 17 19 16 15 17 14 13 15 12 11 13 10 9 11 12 11 13 14 13 15 16 15 17 26 25 27 24 23 25 22 21 23 20 19 21 18 17 19 16 15 17 14 13 15 12 11 13 28 27 29 26 25 27 24 23 25 22 21 23 20 19 21 18 17 19 16 15 17 14 13 15 18 17 19 30 29 31 28 27 29 26 25 27 24 23 25 22 21 23 20 19 21 36 35 37 34 33 35 32 31 33 30 29 31 28 27 29 26 25 27 24 23 25 22 21 23 20 19 21 18 17 19 16 15 17 18 17 19 20 19 21 32 31 33 30 29 31 28 27 29 26 25 27 24 23 25 22 21 23 34 33 35 32 31 33 30 29 31 28 27 29 26 25 27 24 23 25 22 21 23 20 19 21
[27.919166s] A=259 K=481 i=5.961775108e+09) 37 35 33 31 29 27 25 23 21 19 17 15 13 11 9 7 5 3 1 36 35 37 34 33 35 32 31 33 30 29 31 28 27 29 26 25 27 24 23 25 22 21 23 20 19 21 18 17 19 16 15 17 14 13 15 12 11 13 10 9 11 8 7 9 6 5 7 4 3 5 2 1 3 0 1 34 33 35 32 31 33 30 29 31 28 27 29 26 25 27 24 23 25 22 21 23 20 19 21 18 17 19 16 15 17 14 13 15 12 11 13 10 9 11 8 7 9 6 5 7 4 3 5 2 1 3 36 35 37 34 33 35 32 31 33 30 29 31 28 27 29 26 25 27 24 23 25 22 21 23 20 19 21 18 17 19 16 15 17 14 13 15 12 11 13 10 9 11 8 7 9 6 5 7 4 3 5 2 1 3 32 31 33 30 29 31 28 27 29 26 25 27 24 23 25 22 21 23 20 19 21 18 17 19 16 15 17 14 13 15 12 11 13 10 9 11 8 7 9 6 5 7 4 3 5 36 35 37 34 33 35 32 31 33 30 29 31 28 27 29 26 25 27 24 23 25 22 21 23 20 19 21 18 17 19 16 15 17 14 13 15 12 11 13 10 9 11 8 7 9 6 5 7 4 3 5 30 29 31 28 27 29 26 25 27 24 23 25 22 21 23 20 19 21 18 17 19 16 15 17 14 13 15 12 11 13 10 9 11 8 7 9 6 5 7 34 33 35 32 31 33 30 29 31 28 27 29 26 25 27 24 23 25 22 21 23 20 19 21 18 17 19 16 15 17 14 13 15 12 11 13 10 9 11 8 7 9 6 5 7 28 27 29 26 25 27 24 23 25 22 21 23 20 19 21 18 17 19 16 15 17 14 13 15 12 11 13 10 9 11 8 7 9 18 17 19 20 19 21 22 21 23 24 23 25 26 25 27 36 35 37 34 33 35 32 31 33 30 29 31 28 27 29 26 25 27 24 23 25 22 21 23 20 19 21 18 17 19 16 15 17 14 13 15 12 11 13 10 9 11 8 7 9 18 17 19 16 15 17 22 21 23 20 19 21 18 17 19 16 15 17 14 13 15 12 11 13 24 23 25 22 21 23 20 19 21 18 17 19 16 15 17 14 13 15 12 11 13 10 9 11 24 23 25 26 25 27 30 29 31 28 27 29 26 25 27 24 23 25 32 31 33 30 29 31 28 27 29 26 25 27 34 33 35 32 31 33 30 29 31 28 27 29 36 35 37 34 33 35 32 31 33 30 29 31 28 27 29 26 25 27 24 23 25 22 21 23 20 19 21 18 17 19 16 15 17 14 13 15 12 11 13 10 9 11 20 19 21 18 17 19 16 15 17 14 13 15 24 23 25 22 21 23 20 19 21 18 17 19 16 15 17 14 13 15 12 11 13 26 25 27 24 23 25 22 21 23 20 19 21 18 17 19 16 15 17 14 13 15 28 27 29 26 25 27 36 35 37 34 33 35 32 31 33 30 29 31 28 27 29 26 25 27 24 23 25 22 21 23 20 19 21 18 17 19 16 15 17 22 21 23 20 19 21 18 17 19 32 31 33 30 29 31 28 27 29 26 25 27 24 23 25 34 33 35 32 31 33 30 29 31 28 27 29 26 25 27 24 23 25 22 21 23 20 19 21 22 21 23 24 23 25 30 29 31 28 27 29 26 25 27
[27.925558s] A=259 K=481 i=5.962866471e+09) 37 35 33 31 29 27 25 23 21 19 17 15 13 11 9 7 5 3 1 36 35 37 34 33 35 32 31 33 30 29 31 28 27 29 26 25 27 24 23 25 22 21 23 20 19 21 18 17 19 16 15 17 14 13 15 12 11 13 10 9 11 8 7 9 6 5 7 4 3 5 2 1 3 0 1 34 33 35 32 31 33 30 29 31 28 27 29 26 25 27 24 23 25 22 21 23 20 19 21 18 17 19 16 15 17 14 13 15 12 11 13 10 9 11 8 7 9 6 5 7 4 3 5 2 1 3 36 35 37 34 33 35 32 31 33 30 29 31 28 27 29 26 25 27 24 23 25 22 21 23 20 19 21 18 17 19 16 15 17 14 13 15 12 11 13 10 9 11 8 7 9 6 5 7 4 3 5 2 1 3 32 31 33 30 29 31 28 27 29 26 25 27 24 23 25 22 21 23 20 19 21 18 17 19 16 15 17 14 13 15 12 11 13 10 9 11 8 7 9 6 5 7 4 3 5 36 35 37 34 33 35 32 31 33 30 29 31 28 27 29 26 25 27 24 23 25 22 21 23 20 19 21 18 17 19 16 15 17 14 13 15 12 11 13 10 9 11 8 7 9 6 5 7 4 3 5 30 29 31 28 27 29 26 25 27 24 23 25 22 21 23 20 19 21 18 17 19 16 15 17 14 13 15 12 11 13 10 9 11 8 7 9 6 5 7 34 33 35 32 31 33 30 29 31 28 27 29 26 25 27 24 23 25 22 21 23 20 19 21 18 17 19 16 15 17 14 13 15 12 11 13 10 9 11 8 7 9 6 5 7 28 27 29 26 25 27 24 23 25 22 21 23 20 19 21 18 17 19 16 15 17 14 13 15 12 11 13 10 9 11 8 7 9 18 17 19 20 19 21 22 21 23 24 23 25 26 25 27 30 29 31 28 27 29 36 35 37 34 33 35 32 31 33 30 29 31 28 27 29 26 25 27 24 23 25 22 21 23 20 19 21 18 17 19 16 15 17 14 13 15 12 11 13 10 9 11 8 7 9 18 17 19 16 15 17 22 21 23 20 19 21 18 17 19 16 15 17 14 13 15 12 11 13 24 23 25 22 21 23 20 19 21 18 17 19 16 15 17 14 13 15 12 11 13 10 9 11 26 25 27 24 23 25 28 27 29 26 25 27 32 31 33 30 29 31 28 27 29 34 33 35 36 35 37 34 33 35 32 31 33 30 29 31 28 27 29 26 25 27 24 23 25 22 21 23 20 19 21 18 17 19 16 15 17 14 13 15 12 11 13 10 9 11 20 19 21 18 17 19 16 15 17 14 13 15 26 25 27 24 23 25 22 21 23 20 19 21 18 17 19 16 15 17 14 13 15 12 11 13 28 27 29 32 31 33 30 29 31 28 27 29 26 25 27 24 23 25 22 21 23 20 19 21 18 17 19 16 15 17 14 13 15 34 33 35 36 35 37 34 33 35 32 31 33 30 29 31 28 27 29 26 25 27 24 23 25 22 21 23 20 19 21 18 17 19 16 15 17 22 21 23 20 19 21 18 17 19 30 29 31 28 27 29 26 25 27 24 23 25 32 31 33 30 29 31 28 27 29 26 25 27 24 23 25 22 21 23 20 19 21 22 21 23 24 23 25 34 33 35 32 31 33 30 29 31 28 27 29 26 25 27
